block,row,equation_id,consumer,reference,kind,candidates_by_name,temporal,spatial,verdict
area_41,6,EQ16001,retirada_cond_corr_ltp|diário|linha_grupo/L1_L3,vazao_ltp|mensal|linha_grupo/L1_L3,variable,3,COARSER,OWN,TEMPORAL_FALLBACK_COARSER (válido)
area_41,7,EQ16002,retirada_cond_corr_ltp|diário|linha_grupo/L4_L5,vazao_ltp|mensal|linha_grupo/L4_L5,variable,3,COARSER,OWN,TEMPORAL_FALLBACK_COARSER (válido)
area_41,8,EQ16003,retirada_cond_corr_ltp|diário|linha_grupo/L6_L7,vazao_ltp|mensal|linha_grupo/L6_L7,variable,3,COARSER,OWN,TEMPORAL_FALLBACK_COARSER (válido)
area_41,10,EQ16004,lth_grupo|diário|linha_grupo/L1_L3,lth|diário|linha/L1_L7,variable,1,SAME,EXPLICIT_OK,DIRECT
area_41,10,EQ16004,lth_grupo|diário|linha_grupo/L1_L3,lth|diário|linha/L1_L7,variable,1,SAME,EXPLICIT_OK,DIRECT
area_41,10,EQ16004,lth_grupo|diário|linha_grupo/L1_L3,lth|diário|linha/L1_L7,variable,1,SAME,EXPLICIT_OK,DIRECT
area_41,11,EQ16005,lth_grupo|diário|linha_grupo/L4_L5,lth|diário|linha/L1_L7,variable,1,SAME,EXPLICIT_OK,DIRECT
area_41,11,EQ16005,lth_grupo|diário|linha_grupo/L4_L5,lth|diário|linha/L1_L7,variable,1,SAME,EXPLICIT_OK,DIRECT
area_41,12,EQ16006,lth_grupo|diário|linha_grupo/L6_L7,lth|diário|linha/L1_L7,variable,1,SAME,EXPLICIT_OK,DIRECT
area_41,12,EQ16006,lth_grupo|diário|linha_grupo/L6_L7,lth|diário|linha/L1_L7,variable,1,SAME,EXPLICIT_OK,DIRECT
area_41,16,EQ16007,retirada_cond_corr_lth|diário|linha_grupo/L1_L3,lth_grupo|diário|linha_grupo/L1_L3,variable,3,SAME,OWN,DIRECT
area_41,16,EQ16007,retirada_cond_corr_lth|diário|linha_grupo/L1_L3,fator_retirada_cond_corr_lth|mensal|linha_grupo/L1_L3,variable,3,COARSER,OWN,TEMPORAL_FALLBACK_COARSER (válido)
area_41,17,EQ16008,retirada_cond_corr_lth|diário|linha_grupo/L4_L5,lth_grupo|diário|linha_grupo/L4_L5,variable,3,SAME,OWN,DIRECT
area_41,17,EQ16008,retirada_cond_corr_lth|diário|linha_grupo/L4_L5,fator_retirada_cond_corr_lth|mensal|linha_grupo/L4_L5,variable,3,COARSER,OWN,TEMPORAL_FALLBACK_COARSER (válido)
area_41,18,EQ16009,retirada_cond_corr_lth|diário|linha_grupo/L6_L7,lth_grupo|diário|linha_grupo/L6_L7,variable,3,SAME,OWN,DIRECT
area_41,18,EQ16009,retirada_cond_corr_lth|diário|linha_grupo/L6_L7,fator_retirada_cond_corr_lth|mensal|linha_grupo/L6_L7,variable,3,COARSER,OWN,TEMPORAL_FALLBACK_COARSER (válido)
area_41,22,EQ16010,retirada_condensado_grupo|diário|linha_grupo/L1_L3,valor_retirada|diário|linha/L1_L3,variable,1,SAME,EXPLICIT_OK,DIRECT
area_41,22,EQ16010,retirada_condensado_grupo|diário|linha_grupo/L1_L3,valor_retirada|diário|linha/L1_L3,variable,1,SAME,EXPLICIT_OK,DIRECT
area_41,22,EQ16010,retirada_condensado_grupo|diário|linha_grupo/L1_L3,valor_retirada|diário|linha/L1_L3,variable,1,SAME,EXPLICIT_OK,DIRECT
area_41,22,EQ16010,retirada_condensado_grupo|diário|linha_grupo/L1_L3,retirada_cond_corr_ltp|diário|linha_grupo/L1_L3,variable,3,SAME,OWN,DIRECT
area_41,22,EQ16010,retirada_condensado_grupo|diário|linha_grupo/L1_L3,retirada_cond_corr_lth|diário|linha_grupo/L1_L3,variable,3,SAME,OWN,DIRECT
area_41,39,EQ16011,retirada_condensado_grupo|diário|linha_grupo/L4_L5,retirada_cond_corr_ltp|diário|linha_grupo/L4_L5,variable,3,SAME,OWN,DIRECT
area_41,39,EQ16011,retirada_condensado_grupo|diário|linha_grupo/L4_L5,retirada_cond_corr_lth|diário|linha_grupo/L4_L5,variable,3,SAME,OWN,DIRECT
area_41,39,EQ16011,retirada_condensado_grupo|diário|linha_grupo/L4_L5,hes|diário|linha/L4_L7,variable,1,SAME,EXPLICIT_OK,DIRECT
area_41,39,EQ16011,retirada_condensado_grupo|diário|linha_grupo/L4_L5,hes|diário|linha/L4_L7,variable,1,SAME,EXPLICIT_OK,DIRECT
area_41,39,EQ16011,retirada_condensado_grupo|diário|linha_grupo/L4_L5,retirada_cond_corr_ltp|diário|linha_grupo/L4_L5,variable,3,SAME,OWN,DIRECT
area_41,39,EQ16011,retirada_condensado_grupo|diário|linha_grupo/L4_L5,retirada_cond_corr_lth|diário|linha_grupo/L4_L5,variable,3,SAME,OWN,DIRECT
area_41,39,EQ16011,retirada_condensado_grupo|diário|linha_grupo/L4_L5,retirada_cond_corr_ltp|diário|linha_grupo/L4_L5,variable,3,SAME,OWN,DIRECT
area_41,39,EQ16011,retirada_condensado_grupo|diário|linha_grupo/L4_L5,retirada_cond_corr_lth|diário|linha_grupo/L4_L5,variable,3,SAME,OWN,DIRECT
area_41,39,EQ16011,retirada_condensado_grupo|diário|linha_grupo/L4_L5,hes|diário|linha/L4_L7,variable,1,SAME,EXPLICIT_OK,DIRECT
area_41,39,EQ16011,retirada_condensado_grupo|diário|linha_grupo/L4_L5,hes|diário|linha/L4_L7,variable,1,SAME,EXPLICIT_OK,DIRECT
area_41,39,EQ16011,retirada_condensado_grupo|diário|linha_grupo/L4_L5,retirada_cond_corr_ltp|diário|linha_grupo/L4_L5,variable,3,SAME,OWN,DIRECT
area_41,39,EQ16011,retirada_condensado_grupo|diário|linha_grupo/L4_L5,retirada_cond_corr_lth|diário|linha_grupo/L4_L5,variable,3,SAME,OWN,DIRECT
area_41,39,EQ16011,retirada_condensado_grupo|diário|linha_grupo/L4_L5,hes|diário|linha/L4_L7,variable,1,SAME,EXPLICIT_OK,DIRECT
area_41,39,EQ16011,retirada_condensado_grupo|diário|linha_grupo/L4_L5,hes|diário|linha/L4_L7,variable,1,SAME,EXPLICIT_OK,DIRECT
area_41,39,EQ16011,retirada_condensado_grupo|diário|linha_grupo/L4_L5,retirada_cond_corr_ltp|diário|linha_grupo/L4_L5,variable,3,SAME,OWN,DIRECT
area_41,39,EQ16011,retirada_condensado_grupo|diário|linha_grupo/L4_L5,retirada_cond_corr_lth|diário|linha_grupo/L4_L5,variable,3,SAME,OWN,DIRECT
area_41,39,EQ16011,retirada_condensado_grupo|diário|linha_grupo/L4_L5,desconto_retirada_41d|diário|linha_grupo/L4_L5,variable,1,SAME,OWN,DIRECT
area_41,39,EQ16011,retirada_condensado_grupo|diário|linha_grupo/L4_L5,hes|diário|linha/L4_L7,variable,1,SAME,EXPLICIT_OK,DIRECT
area_41,39,EQ16011,retirada_condensado_grupo|diário|linha_grupo/L4_L5,hes|diário|linha/L4_L7,variable,1,SAME,EXPLICIT_OK,DIRECT
area_41,39,EQ16011,retirada_condensado_grupo|diário|linha_grupo/L4_L5,retirada_cond_corr_ltp|diário|linha_grupo/L4_L5,variable,3,SAME,OWN,DIRECT
area_41,39,EQ16011,retirada_condensado_grupo|diário|linha_grupo/L4_L5,retirada_cond_corr_lth|diário|linha_grupo/L4_L5,variable,3,SAME,OWN,DIRECT
area_41,39,EQ16011,retirada_condensado_grupo|diário|linha_grupo/L4_L5,retirada_cond_corr_ltp|diário|linha_grupo/L4_L5,variable,3,SAME,OWN,DIRECT
area_41,39,EQ16011,retirada_condensado_grupo|diário|linha_grupo/L4_L5,retirada_cond_corr_lth|diário|linha_grupo/L4_L5,variable,3,SAME,OWN,DIRECT
area_41,39,EQ16011,retirada_condensado_grupo|diário|linha_grupo/L4_L5,desconto_retirada_41c|diário|linha_grupo/L4_L5,variable,2,SAME,OWN,DIRECT
area_41,39,EQ16011,retirada_condensado_grupo|diário|linha_grupo/L4_L5,hes|diário|linha/L4_L7,variable,1,SAME,EXPLICIT_OK,DIRECT
area_41,39,EQ16011,retirada_condensado_grupo|diário|linha_grupo/L4_L5,hes|diário|linha/L4_L7,variable,1,SAME,EXPLICIT_OK,DIRECT
area_41,42,EQ16012,retirada_condensado_grupo|diário|linha_grupo/L6_L7,retirada_cond_corr_ltp|diário|linha_grupo/L6_L7,variable,3,SAME,OWN,DIRECT
area_41,42,EQ16012,retirada_condensado_grupo|diário|linha_grupo/L6_L7,retirada_cond_corr_lth|diário|linha_grupo/L6_L7,variable,3,SAME,OWN,DIRECT
area_41,42,EQ16012,retirada_condensado_grupo|diário|linha_grupo/L6_L7,hes|diário|linha/L4_L7,variable,1,SAME,EXPLICIT_OK,DIRECT
area_41,42,EQ16012,retirada_condensado_grupo|diário|linha_grupo/L6_L7,hes|diário|linha/L4_L7,variable,1,SAME,EXPLICIT_OK,DIRECT
area_41,42,EQ16012,retirada_condensado_grupo|diário|linha_grupo/L6_L7,retirada_cond_corr_ltp|diário|linha_grupo/L6_L7,variable,3,SAME,OWN,DIRECT
area_41,42,EQ16012,retirada_condensado_grupo|diário|linha_grupo/L6_L7,retirada_cond_corr_lth|diário|linha_grupo/L6_L7,variable,3,SAME,OWN,DIRECT
area_41,42,EQ16012,retirada_condensado_grupo|diário|linha_grupo/L6_L7,retirada_cond_corr_ltp|diário|linha_grupo/L6_L7,variable,3,SAME,OWN,DIRECT
area_41,42,EQ16012,retirada_condensado_grupo|diário|linha_grupo/L6_L7,retirada_cond_corr_lth|diário|linha_grupo/L6_L7,variable,3,SAME,OWN,DIRECT
area_41,42,EQ16012,retirada_condensado_grupo|diário|linha_grupo/L6_L7,hes|diário|linha/L4_L7,variable,1,SAME,EXPLICIT_OK,DIRECT
area_41,42,EQ16012,retirada_condensado_grupo|diário|linha_grupo/L6_L7,hes|diário|linha/L4_L7,variable,1,SAME,EXPLICIT_OK,DIRECT
area_41,42,EQ16012,retirada_condensado_grupo|diário|linha_grupo/L6_L7,retirada_cond_corr_ltp|diário|linha_grupo/L6_L7,variable,3,SAME,OWN,DIRECT
area_41,42,EQ16012,retirada_condensado_grupo|diário|linha_grupo/L6_L7,retirada_cond_corr_lth|diário|linha_grupo/L6_L7,variable,3,SAME,OWN,DIRECT
area_41,42,EQ16012,retirada_condensado_grupo|diário|linha_grupo/L6_L7,hes|diário|linha/L4_L7,variable,1,SAME,EXPLICIT_OK,DIRECT
area_41,42,EQ16012,retirada_condensado_grupo|diário|linha_grupo/L6_L7,hes|diário|linha/L4_L7,variable,1,SAME,EXPLICIT_OK,DIRECT
area_41,42,EQ16012,retirada_condensado_grupo|diário|linha_grupo/L6_L7,retirada_cond_corr_ltp|diário|linha_grupo/L6_L7,variable,3,SAME,OWN,DIRECT
area_41,42,EQ16012,retirada_condensado_grupo|diário|linha_grupo/L6_L7,retirada_cond_corr_lth|diário|linha_grupo/L6_L7,variable,3,SAME,OWN,DIRECT
area_41,42,EQ16012,retirada_condensado_grupo|diário|linha_grupo/L6_L7,desconto_retirada_41c|diário|linha_grupo/L6_L7,variable,2,SAME,OWN,DIRECT
area_41,42,EQ16012,retirada_condensado_grupo|diário|linha_grupo/L6_L7,hes|diário|linha/L4_L7,variable,1,SAME,EXPLICIT_OK,DIRECT
area_41,42,EQ16012,retirada_condensado_grupo|diário|linha_grupo/L6_L7,hes|diário|linha/L4_L7,variable,1,SAME,EXPLICIT_OK,DIRECT
area_41,42,EQ16012,retirada_condensado_grupo|diário|linha_grupo/L6_L7,retirada_cond_corr_ltp|diário|linha_grupo/L6_L7,variable,3,SAME,OWN,DIRECT
area_41,42,EQ16012,retirada_condensado_grupo|diário|linha_grupo/L6_L7,retirada_cond_corr_lth|diário|linha_grupo/L6_L7,variable,3,SAME,OWN,DIRECT
area_41,42,EQ16012,retirada_condensado_grupo|diário|linha_grupo/L6_L7,retirada_cond_corr_ltp|diário|linha_grupo/L6_L7,variable,3,SAME,OWN,DIRECT
area_41,42,EQ16012,retirada_condensado_grupo|diário|linha_grupo/L6_L7,retirada_cond_corr_lth|diário|linha_grupo/L6_L7,variable,3,SAME,OWN,DIRECT
area_41,42,EQ16012,retirada_condensado_grupo|diário|linha_grupo/L6_L7,desconto_retirada_41c|diário|linha_grupo/L6_L7,variable,2,SAME,OWN,DIRECT
area_41,42,EQ16012,retirada_condensado_grupo|diário|linha_grupo/L6_L7,hes|diário|linha/L4_L7,variable,1,SAME,EXPLICIT_OK,DIRECT
area_41,42,EQ16012,retirada_condensado_grupo|diário|linha_grupo/L6_L7,hes|diário|linha/L4_L7,variable,1,SAME,EXPLICIT_OK,DIRECT
area_41,45,EQ16013,retirada_condensado_linha|diário|linha/L1,retirada_condensado_grupo|diário|linha_grupo/L1_L3,variable,9,SAME,EXPLICIT_OK,DIRECT
area_41,45,EQ16013,retirada_condensado_linha|diário|linha/L1,lth|diário|linha/L1_L7,variable,1,SAME,EXPLICIT_OK,DIRECT
area_41,45,EQ16013,retirada_condensado_linha|diário|linha/L1,lth|diário|linha/L1_L7,variable,1,SAME,EXPLICIT_OK,DIRECT
area_41,45,EQ16013,retirada_condensado_linha|diário|linha/L1,lth|diário|linha/L1_L7,variable,1,SAME,EXPLICIT_OK,DIRECT
area_41,45,EQ16013,retirada_condensado_linha|diário|linha/L1,lth|diário|linha/L1_L7,variable,1,SAME,EXPLICIT_OK,DIRECT
area_41,46,EQ16014,retirada_condensado_linha|diário|linha/L2,retirada_condensado_grupo|diário|linha_grupo/L1_L3,variable,9,SAME,EXPLICIT_OK,DIRECT
area_41,46,EQ16014,retirada_condensado_linha|diário|linha/L2,lth|diário|linha/L1_L7,variable,1,SAME,EXPLICIT_OK,DIRECT
area_41,46,EQ16014,retirada_condensado_linha|diário|linha/L2,lth|diário|linha/L1_L7,variable,1,SAME,EXPLICIT_OK,DIRECT
area_41,46,EQ16014,retirada_condensado_linha|diário|linha/L2,lth|diário|linha/L1_L7,variable,1,SAME,EXPLICIT_OK,DIRECT
area_41,46,EQ16014,retirada_condensado_linha|diário|linha/L2,lth|diário|linha/L1_L7,variable,1,SAME,EXPLICIT_OK,DIRECT
area_41,47,EQ16015,retirada_condensado_linha|diário|linha/L3,retirada_condensado_grupo|diário|linha_grupo/L1_L3,variable,9,SAME,EXPLICIT_OK,DIRECT
area_41,47,EQ16015,retirada_condensado_linha|diário|linha/L3,lth|diário|linha/L1_L7,variable,1,SAME,EXPLICIT_OK,DIRECT
area_41,47,EQ16015,retirada_condensado_linha|diário|linha/L3,lth|diário|linha/L1_L7,variable,1,SAME,EXPLICIT_OK,DIRECT
area_41,47,EQ16015,retirada_condensado_linha|diário|linha/L3,lth|diário|linha/L1_L7,variable,1,SAME,EXPLICIT_OK,DIRECT
area_41,47,EQ16015,retirada_condensado_linha|diário|linha/L3,lth|diário|linha/L1_L7,variable,1,SAME,EXPLICIT_OK,DIRECT
area_41,48,EQ16016,retirada_condensado_linha|diário|linha/L4,retirada_condensado_grupo|diário|linha_grupo/L4_L5,variable,9,SAME,EXPLICIT_OK,DIRECT
area_41,48,EQ16016,retirada_condensado_linha|diário|linha/L4,lth|diário|linha/L1_L7,variable,1,SAME,EXPLICIT_OK,DIRECT
area_41,48,EQ16016,retirada_condensado_linha|diário|linha/L4,lth|diário|linha/L1_L7,variable,1,SAME,EXPLICIT_OK,DIRECT
area_41,48,EQ16016,retirada_condensado_linha|diário|linha/L4,lth|diário|linha/L1_L7,variable,1,SAME,EXPLICIT_OK,DIRECT
area_41,49,EQ16017,retirada_condensado_linha|diário|linha/L5,retirada_condensado_grupo|diário|linha_grupo/L4_L5,variable,9,SAME,EXPLICIT_OK,DIRECT
area_41,49,EQ16017,retirada_condensado_linha|diário|linha/L5,lth|diário|linha/L1_L7,variable,1,SAME,EXPLICIT_OK,DIRECT
area_41,49,EQ16017,retirada_condensado_linha|diário|linha/L5,lth|diário|linha/L1_L7,variable,1,SAME,EXPLICIT_OK,DIRECT
area_41,49,EQ16017,retirada_condensado_linha|diário|linha/L5,lth|diário|linha/L1_L7,variable,1,SAME,EXPLICIT_OK,DIRECT
area_41,50,EQ16018,retirada_condensado_linha|diário|linha/L6,retirada_condensado_grupo|diário|linha_grupo/L6_L7,variable,9,SAME,EXPLICIT_OK,DIRECT
area_41,50,EQ16018,retirada_condensado_linha|diário|linha/L6,lth|diário|linha/L1_L7,variable,1,SAME,EXPLICIT_OK,DIRECT
area_41,50,EQ16018,retirada_condensado_linha|diário|linha/L6,lth|diário|linha/L1_L7,variable,1,SAME,EXPLICIT_OK,DIRECT
area_41,50,EQ16018,retirada_condensado_linha|diário|linha/L6,lth|diário|linha/L1_L7,variable,1,SAME,EXPLICIT_OK,DIRECT
area_41,51,EQ16019,retirada_condensado_linha|diário|linha/L7,retirada_condensado_grupo|diário|linha_grupo/L6_L7,variable,9,SAME,EXPLICIT_OK,DIRECT
area_41,51,EQ16019,retirada_condensado_linha|diário|linha/L7,lth|diário|linha/L1_L7,variable,1,SAME,EXPLICIT_OK,DIRECT
area_41,51,EQ16019,retirada_condensado_linha|diário|linha/L7,lth|diário|linha/L1_L7,variable,1,SAME,EXPLICIT_OK,DIRECT
area_41,51,EQ16019,retirada_condensado_linha|diário|linha/L7,lth|diário|linha/L1_L7,variable,1,SAME,EXPLICIT_OK,DIRECT
area_41,54,EQ16020,retirada_condensado_total|diário|linha_grupo/L1_L7,retirada_condensado_grupo|diário|linha_grupo/L1_L3,variable,9,SAME,EXPLICIT_OK,DIRECT
area_41,54,EQ16020,retirada_condensado_total|diário|linha_grupo/L1_L7,retirada_condensado_grupo|diário|linha_grupo/L4_L5,variable,9,SAME,EXPLICIT_OK,DIRECT
area_41,54,EQ16020,retirada_condensado_total|diário|linha_grupo/L1_L7,retirada_condensado_grupo|diário|linha_grupo/L6_L7,variable,9,SAME,EXPLICIT_OK,DIRECT
energy,4,EQ18001,producao_t_h|diário|linha/L1_L7,producao|diário|linha/L1_L7,variable,1,SAME,OWN,DIRECT
energy,5,EQ18002,producao_planta_t_h|diário|linha_grupo/L1_L7,producao_t_h|diário|linha/L1_L7,variable,1,SAME,EXPLICIT_OK,DIRECT
energy,5,EQ18002,producao_planta_t_h|diário|linha_grupo/L1_L7,producao_t_h|diário|linha/L1_L7,variable,1,SAME,EXPLICIT_OK,DIRECT
energy,5,EQ18002,producao_planta_t_h|diário|linha_grupo/L1_L7,producao_t_h|diário|linha/L1_L7,variable,1,SAME,EXPLICIT_OK,DIRECT
energy,5,EQ18002,producao_planta_t_h|diário|linha_grupo/L1_L7,producao_t_h|diário|linha/L1_L7,variable,1,SAME,EXPLICIT_OK,DIRECT
energy,5,EQ18002,producao_planta_t_h|diário|linha_grupo/L1_L7,producao_t_h|diário|linha/L1_L7,variable,1,SAME,EXPLICIT_OK,DIRECT
energy,5,EQ18002,producao_planta_t_h|diário|linha_grupo/L1_L7,producao_t_h|diário|linha/L1_L7,variable,1,SAME,EXPLICIT_OK,DIRECT
energy,5,EQ18002,producao_planta_t_h|diário|linha_grupo/L1_L7,producao_t_h|diário|linha/L1_L7,variable,1,SAME,EXPLICIT_OK,DIRECT
energy,21,EQ18003,delta_t_regenerativo|diário|linha/L1_L7,temperatura_lp_ref_inferior|mensal|linha/L1_L7,variable,1,COARSER,OWN,TEMPORAL_FALLBACK_COARSER (válido)
energy,21,EQ18003,delta_t_regenerativo|diário|linha/L1_L7,fator_ajuste_delta_t_reg|None|linha/L1_L7,parameter,1,PARAMETER,OWN,DIRECT
energy,21,EQ18003,delta_t_regenerativo|diário|linha/L1_L7,temperatura_lp|diário|linha/L1_L7,variable,2,SAME,OWN,DIRECT
energy,21,EQ18003,delta_t_regenerativo|diário|linha/L1_L7,temperatura_lp_referencia|None|linha/L1_L7,parameter,1,PARAMETER,OWN,DIRECT
energy,21,EQ18003,delta_t_regenerativo|diário|linha/L1_L7,temperatura_lp_ref_superior|mensal|linha/L1_L7,variable,1,COARSER,OWN,TEMPORAL_FALLBACK_COARSER (válido)
energy,21,EQ18003,delta_t_regenerativo|diário|linha/L1_L7,fator_ajuste_delta_t_reg|None|linha/L1_L7,parameter,1,PARAMETER,OWN,DIRECT
energy,24,EQ18004,delta_t_vapor_vivo|diário|linha/L1_L7,temperatura_lth_saida_he6|diário|linha/L1_L7,variable,1,SAME,OWN,DIRECT
energy,24,EQ18004,delta_t_vapor_vivo|diário|linha/L1_L7,temperatura_lp|diário|linha/L1_L7,variable,2,SAME,OWN,DIRECT
energy,24,EQ18004,delta_t_vapor_vivo|diário|linha/L1_L7,delta_t_regenerativo|diário|linha/L1_L7,variable,1,SAME,OWN,DIRECT
energy,24,EQ18004,delta_t_vapor_vivo|diário|linha/L1_L7,fator_ajuste_delta_t_vapor_vivo|None|linha/L1_L7,parameter,1,PARAMETER,OWN,DIRECT
energy,26,EQ18005,vazao_vapor_digestao|diário|linha/L1_L7,lth|diário|linha/L1_L7,variable,1,SAME,OWN,DIRECT
energy,26,EQ18005,vazao_vapor_digestao|diário|linha/L1_L7,temperatura_lth_saida_he6|diário|linha/L1_L7,variable,1,SAME,OWN,DIRECT
energy,26,EQ18005,vazao_vapor_digestao|diário|linha/L1_L7,temperatura_lp|diário|linha/L1_L7,variable,2,SAME,OWN,DIRECT
energy,26,EQ18005,vazao_vapor_digestao|diário|linha/L1_L7,delta_t_regenerativo|diário|linha/L1_L7,variable,1,SAME,OWN,DIRECT
energy,28,EQ18006,vazao_vapor_digestao_total|diário|linha_grupo/L1_L7,vazao_vapor_digestao|diário|linha/L1_L7,variable,2,SAME,EXPLICIT_OK,DIRECT
energy,28,EQ18006,vazao_vapor_digestao_total|diário|linha_grupo/L1_L7,vazao_vapor_digestao|diário|linha/L1_L7,variable,2,SAME,EXPLICIT_OK,DIRECT
energy,28,EQ18006,vazao_vapor_digestao_total|diário|linha_grupo/L1_L7,vazao_vapor_digestao|diário|linha/L1_L7,variable,2,SAME,EXPLICIT_OK,DIRECT
energy,28,EQ18006,vazao_vapor_digestao_total|diário|linha_grupo/L1_L7,vazao_vapor_digestao|diário|linha/L1_L7,variable,2,SAME,EXPLICIT_OK,DIRECT
energy,28,EQ18006,vazao_vapor_digestao_total|diário|linha_grupo/L1_L7,vazao_vapor_digestao|diário|linha/L1_L7,variable,2,SAME,EXPLICIT_OK,DIRECT
energy,28,EQ18006,vazao_vapor_digestao_total|diário|linha_grupo/L1_L7,vazao_vapor_digestao|diário|linha/L1_L7,variable,2,SAME,EXPLICIT_OK,DIRECT
energy,28,EQ18006,vazao_vapor_digestao_total|diário|linha_grupo/L1_L7,vazao_vapor_digestao|diário|linha/L1_L7,variable,2,SAME,EXPLICIT_OK,DIRECT
energy,30,EQ18007,especifico_vapor_digestao|diário|linha/L1_L7,vazao_vapor_digestao|diário|linha/L1_L7,variable,2,SAME,OWN,DIRECT
energy,30,EQ18007,especifico_vapor_digestao|diário|linha/L1_L7,producao_t_h|diário|linha/L1_L7,variable,1,SAME,OWN,DIRECT
energy,31,EQ18008,especifico_vapor_digestao_medio|diário|linha_grupo/L1_L7,producao_t_h|diário|linha/L1_L7,variable,1,SAME,EXPLICIT_OK,DIRECT
energy,31,EQ18008,especifico_vapor_digestao_medio|diário|linha_grupo/L1_L7,especifico_vapor_digestao|diário|linha/L1_L7,variable,1,SAME,EXPLICIT_OK,DIRECT
energy,31,EQ18008,especifico_vapor_digestao_medio|diário|linha_grupo/L1_L7,producao_t_h|diário|linha/L1_L7,variable,1,SAME,EXPLICIT_OK,DIRECT
energy,31,EQ18008,especifico_vapor_digestao_medio|diário|linha_grupo/L1_L7,especifico_vapor_digestao|diário|linha/L1_L7,variable,1,SAME,EXPLICIT_OK,DIRECT
energy,31,EQ18008,especifico_vapor_digestao_medio|diário|linha_grupo/L1_L7,producao_t_h|diário|linha/L1_L7,variable,1,SAME,EXPLICIT_OK,DIRECT
energy,31,EQ18008,especifico_vapor_digestao_medio|diário|linha_grupo/L1_L7,especifico_vapor_digestao|diário|linha/L1_L7,variable,1,SAME,EXPLICIT_OK,DIRECT
energy,31,EQ18008,especifico_vapor_digestao_medio|diário|linha_grupo/L1_L7,producao_t_h|diário|linha/L1_L7,variable,1,SAME,EXPLICIT_OK,DIRECT
energy,31,EQ18008,especifico_vapor_digestao_medio|diário|linha_grupo/L1_L7,especifico_vapor_digestao|diário|linha/L1_L7,variable,1,SAME,EXPLICIT_OK,DIRECT
energy,31,EQ18008,especifico_vapor_digestao_medio|diário|linha_grupo/L1_L7,producao_t_h|diário|linha/L1_L7,variable,1,SAME,EXPLICIT_OK,DIRECT
energy,31,EQ18008,especifico_vapor_digestao_medio|diário|linha_grupo/L1_L7,especifico_vapor_digestao|diário|linha/L1_L7,variable,1,SAME,EXPLICIT_OK,DIRECT
energy,31,EQ18008,especifico_vapor_digestao_medio|diário|linha_grupo/L1_L7,producao_t_h|diário|linha/L1_L7,variable,1,SAME,EXPLICIT_OK,DIRECT
energy,31,EQ18008,especifico_vapor_digestao_medio|diário|linha_grupo/L1_L7,especifico_vapor_digestao|diário|linha/L1_L7,variable,1,SAME,EXPLICIT_OK,DIRECT
energy,31,EQ18008,especifico_vapor_digestao_medio|diário|linha_grupo/L1_L7,producao_t_h|diário|linha/L1_L7,variable,1,SAME,EXPLICIT_OK,DIRECT
energy,31,EQ18008,especifico_vapor_digestao_medio|diário|linha_grupo/L1_L7,especifico_vapor_digestao|diário|linha/L1_L7,variable,1,SAME,EXPLICIT_OK,DIRECT
energy,31,EQ18008,especifico_vapor_digestao_medio|diário|linha_grupo/L1_L7,producao_planta_t_h|diário|linha_grupo/L1_L7,variable,1,SAME,OWN,DIRECT
energy,33,EQ18009,energia_digestao|diário|linha_grupo/L1_L7,especifico_vapor_digestao_medio|diário|linha_grupo/L1_L7,variable,2,SAME,OWN,DIRECT
energy,36,EQ18010,economicidade_evaporacao|diário|linha/L1_L7,economicidade_evaporacao_ref|mensal|linha/L1_L7,variable,1,COARSER,OWN,TEMPORAL_FALLBACK_COARSER (válido)
energy,36,EQ18010,economicidade_evaporacao|diário|linha/L1_L7,temperatura_lp|diário|linha/L1_L7,variable,2,SAME,OWN,DIRECT
energy,38,EQ18011,consumo_vapor_evaporadores|diário|linha/L1_L7,evaporado_total_evaporacao|diário|linha/L1_L7,variable,1,SAME,OWN,DIRECT
energy,38,EQ18011,consumo_vapor_evaporadores|diário|linha/L1_L7,economicidade_evaporacao|diário|linha/L1_L7,variable,1,SAME,OWN,DIRECT
energy,39,EQ18012,consumo_vapor_evaporadores_total|diário|linha_grupo/L1_L7,consumo_vapor_evaporadores|diário|linha/L1_L7,variable,1,SAME,EXPLICIT_OK,DIRECT
energy,39,EQ18012,consumo_vapor_evaporadores_total|diário|linha_grupo/L1_L7,consumo_vapor_evaporadores|diário|linha/L1_L7,variable,1,SAME,EXPLICIT_OK,DIRECT
energy,39,EQ18012,consumo_vapor_evaporadores_total|diário|linha_grupo/L1_L7,consumo_vapor_evaporadores|diário|linha/L1_L7,variable,1,SAME,EXPLICIT_OK,DIRECT
energy,39,EQ18012,consumo_vapor_evaporadores_total|diário|linha_grupo/L1_L7,consumo_vapor_evaporadores|diário|linha/L1_L7,variable,1,SAME,EXPLICIT_OK,DIRECT
energy,39,EQ18012,consumo_vapor_evaporadores_total|diário|linha_grupo/L1_L7,consumo_vapor_evaporadores|diário|linha/L1_L7,variable,1,SAME,EXPLICIT_OK,DIRECT
energy,39,EQ18012,consumo_vapor_evaporadores_total|diário|linha_grupo/L1_L7,consumo_vapor_evaporadores|diário|linha/L1_L7,variable,1,SAME,EXPLICIT_OK,DIRECT
energy,39,EQ18012,consumo_vapor_evaporadores_total|diário|linha_grupo/L1_L7,consumo_vapor_evaporadores|diário|linha/L1_L7,variable,1,SAME,EXPLICIT_OK,DIRECT
energy,40,EQ18013,especifico_vapor_evaporacao|diário|linha/L1_L7,consumo_vapor_evaporadores|diário|linha/L1_L7,variable,1,SAME,OWN,DIRECT
energy,40,EQ18013,especifico_vapor_evaporacao|diário|linha/L1_L7,producao_t_h|diário|linha/L1_L7,variable,1,SAME,OWN,DIRECT
energy,41,EQ18014,especifico_vapor_evaporacao|diário|linha_grupo/L1_L3,consumo_vapor_evaporadores|diário|linha/L1_L7,variable,1,SAME,EXPLICIT_OK,DIRECT
energy,41,EQ18014,especifico_vapor_evaporacao|diário|linha_grupo/L1_L3,consumo_vapor_evaporadores|diário|linha/L1_L7,variable,1,SAME,EXPLICIT_OK,DIRECT
energy,41,EQ18014,especifico_vapor_evaporacao|diário|linha_grupo/L1_L3,consumo_vapor_evaporadores|diário|linha/L1_L7,variable,1,SAME,EXPLICIT_OK,DIRECT
energy,41,EQ18014,especifico_vapor_evaporacao|diário|linha_grupo/L1_L3,producao_t_h|diário|linha/L1_L7,variable,1,SAME,EXPLICIT_OK,DIRECT
energy,41,EQ18014,especifico_vapor_evaporacao|diário|linha_grupo/L1_L3,producao_t_h|diário|linha/L1_L7,variable,1,SAME,EXPLICIT_OK,DIRECT
energy,41,EQ18014,especifico_vapor_evaporacao|diário|linha_grupo/L1_L3,producao_t_h|diário|linha/L1_L7,variable,1,SAME,EXPLICIT_OK,DIRECT
energy,42,EQ18015,especifico_vapor_evaporacao|diário|linha_grupo/L4_L5,consumo_vapor_evaporadores|diário|linha/L1_L7,variable,1,SAME,EXPLICIT_OK,DIRECT
energy,42,EQ18015,especifico_vapor_evaporacao|diário|linha_grupo/L4_L5,consumo_vapor_evaporadores|diário|linha/L1_L7,variable,1,SAME,EXPLICIT_OK,DIRECT
energy,42,EQ18015,especifico_vapor_evaporacao|diário|linha_grupo/L4_L5,producao_t_h|diário|linha/L1_L7,variable,1,SAME,EXPLICIT_OK,DIRECT
energy,42,EQ18015,especifico_vapor_evaporacao|diário|linha_grupo/L4_L5,producao_t_h|diário|linha/L1_L7,variable,1,SAME,EXPLICIT_OK,DIRECT
energy,43,EQ18016,especifico_vapor_evaporacao|diário|linha_grupo/L6_L7,consumo_vapor_evaporadores|diário|linha/L1_L7,variable,1,SAME,EXPLICIT_OK,DIRECT
energy,43,EQ18016,especifico_vapor_evaporacao|diário|linha_grupo/L6_L7,consumo_vapor_evaporadores|diário|linha/L1_L7,variable,1,SAME,EXPLICIT_OK,DIRECT
energy,43,EQ18016,especifico_vapor_evaporacao|diário|linha_grupo/L6_L7,producao_t_h|diário|linha/L1_L7,variable,1,SAME,EXPLICIT_OK,DIRECT
energy,43,EQ18016,especifico_vapor_evaporacao|diário|linha_grupo/L6_L7,producao_t_h|diário|linha/L1_L7,variable,1,SAME,EXPLICIT_OK,DIRECT
energy,44,EQ18017,especifico_vapor_evaporacao_total|diário|linha_grupo/L1_L7,consumo_vapor_evaporadores_total|diário|linha_grupo/L1_L7,variable,1,SAME,OWN,DIRECT
energy,44,EQ18017,especifico_vapor_evaporacao_total|diário|linha_grupo/L1_L7,producao_planta_t_h|diário|linha_grupo/L1_L7,variable,1,SAME,OWN,DIRECT
energy,46,EQ18018,energia_evaporacao|diário|linha_grupo/L1_L7,especifico_vapor_evaporacao_total|diário|linha_grupo/L1_L7,variable,2,SAME,OWN,DIRECT
energy,48,EQ18019,energia_bayer|diário|linha_grupo/L1_L7,energia_digestao|diário|linha_grupo/L1_L7,variable,2,SAME,OWN,DIRECT
energy,48,EQ18019,energia_bayer|diário|linha_grupo/L1_L7,energia_evaporacao|diário|linha_grupo/L1_L7,variable,2,SAME,OWN,DIRECT
energy,50,EQ18020,energia_media_frct|mensal|linha_grupo/L1_L7,energia_digestao|mensal|linha_grupo/L1_L7,variable,2,SAME,OWN,DIRECT
energy,50,EQ18020,energia_media_frct|mensal|linha_grupo/L1_L7,energia_evaporacao|mensal|linha_grupo/L1_L7,variable,2,SAME,OWN,DIRECT
energy,51,EQ18021,consumo_total_vapor|diário|linha_grupo/L1_L7,vazao_vapor_digestao_total|diário|linha_grupo/L1_L7,variable,2,SAME,OWN,DIRECT
energy,51,EQ18021,consumo_total_vapor|diário|linha_grupo/L1_L7,consumo_vapor_evaporadores_total|diário|linha_grupo/L1_L7,variable,1,SAME,OWN,DIRECT
energy,53,EQ18022,especifico_vapor_outros|diário|linha_grupo/L1_L7,consumo_vapor_outros|diário|linha_grupo/L1_L7,variable,1,SAME,OWN,DIRECT
energy,53,EQ18022,especifico_vapor_outros|diário|linha_grupo/L1_L7,producao_planta_t_h|diário|linha_grupo/L1_L7,variable,1,SAME,OWN,DIRECT
energy,55,EQ18023,demanda_bayer|diário|linha_grupo/L1_L7,consumo_total_vapor|diário|linha_grupo/L1_L7,variable,1,SAME,OWN,DIRECT
energy,55,EQ18023,demanda_bayer|diário|linha_grupo/L1_L7,consumo_vapor_outros|diário|linha_grupo/L1_L7,variable,1,SAME,OWN,DIRECT
energy,56,EQ18024,especifico_demanda_bayer|diário|linha_grupo/L1_L7,demanda_bayer|diário|linha_grupo/L1_L7,variable,1,SAME,OWN,DIRECT
energy,56,EQ18024,especifico_demanda_bayer|diário|linha_grupo/L1_L7,producao_planta_t_h|diário|linha_grupo/L1_L7,variable,1,SAME,OWN,DIRECT
max_ht,6,EQ13001,alimentação_evap_total|diário|linha_grupo/L1_L7,alimentação_evap|diário|linha/L1_L7,variable,3,SAME,EXPLICIT_OK,DIRECT
max_ht,6,EQ13001,alimentação_evap_total|diário|linha_grupo/L1_L7,alimentação_evap|diário|linha/L1_L7,variable,3,SAME,EXPLICIT_OK,DIRECT
max_ht,6,EQ13001,alimentação_evap_total|diário|linha_grupo/L1_L7,alimentação_evap|diário|linha/L1_L7,variable,3,SAME,EXPLICIT_OK,DIRECT
max_ht,6,EQ13001,alimentação_evap_total|diário|linha_grupo/L1_L7,alimentação_evap|diário|linha/L1_L7,variable,3,SAME,EXPLICIT_OK,DIRECT
max_ht,6,EQ13001,alimentação_evap_total|diário|linha_grupo/L1_L7,alimentação_evap|diário|linha/L1_L7,variable,3,SAME,EXPLICIT_OK,DIRECT
max_ht,6,EQ13001,alimentação_evap_total|diário|linha_grupo/L1_L7,alimentação_evap|diário|linha/L1_L7,variable,3,SAME,EXPLICIT_OK,DIRECT
max_ht,6,EQ13001,alimentação_evap_total|diário|linha_grupo/L1_L7,alimentação_evap|diário|linha/L1_L7,variable,3,SAME,EXPLICIT_OK,DIRECT
max_ht,11,EQ13002,esp_max_ht_planta|diário|linha_grupo/L1_L7,massa_total_max_ht|diário|linha_grupo/L1_L3,variable,9,SAME,EXPLICIT_OK,DIRECT
max_ht,11,EQ13002,esp_max_ht_planta|diário|linha_grupo/L1_L7,massa_total_max_ht|diário|linha_grupo/L4_L5,variable,9,SAME,EXPLICIT_OK,DIRECT
max_ht,11,EQ13002,esp_max_ht_planta|diário|linha_grupo/L1_L7,massa_total_max_ht|diário|linha_grupo/L6_L7,variable,9,SAME,EXPLICIT_OK,DIRECT
max_ht,11,EQ13002,esp_max_ht_planta|diário|linha_grupo/L1_L7,refinery|diário|linha_grupo/L1_L7,variable,3,SAME,OWN,DIRECT
max_ht,12,EQ13003,esp_max_ht_planta|mensal|linha_grupo/L1_L7,massa_total_max_ht_total|mensal|linha_grupo/L1_L7,variable,3,SAME,OWN,DIRECT
max_ht,12,EQ13003,esp_max_ht_planta|mensal|linha_grupo/L1_L7,refinery|mensal|linha_grupo/L1_L7,variable,3,SAME,OWN,DIRECT
max_ht,13,EQ13004,esp_max_ht_planta|anual|linha_grupo/L1_L7,massa_total_max_ht_total|anual|linha_grupo/L1_L7,variable,3,SAME,OWN,DIRECT
max_ht,13,EQ13004,esp_max_ht_planta|anual|linha_grupo/L1_L7,refinery|anual|linha_grupo/L1_L7,variable,3,SAME,OWN,DIRECT
max_ht,14,EQ13005,esp_maxht|diário|linha_grupo/L1_L3,massa_total_max_ht|diário|linha_grupo/L1_L3,variable,9,SAME,OWN,DIRECT
max_ht,14,EQ13005,esp_maxht|diário|linha_grupo/L1_L3,producao_grupo|diário|linha_grupo/L1_L3,variable,9,SAME,OWN,DIRECT
max_ht,15,EQ13006,esp_maxht|diário|linha_grupo/L4_L5,massa_total_max_ht|diário|linha_grupo/L4_L5,variable,9,SAME,OWN,DIRECT
max_ht,15,EQ13006,esp_maxht|diário|linha_grupo/L4_L5,producao_grupo|diário|linha_grupo/L4_L5,variable,9,SAME,OWN,DIRECT
max_ht,16,EQ13007,esp_maxht|diário|linha_grupo/L6_L7,massa_total_max_ht|diário|linha_grupo/L6_L7,variable,9,SAME,OWN,DIRECT
max_ht,16,EQ13007,esp_maxht|diário|linha_grupo/L6_L7,producao_grupo|diário|linha_grupo/L6_L7,variable,9,SAME,OWN,DIRECT
max_ht,27,EQ13008,fluxo_para_a13_linha_grupo|diário|linha_grupo/L1_L3,fluxo_para_evap|diário|linha/L1_L7,variable,3,SAME,EXPLICIT_OK,DIRECT
max_ht,27,EQ13008,fluxo_para_a13_linha_grupo|diário|linha_grupo/L1_L3,fluxo_para_evap|diário|linha/L1_L7,variable,3,SAME,EXPLICIT_OK,DIRECT
max_ht,27,EQ13008,fluxo_para_a13_linha_grupo|diário|linha_grupo/L1_L3,fluxo_para_evap|diário|linha/L1_L7,variable,3,SAME,EXPLICIT_OK,DIRECT
max_ht,28,EQ13009,fluxo_para_a13_linha_grupo|diário|linha_grupo/L4_L5,fluxo_para_evap|diário|linha/L1_L7,variable,3,SAME,EXPLICIT_OK,DIRECT
max_ht,28,EQ13009,fluxo_para_a13_linha_grupo|diário|linha_grupo/L4_L5,fluxo_para_evap|diário|linha/L1_L7,variable,3,SAME,EXPLICIT_OK,DIRECT
max_ht,29,EQ13010,fluxo_para_a13_linha_grupo|diário|linha_grupo/L6_L7,fluxo_para_evap|diário|linha/L1_L7,variable,3,SAME,EXPLICIT_OK,DIRECT
max_ht,29,EQ13010,fluxo_para_a13_linha_grupo|diário|linha_grupo/L6_L7,fluxo_para_evap|diário|linha/L1_L7,variable,3,SAME,EXPLICIT_OK,DIRECT
max_ht,36,EQ13011,fluxo_para_a18_a13_linha_grupo|diário|linha_grupo/L1_L3,fluxo_para_a18_linha_grupo|diário|linha_grupo/L1_L3,variable,9,SAME,OWN,DIRECT
max_ht,36,EQ13011,fluxo_para_a18_a13_linha_grupo|diário|linha_grupo/L1_L3,fluxo_para_a13_linha_grupo|diário|linha_grupo/L1_L3,variable,9,SAME,OWN,DIRECT
max_ht,37,EQ13012,fluxo_para_a18_a13_linha_grupo|diário|linha_grupo/L4_L5,fluxo_para_a18_linha_grupo|diário|linha_grupo/L4_L5,variable,9,SAME,OWN,DIRECT
max_ht,37,EQ13012,fluxo_para_a18_a13_linha_grupo|diário|linha_grupo/L4_L5,fluxo_para_a13_linha_grupo|diário|linha_grupo/L4_L5,variable,9,SAME,OWN,DIRECT
max_ht,38,EQ13013,fluxo_para_a18_a13_linha_grupo|diário|linha_grupo/L6_L7,fluxo_para_a18_linha_grupo|diário|linha_grupo/L6_L7,variable,9,SAME,OWN,DIRECT
max_ht,38,EQ13013,fluxo_para_a18_a13_linha_grupo|diário|linha_grupo/L6_L7,fluxo_para_a13_linha_grupo|diário|linha_grupo/L6_L7,variable,9,SAME,OWN,DIRECT
max_ht,45,EQ13014,fluxo_para_a18_linha|diário|linha/L1_L7,lth|diário|linha/L1_L7,variable,3,SAME,OWN,DIRECT
max_ht,45,EQ13014,fluxo_para_a18_linha|diário|linha/L1_L7,dosagem_lth|diário|linha/L1_L7,variable,1,SAME,OWN,DIRECT
max_ht,48,EQ13015,fluxo_para_a18_linha_grupo|diário|linha_grupo/L1_L3,fluxo_para_a18_linha|diário|linha/L1_L7,variable,3,SAME,EXPLICIT_OK,DIRECT
max_ht,48,EQ13015,fluxo_para_a18_linha_grupo|diário|linha_grupo/L1_L3,fluxo_para_a18_linha|diário|linha/L1_L7,variable,3,SAME,EXPLICIT_OK,DIRECT
max_ht,48,EQ13015,fluxo_para_a18_linha_grupo|diário|linha_grupo/L1_L3,fluxo_para_a18_linha|diário|linha/L1_L7,variable,3,SAME,EXPLICIT_OK,DIRECT
max_ht,49,EQ13016,fluxo_para_a18_linha_grupo|diário|linha_grupo/L4_L5,fluxo_para_a18_linha|diário|linha/L1_L7,variable,3,SAME,EXPLICIT_OK,DIRECT
max_ht,49,EQ13016,fluxo_para_a18_linha_grupo|diário|linha_grupo/L4_L5,fluxo_para_a18_linha|diário|linha/L1_L7,variable,3,SAME,EXPLICIT_OK,DIRECT
max_ht,50,EQ13017,fluxo_para_a18_linha_grupo|diário|linha_grupo/L6_L7,fluxo_para_a18_linha|diário|linha/L1_L7,variable,3,SAME,EXPLICIT_OK,DIRECT
max_ht,50,EQ13017,fluxo_para_a18_linha_grupo|diário|linha_grupo/L6_L7,fluxo_para_a18_linha|diário|linha/L1_L7,variable,3,SAME,EXPLICIT_OK,DIRECT
max_ht,57,EQ13018,fluxo_para_a18_linha_total|diário|linha_grupo/L1_L7,fluxo_para_a18_linha|diário|linha/L1_L7,variable,3,SAME,EXPLICIT_OK,DIRECT
max_ht,57,EQ13018,fluxo_para_a18_linha_total|diário|linha_grupo/L1_L7,fluxo_para_a18_linha|diário|linha/L1_L7,variable,3,SAME,EXPLICIT_OK,DIRECT
max_ht,57,EQ13018,fluxo_para_a18_linha_total|diário|linha_grupo/L1_L7,fluxo_para_a18_linha|diário|linha/L1_L7,variable,3,SAME,EXPLICIT_OK,DIRECT
max_ht,57,EQ13018,fluxo_para_a18_linha_total|diário|linha_grupo/L1_L7,fluxo_para_a18_linha|diário|linha/L1_L7,variable,3,SAME,EXPLICIT_OK,DIRECT
max_ht,57,EQ13018,fluxo_para_a18_linha_total|diário|linha_grupo/L1_L7,fluxo_para_a18_linha|diário|linha/L1_L7,variable,3,SAME,EXPLICIT_OK,DIRECT
max_ht,57,EQ13018,fluxo_para_a18_linha_total|diário|linha_grupo/L1_L7,fluxo_para_a18_linha|diário|linha/L1_L7,variable,3,SAME,EXPLICIT_OK,DIRECT
max_ht,57,EQ13018,fluxo_para_a18_linha_total|diário|linha_grupo/L1_L7,fluxo_para_a18_linha|diário|linha/L1_L7,variable,3,SAME,EXPLICIT_OK,DIRECT
max_ht,60,EQ13019,fluxo_para_evap|diário|linha/L1_L7,alimentação_evap|diário|linha/L1_L7,variable,3,SAME,OWN,DIRECT
max_ht,60,EQ13019,fluxo_para_evap|diário|linha/L1_L7,dosagem_evap|diário|linha/L1_L7,variable,1,SAME,OWN,DIRECT
max_ht,63,EQ13020,fluxo_para_evap_total|diário|linha_grupo/L1_L7,fluxo_para_evap|diário|linha/L1_L7,variable,3,SAME,EXPLICIT_OK,DIRECT
max_ht,63,EQ13020,fluxo_para_evap_total|diário|linha_grupo/L1_L7,fluxo_para_evap|diário|linha/L1_L7,variable,3,SAME,EXPLICIT_OK,DIRECT
max_ht,63,EQ13020,fluxo_para_evap_total|diário|linha_grupo/L1_L7,fluxo_para_evap|diário|linha/L1_L7,variable,3,SAME,EXPLICIT_OK,DIRECT
max_ht,63,EQ13020,fluxo_para_evap_total|diário|linha_grupo/L1_L7,fluxo_para_evap|diário|linha/L1_L7,variable,3,SAME,EXPLICIT_OK,DIRECT
max_ht,63,EQ13020,fluxo_para_evap_total|diário|linha_grupo/L1_L7,fluxo_para_evap|diário|linha/L1_L7,variable,3,SAME,EXPLICIT_OK,DIRECT
max_ht,63,EQ13020,fluxo_para_evap_total|diário|linha_grupo/L1_L7,fluxo_para_evap|diário|linha/L1_L7,variable,3,SAME,EXPLICIT_OK,DIRECT
max_ht,63,EQ13020,fluxo_para_evap_total|diário|linha_grupo/L1_L7,fluxo_para_evap|diário|linha/L1_L7,variable,3,SAME,EXPLICIT_OK,DIRECT
max_ht,69,EQ13021,lth_total|diário|linha_grupo/L1_L7,lth|diário|linha/L1_L7,variable,3,SAME,EXPLICIT_OK,DIRECT
max_ht,69,EQ13021,lth_total|diário|linha_grupo/L1_L7,lth|diário|linha/L1_L7,variable,3,SAME,EXPLICIT_OK,DIRECT
max_ht,69,EQ13021,lth_total|diário|linha_grupo/L1_L7,lth|diário|linha/L1_L7,variable,3,SAME,EXPLICIT_OK,DIRECT
max_ht,69,EQ13021,lth_total|diário|linha_grupo/L1_L7,lth|diário|linha/L1_L7,variable,3,SAME,EXPLICIT_OK,DIRECT
max_ht,69,EQ13021,lth_total|diário|linha_grupo/L1_L7,lth|diário|linha/L1_L7,variable,3,SAME,EXPLICIT_OK,DIRECT
max_ht,69,EQ13021,lth_total|diário|linha_grupo/L1_L7,lth|diário|linha/L1_L7,variable,3,SAME,EXPLICIT_OK,DIRECT
max_ht,69,EQ13021,lth_total|diário|linha_grupo/L1_L7,lth|diário|linha/L1_L7,variable,3,SAME,EXPLICIT_OK,DIRECT
max_ht,74,EQ13022,massa_total_max_ht|diário|linha_grupo/L1_L3,fluxo_para_a18_a13_linha_grupo|diário|linha_grupo/L1_L3,variable,9,SAME,OWN,DIRECT
max_ht,74,EQ13022,massa_total_max_ht|diário|linha_grupo/L1_L3,fator_massa_total_max_ht|anual|linha_grupo/L1_L3,parameter,4,PARAMETER,OWN,DIRECT
max_ht,74,EQ13022,massa_total_max_ht|diário|linha_grupo/L1_L3,total_horas_dia|diário|linha_grupo/L1_L3,variable,4,SAME,OWN,DIRECT
max_ht,75,EQ13023,massa_total_max_ht|diário|linha_grupo/L4_L5,fluxo_para_a18_a13_linha_grupo|diário|linha_grupo/L4_L5,variable,9,SAME,OWN,DIRECT
max_ht,75,EQ13023,massa_total_max_ht|diário|linha_grupo/L4_L5,fator_massa_total_max_ht|anual|linha_grupo/L4_L5,parameter,4,PARAMETER,OWN,DIRECT
max_ht,75,EQ13023,massa_total_max_ht|diário|linha_grupo/L4_L5,total_horas_dia|diário|linha_grupo/L4_L5,variable,4,SAME,OWN,DIRECT
max_ht,76,EQ13024,massa_total_max_ht|diário|linha_grupo/L6_L7,fluxo_para_a18_a13_linha_grupo|diário|linha_grupo/L6_L7,variable,9,SAME,OWN,DIRECT
max_ht,76,EQ13024,massa_total_max_ht|diário|linha_grupo/L6_L7,fator_massa_total_max_ht|anual|linha_grupo/L6_L7,parameter,4,PARAMETER,OWN,DIRECT
max_ht,76,EQ13024,massa_total_max_ht|diário|linha_grupo/L6_L7,total_horas_dia|diário|linha_grupo/L6_L7,variable,4,SAME,OWN,DIRECT
max_ht,89,EQ13025,massa_total_max_ht_total|diário|linha_grupo/L1_L7,fluxo_para_evap_total|diário|linha_grupo/L1_L7,variable,3,SAME,OWN,DIRECT
max_ht,89,EQ13025,massa_total_max_ht_total|diário|linha_grupo/L1_L7,fluxo_para_a18_linha_total|diário|linha_grupo/L1_L7,variable,3,SAME,OWN,DIRECT
max_ht,89,EQ13025,massa_total_max_ht_total|diário|linha_grupo/L1_L7,fator_massa_total_max_ht|anual|linha_grupo/L1_L7,parameter,4,PARAMETER,OWN,DIRECT
max_ht,89,EQ13025,massa_total_max_ht_total|diário|linha_grupo/L1_L7,total_horas_dia|diário|linha_grupo/L1_L7,variable,4,SAME,OWN,DIRECT
max_ht,105,EQ13026,producao_grupo|diário|linha_grupo/L1_L3,producao|diário|linha/L1_L7,variable,3,SAME,EXPLICIT_OK,DIRECT
max_ht,105,EQ13026,producao_grupo|diário|linha_grupo/L1_L3,producao|diário|linha/L1_L7,variable,3,SAME,EXPLICIT_OK,DIRECT
max_ht,105,EQ13026,producao_grupo|diário|linha_grupo/L1_L3,producao|diário|linha/L1_L7,variable,3,SAME,EXPLICIT_OK,DIRECT
max_ht,106,EQ13027,producao_grupo|diário|linha_grupo/L4_L5,producao|diário|linha/L1_L7,variable,3,SAME,EXPLICIT_OK,DIRECT
max_ht,106,EQ13027,producao_grupo|diário|linha_grupo/L4_L5,producao|diário|linha/L1_L7,variable,3,SAME,EXPLICIT_OK,DIRECT
max_ht,107,EQ13028,producao_grupo|diário|linha_grupo/L6_L7,producao|diário|linha/L1_L7,variable,3,SAME,EXPLICIT_OK,DIRECT
max_ht,107,EQ13028,producao_grupo|diário|linha_grupo/L6_L7,producao|diário|linha/L1_L7,variable,3,SAME,EXPLICIT_OK,DIRECT
max_ht,116,EQ13029,refinery|diário|linha_grupo/L1_L7,producao|diário|linha/L1_L7,variable,3,SAME,EXPLICIT_OK,DIRECT
max_ht,116,EQ13029,refinery|diário|linha_grupo/L1_L7,producao|diário|linha/L1_L7,variable,3,SAME,EXPLICIT_OK,DIRECT
max_ht,116,EQ13029,refinery|diário|linha_grupo/L1_L7,producao|diário|linha/L1_L7,variable,3,SAME,EXPLICIT_OK,DIRECT
max_ht,116,EQ13029,refinery|diário|linha_grupo/L1_L7,producao|diário|linha/L1_L7,variable,3,SAME,EXPLICIT_OK,DIRECT
max_ht,116,EQ13029,refinery|diário|linha_grupo/L1_L7,producao|diário|linha/L1_L7,variable,3,SAME,EXPLICIT_OK,DIRECT
max_ht,116,EQ13029,refinery|diário|linha_grupo/L1_L7,producao|diário|linha/L1_L7,variable,3,SAME,EXPLICIT_OK,DIRECT
max_ht,116,EQ13029,refinery|diário|linha_grupo/L1_L7,producao|diário|linha/L1_L7,variable,3,SAME,EXPLICIT_OK,DIRECT
production,3,EQ12001,consumo_bauxita|diário|linha_grupo/L1_L7,consumo_mrn_grupo|diário|linha_grupo/L1_L7,variable,3,SAME,OWN,DIRECT
production,3,EQ12001,consumo_bauxita|diário|linha_grupo/L1_L7,consumo_mpsa_grupo|diário|linha_grupo/L1_L7,variable,3,SAME,OWN,DIRECT
production,3,EQ12001,consumo_bauxita|diário|linha_grupo/L1_L7,consumo_cbg_grupo|diário|linha_grupo/L1_L7,variable,3,SAME,OWN,DIRECT
production,7,EQ12002,consumo_cbg|diário|linha/L1_L7,fator_cbg|diário|linha/L1_L7,variable,1,SAME,OWN,DIRECT
production,7,EQ12002,consumo_cbg|diário|linha/L1_L7,consumo_cbg_percentual|diário|linha/L1_L7,variable,1,SAME,OWN,DIRECT
production,7,EQ12002,consumo_cbg|diário|linha/L1_L7,producao|diário|linha/L1_L7,variable,2,SAME,OWN,DIRECT
production,8,EQ12003,consumo_cbg_grupo|diário|linha_grupo/L1_L7,consumo_cbg|diário|linha/L1_L7,variable,1,SAME,EXPLICIT_OK,DIRECT
production,8,EQ12003,consumo_cbg_grupo|diário|linha_grupo/L1_L7,consumo_cbg|diário|linha/L1_L7,variable,1,SAME,EXPLICIT_OK,DIRECT
production,8,EQ12003,consumo_cbg_grupo|diário|linha_grupo/L1_L7,consumo_cbg|diário|linha/L1_L7,variable,1,SAME,EXPLICIT_OK,DIRECT
production,8,EQ12003,consumo_cbg_grupo|diário|linha_grupo/L1_L7,consumo_cbg|diário|linha/L1_L7,variable,1,SAME,EXPLICIT_OK,DIRECT
production,8,EQ12003,consumo_cbg_grupo|diário|linha_grupo/L1_L7,consumo_cbg|diário|linha/L1_L7,variable,1,SAME,EXPLICIT_OK,DIRECT
production,8,EQ12003,consumo_cbg_grupo|diário|linha_grupo/L1_L7,consumo_cbg|diário|linha/L1_L7,variable,1,SAME,EXPLICIT_OK,DIRECT
production,8,EQ12003,consumo_cbg_grupo|diário|linha_grupo/L1_L7,consumo_cbg|diário|linha/L1_L7,variable,1,SAME,EXPLICIT_OK,DIRECT
production,13,EQ12004,consumo_mpsa|diário|linha/L1_L7,fator_mpsa|diário|linha/L1_L7,variable,1,SAME,OWN,DIRECT
production,13,EQ12004,consumo_mpsa|diário|linha/L1_L7,consumo_mpsa_percentual|diário|linha/L1_L7,variable,1,SAME,OWN,DIRECT
production,13,EQ12004,consumo_mpsa|diário|linha/L1_L7,producao|diário|linha/L1_L7,variable,2,SAME,OWN,DIRECT
production,14,EQ12005,consumo_mpsa_grupo|diário|linha_grupo/L1_L7,consumo_mpsa|diário|linha/L1_L7,variable,1,SAME,EXPLICIT_OK,DIRECT
production,14,EQ12005,consumo_mpsa_grupo|diário|linha_grupo/L1_L7,consumo_mpsa|diário|linha/L1_L7,variable,1,SAME,EXPLICIT_OK,DIRECT
production,14,EQ12005,consumo_mpsa_grupo|diário|linha_grupo/L1_L7,consumo_mpsa|diário|linha/L1_L7,variable,1,SAME,EXPLICIT_OK,DIRECT
production,14,EQ12005,consumo_mpsa_grupo|diário|linha_grupo/L1_L7,consumo_mpsa|diário|linha/L1_L7,variable,1,SAME,EXPLICIT_OK,DIRECT
production,14,EQ12005,consumo_mpsa_grupo|diário|linha_grupo/L1_L7,consumo_mpsa|diário|linha/L1_L7,variable,1,SAME,EXPLICIT_OK,DIRECT
production,14,EQ12005,consumo_mpsa_grupo|diário|linha_grupo/L1_L7,consumo_mpsa|diário|linha/L1_L7,variable,1,SAME,EXPLICIT_OK,DIRECT
production,14,EQ12005,consumo_mpsa_grupo|diário|linha_grupo/L1_L7,consumo_mpsa|diário|linha/L1_L7,variable,1,SAME,EXPLICIT_OK,DIRECT
production,19,EQ12006,consumo_mrn|diário|linha/L1_L7,fator_mrn|diário|linha/L1_L7,variable,1,SAME,OWN,DIRECT
production,19,EQ12006,consumo_mrn|diário|linha/L1_L7,consumo_mrn_percentual|diário|linha/L1_L7,variable,1,SAME,OWN,DIRECT
production,19,EQ12006,consumo_mrn|diário|linha/L1_L7,producao|diário|linha/L1_L7,variable,2,SAME,OWN,DIRECT
production,19,EQ12006,consumo_mrn|diário|linha/L1_L7,fator_ajuste_mrn|diário|linha/L1_L7,variable,1,SAME,OWN,DIRECT
production,20,EQ12007,consumo_mrn_grupo|diário|linha_grupo/L1_L7,consumo_mrn|diário|linha/L1_L7,variable,1,SAME,EXPLICIT_OK,DIRECT
production,20,EQ12007,consumo_mrn_grupo|diário|linha_grupo/L1_L7,consumo_mrn|diário|linha/L1_L7,variable,1,SAME,EXPLICIT_OK,DIRECT
production,20,EQ12007,consumo_mrn_grupo|diário|linha_grupo/L1_L7,consumo_mrn|diário|linha/L1_L7,variable,1,SAME,EXPLICIT_OK,DIRECT
production,20,EQ12007,consumo_mrn_grupo|diário|linha_grupo/L1_L7,consumo_mrn|diário|linha/L1_L7,variable,1,SAME,EXPLICIT_OK,DIRECT
production,20,EQ12007,consumo_mrn_grupo|diário|linha_grupo/L1_L7,consumo_mrn|diário|linha/L1_L7,variable,1,SAME,EXPLICIT_OK,DIRECT
production,20,EQ12007,consumo_mrn_grupo|diário|linha_grupo/L1_L7,consumo_mrn|diário|linha/L1_L7,variable,1,SAME,EXPLICIT_OK,DIRECT
production,20,EQ12007,consumo_mrn_grupo|diário|linha_grupo/L1_L7,consumo_mrn|diário|linha/L1_L7,variable,1,SAME,EXPLICIT_OK,DIRECT
production,25,EQ12008,desaguamento_oee|anual|linha_grupo/L1_L7,consumo_mpsa_grupo|anual|linha_grupo/L1_L7,variable,3,SAME,OWN,DIRECT
production,25,EQ12008,desaguamento_oee|anual|linha_grupo/L1_L7,desaguamento_produtividade|anual|planta/PLANTA,parameter,1,PARAMETER,PARENT,SPATIAL_PARENT (válido)
production,29,EQ12009,fator_cbg|diário|linha/L1_L7,fator_mrn|diário|linha/L1_L7,variable,1,SAME,OWN,DIRECT
production,30,EQ12010,fator_mpsa|diário|linha/L1_L7,fator_mpsa_kg_t|diário|linha_grupo/L1_L7,variable,1,SAME,PARENT,SPATIAL_PARENT (válido)
production,32,EQ12011,fator_mrn|diário|linha/L1_L7,fator_mrn_kg_t|diário|linha_grupo/L1_L7,variable,1,SAME,PARENT,SPATIAL_PARENT (válido)
production,35,EQ12012,lth|diário|linha/L1_L7,reducao_lth_digestao|diário|linha/L1_L7,variable,1,SAME,OWN,DIRECT
production,35,EQ12012,lth|diário|linha/L1_L7,tempo_digestao|diário|linha/L1_L7,variable,1,SAME,OWN,DIRECT
production,35,EQ12012,lth|diário|linha/L1_L7,reducao_lth_clarificacao|diário|linha/L1_L7,variable,1,SAME,OWN,DIRECT
production,35,EQ12012,lth|diário|linha/L1_L7,tempo_clarificacao|diário|linha/L1_L7,variable,1,SAME,OWN,DIRECT
production,35,EQ12012,lth|diário|linha/L1_L7,reducao_lth_precipitacao|diário|linha/L1_L7,variable,1,SAME,OWN,DIRECT
production,35,EQ12012,lth|diário|linha/L1_L7,tempo_precipitacao|diário|linha/L1_L7,variable,1,SAME,OWN,DIRECT
production,35,EQ12012,lth|diário|linha/L1_L7,reducao_lth_calcinacao|diário|linha/L1_L7,variable,1,SAME,OWN,DIRECT
production,35,EQ12012,lth|diário|linha/L1_L7,tempo_calcinacao|diário|linha/L1_L7,variable,1,SAME,OWN,DIRECT
production,35,EQ12012,lth|diário|linha/L1_L7,tempo_digestao|diário|linha/L1_L7,variable,1,SAME,OWN,DIRECT
production,35,EQ12012,lth|diário|linha/L1_L7,tempo_clarificacao|diário|linha/L1_L7,variable,1,SAME,OWN,DIRECT
production,35,EQ12012,lth|diário|linha/L1_L7,tempo_precipitacao|diário|linha/L1_L7,variable,1,SAME,OWN,DIRECT
production,35,EQ12012,lth|diário|linha/L1_L7,tempo_calcinacao|diário|linha/L1_L7,variable,1,SAME,OWN,DIRECT
production,35,EQ12012,lth|diário|linha/L1_L7,lth_meta|anual|linha/L1_L7,parameter,1,PARAMETER,OWN,DIRECT
production,35,EQ12012,lth|diário|linha/L1_L7,fator_ajuste_lth|mensal|linha/L1_L7,variable,1,COARSER,OWN,TEMPORAL_FALLBACK_COARSER (válido)
production,35,EQ12012,lth|diário|linha/L1_L7,reducao_lth_digestao|diário|linha/L1_L7,variable,1,SAME,OWN,DIRECT
production,35,EQ12012,lth|diário|linha/L1_L7,tempo_digestao|diário|linha/L1_L7,variable,1,SAME,OWN,DIRECT
production,35,EQ12012,lth|diário|linha/L1_L7,reducao_lth_clarificacao|diário|linha/L1_L7,variable,1,SAME,OWN,DIRECT
production,35,EQ12012,lth|diário|linha/L1_L7,tempo_clarificacao|diário|linha/L1_L7,variable,1,SAME,OWN,DIRECT
production,35,EQ12012,lth|diário|linha/L1_L7,reducao_lth_precipitacao|diário|linha/L1_L7,variable,1,SAME,OWN,DIRECT
production,35,EQ12012,lth|diário|linha/L1_L7,tempo_precipitacao|diário|linha/L1_L7,variable,1,SAME,OWN,DIRECT
production,35,EQ12012,lth|diário|linha/L1_L7,reducao_lth_calcinacao|diário|linha/L1_L7,variable,1,SAME,OWN,DIRECT
production,35,EQ12012,lth|diário|linha/L1_L7,tempo_calcinacao|diário|linha/L1_L7,variable,1,SAME,OWN,DIRECT
production,35,EQ12012,lth|diário|linha/L1_L7,tempo_digestao|diário|linha/L1_L7,variable,1,SAME,OWN,DIRECT
production,35,EQ12012,lth|diário|linha/L1_L7,tempo_clarificacao|diário|linha/L1_L7,variable,1,SAME,OWN,DIRECT
production,35,EQ12012,lth|diário|linha/L1_L7,tempo_precipitacao|diário|linha/L1_L7,variable,1,SAME,OWN,DIRECT
production,35,EQ12012,lth|diário|linha/L1_L7,tempo_calcinacao|diário|linha/L1_L7,variable,1,SAME,OWN,DIRECT
production,35,EQ12012,lth|diário|linha/L1_L7,lth_meta|anual|linha/L1_L7,parameter,1,PARAMETER,OWN,DIRECT
production,35,EQ12012,lth|diário|linha/L1_L7,lth_meta|anual|linha/L1_L7,parameter,1,PARAMETER,OWN,DIRECT
production,35,EQ12012,lth|diário|linha/L1_L7,reducao_lth_digestao|diário|linha/L1_L7,variable,1,SAME,OWN,DIRECT
production,35,EQ12012,lth|diário|linha/L1_L7,tempo_digestao|diário|linha/L1_L7,variable,1,SAME,OWN,DIRECT
production,35,EQ12012,lth|diário|linha/L1_L7,reducao_lth_clarificacao|diário|linha/L1_L7,variable,1,SAME,OWN,DIRECT
production,35,EQ12012,lth|diário|linha/L1_L7,tempo_clarificacao|diário|linha/L1_L7,variable,1,SAME,OWN,DIRECT
production,35,EQ12012,lth|diário|linha/L1_L7,reducao_lth_precipitacao|diário|linha/L1_L7,variable,1,SAME,OWN,DIRECT
production,35,EQ12012,lth|diário|linha/L1_L7,tempo_precipitacao|diário|linha/L1_L7,variable,1,SAME,OWN,DIRECT
production,35,EQ12012,lth|diário|linha/L1_L7,reducao_lth_calcinacao|diário|linha/L1_L7,variable,1,SAME,OWN,DIRECT
production,35,EQ12012,lth|diário|linha/L1_L7,tempo_calcinacao|diário|linha/L1_L7,variable,1,SAME,OWN,DIRECT
production,35,EQ12012,lth|diário|linha/L1_L7,tempo_digestao|diário|linha/L1_L7,variable,1,SAME,OWN,DIRECT
production,35,EQ12012,lth|diário|linha/L1_L7,tempo_clarificacao|diário|linha/L1_L7,variable,1,SAME,OWN,DIRECT
production,35,EQ12012,lth|diário|linha/L1_L7,tempo_precipitacao|diário|linha/L1_L7,variable,1,SAME,OWN,DIRECT
production,35,EQ12012,lth|diário|linha/L1_L7,tempo_calcinacao|diário|linha/L1_L7,variable,1,SAME,OWN,DIRECT
production,35,EQ12012,lth|diário|linha/L1_L7,lth_meta|anual|linha/L1_L7,parameter,1,PARAMETER,OWN,DIRECT
production,44,EQ12013,lth_total|diário|linha_grupo/L1_L7,lth|diário|linha/L1_L7,variable,2,SAME,EXPLICIT_OK,DIRECT
production,44,EQ12013,lth_total|diário|linha_grupo/L1_L7,lth|diário|linha/L1_L7,variable,2,SAME,EXPLICIT_OK,DIRECT
production,44,EQ12013,lth_total|diário|linha_grupo/L1_L7,lth|diário|linha/L1_L7,variable,2,SAME,EXPLICIT_OK,DIRECT
production,44,EQ12013,lth_total|diário|linha_grupo/L1_L7,lth|diário|linha/L1_L7,variable,2,SAME,EXPLICIT_OK,DIRECT
production,44,EQ12013,lth_total|diário|linha_grupo/L1_L7,lth|diário|linha/L1_L7,variable,2,SAME,EXPLICIT_OK,DIRECT
production,44,EQ12013,lth_total|diário|linha_grupo/L1_L7,lth|diário|linha/L1_L7,variable,2,SAME,EXPLICIT_OK,DIRECT
production,44,EQ12013,lth_total|diário|linha_grupo/L1_L7,lth|diário|linha/L1_L7,variable,2,SAME,EXPLICIT_OK,DIRECT
production,48,EQ12014,oee|diário|linha/L1_L7,lth|diário|linha/L1_L7,variable,2,SAME,OWN,DIRECT
production,48,EQ12014,oee|diário|linha/L1_L7,lth_meta|anual|linha/L1_L7,parameter,1,PARAMETER,OWN,DIRECT
production,50,EQ12015,oee_total|diário|linha_grupo/L1_L7,oee|diário|linha/L1_L7,variable,2,SAME,EXPLICIT_OK,DIRECT
production,50,EQ12015,oee_total|diário|linha_grupo/L1_L7,lth_meta|anual|linha/L1_L7,parameter,1,PARAMETER,EXPLICIT_OK,DIRECT
production,50,EQ12015,oee_total|diário|linha_grupo/L1_L7,oee|diário|linha/L1_L7,variable,2,SAME,EXPLICIT_OK,DIRECT
production,50,EQ12015,oee_total|diário|linha_grupo/L1_L7,lth_meta|anual|linha/L1_L7,parameter,1,PARAMETER,EXPLICIT_OK,DIRECT
production,50,EQ12015,oee_total|diário|linha_grupo/L1_L7,oee|diário|linha/L1_L7,variable,2,SAME,EXPLICIT_OK,DIRECT
production,50,EQ12015,oee_total|diário|linha_grupo/L1_L7,lth_meta|anual|linha/L1_L7,parameter,1,PARAMETER,EXPLICIT_OK,DIRECT
production,50,EQ12015,oee_total|diário|linha_grupo/L1_L7,oee|diário|linha/L1_L7,variable,2,SAME,EXPLICIT_OK,DIRECT
production,50,EQ12015,oee_total|diário|linha_grupo/L1_L7,lth_meta|anual|linha/L1_L7,parameter,1,PARAMETER,EXPLICIT_OK,DIRECT
production,50,EQ12015,oee_total|diário|linha_grupo/L1_L7,oee|diário|linha/L1_L7,variable,2,SAME,EXPLICIT_OK,DIRECT
production,50,EQ12015,oee_total|diário|linha_grupo/L1_L7,lth_meta|anual|linha/L1_L7,parameter,1,PARAMETER,EXPLICIT_OK,DIRECT
production,50,EQ12015,oee_total|diário|linha_grupo/L1_L7,oee|diário|linha/L1_L7,variable,2,SAME,EXPLICIT_OK,DIRECT
production,50,EQ12015,oee_total|diário|linha_grupo/L1_L7,lth_meta|anual|linha/L1_L7,parameter,1,PARAMETER,EXPLICIT_OK,DIRECT
production,50,EQ12015,oee_total|diário|linha_grupo/L1_L7,oee|diário|linha/L1_L7,variable,2,SAME,EXPLICIT_OK,DIRECT
production,50,EQ12015,oee_total|diário|linha_grupo/L1_L7,lth_meta|anual|linha/L1_L7,parameter,1,PARAMETER,EXPLICIT_OK,DIRECT
production,50,EQ12015,oee_total|diário|linha_grupo/L1_L7,lth_meta|anual|linha/L1_L7,parameter,1,PARAMETER,EXPLICIT_OK,DIRECT
production,50,EQ12015,oee_total|diário|linha_grupo/L1_L7,lth_meta|anual|linha/L1_L7,parameter,1,PARAMETER,EXPLICIT_OK,DIRECT
production,50,EQ12015,oee_total|diário|linha_grupo/L1_L7,lth_meta|anual|linha/L1_L7,parameter,1,PARAMETER,EXPLICIT_OK,DIRECT
production,50,EQ12015,oee_total|diário|linha_grupo/L1_L7,lth_meta|anual|linha/L1_L7,parameter,1,PARAMETER,EXPLICIT_OK,DIRECT
production,50,EQ12015,oee_total|diário|linha_grupo/L1_L7,lth_meta|anual|linha/L1_L7,parameter,1,PARAMETER,EXPLICIT_OK,DIRECT
production,50,EQ12015,oee_total|diário|linha_grupo/L1_L7,lth_meta|anual|linha/L1_L7,parameter,1,PARAMETER,EXPLICIT_OK,DIRECT
production,50,EQ12015,oee_total|diário|linha_grupo/L1_L7,lth_meta|anual|linha/L1_L7,parameter,1,PARAMETER,EXPLICIT_OK,DIRECT
production,53,EQ12016,pick_up|diário|linha/L1,yield|diário|linha/L1_L7,variable,1,SAME,EXPLICIT_OK,DIRECT
production,53,EQ12016,pick_up|diário|linha/L1,yield|diário|linha/L1_L7,variable,1,SAME,EXPLICIT_OK,DIRECT
production,53,EQ12016,pick_up|diário|linha/L1,yield|diário|linha/L1_L7,variable,1,SAME,EXPLICIT_OK,DIRECT
production,53,EQ12016,pick_up|diário|linha/L1,pick_up_yield|anual|linha/L1_L7,parameter,1,PARAMETER,OWN,DIRECT
production,54,EQ12017,pick_up|diário|linha/L2,yield|diário|linha/L1_L7,variable,1,SAME,EXPLICIT_OK,DIRECT
production,54,EQ12017,pick_up|diário|linha/L2,yield|diário|linha/L1_L7,variable,1,SAME,EXPLICIT_OK,DIRECT
production,54,EQ12017,pick_up|diário|linha/L2,yield|diário|linha/L1_L7,variable,1,SAME,EXPLICIT_OK,DIRECT
production,54,EQ12017,pick_up|diário|linha/L2,pick_up_yield|anual|linha/L1_L7,parameter,1,PARAMETER,OWN,DIRECT
production,55,EQ12018,pick_up|diário|linha/L3,yield|diário|linha/L1_L7,variable,1,SAME,EXPLICIT_OK,DIRECT
production,55,EQ12018,pick_up|diário|linha/L3,yield|diário|linha/L1_L7,variable,1,SAME,EXPLICIT_OK,DIRECT
production,55,EQ12018,pick_up|diário|linha/L3,yield|diário|linha/L1_L7,variable,1,SAME,EXPLICIT_OK,DIRECT
production,55,EQ12018,pick_up|diário|linha/L3,pick_up_yield|anual|linha/L1_L7,parameter,1,PARAMETER,OWN,DIRECT
production,56,EQ12019,pick_up|diário|linha/L4,yield|diário|linha/L1_L7,variable,1,SAME,EXPLICIT_OK,DIRECT
production,56,EQ12019,pick_up|diário|linha/L4,yield|diário|linha/L1_L7,variable,1,SAME,EXPLICIT_OK,DIRECT
production,56,EQ12019,pick_up|diário|linha/L4,pick_up_yield|anual|linha/L1_L7,parameter,1,PARAMETER,OWN,DIRECT
production,57,EQ12020,pick_up|diário|linha/L5,yield|diário|linha/L1_L7,variable,1,SAME,EXPLICIT_OK,DIRECT
production,57,EQ12020,pick_up|diário|linha/L5,yield|diário|linha/L1_L7,variable,1,SAME,EXPLICIT_OK,DIRECT
production,57,EQ12020,pick_up|diário|linha/L5,pick_up_yield|anual|linha/L1_L7,parameter,1,PARAMETER,OWN,DIRECT
production,58,EQ12021,pick_up|diário|linha/L6,yield|diário|linha/L1_L7,variable,1,SAME,EXPLICIT_OK,DIRECT
production,58,EQ12021,pick_up|diário|linha/L6,yield|diário|linha/L1_L7,variable,1,SAME,EXPLICIT_OK,DIRECT
production,58,EQ12021,pick_up|diário|linha/L6,pick_up_yield|anual|linha/L1_L7,parameter,1,PARAMETER,OWN,DIRECT
production,59,EQ12022,pick_up|diário|linha/L7,yield|diário|linha/L1_L7,variable,1,SAME,EXPLICIT_OK,DIRECT
production,59,EQ12022,pick_up|diário|linha/L7,yield|diário|linha/L1_L7,variable,1,SAME,EXPLICIT_OK,DIRECT
production,59,EQ12022,pick_up|diário|linha/L7,pick_up_yield|anual|linha/L1_L7,parameter,1,PARAMETER,OWN,DIRECT
production,61,EQ12023,pick_up_total|diário|linha_grupo/L1_L7,pick_up|diário|linha/L1_L7,variable,2,SAME,EXPLICIT_OK,DIRECT
production,61,EQ12023,pick_up_total|diário|linha_grupo/L1_L7,lth|diário|linha/L1_L7,variable,2,SAME,EXPLICIT_OK,DIRECT
production,61,EQ12023,pick_up_total|diário|linha_grupo/L1_L7,pick_up|diário|linha/L1_L7,variable,2,SAME,EXPLICIT_OK,DIRECT
production,61,EQ12023,pick_up_total|diário|linha_grupo/L1_L7,lth|diário|linha/L1_L7,variable,2,SAME,EXPLICIT_OK,DIRECT
production,61,EQ12023,pick_up_total|diário|linha_grupo/L1_L7,pick_up|diário|linha/L1_L7,variable,2,SAME,EXPLICIT_OK,DIRECT
production,61,EQ12023,pick_up_total|diário|linha_grupo/L1_L7,lth|diário|linha/L1_L7,variable,2,SAME,EXPLICIT_OK,DIRECT
production,61,EQ12023,pick_up_total|diário|linha_grupo/L1_L7,pick_up|diário|linha/L1_L7,variable,2,SAME,EXPLICIT_OK,DIRECT
production,61,EQ12023,pick_up_total|diário|linha_grupo/L1_L7,lth|diário|linha/L1_L7,variable,2,SAME,EXPLICIT_OK,DIRECT
production,61,EQ12023,pick_up_total|diário|linha_grupo/L1_L7,pick_up|diário|linha/L1_L7,variable,2,SAME,EXPLICIT_OK,DIRECT
production,61,EQ12023,pick_up_total|diário|linha_grupo/L1_L7,lth|diário|linha/L1_L7,variable,2,SAME,EXPLICIT_OK,DIRECT
production,61,EQ12023,pick_up_total|diário|linha_grupo/L1_L7,pick_up|diário|linha/L1_L7,variable,2,SAME,EXPLICIT_OK,DIRECT
production,61,EQ12023,pick_up_total|diário|linha_grupo/L1_L7,lth|diário|linha/L1_L7,variable,2,SAME,EXPLICIT_OK,DIRECT
production,61,EQ12023,pick_up_total|diário|linha_grupo/L1_L7,pick_up|diário|linha/L1_L7,variable,2,SAME,EXPLICIT_OK,DIRECT
production,61,EQ12023,pick_up_total|diário|linha_grupo/L1_L7,lth|diário|linha/L1_L7,variable,2,SAME,EXPLICIT_OK,DIRECT
production,61,EQ12023,pick_up_total|diário|linha_grupo/L1_L7,lth|diário|linha/L1_L7,variable,2,SAME,EXPLICIT_OK,DIRECT
production,61,EQ12023,pick_up_total|diário|linha_grupo/L1_L7,lth|diário|linha/L1_L7,variable,2,SAME,EXPLICIT_OK,DIRECT
production,61,EQ12023,pick_up_total|diário|linha_grupo/L1_L7,lth|diário|linha/L1_L7,variable,2,SAME,EXPLICIT_OK,DIRECT
production,61,EQ12023,pick_up_total|diário|linha_grupo/L1_L7,lth|diário|linha/L1_L7,variable,2,SAME,EXPLICIT_OK,DIRECT
production,61,EQ12023,pick_up_total|diário|linha_grupo/L1_L7,lth|diário|linha/L1_L7,variable,2,SAME,EXPLICIT_OK,DIRECT
production,61,EQ12023,pick_up_total|diário|linha_grupo/L1_L7,lth|diário|linha/L1_L7,variable,2,SAME,EXPLICIT_OK,DIRECT
production,61,EQ12023,pick_up_total|diário|linha_grupo/L1_L7,lth|diário|linha/L1_L7,variable,2,SAME,EXPLICIT_OK,DIRECT
production,71,EQ12024,producao|diário|linha/L1_L7,lth|diário|linha/L1_L7,variable,2,SAME,OWN,DIRECT
production,71,EQ12024,producao|diário|linha/L1_L7,pick_up|diário|linha/L1_L7,variable,2,SAME,OWN,DIRECT
production,71,EQ12024,producao|diário|linha/L1_L7,fator_producao|anual|linha/L1_L7,parameter,1,PARAMETER,OWN,DIRECT
production,73,EQ12025,producao_planta|diário|linha_grupo/L1_L7,producao|diário|linha/L1_L7,variable,2,SAME,EXPLICIT_OK,DIRECT
production,73,EQ12025,producao_planta|diário|linha_grupo/L1_L7,producao|diário|linha/L1_L7,variable,2,SAME,EXPLICIT_OK,DIRECT
production,73,EQ12025,producao_planta|diário|linha_grupo/L1_L7,producao|diário|linha/L1_L7,variable,2,SAME,EXPLICIT_OK,DIRECT
production,73,EQ12025,producao_planta|diário|linha_grupo/L1_L7,producao|diário|linha/L1_L7,variable,2,SAME,EXPLICIT_OK,DIRECT
production,73,EQ12025,producao_planta|diário|linha_grupo/L1_L7,producao|diário|linha/L1_L7,variable,2,SAME,EXPLICIT_OK,DIRECT
production,73,EQ12025,producao_planta|diário|linha_grupo/L1_L7,producao|diário|linha/L1_L7,variable,2,SAME,EXPLICIT_OK,DIRECT
production,73,EQ12025,producao_planta|diário|linha_grupo/L1_L7,producao|diário|linha/L1_L7,variable,2,SAME,EXPLICIT_OK,DIRECT
production,78,EQ12026,producao_planta_mtpy|diário|linha_grupo/L1_L7,producao_planta|diário|linha_grupo/L1_L7,variable,3,SAME,OWN,DIRECT
production,78,EQ12026,producao_planta_mtpy|diário|linha_grupo/L1_L7,n_dias_ano|anual|linha_grupo/L1_L7,parameter,1,PARAMETER,OWN,DIRECT
production,88,EQ12027,yield_lth_total|diário|linha_grupo/L1_L7,yield|diário|linha/L1_L7,variable,1,SAME,EXPLICIT_OK,DIRECT
production,88,EQ12027,yield_lth_total|diário|linha_grupo/L1_L7,lth|diário|linha/L1_L7,variable,2,SAME,EXPLICIT_OK,DIRECT
production,88,EQ12027,yield_lth_total|diário|linha_grupo/L1_L7,yield|diário|linha/L1_L7,variable,1,SAME,EXPLICIT_OK,DIRECT
production,88,EQ12027,yield_lth_total|diário|linha_grupo/L1_L7,lth|diário|linha/L1_L7,variable,2,SAME,EXPLICIT_OK,DIRECT
production,88,EQ12027,yield_lth_total|diário|linha_grupo/L1_L7,yield|diário|linha/L1_L7,variable,1,SAME,EXPLICIT_OK,DIRECT
production,88,EQ12027,yield_lth_total|diário|linha_grupo/L1_L7,lth|diário|linha/L1_L7,variable,2,SAME,EXPLICIT_OK,DIRECT
production,88,EQ12027,yield_lth_total|diário|linha_grupo/L1_L7,yield|diário|linha/L1_L7,variable,1,SAME,EXPLICIT_OK,DIRECT
production,88,EQ12027,yield_lth_total|diário|linha_grupo/L1_L7,lth|diário|linha/L1_L7,variable,2,SAME,EXPLICIT_OK,DIRECT
production,88,EQ12027,yield_lth_total|diário|linha_grupo/L1_L7,yield|diário|linha/L1_L7,variable,1,SAME,EXPLICIT_OK,DIRECT
production,88,EQ12027,yield_lth_total|diário|linha_grupo/L1_L7,lth|diário|linha/L1_L7,variable,2,SAME,EXPLICIT_OK,DIRECT
production,88,EQ12027,yield_lth_total|diário|linha_grupo/L1_L7,yield|diário|linha/L1_L7,variable,1,SAME,EXPLICIT_OK,DIRECT
production,88,EQ12027,yield_lth_total|diário|linha_grupo/L1_L7,lth|diário|linha/L1_L7,variable,2,SAME,EXPLICIT_OK,DIRECT
production,88,EQ12027,yield_lth_total|diário|linha_grupo/L1_L7,yield|diário|linha/L1_L7,variable,1,SAME,EXPLICIT_OK,DIRECT
production,88,EQ12027,yield_lth_total|diário|linha_grupo/L1_L7,lth|diário|linha/L1_L7,variable,2,SAME,EXPLICIT_OK,DIRECT
production,88,EQ12027,yield_lth_total|diário|linha_grupo/L1_L7,lth|diário|linha/L1_L7,variable,2,SAME,EXPLICIT_OK,DIRECT
production,88,EQ12027,yield_lth_total|diário|linha_grupo/L1_L7,lth|diário|linha/L1_L7,variable,2,SAME,EXPLICIT_OK,DIRECT
production,88,EQ12027,yield_lth_total|diário|linha_grupo/L1_L7,lth|diário|linha/L1_L7,variable,2,SAME,EXPLICIT_OK,DIRECT
production,88,EQ12027,yield_lth_total|diário|linha_grupo/L1_L7,lth|diário|linha/L1_L7,variable,2,SAME,EXPLICIT_OK,DIRECT
production,88,EQ12027,yield_lth_total|diário|linha_grupo/L1_L7,lth|diário|linha/L1_L7,variable,2,SAME,EXPLICIT_OK,DIRECT
production,88,EQ12027,yield_lth_total|diário|linha_grupo/L1_L7,lth|diário|linha/L1_L7,variable,2,SAME,EXPLICIT_OK,DIRECT
production,88,EQ12027,yield_lth_total|diário|linha_grupo/L1_L7,lth|diário|linha/L1_L7,variable,2,SAME,EXPLICIT_OK,DIRECT
yield,4,EQ11001,eoc_solids_grupo|diário|linha_grupo/L1_L3,eoc_solids|diário|linha/L1_L7,variable,2,SAME,EXPLICIT_OK,DIRECT
yield,4,EQ11001,eoc_solids_grupo|diário|linha_grupo/L1_L3,eoc_solids|diário|linha/L1_L7,variable,2,SAME,EXPLICIT_OK,DIRECT
yield,4,EQ11001,eoc_solids_grupo|diário|linha_grupo/L1_L3,eoc_solids|diário|linha/L1_L7,variable,2,SAME,EXPLICIT_OK,DIRECT
yield,5,EQ11002,eoc_solids_grupo|diário|linha_grupo/L4_L5,eoc_solids|diário|linha/L1_L7,variable,2,SAME,EXPLICIT_OK,DIRECT
yield,5,EQ11002,eoc_solids_grupo|diário|linha_grupo/L4_L5,eoc_solids|diário|linha/L1_L7,variable,2,SAME,EXPLICIT_OK,DIRECT
yield,6,EQ11003,eoc_solids_grupo|diário|linha_grupo/L6_L7,eoc_solids|diário|linha/L1_L7,variable,2,SAME,EXPLICIT_OK,DIRECT
yield,6,EQ11003,eoc_solids_grupo|diário|linha_grupo/L6_L7,eoc_solids|diário|linha/L1_L7,variable,2,SAME,EXPLICIT_OK,DIRECT
yield,7,EQ11004,eoc_solids_total|diário|linha_grupo/L1_L7,eoc_solids|diário|linha/L1_L7,variable,2,SAME,EXPLICIT_OK,DIRECT
yield,7,EQ11004,eoc_solids_total|diário|linha_grupo/L1_L7,ltp|diário|linha/L1_L7,variable,2,SAME,EXPLICIT_OK,DIRECT
yield,7,EQ11004,eoc_solids_total|diário|linha_grupo/L1_L7,eoc_solids|diário|linha/L1_L7,variable,2,SAME,EXPLICIT_OK,DIRECT
yield,7,EQ11004,eoc_solids_total|diário|linha_grupo/L1_L7,ltp|diário|linha/L1_L7,variable,2,SAME,EXPLICIT_OK,DIRECT
yield,7,EQ11004,eoc_solids_total|diário|linha_grupo/L1_L7,eoc_solids|diário|linha/L1_L7,variable,2,SAME,EXPLICIT_OK,DIRECT
yield,7,EQ11004,eoc_solids_total|diário|linha_grupo/L1_L7,ltp|diário|linha/L1_L7,variable,2,SAME,EXPLICIT_OK,DIRECT
yield,7,EQ11004,eoc_solids_total|diário|linha_grupo/L1_L7,eoc_solids|diário|linha/L1_L7,variable,2,SAME,EXPLICIT_OK,DIRECT
yield,7,EQ11004,eoc_solids_total|diário|linha_grupo/L1_L7,ltp|diário|linha/L1_L7,variable,2,SAME,EXPLICIT_OK,DIRECT
yield,7,EQ11004,eoc_solids_total|diário|linha_grupo/L1_L7,eoc_solids|diário|linha/L1_L7,variable,2,SAME,EXPLICIT_OK,DIRECT
yield,7,EQ11004,eoc_solids_total|diário|linha_grupo/L1_L7,ltp|diário|linha/L1_L7,variable,2,SAME,EXPLICIT_OK,DIRECT
yield,7,EQ11004,eoc_solids_total|diário|linha_grupo/L1_L7,eoc_solids|diário|linha/L1_L7,variable,2,SAME,EXPLICIT_OK,DIRECT
yield,7,EQ11004,eoc_solids_total|diário|linha_grupo/L1_L7,ltp|diário|linha/L1_L7,variable,2,SAME,EXPLICIT_OK,DIRECT
yield,7,EQ11004,eoc_solids_total|diário|linha_grupo/L1_L7,eoc_solids|diário|linha/L1_L7,variable,2,SAME,EXPLICIT_OK,DIRECT
yield,7,EQ11004,eoc_solids_total|diário|linha_grupo/L1_L7,ltp|diário|linha/L1_L7,variable,2,SAME,EXPLICIT_OK,DIRECT
yield,7,EQ11004,eoc_solids_total|diário|linha_grupo/L1_L7,ltp|diário|linha/L1_L7,variable,2,SAME,EXPLICIT_OK,DIRECT
yield,7,EQ11004,eoc_solids_total|diário|linha_grupo/L1_L7,ltp|diário|linha/L1_L7,variable,2,SAME,EXPLICIT_OK,DIRECT
yield,7,EQ11004,eoc_solids_total|diário|linha_grupo/L1_L7,ltp|diário|linha/L1_L7,variable,2,SAME,EXPLICIT_OK,DIRECT
yield,7,EQ11004,eoc_solids_total|diário|linha_grupo/L1_L7,ltp|diário|linha/L1_L7,variable,2,SAME,EXPLICIT_OK,DIRECT
yield,7,EQ11004,eoc_solids_total|diário|linha_grupo/L1_L7,ltp|diário|linha/L1_L7,variable,2,SAME,EXPLICIT_OK,DIRECT
yield,7,EQ11004,eoc_solids_total|diário|linha_grupo/L1_L7,ltp|diário|linha/L1_L7,variable,2,SAME,EXPLICIT_OK,DIRECT
yield,7,EQ11004,eoc_solids_total|diário|linha_grupo/L1_L7,ltp|diário|linha/L1_L7,variable,2,SAME,EXPLICIT_OK,DIRECT
yield,13,EQ11005,eoc_solids_base_grupo|anual|linha_grupo/L1_L3,eoc_solids_base|anual|linha/L1_L7,variable,1,SAME,EXPLICIT_OK,DIRECT
yield,13,EQ11005,eoc_solids_base_grupo|anual|linha_grupo/L1_L3,eoc_solids_base|anual|linha/L1_L7,variable,1,SAME,EXPLICIT_OK,DIRECT
yield,13,EQ11005,eoc_solids_base_grupo|anual|linha_grupo/L1_L3,eoc_solids_base|anual|linha/L1_L7,variable,1,SAME,EXPLICIT_OK,DIRECT
yield,14,EQ11006,eoc_solids_base_grupo|anual|linha_grupo/L4_L5,eoc_solids_base|anual|linha/L1_L7,variable,1,SAME,EXPLICIT_OK,DIRECT
yield,14,EQ11006,eoc_solids_base_grupo|anual|linha_grupo/L4_L5,eoc_solids_base|anual|linha/L1_L7,variable,1,SAME,EXPLICIT_OK,DIRECT
yield,15,EQ11007,eoc_solids_base_grupo|anual|linha_grupo/L6_L7,eoc_solids_base|anual|linha/L1_L7,variable,1,SAME,EXPLICIT_OK,DIRECT
yield,15,EQ11007,eoc_solids_base_grupo|anual|linha_grupo/L6_L7,eoc_solids_base|anual|linha/L1_L7,variable,1,SAME,EXPLICIT_OK,DIRECT
yield,16,EQ11008,eoc_solids_base_total|anual|linha_grupo/L1_L7,eoc_solids_base|anual|linha/L1_L7,variable,1,SAME,EXPLICIT_OK,DIRECT
yield,16,EQ11008,eoc_solids_base_total|anual|linha_grupo/L1_L7,producao_base_ppt_base|anual|linha/L1_L7,variable,1,SAME,EXPLICIT_OK,DIRECT
yield,16,EQ11008,eoc_solids_base_total|anual|linha_grupo/L1_L7,eoc_solids_base|anual|linha/L1_L7,variable,1,SAME,EXPLICIT_OK,DIRECT
yield,16,EQ11008,eoc_solids_base_total|anual|linha_grupo/L1_L7,producao_base_ppt_base|anual|linha/L1_L7,variable,1,SAME,EXPLICIT_OK,DIRECT
yield,16,EQ11008,eoc_solids_base_total|anual|linha_grupo/L1_L7,eoc_solids_base|anual|linha/L1_L7,variable,1,SAME,EXPLICIT_OK,DIRECT
yield,16,EQ11008,eoc_solids_base_total|anual|linha_grupo/L1_L7,producao_base_ppt_base|anual|linha/L1_L7,variable,1,SAME,EXPLICIT_OK,DIRECT
yield,16,EQ11008,eoc_solids_base_total|anual|linha_grupo/L1_L7,eoc_solids_base|anual|linha/L1_L7,variable,1,SAME,EXPLICIT_OK,DIRECT
yield,16,EQ11008,eoc_solids_base_total|anual|linha_grupo/L1_L7,producao_base_ppt_base|anual|linha/L1_L7,variable,1,SAME,EXPLICIT_OK,DIRECT
yield,16,EQ11008,eoc_solids_base_total|anual|linha_grupo/L1_L7,eoc_solids_base|anual|linha/L1_L7,variable,1,SAME,EXPLICIT_OK,DIRECT
yield,16,EQ11008,eoc_solids_base_total|anual|linha_grupo/L1_L7,producao_base_ppt_base|anual|linha/L1_L7,variable,1,SAME,EXPLICIT_OK,DIRECT
yield,16,EQ11008,eoc_solids_base_total|anual|linha_grupo/L1_L7,eoc_solids_base|anual|linha/L1_L7,variable,1,SAME,EXPLICIT_OK,DIRECT
yield,16,EQ11008,eoc_solids_base_total|anual|linha_grupo/L1_L7,producao_base_ppt_base|anual|linha/L1_L7,variable,1,SAME,EXPLICIT_OK,DIRECT
yield,16,EQ11008,eoc_solids_base_total|anual|linha_grupo/L1_L7,eoc_solids_base|anual|linha/L1_L7,variable,1,SAME,EXPLICIT_OK,DIRECT
yield,16,EQ11008,eoc_solids_base_total|anual|linha_grupo/L1_L7,producao_base_ppt_base|anual|linha/L1_L7,variable,1,SAME,EXPLICIT_OK,DIRECT
yield,16,EQ11008,eoc_solids_base_total|anual|linha_grupo/L1_L7,producao_base_ppt_base|anual|linha/L1_L7,variable,1,SAME,EXPLICIT_OK,DIRECT
yield,16,EQ11008,eoc_solids_base_total|anual|linha_grupo/L1_L7,producao_base_ppt_base|anual|linha/L1_L7,variable,1,SAME,EXPLICIT_OK,DIRECT
yield,16,EQ11008,eoc_solids_base_total|anual|linha_grupo/L1_L7,producao_base_ppt_base|anual|linha/L1_L7,variable,1,SAME,EXPLICIT_OK,DIRECT
yield,16,EQ11008,eoc_solids_base_total|anual|linha_grupo/L1_L7,producao_base_ppt_base|anual|linha/L1_L7,variable,1,SAME,EXPLICIT_OK,DIRECT
yield,16,EQ11008,eoc_solids_base_total|anual|linha_grupo/L1_L7,producao_base_ppt_base|anual|linha/L1_L7,variable,1,SAME,EXPLICIT_OK,DIRECT
yield,16,EQ11008,eoc_solids_base_total|anual|linha_grupo/L1_L7,producao_base_ppt_base|anual|linha/L1_L7,variable,1,SAME,EXPLICIT_OK,DIRECT
yield,16,EQ11008,eoc_solids_base_total|anual|linha_grupo/L1_L7,producao_base_ppt_base|anual|linha/L1_L7,variable,1,SAME,EXPLICIT_OK,DIRECT
yield,19,EQ11009,eoc_temp_grupo|diário|linha_grupo/L1_L3,eoc_temp|diário|linha/L1_L7,variable,2,SAME,EXPLICIT_OK,DIRECT
yield,19,EQ11009,eoc_temp_grupo|diário|linha_grupo/L1_L3,ltp|diário|linha/L1_L7,variable,2,SAME,EXPLICIT_OK,DIRECT
yield,19,EQ11009,eoc_temp_grupo|diário|linha_grupo/L1_L3,eoc_temp|diário|linha/L1_L7,variable,2,SAME,EXPLICIT_OK,DIRECT
yield,19,EQ11009,eoc_temp_grupo|diário|linha_grupo/L1_L3,ltp|diário|linha/L1_L7,variable,2,SAME,EXPLICIT_OK,DIRECT
yield,19,EQ11009,eoc_temp_grupo|diário|linha_grupo/L1_L3,eoc_temp|diário|linha/L1_L7,variable,2,SAME,EXPLICIT_OK,DIRECT
yield,19,EQ11009,eoc_temp_grupo|diário|linha_grupo/L1_L3,ltp|diário|linha/L1_L7,variable,2,SAME,EXPLICIT_OK,DIRECT
yield,19,EQ11009,eoc_temp_grupo|diário|linha_grupo/L1_L3,ltp|diário|linha/L1_L7,variable,2,SAME,EXPLICIT_OK,DIRECT
yield,19,EQ11009,eoc_temp_grupo|diário|linha_grupo/L1_L3,ltp|diário|linha/L1_L7,variable,2,SAME,EXPLICIT_OK,DIRECT
yield,19,EQ11009,eoc_temp_grupo|diário|linha_grupo/L1_L3,ltp|diário|linha/L1_L7,variable,2,SAME,EXPLICIT_OK,DIRECT
yield,20,EQ11010,eoc_temp_grupo|diário|linha_grupo/L4_L5,eoc_temp|diário|linha/L1_L7,variable,2,SAME,EXPLICIT_OK,DIRECT
yield,20,EQ11010,eoc_temp_grupo|diário|linha_grupo/L4_L5,ltp|diário|linha/L1_L7,variable,2,SAME,EXPLICIT_OK,DIRECT
yield,20,EQ11010,eoc_temp_grupo|diário|linha_grupo/L4_L5,eoc_temp|diário|linha/L1_L7,variable,2,SAME,EXPLICIT_OK,DIRECT
yield,20,EQ11010,eoc_temp_grupo|diário|linha_grupo/L4_L5,ltp|diário|linha/L1_L7,variable,2,SAME,EXPLICIT_OK,DIRECT
yield,20,EQ11010,eoc_temp_grupo|diário|linha_grupo/L4_L5,ltp|diário|linha/L1_L7,variable,2,SAME,EXPLICIT_OK,DIRECT
yield,20,EQ11010,eoc_temp_grupo|diário|linha_grupo/L4_L5,ltp|diário|linha/L1_L7,variable,2,SAME,EXPLICIT_OK,DIRECT
yield,21,EQ11011,eoc_temp_grupo|diário|linha_grupo/L6_L7,eoc_temp|diário|linha/L1_L7,variable,2,SAME,EXPLICIT_OK,DIRECT
yield,21,EQ11011,eoc_temp_grupo|diário|linha_grupo/L6_L7,ltp|diário|linha/L1_L7,variable,2,SAME,EXPLICIT_OK,DIRECT
yield,21,EQ11011,eoc_temp_grupo|diário|linha_grupo/L6_L7,eoc_temp|diário|linha/L1_L7,variable,2,SAME,EXPLICIT_OK,DIRECT
yield,21,EQ11011,eoc_temp_grupo|diário|linha_grupo/L6_L7,ltp|diário|linha/L1_L7,variable,2,SAME,EXPLICIT_OK,DIRECT
yield,21,EQ11011,eoc_temp_grupo|diário|linha_grupo/L6_L7,ltp|diário|linha/L1_L7,variable,2,SAME,EXPLICIT_OK,DIRECT
yield,21,EQ11011,eoc_temp_grupo|diário|linha_grupo/L6_L7,ltp|diário|linha/L1_L7,variable,2,SAME,EXPLICIT_OK,DIRECT
yield,22,EQ11012,eoc_temp_total|diário|linha_grupo/L1_L7,eoc_temp|diário|linha/L1_L7,variable,2,SAME,EXPLICIT_OK,DIRECT
yield,22,EQ11012,eoc_temp_total|diário|linha_grupo/L1_L7,eoc_solids|diário|linha/L1_L7,variable,2,SAME,EXPLICIT_OK,DIRECT
yield,22,EQ11012,eoc_temp_total|diário|linha_grupo/L1_L7,eoc_temp|diário|linha/L1_L7,variable,2,SAME,EXPLICIT_OK,DIRECT
yield,22,EQ11012,eoc_temp_total|diário|linha_grupo/L1_L7,eoc_solids|diário|linha/L1_L7,variable,2,SAME,EXPLICIT_OK,DIRECT
yield,22,EQ11012,eoc_temp_total|diário|linha_grupo/L1_L7,eoc_temp|diário|linha/L1_L7,variable,2,SAME,EXPLICIT_OK,DIRECT
yield,22,EQ11012,eoc_temp_total|diário|linha_grupo/L1_L7,eoc_solids|diário|linha/L1_L7,variable,2,SAME,EXPLICIT_OK,DIRECT
yield,22,EQ11012,eoc_temp_total|diário|linha_grupo/L1_L7,eoc_temp|diário|linha/L1_L7,variable,2,SAME,EXPLICIT_OK,DIRECT
yield,22,EQ11012,eoc_temp_total|diário|linha_grupo/L1_L7,eoc_solids|diário|linha/L1_L7,variable,2,SAME,EXPLICIT_OK,DIRECT
yield,22,EQ11012,eoc_temp_total|diário|linha_grupo/L1_L7,eoc_temp|diário|linha/L1_L7,variable,2,SAME,EXPLICIT_OK,DIRECT
yield,22,EQ11012,eoc_temp_total|diário|linha_grupo/L1_L7,eoc_solids|diário|linha/L1_L7,variable,2,SAME,EXPLICIT_OK,DIRECT
yield,22,EQ11012,eoc_temp_total|diário|linha_grupo/L1_L7,eoc_temp|diário|linha/L1_L7,variable,2,SAME,EXPLICIT_OK,DIRECT
yield,22,EQ11012,eoc_temp_total|diário|linha_grupo/L1_L7,eoc_solids|diário|linha/L1_L7,variable,2,SAME,EXPLICIT_OK,DIRECT
yield,22,EQ11012,eoc_temp_total|diário|linha_grupo/L1_L7,eoc_temp|diário|linha/L1_L7,variable,2,SAME,EXPLICIT_OK,DIRECT
yield,22,EQ11012,eoc_temp_total|diário|linha_grupo/L1_L7,eoc_solids|diário|linha/L1_L7,variable,2,SAME,EXPLICIT_OK,DIRECT
yield,22,EQ11012,eoc_temp_total|diário|linha_grupo/L1_L7,eoc_solids|diário|linha/L1_L7,variable,2,SAME,EXPLICIT_OK,DIRECT
yield,22,EQ11012,eoc_temp_total|diário|linha_grupo/L1_L7,eoc_solids|diário|linha/L1_L7,variable,2,SAME,EXPLICIT_OK,DIRECT
yield,22,EQ11012,eoc_temp_total|diário|linha_grupo/L1_L7,eoc_solids|diário|linha/L1_L7,variable,2,SAME,EXPLICIT_OK,DIRECT
yield,22,EQ11012,eoc_temp_total|diário|linha_grupo/L1_L7,eoc_solids|diário|linha/L1_L7,variable,2,SAME,EXPLICIT_OK,DIRECT
yield,22,EQ11012,eoc_temp_total|diário|linha_grupo/L1_L7,eoc_solids|diário|linha/L1_L7,variable,2,SAME,EXPLICIT_OK,DIRECT
yield,22,EQ11012,eoc_temp_total|diário|linha_grupo/L1_L7,eoc_solids|diário|linha/L1_L7,variable,2,SAME,EXPLICIT_OK,DIRECT
yield,22,EQ11012,eoc_temp_total|diário|linha_grupo/L1_L7,eoc_solids|diário|linha/L1_L7,variable,2,SAME,EXPLICIT_OK,DIRECT
yield,28,EQ11013,eoc_temp_base_grupo|anual|linha_grupo/L1_L3,eoc_temp_base|anual|linha/L1_L7,variable,1,SAME,EXPLICIT_OK,DIRECT
yield,28,EQ11013,eoc_temp_base_grupo|anual|linha_grupo/L1_L3,eoc_temp_base|anual|linha/L1_L7,variable,1,SAME,EXPLICIT_OK,DIRECT
yield,28,EQ11013,eoc_temp_base_grupo|anual|linha_grupo/L1_L3,eoc_temp_base|anual|linha/L1_L7,variable,1,SAME,EXPLICIT_OK,DIRECT
yield,29,EQ11014,eoc_temp_base_grupo|anual|linha_grupo/L4_L5,eoc_temp_base|anual|linha/L1_L7,variable,1,SAME,EXPLICIT_OK,DIRECT
yield,29,EQ11014,eoc_temp_base_grupo|anual|linha_grupo/L4_L5,eoc_temp_base|anual|linha/L1_L7,variable,1,SAME,EXPLICIT_OK,DIRECT
yield,30,EQ11015,eoc_temp_base_grupo|anual|linha_grupo/L6_L7,eoc_temp_base|anual|linha/L1_L7,variable,1,SAME,EXPLICIT_OK,DIRECT
yield,30,EQ11015,eoc_temp_base_grupo|anual|linha_grupo/L6_L7,eoc_temp_base|anual|linha/L1_L7,variable,1,SAME,EXPLICIT_OK,DIRECT
yield,31,EQ11016,eoc_temp_base_total|anual|linha_grupo/L1_L7,eoc_temp_base|anual|linha/L1_L7,variable,1,SAME,EXPLICIT_OK,DIRECT
yield,31,EQ11016,eoc_temp_base_total|anual|linha_grupo/L1_L7,eoc_solids_base|anual|linha/L1_L7,variable,1,SAME,EXPLICIT_OK,DIRECT
yield,31,EQ11016,eoc_temp_base_total|anual|linha_grupo/L1_L7,eoc_temp_base|anual|linha/L1_L7,variable,1,SAME,EXPLICIT_OK,DIRECT
yield,31,EQ11016,eoc_temp_base_total|anual|linha_grupo/L1_L7,eoc_solids_base|anual|linha/L1_L7,variable,1,SAME,EXPLICIT_OK,DIRECT
yield,31,EQ11016,eoc_temp_base_total|anual|linha_grupo/L1_L7,eoc_temp_base|anual|linha/L1_L7,variable,1,SAME,EXPLICIT_OK,DIRECT
yield,31,EQ11016,eoc_temp_base_total|anual|linha_grupo/L1_L7,eoc_solids_base|anual|linha/L1_L7,variable,1,SAME,EXPLICIT_OK,DIRECT
yield,31,EQ11016,eoc_temp_base_total|anual|linha_grupo/L1_L7,eoc_temp_base|anual|linha/L1_L7,variable,1,SAME,EXPLICIT_OK,DIRECT
yield,31,EQ11016,eoc_temp_base_total|anual|linha_grupo/L1_L7,eoc_solids_base|anual|linha/L1_L7,variable,1,SAME,EXPLICIT_OK,DIRECT
yield,31,EQ11016,eoc_temp_base_total|anual|linha_grupo/L1_L7,eoc_temp_base|anual|linha/L1_L7,variable,1,SAME,EXPLICIT_OK,DIRECT
yield,31,EQ11016,eoc_temp_base_total|anual|linha_grupo/L1_L7,eoc_solids_base|anual|linha/L1_L7,variable,1,SAME,EXPLICIT_OK,DIRECT
yield,31,EQ11016,eoc_temp_base_total|anual|linha_grupo/L1_L7,eoc_temp_base|anual|linha/L1_L7,variable,1,SAME,EXPLICIT_OK,DIRECT
yield,31,EQ11016,eoc_temp_base_total|anual|linha_grupo/L1_L7,eoc_solids_base|anual|linha/L1_L7,variable,1,SAME,EXPLICIT_OK,DIRECT
yield,31,EQ11016,eoc_temp_base_total|anual|linha_grupo/L1_L7,eoc_temp_base|anual|linha/L1_L7,variable,1,SAME,EXPLICIT_OK,DIRECT
yield,31,EQ11016,eoc_temp_base_total|anual|linha_grupo/L1_L7,eoc_solids_base|anual|linha/L1_L7,variable,1,SAME,EXPLICIT_OK,DIRECT
yield,31,EQ11016,eoc_temp_base_total|anual|linha_grupo/L1_L7,eoc_solids_base|anual|linha/L1_L7,variable,1,SAME,EXPLICIT_OK,DIRECT
yield,31,EQ11016,eoc_temp_base_total|anual|linha_grupo/L1_L7,eoc_solids_base|anual|linha/L1_L7,variable,1,SAME,EXPLICIT_OK,DIRECT
yield,31,EQ11016,eoc_temp_base_total|anual|linha_grupo/L1_L7,eoc_solids_base|anual|linha/L1_L7,variable,1,SAME,EXPLICIT_OK,DIRECT
yield,31,EQ11016,eoc_temp_base_total|anual|linha_grupo/L1_L7,eoc_solids_base|anual|linha/L1_L7,variable,1,SAME,EXPLICIT_OK,DIRECT
yield,31,EQ11016,eoc_temp_base_total|anual|linha_grupo/L1_L7,eoc_solids_base|anual|linha/L1_L7,variable,1,SAME,EXPLICIT_OK,DIRECT
yield,31,EQ11016,eoc_temp_base_total|anual|linha_grupo/L1_L7,eoc_solids_base|anual|linha/L1_L7,variable,1,SAME,EXPLICIT_OK,DIRECT
yield,31,EQ11016,eoc_temp_base_total|anual|linha_grupo/L1_L7,eoc_solids_base|anual|linha/L1_L7,variable,1,SAME,EXPLICIT_OK,DIRECT
yield,34,EQ11017,lth_grupo|diário|linha_grupo/L1_L3,lth|diário|linha/L1_L7,variable,2,SAME,EXPLICIT_OK,DIRECT
yield,34,EQ11017,lth_grupo|diário|linha_grupo/L1_L3,lth|diário|linha/L1_L7,variable,2,SAME,EXPLICIT_OK,DIRECT
yield,34,EQ11017,lth_grupo|diário|linha_grupo/L1_L3,lth|diário|linha/L1_L7,variable,2,SAME,EXPLICIT_OK,DIRECT
yield,35,EQ11018,lth_grupo|diário|linha_grupo/L4_L5,lth|diário|linha/L1_L7,variable,2,SAME,EXPLICIT_OK,DIRECT
yield,35,EQ11018,lth_grupo|diário|linha_grupo/L4_L5,lth|diário|linha/L1_L7,variable,2,SAME,EXPLICIT_OK,DIRECT
yield,36,EQ11019,lth_grupo|diário|linha_grupo/L6_L7,lth|diário|linha/L1_L7,variable,2,SAME,EXPLICIT_OK,DIRECT
yield,36,EQ11019,lth_grupo|diário|linha_grupo/L6_L7,lth|diário|linha/L1_L7,variable,2,SAME,EXPLICIT_OK,DIRECT
yield,37,EQ11020,lth_total|diário|linha_grupo/L1_L7,lth|diário|linha/L1_L7,variable,2,SAME,EXPLICIT_OK,DIRECT
yield,37,EQ11020,lth_total|diário|linha_grupo/L1_L7,oee|diário|linha/L1_L7,variable,2,SAME,EXPLICIT_OK,DIRECT
yield,37,EQ11020,lth_total|diário|linha_grupo/L1_L7,lth|diário|linha/L1_L7,variable,2,SAME,EXPLICIT_OK,DIRECT
yield,37,EQ11020,lth_total|diário|linha_grupo/L1_L7,oee|diário|linha/L1_L7,variable,2,SAME,EXPLICIT_OK,DIRECT
yield,37,EQ11020,lth_total|diário|linha_grupo/L1_L7,lth|diário|linha/L1_L7,variable,2,SAME,EXPLICIT_OK,DIRECT
yield,37,EQ11020,lth_total|diário|linha_grupo/L1_L7,oee|diário|linha/L1_L7,variable,2,SAME,EXPLICIT_OK,DIRECT
yield,37,EQ11020,lth_total|diário|linha_grupo/L1_L7,lth|diário|linha/L1_L7,variable,2,SAME,EXPLICIT_OK,DIRECT
yield,37,EQ11020,lth_total|diário|linha_grupo/L1_L7,oee|diário|linha/L1_L7,variable,2,SAME,EXPLICIT_OK,DIRECT
yield,37,EQ11020,lth_total|diário|linha_grupo/L1_L7,lth|diário|linha/L1_L7,variable,2,SAME,EXPLICIT_OK,DIRECT
yield,37,EQ11020,lth_total|diário|linha_grupo/L1_L7,oee|diário|linha/L1_L7,variable,2,SAME,EXPLICIT_OK,DIRECT
yield,37,EQ11020,lth_total|diário|linha_grupo/L1_L7,lth|diário|linha/L1_L7,variable,2,SAME,EXPLICIT_OK,DIRECT
yield,37,EQ11020,lth_total|diário|linha_grupo/L1_L7,oee|diário|linha/L1_L7,variable,2,SAME,EXPLICIT_OK,DIRECT
yield,37,EQ11020,lth_total|diário|linha_grupo/L1_L7,lth|diário|linha/L1_L7,variable,2,SAME,EXPLICIT_OK,DIRECT
yield,37,EQ11020,lth_total|diário|linha_grupo/L1_L7,oee|diário|linha/L1_L7,variable,2,SAME,EXPLICIT_OK,DIRECT
yield,37,EQ11020,lth_total|diário|linha_grupo/L1_L7,oee|diário|linha/L1_L7,variable,2,SAME,EXPLICIT_OK,DIRECT
yield,37,EQ11020,lth_total|diário|linha_grupo/L1_L7,oee|diário|linha/L1_L7,variable,2,SAME,EXPLICIT_OK,DIRECT
yield,37,EQ11020,lth_total|diário|linha_grupo/L1_L7,oee|diário|linha/L1_L7,variable,2,SAME,EXPLICIT_OK,DIRECT
yield,37,EQ11020,lth_total|diário|linha_grupo/L1_L7,oee|diário|linha/L1_L7,variable,2,SAME,EXPLICIT_OK,DIRECT
yield,37,EQ11020,lth_total|diário|linha_grupo/L1_L7,oee|diário|linha/L1_L7,variable,2,SAME,EXPLICIT_OK,DIRECT
yield,37,EQ11020,lth_total|diário|linha_grupo/L1_L7,oee|diário|linha/L1_L7,variable,2,SAME,EXPLICIT_OK,DIRECT
yield,37,EQ11020,lth_total|diário|linha_grupo/L1_L7,oee|diário|linha/L1_L7,variable,2,SAME,EXPLICIT_OK,DIRECT
yield,43,EQ11021,lth_base_grupo|anual|linha_grupo/L1_L3,lth_base|anual|linha/L1_L7,variable,1,SAME,EXPLICIT_OK,DIRECT
yield,43,EQ11021,lth_base_grupo|anual|linha_grupo/L1_L3,lth_base|anual|linha/L1_L7,variable,1,SAME,EXPLICIT_OK,DIRECT
yield,43,EQ11021,lth_base_grupo|anual|linha_grupo/L1_L3,lth_base|anual|linha/L1_L7,variable,1,SAME,EXPLICIT_OK,DIRECT
yield,44,EQ11022,lth_base_grupo|anual|linha_grupo/L4_L5,lth_base|anual|linha/L1_L7,variable,1,SAME,EXPLICIT_OK,DIRECT
yield,44,EQ11022,lth_base_grupo|anual|linha_grupo/L4_L5,lth_base|anual|linha/L1_L7,variable,1,SAME,EXPLICIT_OK,DIRECT
yield,45,EQ11023,lth_base_grupo|anual|linha_grupo/L6_L7,lth_base|anual|linha/L1_L7,variable,1,SAME,EXPLICIT_OK,DIRECT
yield,45,EQ11023,lth_base_grupo|anual|linha_grupo/L6_L7,lth_base|anual|linha/L1_L7,variable,1,SAME,EXPLICIT_OK,DIRECT
yield,46,EQ11024,lth_base_total|anual|linha_grupo/L1_L7,lth_base|anual|linha/L1_L7,variable,1,SAME,EXPLICIT_OK,DIRECT
yield,46,EQ11024,lth_base_total|anual|linha_grupo/L1_L7,oee_base|anual|linha/L1_L7,variable,1,SAME,EXPLICIT_OK,DIRECT
yield,46,EQ11024,lth_base_total|anual|linha_grupo/L1_L7,lth_base|anual|linha/L1_L7,variable,1,SAME,EXPLICIT_OK,DIRECT
yield,46,EQ11024,lth_base_total|anual|linha_grupo/L1_L7,oee_base|anual|linha/L1_L7,variable,1,SAME,EXPLICIT_OK,DIRECT
yield,46,EQ11024,lth_base_total|anual|linha_grupo/L1_L7,lth_base|anual|linha/L1_L7,variable,1,SAME,EXPLICIT_OK,DIRECT
yield,46,EQ11024,lth_base_total|anual|linha_grupo/L1_L7,oee_base|anual|linha/L1_L7,variable,1,SAME,EXPLICIT_OK,DIRECT
yield,46,EQ11024,lth_base_total|anual|linha_grupo/L1_L7,lth_base|anual|linha/L1_L7,variable,1,SAME,EXPLICIT_OK,DIRECT
yield,46,EQ11024,lth_base_total|anual|linha_grupo/L1_L7,oee_base|anual|linha/L1_L7,variable,1,SAME,EXPLICIT_OK,DIRECT
yield,46,EQ11024,lth_base_total|anual|linha_grupo/L1_L7,lth_base|anual|linha/L1_L7,variable,1,SAME,EXPLICIT_OK,DIRECT
yield,46,EQ11024,lth_base_total|anual|linha_grupo/L1_L7,oee_base|anual|linha/L1_L7,variable,1,SAME,EXPLICIT_OK,DIRECT
yield,46,EQ11024,lth_base_total|anual|linha_grupo/L1_L7,lth_base|anual|linha/L1_L7,variable,1,SAME,EXPLICIT_OK,DIRECT
yield,46,EQ11024,lth_base_total|anual|linha_grupo/L1_L7,oee_base|anual|linha/L1_L7,variable,1,SAME,EXPLICIT_OK,DIRECT
yield,46,EQ11024,lth_base_total|anual|linha_grupo/L1_L7,lth_base|anual|linha/L1_L7,variable,1,SAME,EXPLICIT_OK,DIRECT
yield,46,EQ11024,lth_base_total|anual|linha_grupo/L1_L7,oee_base|anual|linha/L1_L7,variable,1,SAME,EXPLICIT_OK,DIRECT
yield,46,EQ11024,lth_base_total|anual|linha_grupo/L1_L7,oee_base|anual|linha/L1_L7,variable,1,SAME,EXPLICIT_OK,DIRECT
yield,46,EQ11024,lth_base_total|anual|linha_grupo/L1_L7,oee_base|anual|linha/L1_L7,variable,1,SAME,EXPLICIT_OK,DIRECT
yield,46,EQ11024,lth_base_total|anual|linha_grupo/L1_L7,oee_base|anual|linha/L1_L7,variable,1,SAME,EXPLICIT_OK,DIRECT
yield,46,EQ11024,lth_base_total|anual|linha_grupo/L1_L7,oee_base|anual|linha/L1_L7,variable,1,SAME,EXPLICIT_OK,DIRECT
yield,46,EQ11024,lth_base_total|anual|linha_grupo/L1_L7,oee_base|anual|linha/L1_L7,variable,1,SAME,EXPLICIT_OK,DIRECT
yield,46,EQ11024,lth_base_total|anual|linha_grupo/L1_L7,oee_base|anual|linha/L1_L7,variable,1,SAME,EXPLICIT_OK,DIRECT
yield,46,EQ11024,lth_base_total|anual|linha_grupo/L1_L7,oee_base|anual|linha/L1_L7,variable,1,SAME,EXPLICIT_OK,DIRECT
yield,47,EQ11025,ltp|diário|linha/L1_L7,lth|diário|linha/L1_L7,variable,2,SAME,OWN,DIRECT
yield,47,EQ11025,ltp|diário|linha/L1_L7,ltp_lth|diário|linha/L1_L7,variable,2,SAME,OWN,DIRECT
yield,49,EQ11026,ltp_grupo|diário|linha_grupo/L1_L3,ltp|diário|linha/L1_L7,variable,2,SAME,EXPLICIT_OK,DIRECT
yield,49,EQ11026,ltp_grupo|diário|linha_grupo/L1_L3,ltp|diário|linha/L1_L7,variable,2,SAME,EXPLICIT_OK,DIRECT
yield,49,EQ11026,ltp_grupo|diário|linha_grupo/L1_L3,ltp|diário|linha/L1_L7,variable,2,SAME,EXPLICIT_OK,DIRECT
yield,50,EQ11027,ltp_grupo|diário|linha_grupo/L4_L5,ltp|diário|linha/L1_L7,variable,2,SAME,EXPLICIT_OK,DIRECT
yield,50,EQ11027,ltp_grupo|diário|linha_grupo/L4_L5,ltp|diário|linha/L1_L7,variable,2,SAME,EXPLICIT_OK,DIRECT
yield,51,EQ11028,ltp_grupo|diário|linha_grupo/L6_L7,ltp|diário|linha/L1_L7,variable,2,SAME,EXPLICIT_OK,DIRECT
yield,51,EQ11028,ltp_grupo|diário|linha_grupo/L6_L7,ltp|diário|linha/L1_L7,variable,2,SAME,EXPLICIT_OK,DIRECT
yield,52,EQ11029,ltp_total|diário|linha_grupo/L1_L7,ltp|diário|linha/L1_L7,variable,2,SAME,EXPLICIT_OK,DIRECT
yield,52,EQ11029,ltp_total|diário|linha_grupo/L1_L7,lth|diário|linha/L1_L7,variable,2,SAME,EXPLICIT_OK,DIRECT
yield,52,EQ11029,ltp_total|diário|linha_grupo/L1_L7,ltp|diário|linha/L1_L7,variable,2,SAME,EXPLICIT_OK,DIRECT
yield,52,EQ11029,ltp_total|diário|linha_grupo/L1_L7,lth|diário|linha/L1_L7,variable,2,SAME,EXPLICIT_OK,DIRECT
yield,52,EQ11029,ltp_total|diário|linha_grupo/L1_L7,ltp|diário|linha/L1_L7,variable,2,SAME,EXPLICIT_OK,DIRECT
yield,52,EQ11029,ltp_total|diário|linha_grupo/L1_L7,lth|diário|linha/L1_L7,variable,2,SAME,EXPLICIT_OK,DIRECT
yield,52,EQ11029,ltp_total|diário|linha_grupo/L1_L7,ltp|diário|linha/L1_L7,variable,2,SAME,EXPLICIT_OK,DIRECT
yield,52,EQ11029,ltp_total|diário|linha_grupo/L1_L7,lth|diário|linha/L1_L7,variable,2,SAME,EXPLICIT_OK,DIRECT
yield,52,EQ11029,ltp_total|diário|linha_grupo/L1_L7,ltp|diário|linha/L1_L7,variable,2,SAME,EXPLICIT_OK,DIRECT
yield,52,EQ11029,ltp_total|diário|linha_grupo/L1_L7,lth|diário|linha/L1_L7,variable,2,SAME,EXPLICIT_OK,DIRECT
yield,52,EQ11029,ltp_total|diário|linha_grupo/L1_L7,ltp|diário|linha/L1_L7,variable,2,SAME,EXPLICIT_OK,DIRECT
yield,52,EQ11029,ltp_total|diário|linha_grupo/L1_L7,lth|diário|linha/L1_L7,variable,2,SAME,EXPLICIT_OK,DIRECT
yield,52,EQ11029,ltp_total|diário|linha_grupo/L1_L7,ltp|diário|linha/L1_L7,variable,2,SAME,EXPLICIT_OK,DIRECT
yield,52,EQ11029,ltp_total|diário|linha_grupo/L1_L7,lth|diário|linha/L1_L7,variable,2,SAME,EXPLICIT_OK,DIRECT
yield,52,EQ11029,ltp_total|diário|linha_grupo/L1_L7,lth|diário|linha/L1_L7,variable,2,SAME,EXPLICIT_OK,DIRECT
yield,52,EQ11029,ltp_total|diário|linha_grupo/L1_L7,lth|diário|linha/L1_L7,variable,2,SAME,EXPLICIT_OK,DIRECT
yield,52,EQ11029,ltp_total|diário|linha_grupo/L1_L7,lth|diário|linha/L1_L7,variable,2,SAME,EXPLICIT_OK,DIRECT
yield,52,EQ11029,ltp_total|diário|linha_grupo/L1_L7,lth|diário|linha/L1_L7,variable,2,SAME,EXPLICIT_OK,DIRECT
yield,52,EQ11029,ltp_total|diário|linha_grupo/L1_L7,lth|diário|linha/L1_L7,variable,2,SAME,EXPLICIT_OK,DIRECT
yield,52,EQ11029,ltp_total|diário|linha_grupo/L1_L7,lth|diário|linha/L1_L7,variable,2,SAME,EXPLICIT_OK,DIRECT
yield,52,EQ11029,ltp_total|diário|linha_grupo/L1_L7,lth|diário|linha/L1_L7,variable,2,SAME,EXPLICIT_OK,DIRECT
yield,59,EQ11030,ltp_a_c_grupo|diário|linha_grupo/L1_L3,ltp_a_c|diário|linha/L1_L7,variable,2,SAME,EXPLICIT_OK,DIRECT
yield,59,EQ11030,ltp_a_c_grupo|diário|linha_grupo/L1_L3,ltp_a_c|diário|linha/L1_L7,variable,2,SAME,EXPLICIT_OK,DIRECT
yield,59,EQ11030,ltp_a_c_grupo|diário|linha_grupo/L1_L3,ltp_a_c|diário|linha/L1_L7,variable,2,SAME,EXPLICIT_OK,DIRECT
yield,60,EQ11031,ltp_a_c_grupo|diário|linha_grupo/L4_L5,ltp_a_c|diário|linha/L1_L7,variable,2,SAME,EXPLICIT_OK,DIRECT
yield,60,EQ11031,ltp_a_c_grupo|diário|linha_grupo/L4_L5,ltp_a_c|diário|linha/L1_L7,variable,2,SAME,EXPLICIT_OK,DIRECT
yield,61,EQ11032,ltp_a_c_grupo|diário|linha_grupo/L6_L7,ltp_a_c|diário|linha/L1_L7,variable,2,SAME,EXPLICIT_OK,DIRECT
yield,61,EQ11032,ltp_a_c_grupo|diário|linha_grupo/L6_L7,ltp_a_c|diário|linha/L1_L7,variable,2,SAME,EXPLICIT_OK,DIRECT
yield,62,EQ11033,ltp_a_c_total|diário|linha_grupo/L1_L7,ltp_a_c|diário|linha/L1_L7,variable,2,SAME,EXPLICIT_OK,DIRECT
yield,62,EQ11033,ltp_a_c_total|diário|linha_grupo/L1_L7,ltp|diário|linha/L1_L7,variable,2,SAME,EXPLICIT_OK,DIRECT
yield,62,EQ11033,ltp_a_c_total|diário|linha_grupo/L1_L7,ltp_a_c|diário|linha/L1_L7,variable,2,SAME,EXPLICIT_OK,DIRECT
yield,62,EQ11033,ltp_a_c_total|diário|linha_grupo/L1_L7,ltp|diário|linha/L1_L7,variable,2,SAME,EXPLICIT_OK,DIRECT
yield,62,EQ11033,ltp_a_c_total|diário|linha_grupo/L1_L7,ltp_a_c|diário|linha/L1_L7,variable,2,SAME,EXPLICIT_OK,DIRECT
yield,62,EQ11033,ltp_a_c_total|diário|linha_grupo/L1_L7,ltp|diário|linha/L1_L7,variable,2,SAME,EXPLICIT_OK,DIRECT
yield,62,EQ11033,ltp_a_c_total|diário|linha_grupo/L1_L7,ltp_a_c|diário|linha/L1_L7,variable,2,SAME,EXPLICIT_OK,DIRECT
yield,62,EQ11033,ltp_a_c_total|diário|linha_grupo/L1_L7,ltp|diário|linha/L1_L7,variable,2,SAME,EXPLICIT_OK,DIRECT
yield,62,EQ11033,ltp_a_c_total|diário|linha_grupo/L1_L7,ltp_a_c|diário|linha/L1_L7,variable,2,SAME,EXPLICIT_OK,DIRECT
yield,62,EQ11033,ltp_a_c_total|diário|linha_grupo/L1_L7,ltp|diário|linha/L1_L7,variable,2,SAME,EXPLICIT_OK,DIRECT
yield,62,EQ11033,ltp_a_c_total|diário|linha_grupo/L1_L7,ltp_a_c|diário|linha/L1_L7,variable,2,SAME,EXPLICIT_OK,DIRECT
yield,62,EQ11033,ltp_a_c_total|diário|linha_grupo/L1_L7,ltp|diário|linha/L1_L7,variable,2,SAME,EXPLICIT_OK,DIRECT
yield,62,EQ11033,ltp_a_c_total|diário|linha_grupo/L1_L7,ltp_a_c|diário|linha/L1_L7,variable,2,SAME,EXPLICIT_OK,DIRECT
yield,62,EQ11033,ltp_a_c_total|diário|linha_grupo/L1_L7,ltp|diário|linha/L1_L7,variable,2,SAME,EXPLICIT_OK,DIRECT
yield,62,EQ11033,ltp_a_c_total|diário|linha_grupo/L1_L7,ltp|diário|linha/L1_L7,variable,2,SAME,EXPLICIT_OK,DIRECT
yield,62,EQ11033,ltp_a_c_total|diário|linha_grupo/L1_L7,ltp|diário|linha/L1_L7,variable,2,SAME,EXPLICIT_OK,DIRECT
yield,62,EQ11033,ltp_a_c_total|diário|linha_grupo/L1_L7,ltp|diário|linha/L1_L7,variable,2,SAME,EXPLICIT_OK,DIRECT
yield,62,EQ11033,ltp_a_c_total|diário|linha_grupo/L1_L7,ltp|diário|linha/L1_L7,variable,2,SAME,EXPLICIT_OK,DIRECT
yield,62,EQ11033,ltp_a_c_total|diário|linha_grupo/L1_L7,ltp|diário|linha/L1_L7,variable,2,SAME,EXPLICIT_OK,DIRECT
yield,62,EQ11033,ltp_a_c_total|diário|linha_grupo/L1_L7,ltp|diário|linha/L1_L7,variable,2,SAME,EXPLICIT_OK,DIRECT
yield,62,EQ11033,ltp_a_c_total|diário|linha_grupo/L1_L7,ltp|diário|linha/L1_L7,variable,2,SAME,EXPLICIT_OK,DIRECT
yield,68,EQ11034,ltp_a_c_base_grupo|anual|linha_grupo/L1_L3,ltp_a_c_base|anual|linha/L1_L7,variable,1,SAME,EXPLICIT_OK,DIRECT
yield,68,EQ11034,ltp_a_c_base_grupo|anual|linha_grupo/L1_L3,ltp_a_c_base|anual|linha/L1_L7,variable,1,SAME,EXPLICIT_OK,DIRECT
yield,68,EQ11034,ltp_a_c_base_grupo|anual|linha_grupo/L1_L3,ltp_a_c_base|anual|linha/L1_L7,variable,1,SAME,EXPLICIT_OK,DIRECT
yield,69,EQ11035,ltp_a_c_base_grupo|anual|linha_grupo/L4_L5,ltp_a_c_base|anual|linha/L1_L7,variable,1,SAME,EXPLICIT_OK,DIRECT
yield,69,EQ11035,ltp_a_c_base_grupo|anual|linha_grupo/L4_L5,ltp_a_c_base|anual|linha/L1_L7,variable,1,SAME,EXPLICIT_OK,DIRECT
yield,70,EQ11036,ltp_a_c_base_grupo|anual|linha_grupo/L6_L7,ltp_a_c_base|anual|linha/L1_L7,variable,1,SAME,EXPLICIT_OK,DIRECT
yield,70,EQ11036,ltp_a_c_base_grupo|anual|linha_grupo/L6_L7,ltp_a_c_base|anual|linha/L1_L7,variable,1,SAME,EXPLICIT_OK,DIRECT
yield,71,EQ11037,ltp_a_c_base_total|anual|linha_grupo/L1_L7,ltp_a_c_base|anual|linha/L1_L7,variable,1,SAME,EXPLICIT_OK,DIRECT
yield,71,EQ11037,ltp_a_c_base_total|anual|linha_grupo/L1_L7,sl_solids_base|anual|linha/L1_L7,variable,1,SAME,EXPLICIT_OK,DIRECT
yield,71,EQ11037,ltp_a_c_base_total|anual|linha_grupo/L1_L7,ltp_a_c_base|anual|linha/L1_L7,variable,1,SAME,EXPLICIT_OK,DIRECT
yield,71,EQ11037,ltp_a_c_base_total|anual|linha_grupo/L1_L7,sl_solids_base|anual|linha/L1_L7,variable,1,SAME,EXPLICIT_OK,DIRECT
yield,71,EQ11037,ltp_a_c_base_total|anual|linha_grupo/L1_L7,ltp_a_c_base|anual|linha/L1_L7,variable,1,SAME,EXPLICIT_OK,DIRECT
yield,71,EQ11037,ltp_a_c_base_total|anual|linha_grupo/L1_L7,sl_solids_base|anual|linha/L1_L7,variable,1,SAME,EXPLICIT_OK,DIRECT
yield,71,EQ11037,ltp_a_c_base_total|anual|linha_grupo/L1_L7,ltp_a_c_base|anual|linha/L1_L7,variable,1,SAME,EXPLICIT_OK,DIRECT
yield,71,EQ11037,ltp_a_c_base_total|anual|linha_grupo/L1_L7,sl_solids_base|anual|linha/L1_L7,variable,1,SAME,EXPLICIT_OK,DIRECT
yield,71,EQ11037,ltp_a_c_base_total|anual|linha_grupo/L1_L7,ltp_a_c_base|anual|linha/L1_L7,variable,1,SAME,EXPLICIT_OK,DIRECT
yield,71,EQ11037,ltp_a_c_base_total|anual|linha_grupo/L1_L7,sl_solids_base|anual|linha/L1_L7,variable,1,SAME,EXPLICIT_OK,DIRECT
yield,71,EQ11037,ltp_a_c_base_total|anual|linha_grupo/L1_L7,ltp_a_c_base|anual|linha/L1_L7,variable,1,SAME,EXPLICIT_OK,DIRECT
yield,71,EQ11037,ltp_a_c_base_total|anual|linha_grupo/L1_L7,sl_solids_base|anual|linha/L1_L7,variable,1,SAME,EXPLICIT_OK,DIRECT
yield,71,EQ11037,ltp_a_c_base_total|anual|linha_grupo/L1_L7,ltp_a_c_base|anual|linha/L1_L7,variable,1,SAME,EXPLICIT_OK,DIRECT
yield,71,EQ11037,ltp_a_c_base_total|anual|linha_grupo/L1_L7,sl_solids_base|anual|linha/L1_L7,variable,1,SAME,EXPLICIT_OK,DIRECT
yield,71,EQ11037,ltp_a_c_base_total|anual|linha_grupo/L1_L7,sl_solids_base|anual|linha/L1_L7,variable,1,SAME,EXPLICIT_OK,DIRECT
yield,71,EQ11037,ltp_a_c_base_total|anual|linha_grupo/L1_L7,sl_solids_base|anual|linha/L1_L7,variable,1,SAME,EXPLICIT_OK,DIRECT
yield,71,EQ11037,ltp_a_c_base_total|anual|linha_grupo/L1_L7,sl_solids_base|anual|linha/L1_L7,variable,1,SAME,EXPLICIT_OK,DIRECT
yield,71,EQ11037,ltp_a_c_base_total|anual|linha_grupo/L1_L7,sl_solids_base|anual|linha/L1_L7,variable,1,SAME,EXPLICIT_OK,DIRECT
yield,71,EQ11037,ltp_a_c_base_total|anual|linha_grupo/L1_L7,sl_solids_base|anual|linha/L1_L7,variable,1,SAME,EXPLICIT_OK,DIRECT
yield,71,EQ11037,ltp_a_c_base_total|anual|linha_grupo/L1_L7,sl_solids_base|anual|linha/L1_L7,variable,1,SAME,EXPLICIT_OK,DIRECT
yield,71,EQ11037,ltp_a_c_base_total|anual|linha_grupo/L1_L7,sl_solids_base|anual|linha/L1_L7,variable,1,SAME,EXPLICIT_OK,DIRECT
yield,72,EQ11038,ltp_base|anual|linha/L1_L7,lth_base|anual|linha/L1_L7,variable,1,SAME,OWN,DIRECT
yield,72,EQ11038,ltp_base|anual|linha/L1_L7,ltp_lth_base|anual|linha/L1_L7,variable,1,SAME,OWN,DIRECT
yield,73,EQ11039,ltp_base_grupo|anual|linha_grupo/L1_L3,ltp_base|anual|linha/L1_L7,variable,1,SAME,EXPLICIT_OK,DIRECT
yield,73,EQ11039,ltp_base_grupo|anual|linha_grupo/L1_L3,ltp_base|anual|linha/L1_L7,variable,1,SAME,EXPLICIT_OK,DIRECT
yield,73,EQ11039,ltp_base_grupo|anual|linha_grupo/L1_L3,ltp_base|anual|linha/L1_L7,variable,1,SAME,EXPLICIT_OK,DIRECT
yield,74,EQ11040,ltp_base_grupo|anual|linha_grupo/L4_L5,ltp_base|anual|linha/L1_L7,variable,1,SAME,EXPLICIT_OK,DIRECT
yield,74,EQ11040,ltp_base_grupo|anual|linha_grupo/L4_L5,ltp_base|anual|linha/L1_L7,variable,1,SAME,EXPLICIT_OK,DIRECT
yield,75,EQ11041,ltp_base_grupo|anual|linha_grupo/L6_L7,ltp_base|anual|linha/L1_L7,variable,1,SAME,EXPLICIT_OK,DIRECT
yield,75,EQ11041,ltp_base_grupo|anual|linha_grupo/L6_L7,ltp_base|anual|linha/L1_L7,variable,1,SAME,EXPLICIT_OK,DIRECT
yield,76,EQ11042,ltp_base_total|anual|linha_grupo/L1_L7,ltp_base|anual|linha/L1_L7,variable,1,SAME,EXPLICIT_OK,DIRECT
yield,76,EQ11042,ltp_base_total|anual|linha_grupo/L1_L7,lth_base|anual|linha/L1_L7,variable,1,SAME,EXPLICIT_OK,DIRECT
yield,76,EQ11042,ltp_base_total|anual|linha_grupo/L1_L7,ltp_base|anual|linha/L1_L7,variable,1,SAME,EXPLICIT_OK,DIRECT
yield,76,EQ11042,ltp_base_total|anual|linha_grupo/L1_L7,lth_base|anual|linha/L1_L7,variable,1,SAME,EXPLICIT_OK,DIRECT
yield,76,EQ11042,ltp_base_total|anual|linha_grupo/L1_L7,ltp_base|anual|linha/L1_L7,variable,1,SAME,EXPLICIT_OK,DIRECT
yield,76,EQ11042,ltp_base_total|anual|linha_grupo/L1_L7,lth_base|anual|linha/L1_L7,variable,1,SAME,EXPLICIT_OK,DIRECT
yield,76,EQ11042,ltp_base_total|anual|linha_grupo/L1_L7,ltp_base|anual|linha/L1_L7,variable,1,SAME,EXPLICIT_OK,DIRECT
yield,76,EQ11042,ltp_base_total|anual|linha_grupo/L1_L7,lth_base|anual|linha/L1_L7,variable,1,SAME,EXPLICIT_OK,DIRECT
yield,76,EQ11042,ltp_base_total|anual|linha_grupo/L1_L7,ltp_base|anual|linha/L1_L7,variable,1,SAME,EXPLICIT_OK,DIRECT
yield,76,EQ11042,ltp_base_total|anual|linha_grupo/L1_L7,lth_base|anual|linha/L1_L7,variable,1,SAME,EXPLICIT_OK,DIRECT
yield,76,EQ11042,ltp_base_total|anual|linha_grupo/L1_L7,ltp_base|anual|linha/L1_L7,variable,1,SAME,EXPLICIT_OK,DIRECT
yield,76,EQ11042,ltp_base_total|anual|linha_grupo/L1_L7,lth_base|anual|linha/L1_L7,variable,1,SAME,EXPLICIT_OK,DIRECT
yield,76,EQ11042,ltp_base_total|anual|linha_grupo/L1_L7,ltp_base|anual|linha/L1_L7,variable,1,SAME,EXPLICIT_OK,DIRECT
yield,76,EQ11042,ltp_base_total|anual|linha_grupo/L1_L7,lth_base|anual|linha/L1_L7,variable,1,SAME,EXPLICIT_OK,DIRECT
yield,76,EQ11042,ltp_base_total|anual|linha_grupo/L1_L7,lth_base|anual|linha/L1_L7,variable,1,SAME,EXPLICIT_OK,DIRECT
yield,76,EQ11042,ltp_base_total|anual|linha_grupo/L1_L7,lth_base|anual|linha/L1_L7,variable,1,SAME,EXPLICIT_OK,DIRECT
yield,76,EQ11042,ltp_base_total|anual|linha_grupo/L1_L7,lth_base|anual|linha/L1_L7,variable,1,SAME,EXPLICIT_OK,DIRECT
yield,76,EQ11042,ltp_base_total|anual|linha_grupo/L1_L7,lth_base|anual|linha/L1_L7,variable,1,SAME,EXPLICIT_OK,DIRECT
yield,76,EQ11042,ltp_base_total|anual|linha_grupo/L1_L7,lth_base|anual|linha/L1_L7,variable,1,SAME,EXPLICIT_OK,DIRECT
yield,76,EQ11042,ltp_base_total|anual|linha_grupo/L1_L7,lth_base|anual|linha/L1_L7,variable,1,SAME,EXPLICIT_OK,DIRECT
yield,76,EQ11042,ltp_base_total|anual|linha_grupo/L1_L7,lth_base|anual|linha/L1_L7,variable,1,SAME,EXPLICIT_OK,DIRECT
yield,79,EQ11043,ltp_lth_grupo|diário|linha_grupo/L1_L3,ltp_lth|diário|linha/L1_L7,variable,2,SAME,EXPLICIT_OK,DIRECT
yield,79,EQ11043,ltp_lth_grupo|diário|linha_grupo/L1_L3,ltp_lth|diário|linha/L1_L7,variable,2,SAME,EXPLICIT_OK,DIRECT
yield,79,EQ11043,ltp_lth_grupo|diário|linha_grupo/L1_L3,ltp_lth|diário|linha/L1_L7,variable,2,SAME,EXPLICIT_OK,DIRECT
yield,80,EQ11044,ltp_lth_grupo|diário|linha_grupo/L4_L5,ltp_lth|diário|linha/L1_L7,variable,2,SAME,EXPLICIT_OK,DIRECT
yield,80,EQ11044,ltp_lth_grupo|diário|linha_grupo/L4_L5,ltp_lth|diário|linha/L1_L7,variable,2,SAME,EXPLICIT_OK,DIRECT
yield,81,EQ11045,ltp_lth_grupo|diário|linha_grupo/L6_L7,ltp_lth|diário|linha/L1_L7,variable,2,SAME,EXPLICIT_OK,DIRECT
yield,81,EQ11045,ltp_lth_grupo|diário|linha_grupo/L6_L7,ltp_lth|diário|linha/L1_L7,variable,2,SAME,EXPLICIT_OK,DIRECT
yield,82,EQ11046,ltp_lth_total|diário|linha_grupo/L1_L7,ltp_lth|diário|linha/L1_L7,variable,2,SAME,EXPLICIT_OK,DIRECT
yield,82,EQ11046,ltp_lth_total|diário|linha_grupo/L1_L7,ltp_tc|diário|linha/L1_L7,variable,2,SAME,EXPLICIT_OK,DIRECT
yield,82,EQ11046,ltp_lth_total|diário|linha_grupo/L1_L7,ltp_lth|diário|linha/L1_L7,variable,2,SAME,EXPLICIT_OK,DIRECT
yield,82,EQ11046,ltp_lth_total|diário|linha_grupo/L1_L7,ltp_tc|diário|linha/L1_L7,variable,2,SAME,EXPLICIT_OK,DIRECT
yield,82,EQ11046,ltp_lth_total|diário|linha_grupo/L1_L7,ltp_lth|diário|linha/L1_L7,variable,2,SAME,EXPLICIT_OK,DIRECT
yield,82,EQ11046,ltp_lth_total|diário|linha_grupo/L1_L7,ltp_tc|diário|linha/L1_L7,variable,2,SAME,EXPLICIT_OK,DIRECT
yield,82,EQ11046,ltp_lth_total|diário|linha_grupo/L1_L7,ltp_lth|diário|linha/L1_L7,variable,2,SAME,EXPLICIT_OK,DIRECT
yield,82,EQ11046,ltp_lth_total|diário|linha_grupo/L1_L7,ltp_tc|diário|linha/L1_L7,variable,2,SAME,EXPLICIT_OK,DIRECT
yield,82,EQ11046,ltp_lth_total|diário|linha_grupo/L1_L7,ltp_lth|diário|linha/L1_L7,variable,2,SAME,EXPLICIT_OK,DIRECT
yield,82,EQ11046,ltp_lth_total|diário|linha_grupo/L1_L7,ltp_tc|diário|linha/L1_L7,variable,2,SAME,EXPLICIT_OK,DIRECT
yield,82,EQ11046,ltp_lth_total|diário|linha_grupo/L1_L7,ltp_lth|diário|linha/L1_L7,variable,2,SAME,EXPLICIT_OK,DIRECT
yield,82,EQ11046,ltp_lth_total|diário|linha_grupo/L1_L7,ltp_tc|diário|linha/L1_L7,variable,2,SAME,EXPLICIT_OK,DIRECT
yield,82,EQ11046,ltp_lth_total|diário|linha_grupo/L1_L7,ltp_lth|diário|linha/L1_L7,variable,2,SAME,EXPLICIT_OK,DIRECT
yield,82,EQ11046,ltp_lth_total|diário|linha_grupo/L1_L7,ltp_tc|diário|linha/L1_L7,variable,2,SAME,EXPLICIT_OK,DIRECT
yield,82,EQ11046,ltp_lth_total|diário|linha_grupo/L1_L7,ltp_tc|diário|linha/L1_L7,variable,2,SAME,EXPLICIT_OK,DIRECT
yield,82,EQ11046,ltp_lth_total|diário|linha_grupo/L1_L7,ltp_tc|diário|linha/L1_L7,variable,2,SAME,EXPLICIT_OK,DIRECT
yield,82,EQ11046,ltp_lth_total|diário|linha_grupo/L1_L7,ltp_tc|diário|linha/L1_L7,variable,2,SAME,EXPLICIT_OK,DIRECT
yield,82,EQ11046,ltp_lth_total|diário|linha_grupo/L1_L7,ltp_tc|diário|linha/L1_L7,variable,2,SAME,EXPLICIT_OK,DIRECT
yield,82,EQ11046,ltp_lth_total|diário|linha_grupo/L1_L7,ltp_tc|diário|linha/L1_L7,variable,2,SAME,EXPLICIT_OK,DIRECT
yield,82,EQ11046,ltp_lth_total|diário|linha_grupo/L1_L7,ltp_tc|diário|linha/L1_L7,variable,2,SAME,EXPLICIT_OK,DIRECT
yield,82,EQ11046,ltp_lth_total|diário|linha_grupo/L1_L7,ltp_tc|diário|linha/L1_L7,variable,2,SAME,EXPLICIT_OK,DIRECT
yield,88,EQ11047,ltp_lth_base_grupo|anual|linha_grupo/L1_L3,ltp_lth_base|anual|linha/L1_L7,variable,1,SAME,EXPLICIT_OK,DIRECT
yield,88,EQ11047,ltp_lth_base_grupo|anual|linha_grupo/L1_L3,ltp_lth_base|anual|linha/L1_L7,variable,1,SAME,EXPLICIT_OK,DIRECT
yield,88,EQ11047,ltp_lth_base_grupo|anual|linha_grupo/L1_L3,ltp_lth_base|anual|linha/L1_L7,variable,1,SAME,EXPLICIT_OK,DIRECT
yield,89,EQ11048,ltp_lth_base_grupo|anual|linha_grupo/L4_L5,ltp_lth_base|anual|linha/L1_L7,variable,1,SAME,EXPLICIT_OK,DIRECT
yield,89,EQ11048,ltp_lth_base_grupo|anual|linha_grupo/L4_L5,ltp_lth_base|anual|linha/L1_L7,variable,1,SAME,EXPLICIT_OK,DIRECT
yield,90,EQ11049,ltp_lth_base_grupo|anual|linha_grupo/L6_L7,ltp_lth_base|anual|linha/L1_L7,variable,1,SAME,EXPLICIT_OK,DIRECT
yield,90,EQ11049,ltp_lth_base_grupo|anual|linha_grupo/L6_L7,ltp_lth_base|anual|linha/L1_L7,variable,1,SAME,EXPLICIT_OK,DIRECT
yield,91,EQ11050,ltp_lth_base_total|anual|linha_grupo/L1_L7,ltp_lth_base|anual|linha/L1_L7,variable,1,SAME,EXPLICIT_OK,DIRECT
yield,91,EQ11050,ltp_lth_base_total|anual|linha_grupo/L1_L7,ltp_tc_base|None|linha/L1_L7,parameter,1,PARAMETER,EXPLICIT_OK,DIRECT
yield,91,EQ11050,ltp_lth_base_total|anual|linha_grupo/L1_L7,ltp_lth_base|anual|linha/L1_L7,variable,1,SAME,EXPLICIT_OK,DIRECT
yield,91,EQ11050,ltp_lth_base_total|anual|linha_grupo/L1_L7,ltp_tc_base|None|linha/L1_L7,parameter,1,PARAMETER,EXPLICIT_OK,DIRECT
yield,91,EQ11050,ltp_lth_base_total|anual|linha_grupo/L1_L7,ltp_lth_base|anual|linha/L1_L7,variable,1,SAME,EXPLICIT_OK,DIRECT
yield,91,EQ11050,ltp_lth_base_total|anual|linha_grupo/L1_L7,ltp_tc_base|None|linha/L1_L7,parameter,1,PARAMETER,EXPLICIT_OK,DIRECT
yield,91,EQ11050,ltp_lth_base_total|anual|linha_grupo/L1_L7,ltp_lth_base|anual|linha/L1_L7,variable,1,SAME,EXPLICIT_OK,DIRECT
yield,91,EQ11050,ltp_lth_base_total|anual|linha_grupo/L1_L7,ltp_tc_base|None|linha/L1_L7,parameter,1,PARAMETER,EXPLICIT_OK,DIRECT
yield,91,EQ11050,ltp_lth_base_total|anual|linha_grupo/L1_L7,ltp_lth_base|anual|linha/L1_L7,variable,1,SAME,EXPLICIT_OK,DIRECT
yield,91,EQ11050,ltp_lth_base_total|anual|linha_grupo/L1_L7,ltp_tc_base|None|linha/L1_L7,parameter,1,PARAMETER,EXPLICIT_OK,DIRECT
yield,91,EQ11050,ltp_lth_base_total|anual|linha_grupo/L1_L7,ltp_lth_base|anual|linha/L1_L7,variable,1,SAME,EXPLICIT_OK,DIRECT
yield,91,EQ11050,ltp_lth_base_total|anual|linha_grupo/L1_L7,ltp_tc_base|None|linha/L1_L7,parameter,1,PARAMETER,EXPLICIT_OK,DIRECT
yield,91,EQ11050,ltp_lth_base_total|anual|linha_grupo/L1_L7,ltp_lth_base|anual|linha/L1_L7,variable,1,SAME,EXPLICIT_OK,DIRECT
yield,91,EQ11050,ltp_lth_base_total|anual|linha_grupo/L1_L7,ltp_tc_base|None|linha/L1_L7,parameter,1,PARAMETER,EXPLICIT_OK,DIRECT
yield,91,EQ11050,ltp_lth_base_total|anual|linha_grupo/L1_L7,ltp_tc_base|None|linha/L1_L7,parameter,1,PARAMETER,EXPLICIT_OK,DIRECT
yield,91,EQ11050,ltp_lth_base_total|anual|linha_grupo/L1_L7,ltp_tc_base|None|linha/L1_L7,parameter,1,PARAMETER,EXPLICIT_OK,DIRECT
yield,91,EQ11050,ltp_lth_base_total|anual|linha_grupo/L1_L7,ltp_tc_base|None|linha/L1_L7,parameter,1,PARAMETER,EXPLICIT_OK,DIRECT
yield,91,EQ11050,ltp_lth_base_total|anual|linha_grupo/L1_L7,ltp_tc_base|None|linha/L1_L7,parameter,1,PARAMETER,EXPLICIT_OK,DIRECT
yield,91,EQ11050,ltp_lth_base_total|anual|linha_grupo/L1_L7,ltp_tc_base|None|linha/L1_L7,parameter,1,PARAMETER,EXPLICIT_OK,DIRECT
yield,91,EQ11050,ltp_lth_base_total|anual|linha_grupo/L1_L7,ltp_tc_base|None|linha/L1_L7,parameter,1,PARAMETER,EXPLICIT_OK,DIRECT
yield,91,EQ11050,ltp_lth_base_total|anual|linha_grupo/L1_L7,ltp_tc_base|None|linha/L1_L7,parameter,1,PARAMETER,EXPLICIT_OK,DIRECT
yield,94,EQ11051,ltp_tc_grupo|diário|linha_grupo/L1_L3,ltp_tc|diário|linha/L1_L7,variable,2,SAME,EXPLICIT_OK,DIRECT
yield,94,EQ11051,ltp_tc_grupo|diário|linha_grupo/L1_L3,ltp_tc|diário|linha/L1_L7,variable,2,SAME,EXPLICIT_OK,DIRECT
yield,94,EQ11051,ltp_tc_grupo|diário|linha_grupo/L1_L3,ltp_tc|diário|linha/L1_L7,variable,2,SAME,EXPLICIT_OK,DIRECT
yield,95,EQ11052,ltp_tc_grupo|diário|linha_grupo/L4_L5,ltp_tc|diário|linha/L1_L7,variable,2,SAME,EXPLICIT_OK,DIRECT
yield,95,EQ11052,ltp_tc_grupo|diário|linha_grupo/L4_L5,ltp_tc|diário|linha/L1_L7,variable,2,SAME,EXPLICIT_OK,DIRECT
yield,96,EQ11053,ltp_tc_grupo|diário|linha_grupo/L6_L7,ltp_tc|diário|linha/L1_L7,variable,2,SAME,EXPLICIT_OK,DIRECT
yield,96,EQ11053,ltp_tc_grupo|diário|linha_grupo/L6_L7,ltp_tc|diário|linha/L1_L7,variable,2,SAME,EXPLICIT_OK,DIRECT
yield,97,EQ11054,ltp_tc_total|diário|linha_grupo/L1_L7,ltp_tc|diário|linha/L1_L7,variable,2,SAME,EXPLICIT_OK,DIRECT
yield,97,EQ11054,ltp_tc_total|diário|linha_grupo/L1_L7,ltp|diário|linha/L1_L7,variable,2,SAME,EXPLICIT_OK,DIRECT
yield,97,EQ11054,ltp_tc_total|diário|linha_grupo/L1_L7,ltp_tc|diário|linha/L1_L7,variable,2,SAME,EXPLICIT_OK,DIRECT
yield,97,EQ11054,ltp_tc_total|diário|linha_grupo/L1_L7,ltp|diário|linha/L1_L7,variable,2,SAME,EXPLICIT_OK,DIRECT
yield,97,EQ11054,ltp_tc_total|diário|linha_grupo/L1_L7,ltp_tc|diário|linha/L1_L7,variable,2,SAME,EXPLICIT_OK,DIRECT
yield,97,EQ11054,ltp_tc_total|diário|linha_grupo/L1_L7,ltp|diário|linha/L1_L7,variable,2,SAME,EXPLICIT_OK,DIRECT
yield,97,EQ11054,ltp_tc_total|diário|linha_grupo/L1_L7,ltp_tc|diário|linha/L1_L7,variable,2,SAME,EXPLICIT_OK,DIRECT
yield,97,EQ11054,ltp_tc_total|diário|linha_grupo/L1_L7,ltp|diário|linha/L1_L7,variable,2,SAME,EXPLICIT_OK,DIRECT
yield,97,EQ11054,ltp_tc_total|diário|linha_grupo/L1_L7,ltp_tc|diário|linha/L1_L7,variable,2,SAME,EXPLICIT_OK,DIRECT
yield,97,EQ11054,ltp_tc_total|diário|linha_grupo/L1_L7,ltp|diário|linha/L1_L7,variable,2,SAME,EXPLICIT_OK,DIRECT
yield,97,EQ11054,ltp_tc_total|diário|linha_grupo/L1_L7,ltp_tc|diário|linha/L1_L7,variable,2,SAME,EXPLICIT_OK,DIRECT
yield,97,EQ11054,ltp_tc_total|diário|linha_grupo/L1_L7,ltp|diário|linha/L1_L7,variable,2,SAME,EXPLICIT_OK,DIRECT
yield,97,EQ11054,ltp_tc_total|diário|linha_grupo/L1_L7,ltp_tc|diário|linha/L1_L7,variable,2,SAME,EXPLICIT_OK,DIRECT
yield,97,EQ11054,ltp_tc_total|diário|linha_grupo/L1_L7,ltp|diário|linha/L1_L7,variable,2,SAME,EXPLICIT_OK,DIRECT
yield,97,EQ11054,ltp_tc_total|diário|linha_grupo/L1_L7,ltp|diário|linha/L1_L7,variable,2,SAME,EXPLICIT_OK,DIRECT
yield,97,EQ11054,ltp_tc_total|diário|linha_grupo/L1_L7,ltp|diário|linha/L1_L7,variable,2,SAME,EXPLICIT_OK,DIRECT
yield,97,EQ11054,ltp_tc_total|diário|linha_grupo/L1_L7,ltp|diário|linha/L1_L7,variable,2,SAME,EXPLICIT_OK,DIRECT
yield,97,EQ11054,ltp_tc_total|diário|linha_grupo/L1_L7,ltp|diário|linha/L1_L7,variable,2,SAME,EXPLICIT_OK,DIRECT
yield,97,EQ11054,ltp_tc_total|diário|linha_grupo/L1_L7,ltp|diário|linha/L1_L7,variable,2,SAME,EXPLICIT_OK,DIRECT
yield,97,EQ11054,ltp_tc_total|diário|linha_grupo/L1_L7,ltp|diário|linha/L1_L7,variable,2,SAME,EXPLICIT_OK,DIRECT
yield,97,EQ11054,ltp_tc_total|diário|linha_grupo/L1_L7,ltp|diário|linha/L1_L7,variable,2,SAME,EXPLICIT_OK,DIRECT
yield,103,EQ11055,ltp_tc_base_grupo|anual|linha_grupo/L1_L3,ltp_tc_base|None|linha/L1_L7,parameter,1,PARAMETER,EXPLICIT_OK,DIRECT
yield,103,EQ11055,ltp_tc_base_grupo|anual|linha_grupo/L1_L3,ltp_tc_base|None|linha/L1_L7,parameter,1,PARAMETER,EXPLICIT_OK,DIRECT
yield,103,EQ11055,ltp_tc_base_grupo|anual|linha_grupo/L1_L3,ltp_tc_base|None|linha/L1_L7,parameter,1,PARAMETER,EXPLICIT_OK,DIRECT
yield,104,EQ11056,ltp_tc_base_grupo|anual|linha_grupo/L4_L5,ltp_tc_base|None|linha/L1_L7,parameter,1,PARAMETER,EXPLICIT_OK,DIRECT
yield,104,EQ11056,ltp_tc_base_grupo|anual|linha_grupo/L4_L5,ltp_tc_base|None|linha/L1_L7,parameter,1,PARAMETER,EXPLICIT_OK,DIRECT
yield,105,EQ11057,ltp_tc_base_grupo|anual|linha_grupo/L6_L7,ltp_tc_base|None|linha/L1_L7,parameter,1,PARAMETER,EXPLICIT_OK,DIRECT
yield,105,EQ11057,ltp_tc_base_grupo|anual|linha_grupo/L6_L7,ltp_tc_base|None|linha/L1_L7,parameter,1,PARAMETER,EXPLICIT_OK,DIRECT
yield,106,EQ11058,ltp_tc_base_total|anual|linha_grupo/L1_L7,ltp_tc_base|None|linha/L1_L7,parameter,1,PARAMETER,EXPLICIT_OK,DIRECT
yield,106,EQ11058,ltp_tc_base_total|anual|linha_grupo/L1_L7,ltp_a_c_base|anual|linha/L1_L7,variable,1,SAME,EXPLICIT_OK,DIRECT
yield,106,EQ11058,ltp_tc_base_total|anual|linha_grupo/L1_L7,ltp_tc_base|None|linha/L1_L7,parameter,1,PARAMETER,EXPLICIT_OK,DIRECT
yield,106,EQ11058,ltp_tc_base_total|anual|linha_grupo/L1_L7,ltp_a_c_base|anual|linha/L1_L7,variable,1,SAME,EXPLICIT_OK,DIRECT
yield,106,EQ11058,ltp_tc_base_total|anual|linha_grupo/L1_L7,ltp_tc_base|None|linha/L1_L7,parameter,1,PARAMETER,EXPLICIT_OK,DIRECT
yield,106,EQ11058,ltp_tc_base_total|anual|linha_grupo/L1_L7,ltp_a_c_base|anual|linha/L1_L7,variable,1,SAME,EXPLICIT_OK,DIRECT
yield,106,EQ11058,ltp_tc_base_total|anual|linha_grupo/L1_L7,ltp_tc_base|None|linha/L1_L7,parameter,1,PARAMETER,EXPLICIT_OK,DIRECT
yield,106,EQ11058,ltp_tc_base_total|anual|linha_grupo/L1_L7,ltp_a_c_base|anual|linha/L1_L7,variable,1,SAME,EXPLICIT_OK,DIRECT
yield,106,EQ11058,ltp_tc_base_total|anual|linha_grupo/L1_L7,ltp_tc_base|None|linha/L1_L7,parameter,1,PARAMETER,EXPLICIT_OK,DIRECT
yield,106,EQ11058,ltp_tc_base_total|anual|linha_grupo/L1_L7,ltp_a_c_base|anual|linha/L1_L7,variable,1,SAME,EXPLICIT_OK,DIRECT
yield,106,EQ11058,ltp_tc_base_total|anual|linha_grupo/L1_L7,ltp_tc_base|None|linha/L1_L7,parameter,1,PARAMETER,EXPLICIT_OK,DIRECT
yield,106,EQ11058,ltp_tc_base_total|anual|linha_grupo/L1_L7,ltp_a_c_base|anual|linha/L1_L7,variable,1,SAME,EXPLICIT_OK,DIRECT
yield,106,EQ11058,ltp_tc_base_total|anual|linha_grupo/L1_L7,ltp_tc_base|None|linha/L1_L7,parameter,1,PARAMETER,EXPLICIT_OK,DIRECT
yield,106,EQ11058,ltp_tc_base_total|anual|linha_grupo/L1_L7,ltp_a_c_base|anual|linha/L1_L7,variable,1,SAME,EXPLICIT_OK,DIRECT
yield,106,EQ11058,ltp_tc_base_total|anual|linha_grupo/L1_L7,ltp_a_c_base|anual|linha/L1_L7,variable,1,SAME,EXPLICIT_OK,DIRECT
yield,106,EQ11058,ltp_tc_base_total|anual|linha_grupo/L1_L7,ltp_a_c_base|anual|linha/L1_L7,variable,1,SAME,EXPLICIT_OK,DIRECT
yield,106,EQ11058,ltp_tc_base_total|anual|linha_grupo/L1_L7,ltp_a_c_base|anual|linha/L1_L7,variable,1,SAME,EXPLICIT_OK,DIRECT
yield,106,EQ11058,ltp_tc_base_total|anual|linha_grupo/L1_L7,ltp_a_c_base|anual|linha/L1_L7,variable,1,SAME,EXPLICIT_OK,DIRECT
yield,106,EQ11058,ltp_tc_base_total|anual|linha_grupo/L1_L7,ltp_a_c_base|anual|linha/L1_L7,variable,1,SAME,EXPLICIT_OK,DIRECT
yield,106,EQ11058,ltp_tc_base_total|anual|linha_grupo/L1_L7,ltp_a_c_base|anual|linha/L1_L7,variable,1,SAME,EXPLICIT_OK,DIRECT
yield,106,EQ11058,ltp_tc_base_total|anual|linha_grupo/L1_L7,ltp_a_c_base|anual|linha/L1_L7,variable,1,SAME,EXPLICIT_OK,DIRECT
yield,107,EQ11059,n_ppt|diário|linha/L1_L7,tanque_base|anual|linha/L1_L7,parameter,1,PARAMETER,OWN,DIRECT
yield,107,EQ11059,n_ppt|diário|linha/L1_L7,tanque|diário|linha/L1_L7,variable,1,SAME,OWN,DIRECT
yield,109,EQ11060,n_ppt_grupo|diário|linha_grupo/L1_L3,n_ppt|diário|linha/L1_L7,variable,2,SAME,EXPLICIT_OK,DIRECT
yield,109,EQ11060,n_ppt_grupo|diário|linha_grupo/L1_L3,n_ppt|diário|linha/L1_L7,variable,2,SAME,EXPLICIT_OK,DIRECT
yield,109,EQ11060,n_ppt_grupo|diário|linha_grupo/L1_L3,n_ppt|diário|linha/L1_L7,variable,2,SAME,EXPLICIT_OK,DIRECT
yield,110,EQ11061,n_ppt_grupo|diário|linha_grupo/L4_L5,n_ppt|diário|linha/L1_L7,variable,2,SAME,EXPLICIT_OK,DIRECT
yield,110,EQ11061,n_ppt_grupo|diário|linha_grupo/L4_L5,n_ppt|diário|linha/L1_L7,variable,2,SAME,EXPLICIT_OK,DIRECT
yield,111,EQ11062,n_ppt_grupo|diário|linha_grupo/L6_L7,n_ppt|diário|linha/L1_L7,variable,2,SAME,EXPLICIT_OK,DIRECT
yield,111,EQ11062,n_ppt_grupo|diário|linha_grupo/L6_L7,n_ppt|diário|linha/L1_L7,variable,2,SAME,EXPLICIT_OK,DIRECT
yield,112,EQ11063,n_ppt_total|diário|linha_grupo/L1_L7,n_ppt|diário|linha/L1_L7,variable,2,SAME,EXPLICIT_OK,DIRECT
yield,112,EQ11063,n_ppt_total|diário|linha_grupo/L1_L7,eoc_temp|diário|linha/L1_L7,variable,2,SAME,EXPLICIT_OK,DIRECT
yield,112,EQ11063,n_ppt_total|diário|linha_grupo/L1_L7,n_ppt|diário|linha/L1_L7,variable,2,SAME,EXPLICIT_OK,DIRECT
yield,112,EQ11063,n_ppt_total|diário|linha_grupo/L1_L7,eoc_temp|diário|linha/L1_L7,variable,2,SAME,EXPLICIT_OK,DIRECT
yield,112,EQ11063,n_ppt_total|diário|linha_grupo/L1_L7,n_ppt|diário|linha/L1_L7,variable,2,SAME,EXPLICIT_OK,DIRECT
yield,112,EQ11063,n_ppt_total|diário|linha_grupo/L1_L7,eoc_temp|diário|linha/L1_L7,variable,2,SAME,EXPLICIT_OK,DIRECT
yield,112,EQ11063,n_ppt_total|diário|linha_grupo/L1_L7,n_ppt|diário|linha/L1_L7,variable,2,SAME,EXPLICIT_OK,DIRECT
yield,112,EQ11063,n_ppt_total|diário|linha_grupo/L1_L7,eoc_temp|diário|linha/L1_L7,variable,2,SAME,EXPLICIT_OK,DIRECT
yield,112,EQ11063,n_ppt_total|diário|linha_grupo/L1_L7,n_ppt|diário|linha/L1_L7,variable,2,SAME,EXPLICIT_OK,DIRECT
yield,112,EQ11063,n_ppt_total|diário|linha_grupo/L1_L7,eoc_temp|diário|linha/L1_L7,variable,2,SAME,EXPLICIT_OK,DIRECT
yield,112,EQ11063,n_ppt_total|diário|linha_grupo/L1_L7,n_ppt|diário|linha/L1_L7,variable,2,SAME,EXPLICIT_OK,DIRECT
yield,112,EQ11063,n_ppt_total|diário|linha_grupo/L1_L7,eoc_temp|diário|linha/L1_L7,variable,2,SAME,EXPLICIT_OK,DIRECT
yield,112,EQ11063,n_ppt_total|diário|linha_grupo/L1_L7,n_ppt|diário|linha/L1_L7,variable,2,SAME,EXPLICIT_OK,DIRECT
yield,112,EQ11063,n_ppt_total|diário|linha_grupo/L1_L7,eoc_temp|diário|linha/L1_L7,variable,2,SAME,EXPLICIT_OK,DIRECT
yield,112,EQ11063,n_ppt_total|diário|linha_grupo/L1_L7,eoc_temp|diário|linha/L1_L7,variable,2,SAME,EXPLICIT_OK,DIRECT
yield,112,EQ11063,n_ppt_total|diário|linha_grupo/L1_L7,eoc_temp|diário|linha/L1_L7,variable,2,SAME,EXPLICIT_OK,DIRECT
yield,112,EQ11063,n_ppt_total|diário|linha_grupo/L1_L7,eoc_temp|diário|linha/L1_L7,variable,2,SAME,EXPLICIT_OK,DIRECT
yield,112,EQ11063,n_ppt_total|diário|linha_grupo/L1_L7,eoc_temp|diário|linha/L1_L7,variable,2,SAME,EXPLICIT_OK,DIRECT
yield,112,EQ11063,n_ppt_total|diário|linha_grupo/L1_L7,eoc_temp|diário|linha/L1_L7,variable,2,SAME,EXPLICIT_OK,DIRECT
yield,112,EQ11063,n_ppt_total|diário|linha_grupo/L1_L7,eoc_temp|diário|linha/L1_L7,variable,2,SAME,EXPLICIT_OK,DIRECT
yield,112,EQ11063,n_ppt_total|diário|linha_grupo/L1_L7,eoc_temp|diário|linha/L1_L7,variable,2,SAME,EXPLICIT_OK,DIRECT
yield,118,EQ11064,n_ppt_base_grupo|anual|linha_grupo/L1_L3,n_ppt_base|anual|linha/L1_L7,variable,1,SAME,EXPLICIT_OK,DIRECT
yield,118,EQ11064,n_ppt_base_grupo|anual|linha_grupo/L1_L3,n_ppt_base|anual|linha/L1_L7,variable,1,SAME,EXPLICIT_OK,DIRECT
yield,118,EQ11064,n_ppt_base_grupo|anual|linha_grupo/L1_L3,n_ppt_base|anual|linha/L1_L7,variable,1,SAME,EXPLICIT_OK,DIRECT
yield,119,EQ11065,n_ppt_base_grupo|anual|linha_grupo/L4_L5,n_ppt_base|anual|linha/L1_L7,variable,1,SAME,EXPLICIT_OK,DIRECT
yield,119,EQ11065,n_ppt_base_grupo|anual|linha_grupo/L4_L5,n_ppt_base|anual|linha/L1_L7,variable,1,SAME,EXPLICIT_OK,DIRECT
yield,120,EQ11066,n_ppt_base_grupo|anual|linha_grupo/L6_L7,n_ppt_base|anual|linha/L1_L7,variable,1,SAME,EXPLICIT_OK,DIRECT
yield,120,EQ11066,n_ppt_base_grupo|anual|linha_grupo/L6_L7,n_ppt_base|anual|linha/L1_L7,variable,1,SAME,EXPLICIT_OK,DIRECT
yield,121,EQ11067,n_ppt_base_total|anual|linha_grupo/L1_L7,n_ppt_base|anual|linha/L1_L7,variable,1,SAME,EXPLICIT_OK,DIRECT
yield,121,EQ11067,n_ppt_base_total|anual|linha_grupo/L1_L7,eoc_temp_base|anual|linha/L1_L7,variable,1,SAME,EXPLICIT_OK,DIRECT
yield,121,EQ11067,n_ppt_base_total|anual|linha_grupo/L1_L7,n_ppt_base|anual|linha/L1_L7,variable,1,SAME,EXPLICIT_OK,DIRECT
yield,121,EQ11067,n_ppt_base_total|anual|linha_grupo/L1_L7,eoc_temp_base|anual|linha/L1_L7,variable,1,SAME,EXPLICIT_OK,DIRECT
yield,121,EQ11067,n_ppt_base_total|anual|linha_grupo/L1_L7,n_ppt_base|anual|linha/L1_L7,variable,1,SAME,EXPLICIT_OK,DIRECT
yield,121,EQ11067,n_ppt_base_total|anual|linha_grupo/L1_L7,eoc_temp_base|anual|linha/L1_L7,variable,1,SAME,EXPLICIT_OK,DIRECT
yield,121,EQ11067,n_ppt_base_total|anual|linha_grupo/L1_L7,n_ppt_base|anual|linha/L1_L7,variable,1,SAME,EXPLICIT_OK,DIRECT
yield,121,EQ11067,n_ppt_base_total|anual|linha_grupo/L1_L7,eoc_temp_base|anual|linha/L1_L7,variable,1,SAME,EXPLICIT_OK,DIRECT
yield,121,EQ11067,n_ppt_base_total|anual|linha_grupo/L1_L7,n_ppt_base|anual|linha/L1_L7,variable,1,SAME,EXPLICIT_OK,DIRECT
yield,121,EQ11067,n_ppt_base_total|anual|linha_grupo/L1_L7,eoc_temp_base|anual|linha/L1_L7,variable,1,SAME,EXPLICIT_OK,DIRECT
yield,121,EQ11067,n_ppt_base_total|anual|linha_grupo/L1_L7,n_ppt_base|anual|linha/L1_L7,variable,1,SAME,EXPLICIT_OK,DIRECT
yield,121,EQ11067,n_ppt_base_total|anual|linha_grupo/L1_L7,eoc_temp_base|anual|linha/L1_L7,variable,1,SAME,EXPLICIT_OK,DIRECT
yield,121,EQ11067,n_ppt_base_total|anual|linha_grupo/L1_L7,n_ppt_base|anual|linha/L1_L7,variable,1,SAME,EXPLICIT_OK,DIRECT
yield,121,EQ11067,n_ppt_base_total|anual|linha_grupo/L1_L7,eoc_temp_base|anual|linha/L1_L7,variable,1,SAME,EXPLICIT_OK,DIRECT
yield,121,EQ11067,n_ppt_base_total|anual|linha_grupo/L1_L7,eoc_temp_base|anual|linha/L1_L7,variable,1,SAME,EXPLICIT_OK,DIRECT
yield,121,EQ11067,n_ppt_base_total|anual|linha_grupo/L1_L7,eoc_temp_base|anual|linha/L1_L7,variable,1,SAME,EXPLICIT_OK,DIRECT
yield,121,EQ11067,n_ppt_base_total|anual|linha_grupo/L1_L7,eoc_temp_base|anual|linha/L1_L7,variable,1,SAME,EXPLICIT_OK,DIRECT
yield,121,EQ11067,n_ppt_base_total|anual|linha_grupo/L1_L7,eoc_temp_base|anual|linha/L1_L7,variable,1,SAME,EXPLICIT_OK,DIRECT
yield,121,EQ11067,n_ppt_base_total|anual|linha_grupo/L1_L7,eoc_temp_base|anual|linha/L1_L7,variable,1,SAME,EXPLICIT_OK,DIRECT
yield,121,EQ11067,n_ppt_base_total|anual|linha_grupo/L1_L7,eoc_temp_base|anual|linha/L1_L7,variable,1,SAME,EXPLICIT_OK,DIRECT
yield,121,EQ11067,n_ppt_base_total|anual|linha_grupo/L1_L7,eoc_temp_base|anual|linha/L1_L7,variable,1,SAME,EXPLICIT_OK,DIRECT
yield,124,EQ11068,oee_grupo|diário|linha_grupo/L1_L3,oee|diário|linha/L1_L7,variable,2,SAME,EXPLICIT_OK,DIRECT
yield,124,EQ11068,oee_grupo|diário|linha_grupo/L1_L3,oee|diário|linha/L1_L7,variable,2,SAME,EXPLICIT_OK,DIRECT
yield,124,EQ11068,oee_grupo|diário|linha_grupo/L1_L3,oee|diário|linha/L1_L7,variable,2,SAME,EXPLICIT_OK,DIRECT
yield,125,EQ11069,oee_grupo|diário|linha_grupo/L4_L5,oee|diário|linha/L1_L7,variable,2,SAME,EXPLICIT_OK,DIRECT
yield,125,EQ11069,oee_grupo|diário|linha_grupo/L4_L5,oee|diário|linha/L1_L7,variable,2,SAME,EXPLICIT_OK,DIRECT
yield,126,EQ11070,oee_grupo|diário|linha_grupo/L6_L7,oee|diário|linha/L1_L7,variable,2,SAME,EXPLICIT_OK,DIRECT
yield,126,EQ11070,oee_grupo|diário|linha_grupo/L6_L7,oee|diário|linha/L1_L7,variable,2,SAME,EXPLICIT_OK,DIRECT
yield,127,EQ11071,oee_total|diário|linha_grupo/L1_L7,oee|diário|linha/L1_L7,variable,2,SAME,EXPLICIT_OK,DIRECT
yield,127,EQ11071,oee_total|diário|linha_grupo/L1_L7,ltp_lth|diário|linha/L1_L7,variable,2,SAME,EXPLICIT_OK,DIRECT
yield,127,EQ11071,oee_total|diário|linha_grupo/L1_L7,oee|diário|linha/L1_L7,variable,2,SAME,EXPLICIT_OK,DIRECT
yield,127,EQ11071,oee_total|diário|linha_grupo/L1_L7,ltp_lth|diário|linha/L1_L7,variable,2,SAME,EXPLICIT_OK,DIRECT
yield,127,EQ11071,oee_total|diário|linha_grupo/L1_L7,oee|diário|linha/L1_L7,variable,2,SAME,EXPLICIT_OK,DIRECT
yield,127,EQ11071,oee_total|diário|linha_grupo/L1_L7,ltp_lth|diário|linha/L1_L7,variable,2,SAME,EXPLICIT_OK,DIRECT
yield,127,EQ11071,oee_total|diário|linha_grupo/L1_L7,oee|diário|linha/L1_L7,variable,2,SAME,EXPLICIT_OK,DIRECT
yield,127,EQ11071,oee_total|diário|linha_grupo/L1_L7,ltp_lth|diário|linha/L1_L7,variable,2,SAME,EXPLICIT_OK,DIRECT
yield,127,EQ11071,oee_total|diário|linha_grupo/L1_L7,oee|diário|linha/L1_L7,variable,2,SAME,EXPLICIT_OK,DIRECT
yield,127,EQ11071,oee_total|diário|linha_grupo/L1_L7,ltp_lth|diário|linha/L1_L7,variable,2,SAME,EXPLICIT_OK,DIRECT
yield,127,EQ11071,oee_total|diário|linha_grupo/L1_L7,oee|diário|linha/L1_L7,variable,2,SAME,EXPLICIT_OK,DIRECT
yield,127,EQ11071,oee_total|diário|linha_grupo/L1_L7,ltp_lth|diário|linha/L1_L7,variable,2,SAME,EXPLICIT_OK,DIRECT
yield,127,EQ11071,oee_total|diário|linha_grupo/L1_L7,oee|diário|linha/L1_L7,variable,2,SAME,EXPLICIT_OK,DIRECT
yield,127,EQ11071,oee_total|diário|linha_grupo/L1_L7,ltp_lth|diário|linha/L1_L7,variable,2,SAME,EXPLICIT_OK,DIRECT
yield,127,EQ11071,oee_total|diário|linha_grupo/L1_L7,ltp_lth|diário|linha/L1_L7,variable,2,SAME,EXPLICIT_OK,DIRECT
yield,127,EQ11071,oee_total|diário|linha_grupo/L1_L7,ltp_lth|diário|linha/L1_L7,variable,2,SAME,EXPLICIT_OK,DIRECT
yield,127,EQ11071,oee_total|diário|linha_grupo/L1_L7,ltp_lth|diário|linha/L1_L7,variable,2,SAME,EXPLICIT_OK,DIRECT
yield,127,EQ11071,oee_total|diário|linha_grupo/L1_L7,ltp_lth|diário|linha/L1_L7,variable,2,SAME,EXPLICIT_OK,DIRECT
yield,127,EQ11071,oee_total|diário|linha_grupo/L1_L7,ltp_lth|diário|linha/L1_L7,variable,2,SAME,EXPLICIT_OK,DIRECT
yield,127,EQ11071,oee_total|diário|linha_grupo/L1_L7,ltp_lth|diário|linha/L1_L7,variable,2,SAME,EXPLICIT_OK,DIRECT
yield,127,EQ11071,oee_total|diário|linha_grupo/L1_L7,ltp_lth|diário|linha/L1_L7,variable,2,SAME,EXPLICIT_OK,DIRECT
yield,133,EQ11072,oee_base_grupo|anual|linha_grupo/L1_L3,oee_base|anual|linha/L1_L7,variable,1,SAME,EXPLICIT_OK,DIRECT
yield,133,EQ11072,oee_base_grupo|anual|linha_grupo/L1_L3,oee_base|anual|linha/L1_L7,variable,1,SAME,EXPLICIT_OK,DIRECT
yield,133,EQ11072,oee_base_grupo|anual|linha_grupo/L1_L3,oee_base|anual|linha/L1_L7,variable,1,SAME,EXPLICIT_OK,DIRECT
yield,134,EQ11073,oee_base_grupo|anual|linha_grupo/L4_L5,oee_base|anual|linha/L1_L7,variable,1,SAME,EXPLICIT_OK,DIRECT
yield,134,EQ11073,oee_base_grupo|anual|linha_grupo/L4_L5,oee_base|anual|linha/L1_L7,variable,1,SAME,EXPLICIT_OK,DIRECT
yield,135,EQ11074,oee_base_grupo|anual|linha_grupo/L6_L7,oee_base|anual|linha/L1_L7,variable,1,SAME,EXPLICIT_OK,DIRECT
yield,135,EQ11074,oee_base_grupo|anual|linha_grupo/L6_L7,oee_base|anual|linha/L1_L7,variable,1,SAME,EXPLICIT_OK,DIRECT
yield,136,EQ11075,oee_base_total|anual|linha_grupo/L1_L7,oee_base|anual|linha/L1_L7,variable,1,SAME,EXPLICIT_OK,DIRECT
yield,136,EQ11075,oee_base_total|anual|linha_grupo/L1_L7,ltp_lth_base|anual|linha/L1_L7,variable,1,SAME,EXPLICIT_OK,DIRECT
yield,136,EQ11075,oee_base_total|anual|linha_grupo/L1_L7,oee_base|anual|linha/L1_L7,variable,1,SAME,EXPLICIT_OK,DIRECT
yield,136,EQ11075,oee_base_total|anual|linha_grupo/L1_L7,ltp_lth_base|anual|linha/L1_L7,variable,1,SAME,EXPLICIT_OK,DIRECT
yield,136,EQ11075,oee_base_total|anual|linha_grupo/L1_L7,oee_base|anual|linha/L1_L7,variable,1,SAME,EXPLICIT_OK,DIRECT
yield,136,EQ11075,oee_base_total|anual|linha_grupo/L1_L7,ltp_lth_base|anual|linha/L1_L7,variable,1,SAME,EXPLICIT_OK,DIRECT
yield,136,EQ11075,oee_base_total|anual|linha_grupo/L1_L7,oee_base|anual|linha/L1_L7,variable,1,SAME,EXPLICIT_OK,DIRECT
yield,136,EQ11075,oee_base_total|anual|linha_grupo/L1_L7,ltp_lth_base|anual|linha/L1_L7,variable,1,SAME,EXPLICIT_OK,DIRECT
yield,136,EQ11075,oee_base_total|anual|linha_grupo/L1_L7,oee_base|anual|linha/L1_L7,variable,1,SAME,EXPLICIT_OK,DIRECT
yield,136,EQ11075,oee_base_total|anual|linha_grupo/L1_L7,ltp_lth_base|anual|linha/L1_L7,variable,1,SAME,EXPLICIT_OK,DIRECT
yield,136,EQ11075,oee_base_total|anual|linha_grupo/L1_L7,oee_base|anual|linha/L1_L7,variable,1,SAME,EXPLICIT_OK,DIRECT
yield,136,EQ11075,oee_base_total|anual|linha_grupo/L1_L7,ltp_lth_base|anual|linha/L1_L7,variable,1,SAME,EXPLICIT_OK,DIRECT
yield,136,EQ11075,oee_base_total|anual|linha_grupo/L1_L7,oee_base|anual|linha/L1_L7,variable,1,SAME,EXPLICIT_OK,DIRECT
yield,136,EQ11075,oee_base_total|anual|linha_grupo/L1_L7,ltp_lth_base|anual|linha/L1_L7,variable,1,SAME,EXPLICIT_OK,DIRECT
yield,136,EQ11075,oee_base_total|anual|linha_grupo/L1_L7,ltp_lth_base|anual|linha/L1_L7,variable,1,SAME,EXPLICIT_OK,DIRECT
yield,136,EQ11075,oee_base_total|anual|linha_grupo/L1_L7,ltp_lth_base|anual|linha/L1_L7,variable,1,SAME,EXPLICIT_OK,DIRECT
yield,136,EQ11075,oee_base_total|anual|linha_grupo/L1_L7,ltp_lth_base|anual|linha/L1_L7,variable,1,SAME,EXPLICIT_OK,DIRECT
yield,136,EQ11075,oee_base_total|anual|linha_grupo/L1_L7,ltp_lth_base|anual|linha/L1_L7,variable,1,SAME,EXPLICIT_OK,DIRECT
yield,136,EQ11075,oee_base_total|anual|linha_grupo/L1_L7,ltp_lth_base|anual|linha/L1_L7,variable,1,SAME,EXPLICIT_OK,DIRECT
yield,136,EQ11075,oee_base_total|anual|linha_grupo/L1_L7,ltp_lth_base|anual|linha/L1_L7,variable,1,SAME,EXPLICIT_OK,DIRECT
yield,136,EQ11075,oee_base_total|anual|linha_grupo/L1_L7,ltp_lth_base|anual|linha/L1_L7,variable,1,SAME,EXPLICIT_OK,DIRECT
yield,137,EQ11076,producao_base_ppt|diário|linha/L1_L7,yield|diário|linha/L1_L7,variable,2,SAME,OWN,DIRECT
yield,137,EQ11076,producao_base_ppt|diário|linha/L1_L7,ltp|diário|linha/L1_L7,variable,2,SAME,OWN,DIRECT
yield,139,EQ11077,producao_base_ppt_grupo|diário|linha_grupo/L1_L3,producao_base_ppt|diário|linha/L1_L7,variable,2,SAME,EXPLICIT_OK,DIRECT
yield,139,EQ11077,producao_base_ppt_grupo|diário|linha_grupo/L1_L3,producao_base_ppt|diário|linha/L1_L7,variable,2,SAME,EXPLICIT_OK,DIRECT
yield,139,EQ11077,producao_base_ppt_grupo|diário|linha_grupo/L1_L3,producao_base_ppt|diário|linha/L1_L7,variable,2,SAME,EXPLICIT_OK,DIRECT
yield,140,EQ11078,producao_base_ppt_grupo|diário|linha_grupo/L4_L5,producao_base_ppt|diário|linha/L1_L7,variable,2,SAME,EXPLICIT_OK,DIRECT
yield,140,EQ11078,producao_base_ppt_grupo|diário|linha_grupo/L4_L5,producao_base_ppt|diário|linha/L1_L7,variable,2,SAME,EXPLICIT_OK,DIRECT
yield,141,EQ11079,producao_base_ppt_grupo|diário|linha_grupo/L6_L7,producao_base_ppt|diário|linha/L1_L7,variable,2,SAME,EXPLICIT_OK,DIRECT
yield,141,EQ11079,producao_base_ppt_grupo|diário|linha_grupo/L6_L7,producao_base_ppt|diário|linha/L1_L7,variable,2,SAME,EXPLICIT_OK,DIRECT
yield,142,EQ11080,producao_base_ppt_total|diário|linha_grupo/L1_L7,producao_base_ppt|diário|linha/L1_L7,variable,2,SAME,EXPLICIT_OK,DIRECT
yield,142,EQ11080,producao_base_ppt_total|diário|linha_grupo/L1_L7,producao_base_ppt|diário|linha/L1_L7,variable,2,SAME,EXPLICIT_OK,DIRECT
yield,142,EQ11080,producao_base_ppt_total|diário|linha_grupo/L1_L7,producao_base_ppt|diário|linha/L1_L7,variable,2,SAME,EXPLICIT_OK,DIRECT
yield,142,EQ11080,producao_base_ppt_total|diário|linha_grupo/L1_L7,producao_base_ppt|diário|linha/L1_L7,variable,2,SAME,EXPLICIT_OK,DIRECT
yield,142,EQ11080,producao_base_ppt_total|diário|linha_grupo/L1_L7,producao_base_ppt|diário|linha/L1_L7,variable,2,SAME,EXPLICIT_OK,DIRECT
yield,142,EQ11080,producao_base_ppt_total|diário|linha_grupo/L1_L7,producao_base_ppt|diário|linha/L1_L7,variable,2,SAME,EXPLICIT_OK,DIRECT
yield,142,EQ11080,producao_base_ppt_total|diário|linha_grupo/L1_L7,producao_base_ppt|diário|linha/L1_L7,variable,2,SAME,EXPLICIT_OK,DIRECT
yield,147,EQ11081,producao_base_ppt_base|anual|linha/L1_L7,yield_base|anual|linha/L1_L7,variable,1,SAME,OWN,DIRECT
yield,147,EQ11081,producao_base_ppt_base|anual|linha/L1_L7,ltp_base|anual|linha/L1_L7,variable,1,SAME,OWN,DIRECT
yield,148,EQ11082,producao_base_ppt_base_grupo|anual|linha_grupo/L1_L3,producao_base_ppt_base|anual|linha/L1_L7,variable,1,SAME,EXPLICIT_OK,DIRECT
yield,148,EQ11082,producao_base_ppt_base_grupo|anual|linha_grupo/L1_L3,producao_base_ppt_base|anual|linha/L1_L7,variable,1,SAME,EXPLICIT_OK,DIRECT
yield,148,EQ11082,producao_base_ppt_base_grupo|anual|linha_grupo/L1_L3,producao_base_ppt_base|anual|linha/L1_L7,variable,1,SAME,EXPLICIT_OK,DIRECT
yield,149,EQ11083,producao_base_ppt_base_grupo|anual|linha_grupo/L4_L5,producao_base_ppt_base|anual|linha/L1_L7,variable,1,SAME,EXPLICIT_OK,DIRECT
yield,149,EQ11083,producao_base_ppt_base_grupo|anual|linha_grupo/L4_L5,producao_base_ppt_base|anual|linha/L1_L7,variable,1,SAME,EXPLICIT_OK,DIRECT
yield,150,EQ11084,producao_base_ppt_base_grupo|anual|linha_grupo/L6_L7,producao_base_ppt_base|anual|linha/L1_L7,variable,1,SAME,EXPLICIT_OK,DIRECT
yield,150,EQ11084,producao_base_ppt_base_grupo|anual|linha_grupo/L6_L7,producao_base_ppt_base|anual|linha/L1_L7,variable,1,SAME,EXPLICIT_OK,DIRECT
yield,151,EQ11085,producao_base_ppt_base_total|anual|linha_grupo/L1_L7,producao_base_ppt_base|anual|linha/L1_L7,variable,1,SAME,EXPLICIT_OK,DIRECT
yield,151,EQ11085,producao_base_ppt_base_total|anual|linha_grupo/L1_L7,producao_base_ppt_base|anual|linha/L1_L7,variable,1,SAME,EXPLICIT_OK,DIRECT
yield,151,EQ11085,producao_base_ppt_base_total|anual|linha_grupo/L1_L7,producao_base_ppt_base|anual|linha/L1_L7,variable,1,SAME,EXPLICIT_OK,DIRECT
yield,151,EQ11085,producao_base_ppt_base_total|anual|linha_grupo/L1_L7,producao_base_ppt_base|anual|linha/L1_L7,variable,1,SAME,EXPLICIT_OK,DIRECT
yield,151,EQ11085,producao_base_ppt_base_total|anual|linha_grupo/L1_L7,producao_base_ppt_base|anual|linha/L1_L7,variable,1,SAME,EXPLICIT_OK,DIRECT
yield,151,EQ11085,producao_base_ppt_base_total|anual|linha_grupo/L1_L7,producao_base_ppt_base|anual|linha/L1_L7,variable,1,SAME,EXPLICIT_OK,DIRECT
yield,151,EQ11085,producao_base_ppt_base_total|anual|linha_grupo/L1_L7,producao_base_ppt_base|anual|linha/L1_L7,variable,1,SAME,EXPLICIT_OK,DIRECT
yield,152,EQ11086,ratio_spent|diário|linha/L1_L7,ratio_spent_base|anual|linha/L1_L7,variable,1,COARSER,OWN,TEMPORAL_FALLBACK_COARSER (válido)
yield,152,EQ11086,ratio_spent|diário|linha/L1_L7,n_ppt|diário|linha/L1_L7,variable,2,SAME,OWN,DIRECT
yield,152,EQ11086,ratio_spent|diário|linha/L1_L7,n_ppt_base|anual|linha/L1_L7,variable,1,COARSER,OWN,TEMPORAL_FALLBACK_COARSER (válido)
yield,152,EQ11086,ratio_spent|diário|linha/L1_L7,eoc_temp|diário|linha/L1_L7,variable,2,SAME,OWN,DIRECT
yield,152,EQ11086,ratio_spent|diário|linha/L1_L7,eoc_temp_base|anual|linha/L1_L7,variable,1,COARSER,OWN,TEMPORAL_FALLBACK_COARSER (válido)
yield,152,EQ11086,ratio_spent|diário|linha/L1_L7,eoc_solids|diário|linha/L1_L7,variable,2,SAME,OWN,DIRECT
yield,152,EQ11086,ratio_spent|diário|linha/L1_L7,eoc_solids_base|anual|linha/L1_L7,variable,1,COARSER,OWN,TEMPORAL_FALLBACK_COARSER (válido)
yield,152,EQ11086,ratio_spent|diário|linha/L1_L7,ltp_tc_base|None|linha/L1_L7,parameter,1,PARAMETER,OWN,DIRECT
yield,152,EQ11086,ratio_spent|diário|linha/L1_L7,ltp_tc|diário|linha/L1_L7,variable,2,SAME,OWN,DIRECT
yield,152,EQ11086,ratio_spent|diário|linha/L1_L7,ltp|diário|linha/L1_L7,variable,2,SAME,OWN,DIRECT
yield,152,EQ11086,ratio_spent|diário|linha/L1_L7,ltp_base|anual|linha/L1_L7,variable,1,COARSER,OWN,TEMPORAL_FALLBACK_COARSER (válido)
yield,152,EQ11086,ratio_spent|diário|linha/L1_L7,ssa_media|diário|linha/L1_L7,variable,2,SAME,OWN,DIRECT
yield,152,EQ11086,ratio_spent|diário|linha/L1_L7,ssa_media_base|anual|linha/L1_L7,variable,1,COARSER,OWN,TEMPORAL_FALLBACK_COARSER (válido)
yield,154,EQ11087,ratio_spent_grupo|diário|linha_grupo/L1_L3,ratio_spent|diário|linha/L1_L7,variable,2,SAME,EXPLICIT_OK,DIRECT
yield,154,EQ11087,ratio_spent_grupo|diário|linha_grupo/L1_L3,ltp|diário|linha/L1_L7,variable,2,SAME,EXPLICIT_OK,DIRECT
yield,154,EQ11087,ratio_spent_grupo|diário|linha_grupo/L1_L3,ratio_spent|diário|linha/L1_L7,variable,2,SAME,EXPLICIT_OK,DIRECT
yield,154,EQ11087,ratio_spent_grupo|diário|linha_grupo/L1_L3,ltp|diário|linha/L1_L7,variable,2,SAME,EXPLICIT_OK,DIRECT
yield,154,EQ11087,ratio_spent_grupo|diário|linha_grupo/L1_L3,ratio_spent|diário|linha/L1_L7,variable,2,SAME,EXPLICIT_OK,DIRECT
yield,154,EQ11087,ratio_spent_grupo|diário|linha_grupo/L1_L3,ltp|diário|linha/L1_L7,variable,2,SAME,EXPLICIT_OK,DIRECT
yield,154,EQ11087,ratio_spent_grupo|diário|linha_grupo/L1_L3,ltp|diário|linha/L1_L7,variable,2,SAME,EXPLICIT_OK,DIRECT
yield,154,EQ11087,ratio_spent_grupo|diário|linha_grupo/L1_L3,ltp|diário|linha/L1_L7,variable,2,SAME,EXPLICIT_OK,DIRECT
yield,154,EQ11087,ratio_spent_grupo|diário|linha_grupo/L1_L3,ltp|diário|linha/L1_L7,variable,2,SAME,EXPLICIT_OK,DIRECT
yield,155,EQ11088,ratio_spent_grupo|diário|linha_grupo/L4_L5,ratio_spent|diário|linha/L1_L7,variable,2,SAME,EXPLICIT_OK,DIRECT
yield,155,EQ11088,ratio_spent_grupo|diário|linha_grupo/L4_L5,ltp|diário|linha/L1_L7,variable,2,SAME,EXPLICIT_OK,DIRECT
yield,155,EQ11088,ratio_spent_grupo|diário|linha_grupo/L4_L5,ratio_spent|diário|linha/L1_L7,variable,2,SAME,EXPLICIT_OK,DIRECT
yield,155,EQ11088,ratio_spent_grupo|diário|linha_grupo/L4_L5,ltp|diário|linha/L1_L7,variable,2,SAME,EXPLICIT_OK,DIRECT
yield,155,EQ11088,ratio_spent_grupo|diário|linha_grupo/L4_L5,ltp|diário|linha/L1_L7,variable,2,SAME,EXPLICIT_OK,DIRECT
yield,155,EQ11088,ratio_spent_grupo|diário|linha_grupo/L4_L5,ltp|diário|linha/L1_L7,variable,2,SAME,EXPLICIT_OK,DIRECT
yield,156,EQ11089,ratio_spent_grupo|diário|linha_grupo/L6_L7,ratio_spent|diário|linha/L1_L7,variable,2,SAME,EXPLICIT_OK,DIRECT
yield,156,EQ11089,ratio_spent_grupo|diário|linha_grupo/L6_L7,ltp|diário|linha/L1_L7,variable,2,SAME,EXPLICIT_OK,DIRECT
yield,156,EQ11089,ratio_spent_grupo|diário|linha_grupo/L6_L7,ratio_spent|diário|linha/L1_L7,variable,2,SAME,EXPLICIT_OK,DIRECT
yield,156,EQ11089,ratio_spent_grupo|diário|linha_grupo/L6_L7,ltp|diário|linha/L1_L7,variable,2,SAME,EXPLICIT_OK,DIRECT
yield,156,EQ11089,ratio_spent_grupo|diário|linha_grupo/L6_L7,ltp|diário|linha/L1_L7,variable,2,SAME,EXPLICIT_OK,DIRECT
yield,156,EQ11089,ratio_spent_grupo|diário|linha_grupo/L6_L7,ltp|diário|linha/L1_L7,variable,2,SAME,EXPLICIT_OK,DIRECT
yield,157,EQ11090,ratio_spent_total|diário|linha_grupo/L1_L7,ratio_spent|diário|linha/L1_L7,variable,2,SAME,EXPLICIT_OK,DIRECT
yield,157,EQ11090,ratio_spent_total|diário|linha_grupo/L1_L7,ltp|diário|linha/L1_L7,variable,2,SAME,EXPLICIT_OK,DIRECT
yield,157,EQ11090,ratio_spent_total|diário|linha_grupo/L1_L7,ratio_spent|diário|linha/L1_L7,variable,2,SAME,EXPLICIT_OK,DIRECT
yield,157,EQ11090,ratio_spent_total|diário|linha_grupo/L1_L7,ltp|diário|linha/L1_L7,variable,2,SAME,EXPLICIT_OK,DIRECT
yield,157,EQ11090,ratio_spent_total|diário|linha_grupo/L1_L7,ratio_spent|diário|linha/L1_L7,variable,2,SAME,EXPLICIT_OK,DIRECT
yield,157,EQ11090,ratio_spent_total|diário|linha_grupo/L1_L7,ltp|diário|linha/L1_L7,variable,2,SAME,EXPLICIT_OK,DIRECT
yield,157,EQ11090,ratio_spent_total|diário|linha_grupo/L1_L7,ratio_spent|diário|linha/L1_L7,variable,2,SAME,EXPLICIT_OK,DIRECT
yield,157,EQ11090,ratio_spent_total|diário|linha_grupo/L1_L7,ltp|diário|linha/L1_L7,variable,2,SAME,EXPLICIT_OK,DIRECT
yield,157,EQ11090,ratio_spent_total|diário|linha_grupo/L1_L7,ratio_spent|diário|linha/L1_L7,variable,2,SAME,EXPLICIT_OK,DIRECT
yield,157,EQ11090,ratio_spent_total|diário|linha_grupo/L1_L7,ltp|diário|linha/L1_L7,variable,2,SAME,EXPLICIT_OK,DIRECT
yield,157,EQ11090,ratio_spent_total|diário|linha_grupo/L1_L7,ratio_spent|diário|linha/L1_L7,variable,2,SAME,EXPLICIT_OK,DIRECT
yield,157,EQ11090,ratio_spent_total|diário|linha_grupo/L1_L7,ltp|diário|linha/L1_L7,variable,2,SAME,EXPLICIT_OK,DIRECT
yield,157,EQ11090,ratio_spent_total|diário|linha_grupo/L1_L7,ratio_spent|diário|linha/L1_L7,variable,2,SAME,EXPLICIT_OK,DIRECT
yield,157,EQ11090,ratio_spent_total|diário|linha_grupo/L1_L7,ltp|diário|linha/L1_L7,variable,2,SAME,EXPLICIT_OK,DIRECT
yield,157,EQ11090,ratio_spent_total|diário|linha_grupo/L1_L7,ltp|diário|linha/L1_L7,variable,2,SAME,EXPLICIT_OK,DIRECT
yield,157,EQ11090,ratio_spent_total|diário|linha_grupo/L1_L7,ltp|diário|linha/L1_L7,variable,2,SAME,EXPLICIT_OK,DIRECT
yield,157,EQ11090,ratio_spent_total|diário|linha_grupo/L1_L7,ltp|diário|linha/L1_L7,variable,2,SAME,EXPLICIT_OK,DIRECT
yield,157,EQ11090,ratio_spent_total|diário|linha_grupo/L1_L7,ltp|diário|linha/L1_L7,variable,2,SAME,EXPLICIT_OK,DIRECT
yield,157,EQ11090,ratio_spent_total|diário|linha_grupo/L1_L7,ltp|diário|linha/L1_L7,variable,2,SAME,EXPLICIT_OK,DIRECT
yield,157,EQ11090,ratio_spent_total|diário|linha_grupo/L1_L7,ltp|diário|linha/L1_L7,variable,2,SAME,EXPLICIT_OK,DIRECT
yield,157,EQ11090,ratio_spent_total|diário|linha_grupo/L1_L7,ltp|diário|linha/L1_L7,variable,2,SAME,EXPLICIT_OK,DIRECT
yield,163,EQ11091,ratio_spent_base_grupo|anual|linha_grupo/L1_L3,ratio_spent_base|anual|linha/L1_L7,variable,1,SAME,EXPLICIT_OK,DIRECT
yield,163,EQ11091,ratio_spent_base_grupo|anual|linha_grupo/L1_L3,ratio_spent_base|anual|linha/L1_L7,variable,1,SAME,EXPLICIT_OK,DIRECT
yield,163,EQ11091,ratio_spent_base_grupo|anual|linha_grupo/L1_L3,ratio_spent_base|anual|linha/L1_L7,variable,1,SAME,EXPLICIT_OK,DIRECT
yield,164,EQ11092,ratio_spent_base_grupo|anual|linha_grupo/L4_L5,ratio_spent_base|anual|linha/L1_L7,variable,1,SAME,EXPLICIT_OK,DIRECT
yield,164,EQ11092,ratio_spent_base_grupo|anual|linha_grupo/L4_L5,ratio_spent_base|anual|linha/L1_L7,variable,1,SAME,EXPLICIT_OK,DIRECT
yield,165,EQ11093,ratio_spent_base_grupo|anual|linha_grupo/L6_L7,ratio_spent_base|anual|linha/L1_L7,variable,1,SAME,EXPLICIT_OK,DIRECT
yield,165,EQ11093,ratio_spent_base_grupo|anual|linha_grupo/L6_L7,ratio_spent_base|anual|linha/L1_L7,variable,1,SAME,EXPLICIT_OK,DIRECT
yield,166,EQ11094,ratio_spent_base_total|anual|linha_grupo/L1_L7,ratio_spent_base|anual|linha/L1_L7,variable,1,SAME,EXPLICIT_OK,DIRECT
yield,166,EQ11094,ratio_spent_base_total|anual|linha_grupo/L1_L7,ssa_sf_base|anual|linha/L1_L7,variable,1,SAME,EXPLICIT_OK,DIRECT
yield,166,EQ11094,ratio_spent_base_total|anual|linha_grupo/L1_L7,ratio_spent_base|anual|linha/L1_L7,variable,1,SAME,EXPLICIT_OK,DIRECT
yield,166,EQ11094,ratio_spent_base_total|anual|linha_grupo/L1_L7,ssa_sf_base|anual|linha/L1_L7,variable,1,SAME,EXPLICIT_OK,DIRECT
yield,166,EQ11094,ratio_spent_base_total|anual|linha_grupo/L1_L7,ratio_spent_base|anual|linha/L1_L7,variable,1,SAME,EXPLICIT_OK,DIRECT
yield,166,EQ11094,ratio_spent_base_total|anual|linha_grupo/L1_L7,ssa_sf_base|anual|linha/L1_L7,variable,1,SAME,EXPLICIT_OK,DIRECT
yield,166,EQ11094,ratio_spent_base_total|anual|linha_grupo/L1_L7,ratio_spent_base|anual|linha/L1_L7,variable,1,SAME,EXPLICIT_OK,DIRECT
yield,166,EQ11094,ratio_spent_base_total|anual|linha_grupo/L1_L7,ssa_sf_base|anual|linha/L1_L7,variable,1,SAME,EXPLICIT_OK,DIRECT
yield,166,EQ11094,ratio_spent_base_total|anual|linha_grupo/L1_L7,ratio_spent_base|anual|linha/L1_L7,variable,1,SAME,EXPLICIT_OK,DIRECT
yield,166,EQ11094,ratio_spent_base_total|anual|linha_grupo/L1_L7,ssa_sf_base|anual|linha/L1_L7,variable,1,SAME,EXPLICIT_OK,DIRECT
yield,166,EQ11094,ratio_spent_base_total|anual|linha_grupo/L1_L7,ratio_spent_base|anual|linha/L1_L7,variable,1,SAME,EXPLICIT_OK,DIRECT
yield,166,EQ11094,ratio_spent_base_total|anual|linha_grupo/L1_L7,ssa_sf_base|anual|linha/L1_L7,variable,1,SAME,EXPLICIT_OK,DIRECT
yield,166,EQ11094,ratio_spent_base_total|anual|linha_grupo/L1_L7,ratio_spent_base|anual|linha/L1_L7,variable,1,SAME,EXPLICIT_OK,DIRECT
yield,166,EQ11094,ratio_spent_base_total|anual|linha_grupo/L1_L7,ssa_sf_base|anual|linha/L1_L7,variable,1,SAME,EXPLICIT_OK,DIRECT
yield,166,EQ11094,ratio_spent_base_total|anual|linha_grupo/L1_L7,ssa_sf_base|anual|linha/L1_L7,variable,1,SAME,EXPLICIT_OK,DIRECT
yield,166,EQ11094,ratio_spent_base_total|anual|linha_grupo/L1_L7,ssa_sf_base|anual|linha/L1_L7,variable,1,SAME,EXPLICIT_OK,DIRECT
yield,166,EQ11094,ratio_spent_base_total|anual|linha_grupo/L1_L7,ssa_sf_base|anual|linha/L1_L7,variable,1,SAME,EXPLICIT_OK,DIRECT
yield,166,EQ11094,ratio_spent_base_total|anual|linha_grupo/L1_L7,ssa_sf_base|anual|linha/L1_L7,variable,1,SAME,EXPLICIT_OK,DIRECT
yield,166,EQ11094,ratio_spent_base_total|anual|linha_grupo/L1_L7,ssa_sf_base|anual|linha/L1_L7,variable,1,SAME,EXPLICIT_OK,DIRECT
yield,166,EQ11094,ratio_spent_base_total|anual|linha_grupo/L1_L7,ssa_sf_base|anual|linha/L1_L7,variable,1,SAME,EXPLICIT_OK,DIRECT
yield,166,EQ11094,ratio_spent_base_total|anual|linha_grupo/L1_L7,ssa_sf_base|anual|linha/L1_L7,variable,1,SAME,EXPLICIT_OK,DIRECT
yield,169,EQ11095,sl_solids_grupo|diário|linha_grupo/L1_L3,sl_solids|diário|linha/L1_L7,variable,2,SAME,EXPLICIT_OK,DIRECT
yield,169,EQ11095,sl_solids_grupo|diário|linha_grupo/L1_L3,sl_solids|diário|linha/L1_L7,variable,2,SAME,EXPLICIT_OK,DIRECT
yield,169,EQ11095,sl_solids_grupo|diário|linha_grupo/L1_L3,sl_solids|diário|linha/L1_L7,variable,2,SAME,EXPLICIT_OK,DIRECT
yield,170,EQ11096,sl_solids_grupo|diário|linha_grupo/L4_L5,sl_solids|diário|linha/L1_L7,variable,2,SAME,EXPLICIT_OK,DIRECT
yield,170,EQ11096,sl_solids_grupo|diário|linha_grupo/L4_L5,sl_solids|diário|linha/L1_L7,variable,2,SAME,EXPLICIT_OK,DIRECT
yield,171,EQ11097,sl_solids_grupo|diário|linha_grupo/L6_L7,sl_solids|diário|linha/L1_L7,variable,2,SAME,EXPLICIT_OK,DIRECT
yield,171,EQ11097,sl_solids_grupo|diário|linha_grupo/L6_L7,sl_solids|diário|linha/L1_L7,variable,2,SAME,EXPLICIT_OK,DIRECT
yield,172,EQ11098,sl_solids_total|diário|linha_grupo/L1_L7,sl_solids|diário|linha/L1_L7,variable,2,SAME,EXPLICIT_OK,DIRECT
yield,172,EQ11098,sl_solids_total|diário|linha_grupo/L1_L7,ratio_spent|diário|linha/L1_L7,variable,2,SAME,EXPLICIT_OK,DIRECT
yield,172,EQ11098,sl_solids_total|diário|linha_grupo/L1_L7,sl_solids|diário|linha/L1_L7,variable,2,SAME,EXPLICIT_OK,DIRECT
yield,172,EQ11098,sl_solids_total|diário|linha_grupo/L1_L7,ratio_spent|diário|linha/L1_L7,variable,2,SAME,EXPLICIT_OK,DIRECT
yield,172,EQ11098,sl_solids_total|diário|linha_grupo/L1_L7,sl_solids|diário|linha/L1_L7,variable,2,SAME,EXPLICIT_OK,DIRECT
yield,172,EQ11098,sl_solids_total|diário|linha_grupo/L1_L7,ratio_spent|diário|linha/L1_L7,variable,2,SAME,EXPLICIT_OK,DIRECT
yield,172,EQ11098,sl_solids_total|diário|linha_grupo/L1_L7,sl_solids|diário|linha/L1_L7,variable,2,SAME,EXPLICIT_OK,DIRECT
yield,172,EQ11098,sl_solids_total|diário|linha_grupo/L1_L7,ratio_spent|diário|linha/L1_L7,variable,2,SAME,EXPLICIT_OK,DIRECT
yield,172,EQ11098,sl_solids_total|diário|linha_grupo/L1_L7,sl_solids|diário|linha/L1_L7,variable,2,SAME,EXPLICIT_OK,DIRECT
yield,172,EQ11098,sl_solids_total|diário|linha_grupo/L1_L7,ratio_spent|diário|linha/L1_L7,variable,2,SAME,EXPLICIT_OK,DIRECT
yield,172,EQ11098,sl_solids_total|diário|linha_grupo/L1_L7,sl_solids|diário|linha/L1_L7,variable,2,SAME,EXPLICIT_OK,DIRECT
yield,172,EQ11098,sl_solids_total|diário|linha_grupo/L1_L7,ratio_spent|diário|linha/L1_L7,variable,2,SAME,EXPLICIT_OK,DIRECT
yield,172,EQ11098,sl_solids_total|diário|linha_grupo/L1_L7,sl_solids|diário|linha/L1_L7,variable,2,SAME,EXPLICIT_OK,DIRECT
yield,172,EQ11098,sl_solids_total|diário|linha_grupo/L1_L7,ratio_spent|diário|linha/L1_L7,variable,2,SAME,EXPLICIT_OK,DIRECT
yield,172,EQ11098,sl_solids_total|diário|linha_grupo/L1_L7,ratio_spent|diário|linha/L1_L7,variable,2,SAME,EXPLICIT_OK,DIRECT
yield,172,EQ11098,sl_solids_total|diário|linha_grupo/L1_L7,ratio_spent|diário|linha/L1_L7,variable,2,SAME,EXPLICIT_OK,DIRECT
yield,172,EQ11098,sl_solids_total|diário|linha_grupo/L1_L7,ratio_spent|diário|linha/L1_L7,variable,2,SAME,EXPLICIT_OK,DIRECT
yield,172,EQ11098,sl_solids_total|diário|linha_grupo/L1_L7,ratio_spent|diário|linha/L1_L7,variable,2,SAME,EXPLICIT_OK,DIRECT
yield,172,EQ11098,sl_solids_total|diário|linha_grupo/L1_L7,ratio_spent|diário|linha/L1_L7,variable,2,SAME,EXPLICIT_OK,DIRECT
yield,172,EQ11098,sl_solids_total|diário|linha_grupo/L1_L7,ratio_spent|diário|linha/L1_L7,variable,2,SAME,EXPLICIT_OK,DIRECT
yield,172,EQ11098,sl_solids_total|diário|linha_grupo/L1_L7,ratio_spent|diário|linha/L1_L7,variable,2,SAME,EXPLICIT_OK,DIRECT
yield,178,EQ11099,sl_solids_base_grupo|anual|linha_grupo/L1_L3,sl_solids_base|anual|linha/L1_L7,variable,1,SAME,EXPLICIT_OK,DIRECT
yield,178,EQ11099,sl_solids_base_grupo|anual|linha_grupo/L1_L3,sl_solids_base|anual|linha/L1_L7,variable,1,SAME,EXPLICIT_OK,DIRECT
yield,178,EQ11099,sl_solids_base_grupo|anual|linha_grupo/L1_L3,sl_solids_base|anual|linha/L1_L7,variable,1,SAME,EXPLICIT_OK,DIRECT
yield,179,EQ11100,sl_solids_base_grupo|anual|linha_grupo/L4_L5,sl_solids_base|anual|linha/L1_L7,variable,1,SAME,EXPLICIT_OK,DIRECT
yield,179,EQ11100,sl_solids_base_grupo|anual|linha_grupo/L4_L5,sl_solids_base|anual|linha/L1_L7,variable,1,SAME,EXPLICIT_OK,DIRECT
yield,180,EQ11101,sl_solids_base_grupo|anual|linha_grupo/L6_L7,sl_solids_base|anual|linha/L1_L7,variable,1,SAME,EXPLICIT_OK,DIRECT
yield,180,EQ11101,sl_solids_base_grupo|anual|linha_grupo/L6_L7,sl_solids_base|anual|linha/L1_L7,variable,1,SAME,EXPLICIT_OK,DIRECT
yield,181,EQ11102,sl_solids_base_total|anual|linha_grupo/L1_L7,sl_solids_base|anual|linha/L1_L7,variable,1,SAME,EXPLICIT_OK,DIRECT
yield,181,EQ11102,sl_solids_base_total|anual|linha_grupo/L1_L7,ratio_spent_base|anual|linha/L1_L7,variable,1,SAME,EXPLICIT_OK,DIRECT
yield,181,EQ11102,sl_solids_base_total|anual|linha_grupo/L1_L7,sl_solids_base|anual|linha/L1_L7,variable,1,SAME,EXPLICIT_OK,DIRECT
yield,181,EQ11102,sl_solids_base_total|anual|linha_grupo/L1_L7,ratio_spent_base|anual|linha/L1_L7,variable,1,SAME,EXPLICIT_OK,DIRECT
yield,181,EQ11102,sl_solids_base_total|anual|linha_grupo/L1_L7,sl_solids_base|anual|linha/L1_L7,variable,1,SAME,EXPLICIT_OK,DIRECT
yield,181,EQ11102,sl_solids_base_total|anual|linha_grupo/L1_L7,ratio_spent_base|anual|linha/L1_L7,variable,1,SAME,EXPLICIT_OK,DIRECT
yield,181,EQ11102,sl_solids_base_total|anual|linha_grupo/L1_L7,sl_solids_base|anual|linha/L1_L7,variable,1,SAME,EXPLICIT_OK,DIRECT
yield,181,EQ11102,sl_solids_base_total|anual|linha_grupo/L1_L7,ratio_spent_base|anual|linha/L1_L7,variable,1,SAME,EXPLICIT_OK,DIRECT
yield,181,EQ11102,sl_solids_base_total|anual|linha_grupo/L1_L7,sl_solids_base|anual|linha/L1_L7,variable,1,SAME,EXPLICIT_OK,DIRECT
yield,181,EQ11102,sl_solids_base_total|anual|linha_grupo/L1_L7,ratio_spent_base|anual|linha/L1_L7,variable,1,SAME,EXPLICIT_OK,DIRECT
yield,181,EQ11102,sl_solids_base_total|anual|linha_grupo/L1_L7,sl_solids_base|anual|linha/L1_L7,variable,1,SAME,EXPLICIT_OK,DIRECT
yield,181,EQ11102,sl_solids_base_total|anual|linha_grupo/L1_L7,ratio_spent_base|anual|linha/L1_L7,variable,1,SAME,EXPLICIT_OK,DIRECT
yield,181,EQ11102,sl_solids_base_total|anual|linha_grupo/L1_L7,sl_solids_base|anual|linha/L1_L7,variable,1,SAME,EXPLICIT_OK,DIRECT
yield,181,EQ11102,sl_solids_base_total|anual|linha_grupo/L1_L7,ratio_spent_base|anual|linha/L1_L7,variable,1,SAME,EXPLICIT_OK,DIRECT
yield,181,EQ11102,sl_solids_base_total|anual|linha_grupo/L1_L7,ratio_spent_base|anual|linha/L1_L7,variable,1,SAME,EXPLICIT_OK,DIRECT
yield,181,EQ11102,sl_solids_base_total|anual|linha_grupo/L1_L7,ratio_spent_base|anual|linha/L1_L7,variable,1,SAME,EXPLICIT_OK,DIRECT
yield,181,EQ11102,sl_solids_base_total|anual|linha_grupo/L1_L7,ratio_spent_base|anual|linha/L1_L7,variable,1,SAME,EXPLICIT_OK,DIRECT
yield,181,EQ11102,sl_solids_base_total|anual|linha_grupo/L1_L7,ratio_spent_base|anual|linha/L1_L7,variable,1,SAME,EXPLICIT_OK,DIRECT
yield,181,EQ11102,sl_solids_base_total|anual|linha_grupo/L1_L7,ratio_spent_base|anual|linha/L1_L7,variable,1,SAME,EXPLICIT_OK,DIRECT
yield,181,EQ11102,sl_solids_base_total|anual|linha_grupo/L1_L7,ratio_spent_base|anual|linha/L1_L7,variable,1,SAME,EXPLICIT_OK,DIRECT
yield,181,EQ11102,sl_solids_base_total|anual|linha_grupo/L1_L7,ratio_spent_base|anual|linha/L1_L7,variable,1,SAME,EXPLICIT_OK,DIRECT
yield,182,EQ11103,ssa_media|diário|linha/L1_L7,ssa_sf|diário|linha/L1_L7,variable,2,SAME,OWN,DIRECT
yield,182,EQ11103,ssa_media|diário|linha/L1_L7,ssa_sg|diário|linha/L1_L7,variable,2,SAME,OWN,DIRECT
yield,184,EQ11104,ssa_media_grupo|diário|linha_grupo/L1_L3,ssa_media|diário|linha/L1_L7,variable,2,SAME,EXPLICIT_OK,DIRECT
yield,184,EQ11104,ssa_media_grupo|diário|linha_grupo/L1_L3,ssa_media|diário|linha/L1_L7,variable,2,SAME,EXPLICIT_OK,DIRECT
yield,184,EQ11104,ssa_media_grupo|diário|linha_grupo/L1_L3,ssa_media|diário|linha/L1_L7,variable,2,SAME,EXPLICIT_OK,DIRECT
yield,185,EQ11105,ssa_media_grupo|diário|linha_grupo/L4_L5,ssa_media|diário|linha/L1_L7,variable,2,SAME,EXPLICIT_OK,DIRECT
yield,185,EQ11105,ssa_media_grupo|diário|linha_grupo/L4_L5,ssa_media|diário|linha/L1_L7,variable,2,SAME,EXPLICIT_OK,DIRECT
yield,186,EQ11106,ssa_media_grupo|diário|linha_grupo/L6_L7,ssa_media|diário|linha/L1_L7,variable,2,SAME,EXPLICIT_OK,DIRECT
yield,186,EQ11106,ssa_media_grupo|diário|linha_grupo/L6_L7,ssa_media|diário|linha/L1_L7,variable,2,SAME,EXPLICIT_OK,DIRECT
yield,187,EQ11107,ssa_media_total|diário|linha_grupo/L1_L7,ssa_media|diário|linha/L1_L7,variable,2,SAME,EXPLICIT_OK,DIRECT
yield,187,EQ11107,ssa_media_total|diário|linha_grupo/L1_L7,n_ppt|diário|linha/L1_L7,variable,2,SAME,EXPLICIT_OK,DIRECT
yield,187,EQ11107,ssa_media_total|diário|linha_grupo/L1_L7,ssa_media|diário|linha/L1_L7,variable,2,SAME,EXPLICIT_OK,DIRECT
yield,187,EQ11107,ssa_media_total|diário|linha_grupo/L1_L7,n_ppt|diário|linha/L1_L7,variable,2,SAME,EXPLICIT_OK,DIRECT
yield,187,EQ11107,ssa_media_total|diário|linha_grupo/L1_L7,ssa_media|diário|linha/L1_L7,variable,2,SAME,EXPLICIT_OK,DIRECT
yield,187,EQ11107,ssa_media_total|diário|linha_grupo/L1_L7,n_ppt|diário|linha/L1_L7,variable,2,SAME,EXPLICIT_OK,DIRECT
yield,187,EQ11107,ssa_media_total|diário|linha_grupo/L1_L7,ssa_media|diário|linha/L1_L7,variable,2,SAME,EXPLICIT_OK,DIRECT
yield,187,EQ11107,ssa_media_total|diário|linha_grupo/L1_L7,n_ppt|diário|linha/L1_L7,variable,2,SAME,EXPLICIT_OK,DIRECT
yield,187,EQ11107,ssa_media_total|diário|linha_grupo/L1_L7,ssa_media|diário|linha/L1_L7,variable,2,SAME,EXPLICIT_OK,DIRECT
yield,187,EQ11107,ssa_media_total|diário|linha_grupo/L1_L7,n_ppt|diário|linha/L1_L7,variable,2,SAME,EXPLICIT_OK,DIRECT
yield,187,EQ11107,ssa_media_total|diário|linha_grupo/L1_L7,ssa_media|diário|linha/L1_L7,variable,2,SAME,EXPLICIT_OK,DIRECT
yield,187,EQ11107,ssa_media_total|diário|linha_grupo/L1_L7,n_ppt|diário|linha/L1_L7,variable,2,SAME,EXPLICIT_OK,DIRECT
yield,187,EQ11107,ssa_media_total|diário|linha_grupo/L1_L7,ssa_media|diário|linha/L1_L7,variable,2,SAME,EXPLICIT_OK,DIRECT
yield,187,EQ11107,ssa_media_total|diário|linha_grupo/L1_L7,n_ppt|diário|linha/L1_L7,variable,2,SAME,EXPLICIT_OK,DIRECT
yield,187,EQ11107,ssa_media_total|diário|linha_grupo/L1_L7,n_ppt|diário|linha/L1_L7,variable,2,SAME,EXPLICIT_OK,DIRECT
yield,187,EQ11107,ssa_media_total|diário|linha_grupo/L1_L7,n_ppt|diário|linha/L1_L7,variable,2,SAME,EXPLICIT_OK,DIRECT
yield,187,EQ11107,ssa_media_total|diário|linha_grupo/L1_L7,n_ppt|diário|linha/L1_L7,variable,2,SAME,EXPLICIT_OK,DIRECT
yield,187,EQ11107,ssa_media_total|diário|linha_grupo/L1_L7,n_ppt|diário|linha/L1_L7,variable,2,SAME,EXPLICIT_OK,DIRECT
yield,187,EQ11107,ssa_media_total|diário|linha_grupo/L1_L7,n_ppt|diário|linha/L1_L7,variable,2,SAME,EXPLICIT_OK,DIRECT
yield,187,EQ11107,ssa_media_total|diário|linha_grupo/L1_L7,n_ppt|diário|linha/L1_L7,variable,2,SAME,EXPLICIT_OK,DIRECT
yield,187,EQ11107,ssa_media_total|diário|linha_grupo/L1_L7,n_ppt|diário|linha/L1_L7,variable,2,SAME,EXPLICIT_OK,DIRECT
yield,192,EQ11108,ssa_media_base|anual|linha/L1_L7,ssa_sf_base|anual|linha/L1_L7,variable,1,SAME,OWN,DIRECT
yield,192,EQ11108,ssa_media_base|anual|linha/L1_L7,ssa_sg_base|anual|linha/L1_L7,variable,1,SAME,OWN,DIRECT
yield,193,EQ11109,ssa_media_base_grupo|anual|linha_grupo/L1_L3,ssa_media_base|anual|linha/L1_L7,variable,1,SAME,EXPLICIT_OK,DIRECT
yield,193,EQ11109,ssa_media_base_grupo|anual|linha_grupo/L1_L3,ssa_media_base|anual|linha/L1_L7,variable,1,SAME,EXPLICIT_OK,DIRECT
yield,193,EQ11109,ssa_media_base_grupo|anual|linha_grupo/L1_L3,ssa_media_base|anual|linha/L1_L7,variable,1,SAME,EXPLICIT_OK,DIRECT
yield,194,EQ11110,ssa_media_base_grupo|anual|linha_grupo/L4_L5,ssa_media_base|anual|linha/L1_L7,variable,1,SAME,EXPLICIT_OK,DIRECT
yield,194,EQ11110,ssa_media_base_grupo|anual|linha_grupo/L4_L5,ssa_media_base|anual|linha/L1_L7,variable,1,SAME,EXPLICIT_OK,DIRECT
yield,195,EQ11111,ssa_media_base_grupo|anual|linha_grupo/L6_L7,ssa_media_base|anual|linha/L1_L7,variable,1,SAME,EXPLICIT_OK,DIRECT
yield,195,EQ11111,ssa_media_base_grupo|anual|linha_grupo/L6_L7,ssa_media_base|anual|linha/L1_L7,variable,1,SAME,EXPLICIT_OK,DIRECT
yield,196,EQ11112,ssa_media_base_total|anual|linha_grupo/L1_L7,ssa_media_base|anual|linha/L1_L7,variable,1,SAME,EXPLICIT_OK,DIRECT
yield,196,EQ11112,ssa_media_base_total|anual|linha_grupo/L1_L7,n_ppt_base|anual|linha/L1_L7,variable,1,SAME,EXPLICIT_OK,DIRECT
yield,196,EQ11112,ssa_media_base_total|anual|linha_grupo/L1_L7,ssa_media_base|anual|linha/L1_L7,variable,1,SAME,EXPLICIT_OK,DIRECT
yield,196,EQ11112,ssa_media_base_total|anual|linha_grupo/L1_L7,n_ppt_base|anual|linha/L1_L7,variable,1,SAME,EXPLICIT_OK,DIRECT
yield,196,EQ11112,ssa_media_base_total|anual|linha_grupo/L1_L7,ssa_media_base|anual|linha/L1_L7,variable,1,SAME,EXPLICIT_OK,DIRECT
yield,196,EQ11112,ssa_media_base_total|anual|linha_grupo/L1_L7,n_ppt_base|anual|linha/L1_L7,variable,1,SAME,EXPLICIT_OK,DIRECT
yield,196,EQ11112,ssa_media_base_total|anual|linha_grupo/L1_L7,ssa_media_base|anual|linha/L1_L7,variable,1,SAME,EXPLICIT_OK,DIRECT
yield,196,EQ11112,ssa_media_base_total|anual|linha_grupo/L1_L7,n_ppt_base|anual|linha/L1_L7,variable,1,SAME,EXPLICIT_OK,DIRECT
yield,196,EQ11112,ssa_media_base_total|anual|linha_grupo/L1_L7,ssa_media_base|anual|linha/L1_L7,variable,1,SAME,EXPLICIT_OK,DIRECT
yield,196,EQ11112,ssa_media_base_total|anual|linha_grupo/L1_L7,n_ppt_base|anual|linha/L1_L7,variable,1,SAME,EXPLICIT_OK,DIRECT
yield,196,EQ11112,ssa_media_base_total|anual|linha_grupo/L1_L7,ssa_media_base|anual|linha/L1_L7,variable,1,SAME,EXPLICIT_OK,DIRECT
yield,196,EQ11112,ssa_media_base_total|anual|linha_grupo/L1_L7,n_ppt_base|anual|linha/L1_L7,variable,1,SAME,EXPLICIT_OK,DIRECT
yield,196,EQ11112,ssa_media_base_total|anual|linha_grupo/L1_L7,ssa_media_base|anual|linha/L1_L7,variable,1,SAME,EXPLICIT_OK,DIRECT
yield,196,EQ11112,ssa_media_base_total|anual|linha_grupo/L1_L7,n_ppt_base|anual|linha/L1_L7,variable,1,SAME,EXPLICIT_OK,DIRECT
yield,196,EQ11112,ssa_media_base_total|anual|linha_grupo/L1_L7,n_ppt_base|anual|linha/L1_L7,variable,1,SAME,EXPLICIT_OK,DIRECT
yield,196,EQ11112,ssa_media_base_total|anual|linha_grupo/L1_L7,n_ppt_base|anual|linha/L1_L7,variable,1,SAME,EXPLICIT_OK,DIRECT
yield,196,EQ11112,ssa_media_base_total|anual|linha_grupo/L1_L7,n_ppt_base|anual|linha/L1_L7,variable,1,SAME,EXPLICIT_OK,DIRECT
yield,196,EQ11112,ssa_media_base_total|anual|linha_grupo/L1_L7,n_ppt_base|anual|linha/L1_L7,variable,1,SAME,EXPLICIT_OK,DIRECT
yield,196,EQ11112,ssa_media_base_total|anual|linha_grupo/L1_L7,n_ppt_base|anual|linha/L1_L7,variable,1,SAME,EXPLICIT_OK,DIRECT
yield,196,EQ11112,ssa_media_base_total|anual|linha_grupo/L1_L7,n_ppt_base|anual|linha/L1_L7,variable,1,SAME,EXPLICIT_OK,DIRECT
yield,196,EQ11112,ssa_media_base_total|anual|linha_grupo/L1_L7,n_ppt_base|anual|linha/L1_L7,variable,1,SAME,EXPLICIT_OK,DIRECT
yield,199,EQ11113,ssa_sf_grupo|diário|linha_grupo/L1_L3,ssa_sf|diário|linha/L1_L7,variable,2,SAME,EXPLICIT_OK,DIRECT
yield,199,EQ11113,ssa_sf_grupo|diário|linha_grupo/L1_L3,ssa_sf|diário|linha/L1_L7,variable,2,SAME,EXPLICIT_OK,DIRECT
yield,199,EQ11113,ssa_sf_grupo|diário|linha_grupo/L1_L3,ssa_sf|diário|linha/L1_L7,variable,2,SAME,EXPLICIT_OK,DIRECT
yield,200,EQ11114,ssa_sf_grupo|diário|linha_grupo/L4_L5,ssa_sf|diário|linha/L1_L7,variable,2,SAME,EXPLICIT_OK,DIRECT
yield,200,EQ11114,ssa_sf_grupo|diário|linha_grupo/L4_L5,ssa_sf|diário|linha/L1_L7,variable,2,SAME,EXPLICIT_OK,DIRECT
yield,201,EQ11115,ssa_sf_grupo|diário|linha_grupo/L6_L7,ssa_sf|diário|linha/L1_L7,variable,2,SAME,EXPLICIT_OK,DIRECT
yield,201,EQ11115,ssa_sf_grupo|diário|linha_grupo/L6_L7,ssa_sf|diário|linha/L1_L7,variable,2,SAME,EXPLICIT_OK,DIRECT
yield,202,EQ11116,ssa_sf_total|diário|linha_grupo/L1_L7,ssa_sf|diário|linha/L1_L7,variable,2,SAME,EXPLICIT_OK,DIRECT
yield,202,EQ11116,ssa_sf_total|diário|linha_grupo/L1_L7,ssa_sg|diário|linha/L1_L7,variable,2,SAME,EXPLICIT_OK,DIRECT
yield,202,EQ11116,ssa_sf_total|diário|linha_grupo/L1_L7,ssa_sf|diário|linha/L1_L7,variable,2,SAME,EXPLICIT_OK,DIRECT
yield,202,EQ11116,ssa_sf_total|diário|linha_grupo/L1_L7,ssa_sg|diário|linha/L1_L7,variable,2,SAME,EXPLICIT_OK,DIRECT
yield,202,EQ11116,ssa_sf_total|diário|linha_grupo/L1_L7,ssa_sf|diário|linha/L1_L7,variable,2,SAME,EXPLICIT_OK,DIRECT
yield,202,EQ11116,ssa_sf_total|diário|linha_grupo/L1_L7,ssa_sg|diário|linha/L1_L7,variable,2,SAME,EXPLICIT_OK,DIRECT
yield,202,EQ11116,ssa_sf_total|diário|linha_grupo/L1_L7,ssa_sf|diário|linha/L1_L7,variable,2,SAME,EXPLICIT_OK,DIRECT
yield,202,EQ11116,ssa_sf_total|diário|linha_grupo/L1_L7,ssa_sg|diário|linha/L1_L7,variable,2,SAME,EXPLICIT_OK,DIRECT
yield,202,EQ11116,ssa_sf_total|diário|linha_grupo/L1_L7,ssa_sf|diário|linha/L1_L7,variable,2,SAME,EXPLICIT_OK,DIRECT
yield,202,EQ11116,ssa_sf_total|diário|linha_grupo/L1_L7,ssa_sg|diário|linha/L1_L7,variable,2,SAME,EXPLICIT_OK,DIRECT
yield,202,EQ11116,ssa_sf_total|diário|linha_grupo/L1_L7,ssa_sf|diário|linha/L1_L7,variable,2,SAME,EXPLICIT_OK,DIRECT
yield,202,EQ11116,ssa_sf_total|diário|linha_grupo/L1_L7,ssa_sg|diário|linha/L1_L7,variable,2,SAME,EXPLICIT_OK,DIRECT
yield,202,EQ11116,ssa_sf_total|diário|linha_grupo/L1_L7,ssa_sf|diário|linha/L1_L7,variable,2,SAME,EXPLICIT_OK,DIRECT
yield,202,EQ11116,ssa_sf_total|diário|linha_grupo/L1_L7,ssa_sg|diário|linha/L1_L7,variable,2,SAME,EXPLICIT_OK,DIRECT
yield,202,EQ11116,ssa_sf_total|diário|linha_grupo/L1_L7,ssa_sg|diário|linha/L1_L7,variable,2,SAME,EXPLICIT_OK,DIRECT
yield,202,EQ11116,ssa_sf_total|diário|linha_grupo/L1_L7,ssa_sg|diário|linha/L1_L7,variable,2,SAME,EXPLICIT_OK,DIRECT
yield,202,EQ11116,ssa_sf_total|diário|linha_grupo/L1_L7,ssa_sg|diário|linha/L1_L7,variable,2,SAME,EXPLICIT_OK,DIRECT
yield,202,EQ11116,ssa_sf_total|diário|linha_grupo/L1_L7,ssa_sg|diário|linha/L1_L7,variable,2,SAME,EXPLICIT_OK,DIRECT
yield,202,EQ11116,ssa_sf_total|diário|linha_grupo/L1_L7,ssa_sg|diário|linha/L1_L7,variable,2,SAME,EXPLICIT_OK,DIRECT
yield,202,EQ11116,ssa_sf_total|diário|linha_grupo/L1_L7,ssa_sg|diário|linha/L1_L7,variable,2,SAME,EXPLICIT_OK,DIRECT
yield,202,EQ11116,ssa_sf_total|diário|linha_grupo/L1_L7,ssa_sg|diário|linha/L1_L7,variable,2,SAME,EXPLICIT_OK,DIRECT
yield,208,EQ11117,ssa_sf_base_grupo|anual|linha_grupo/L1_L3,ssa_sf_base|anual|linha/L1_L7,variable,1,SAME,EXPLICIT_OK,DIRECT
yield,208,EQ11117,ssa_sf_base_grupo|anual|linha_grupo/L1_L3,ssa_sf_base|anual|linha/L1_L7,variable,1,SAME,EXPLICIT_OK,DIRECT
yield,208,EQ11117,ssa_sf_base_grupo|anual|linha_grupo/L1_L3,ssa_sf_base|anual|linha/L1_L7,variable,1,SAME,EXPLICIT_OK,DIRECT
yield,209,EQ11118,ssa_sf_base_grupo|anual|linha_grupo/L4_L5,ssa_sf_base|anual|linha/L1_L7,variable,1,SAME,EXPLICIT_OK,DIRECT
yield,209,EQ11118,ssa_sf_base_grupo|anual|linha_grupo/L4_L5,ssa_sf_base|anual|linha/L1_L7,variable,1,SAME,EXPLICIT_OK,DIRECT
yield,210,EQ11119,ssa_sf_base_grupo|anual|linha_grupo/L6_L7,ssa_sf_base|anual|linha/L1_L7,variable,1,SAME,EXPLICIT_OK,DIRECT
yield,210,EQ11119,ssa_sf_base_grupo|anual|linha_grupo/L6_L7,ssa_sf_base|anual|linha/L1_L7,variable,1,SAME,EXPLICIT_OK,DIRECT
yield,211,EQ11120,ssa_sf_base_total|anual|linha_grupo/L1_L7,ssa_sf_base|anual|linha/L1_L7,variable,1,SAME,EXPLICIT_OK,DIRECT
yield,211,EQ11120,ssa_sf_base_total|anual|linha_grupo/L1_L7,ssa_sg_base|anual|linha/L1_L7,variable,1,SAME,EXPLICIT_OK,DIRECT
yield,211,EQ11120,ssa_sf_base_total|anual|linha_grupo/L1_L7,ssa_sf_base|anual|linha/L1_L7,variable,1,SAME,EXPLICIT_OK,DIRECT
yield,211,EQ11120,ssa_sf_base_total|anual|linha_grupo/L1_L7,ssa_sg_base|anual|linha/L1_L7,variable,1,SAME,EXPLICIT_OK,DIRECT
yield,211,EQ11120,ssa_sf_base_total|anual|linha_grupo/L1_L7,ssa_sf_base|anual|linha/L1_L7,variable,1,SAME,EXPLICIT_OK,DIRECT
yield,211,EQ11120,ssa_sf_base_total|anual|linha_grupo/L1_L7,ssa_sg_base|anual|linha/L1_L7,variable,1,SAME,EXPLICIT_OK,DIRECT
yield,211,EQ11120,ssa_sf_base_total|anual|linha_grupo/L1_L7,ssa_sf_base|anual|linha/L1_L7,variable,1,SAME,EXPLICIT_OK,DIRECT
yield,211,EQ11120,ssa_sf_base_total|anual|linha_grupo/L1_L7,ssa_sg_base|anual|linha/L1_L7,variable,1,SAME,EXPLICIT_OK,DIRECT
yield,211,EQ11120,ssa_sf_base_total|anual|linha_grupo/L1_L7,ssa_sf_base|anual|linha/L1_L7,variable,1,SAME,EXPLICIT_OK,DIRECT
yield,211,EQ11120,ssa_sf_base_total|anual|linha_grupo/L1_L7,ssa_sg_base|anual|linha/L1_L7,variable,1,SAME,EXPLICIT_OK,DIRECT
yield,211,EQ11120,ssa_sf_base_total|anual|linha_grupo/L1_L7,ssa_sf_base|anual|linha/L1_L7,variable,1,SAME,EXPLICIT_OK,DIRECT
yield,211,EQ11120,ssa_sf_base_total|anual|linha_grupo/L1_L7,ssa_sg_base|anual|linha/L1_L7,variable,1,SAME,EXPLICIT_OK,DIRECT
yield,211,EQ11120,ssa_sf_base_total|anual|linha_grupo/L1_L7,ssa_sf_base|anual|linha/L1_L7,variable,1,SAME,EXPLICIT_OK,DIRECT
yield,211,EQ11120,ssa_sf_base_total|anual|linha_grupo/L1_L7,ssa_sg_base|anual|linha/L1_L7,variable,1,SAME,EXPLICIT_OK,DIRECT
yield,211,EQ11120,ssa_sf_base_total|anual|linha_grupo/L1_L7,ssa_sg_base|anual|linha/L1_L7,variable,1,SAME,EXPLICIT_OK,DIRECT
yield,211,EQ11120,ssa_sf_base_total|anual|linha_grupo/L1_L7,ssa_sg_base|anual|linha/L1_L7,variable,1,SAME,EXPLICIT_OK,DIRECT
yield,211,EQ11120,ssa_sf_base_total|anual|linha_grupo/L1_L7,ssa_sg_base|anual|linha/L1_L7,variable,1,SAME,EXPLICIT_OK,DIRECT
yield,211,EQ11120,ssa_sf_base_total|anual|linha_grupo/L1_L7,ssa_sg_base|anual|linha/L1_L7,variable,1,SAME,EXPLICIT_OK,DIRECT
yield,211,EQ11120,ssa_sf_base_total|anual|linha_grupo/L1_L7,ssa_sg_base|anual|linha/L1_L7,variable,1,SAME,EXPLICIT_OK,DIRECT
yield,211,EQ11120,ssa_sf_base_total|anual|linha_grupo/L1_L7,ssa_sg_base|anual|linha/L1_L7,variable,1,SAME,EXPLICIT_OK,DIRECT
yield,211,EQ11120,ssa_sf_base_total|anual|linha_grupo/L1_L7,ssa_sg_base|anual|linha/L1_L7,variable,1,SAME,EXPLICIT_OK,DIRECT
yield,214,EQ11121,ssa_sg_grupo|diário|linha_grupo/L1_L3,ssa_sg|diário|linha/L1_L7,variable,2,SAME,EXPLICIT_OK,DIRECT
yield,214,EQ11121,ssa_sg_grupo|diário|linha_grupo/L1_L3,ssa_sg|diário|linha/L1_L7,variable,2,SAME,EXPLICIT_OK,DIRECT
yield,214,EQ11121,ssa_sg_grupo|diário|linha_grupo/L1_L3,ssa_sg|diário|linha/L1_L7,variable,2,SAME,EXPLICIT_OK,DIRECT
yield,215,EQ11122,ssa_sg_grupo|diário|linha_grupo/L4_L5,ssa_sg|diário|linha/L1_L7,variable,2,SAME,EXPLICIT_OK,DIRECT
yield,215,EQ11122,ssa_sg_grupo|diário|linha_grupo/L4_L5,ssa_sg|diário|linha/L1_L7,variable,2,SAME,EXPLICIT_OK,DIRECT
yield,216,EQ11123,ssa_sg_grupo|diário|linha_grupo/L6_L7,ssa_sg|diário|linha/L1_L7,variable,2,SAME,EXPLICIT_OK,DIRECT
yield,216,EQ11123,ssa_sg_grupo|diário|linha_grupo/L6_L7,ssa_sg|diário|linha/L1_L7,variable,2,SAME,EXPLICIT_OK,DIRECT
yield,217,EQ11124,ssa_sg_total|diário|linha_grupo/L1_L7,ssa_sg|diário|linha/L1_L7,variable,2,SAME,EXPLICIT_OK,DIRECT
yield,217,EQ11124,ssa_sg_total|diário|linha_grupo/L1_L7,ssa_media|diário|linha/L1_L7,variable,2,SAME,EXPLICIT_OK,DIRECT
yield,217,EQ11124,ssa_sg_total|diário|linha_grupo/L1_L7,ssa_sg|diário|linha/L1_L7,variable,2,SAME,EXPLICIT_OK,DIRECT
yield,217,EQ11124,ssa_sg_total|diário|linha_grupo/L1_L7,ssa_media|diário|linha/L1_L7,variable,2,SAME,EXPLICIT_OK,DIRECT
yield,217,EQ11124,ssa_sg_total|diário|linha_grupo/L1_L7,ssa_sg|diário|linha/L1_L7,variable,2,SAME,EXPLICIT_OK,DIRECT
yield,217,EQ11124,ssa_sg_total|diário|linha_grupo/L1_L7,ssa_media|diário|linha/L1_L7,variable,2,SAME,EXPLICIT_OK,DIRECT
yield,217,EQ11124,ssa_sg_total|diário|linha_grupo/L1_L7,ssa_sg|diário|linha/L1_L7,variable,2,SAME,EXPLICIT_OK,DIRECT
yield,217,EQ11124,ssa_sg_total|diário|linha_grupo/L1_L7,ssa_media|diário|linha/L1_L7,variable,2,SAME,EXPLICIT_OK,DIRECT
yield,217,EQ11124,ssa_sg_total|diário|linha_grupo/L1_L7,ssa_sg|diário|linha/L1_L7,variable,2,SAME,EXPLICIT_OK,DIRECT
yield,217,EQ11124,ssa_sg_total|diário|linha_grupo/L1_L7,ssa_media|diário|linha/L1_L7,variable,2,SAME,EXPLICIT_OK,DIRECT
yield,217,EQ11124,ssa_sg_total|diário|linha_grupo/L1_L7,ssa_sg|diário|linha/L1_L7,variable,2,SAME,EXPLICIT_OK,DIRECT
yield,217,EQ11124,ssa_sg_total|diário|linha_grupo/L1_L7,ssa_media|diário|linha/L1_L7,variable,2,SAME,EXPLICIT_OK,DIRECT
yield,217,EQ11124,ssa_sg_total|diário|linha_grupo/L1_L7,ssa_sg|diário|linha/L1_L7,variable,2,SAME,EXPLICIT_OK,DIRECT
yield,217,EQ11124,ssa_sg_total|diário|linha_grupo/L1_L7,ssa_media|diário|linha/L1_L7,variable,2,SAME,EXPLICIT_OK,DIRECT
yield,217,EQ11124,ssa_sg_total|diário|linha_grupo/L1_L7,ssa_media|diário|linha/L1_L7,variable,2,SAME,EXPLICIT_OK,DIRECT
yield,217,EQ11124,ssa_sg_total|diário|linha_grupo/L1_L7,ssa_media|diário|linha/L1_L7,variable,2,SAME,EXPLICIT_OK,DIRECT
yield,217,EQ11124,ssa_sg_total|diário|linha_grupo/L1_L7,ssa_media|diário|linha/L1_L7,variable,2,SAME,EXPLICIT_OK,DIRECT
yield,217,EQ11124,ssa_sg_total|diário|linha_grupo/L1_L7,ssa_media|diário|linha/L1_L7,variable,2,SAME,EXPLICIT_OK,DIRECT
yield,217,EQ11124,ssa_sg_total|diário|linha_grupo/L1_L7,ssa_media|diário|linha/L1_L7,variable,2,SAME,EXPLICIT_OK,DIRECT
yield,217,EQ11124,ssa_sg_total|diário|linha_grupo/L1_L7,ssa_media|diário|linha/L1_L7,variable,2,SAME,EXPLICIT_OK,DIRECT
yield,217,EQ11124,ssa_sg_total|diário|linha_grupo/L1_L7,ssa_media|diário|linha/L1_L7,variable,2,SAME,EXPLICIT_OK,DIRECT
yield,223,EQ11125,ssa_sg_base_grupo|anual|linha_grupo/L1_L3,ssa_sg_base|anual|linha/L1_L7,variable,1,SAME,EXPLICIT_OK,DIRECT
yield,223,EQ11125,ssa_sg_base_grupo|anual|linha_grupo/L1_L3,ssa_sg_base|anual|linha/L1_L7,variable,1,SAME,EXPLICIT_OK,DIRECT
yield,223,EQ11125,ssa_sg_base_grupo|anual|linha_grupo/L1_L3,ssa_sg_base|anual|linha/L1_L7,variable,1,SAME,EXPLICIT_OK,DIRECT
yield,224,EQ11126,ssa_sg_base_grupo|anual|linha_grupo/L4_L5,ssa_sg_base|anual|linha/L1_L7,variable,1,SAME,EXPLICIT_OK,DIRECT
yield,224,EQ11126,ssa_sg_base_grupo|anual|linha_grupo/L4_L5,ssa_sg_base|anual|linha/L1_L7,variable,1,SAME,EXPLICIT_OK,DIRECT
yield,225,EQ11127,ssa_sg_base_grupo|anual|linha_grupo/L6_L7,ssa_sg_base|anual|linha/L1_L7,variable,1,SAME,EXPLICIT_OK,DIRECT
yield,225,EQ11127,ssa_sg_base_grupo|anual|linha_grupo/L6_L7,ssa_sg_base|anual|linha/L1_L7,variable,1,SAME,EXPLICIT_OK,DIRECT
yield,226,EQ11128,ssa_sg_base_total|anual|linha_grupo/L1_L7,ssa_sg_base|anual|linha/L1_L7,variable,1,SAME,EXPLICIT_OK,DIRECT
yield,226,EQ11128,ssa_sg_base_total|anual|linha_grupo/L1_L7,ssa_media_base|anual|linha/L1_L7,variable,1,SAME,EXPLICIT_OK,DIRECT
yield,226,EQ11128,ssa_sg_base_total|anual|linha_grupo/L1_L7,ssa_sg_base|anual|linha/L1_L7,variable,1,SAME,EXPLICIT_OK,DIRECT
yield,226,EQ11128,ssa_sg_base_total|anual|linha_grupo/L1_L7,ssa_media_base|anual|linha/L1_L7,variable,1,SAME,EXPLICIT_OK,DIRECT
yield,226,EQ11128,ssa_sg_base_total|anual|linha_grupo/L1_L7,ssa_sg_base|anual|linha/L1_L7,variable,1,SAME,EXPLICIT_OK,DIRECT
yield,226,EQ11128,ssa_sg_base_total|anual|linha_grupo/L1_L7,ssa_media_base|anual|linha/L1_L7,variable,1,SAME,EXPLICIT_OK,DIRECT
yield,226,EQ11128,ssa_sg_base_total|anual|linha_grupo/L1_L7,ssa_sg_base|anual|linha/L1_L7,variable,1,SAME,EXPLICIT_OK,DIRECT
yield,226,EQ11128,ssa_sg_base_total|anual|linha_grupo/L1_L7,ssa_media_base|anual|linha/L1_L7,variable,1,SAME,EXPLICIT_OK,DIRECT
yield,226,EQ11128,ssa_sg_base_total|anual|linha_grupo/L1_L7,ssa_sg_base|anual|linha/L1_L7,variable,1,SAME,EXPLICIT_OK,DIRECT
yield,226,EQ11128,ssa_sg_base_total|anual|linha_grupo/L1_L7,ssa_media_base|anual|linha/L1_L7,variable,1,SAME,EXPLICIT_OK,DIRECT
yield,226,EQ11128,ssa_sg_base_total|anual|linha_grupo/L1_L7,ssa_sg_base|anual|linha/L1_L7,variable,1,SAME,EXPLICIT_OK,DIRECT
yield,226,EQ11128,ssa_sg_base_total|anual|linha_grupo/L1_L7,ssa_media_base|anual|linha/L1_L7,variable,1,SAME,EXPLICIT_OK,DIRECT
yield,226,EQ11128,ssa_sg_base_total|anual|linha_grupo/L1_L7,ssa_sg_base|anual|linha/L1_L7,variable,1,SAME,EXPLICIT_OK,DIRECT
yield,226,EQ11128,ssa_sg_base_total|anual|linha_grupo/L1_L7,ssa_media_base|anual|linha/L1_L7,variable,1,SAME,EXPLICIT_OK,DIRECT
yield,226,EQ11128,ssa_sg_base_total|anual|linha_grupo/L1_L7,ssa_media_base|anual|linha/L1_L7,variable,1,SAME,EXPLICIT_OK,DIRECT
yield,226,EQ11128,ssa_sg_base_total|anual|linha_grupo/L1_L7,ssa_media_base|anual|linha/L1_L7,variable,1,SAME,EXPLICIT_OK,DIRECT
yield,226,EQ11128,ssa_sg_base_total|anual|linha_grupo/L1_L7,ssa_media_base|anual|linha/L1_L7,variable,1,SAME,EXPLICIT_OK,DIRECT
yield,226,EQ11128,ssa_sg_base_total|anual|linha_grupo/L1_L7,ssa_media_base|anual|linha/L1_L7,variable,1,SAME,EXPLICIT_OK,DIRECT
yield,226,EQ11128,ssa_sg_base_total|anual|linha_grupo/L1_L7,ssa_media_base|anual|linha/L1_L7,variable,1,SAME,EXPLICIT_OK,DIRECT
yield,226,EQ11128,ssa_sg_base_total|anual|linha_grupo/L1_L7,ssa_media_base|anual|linha/L1_L7,variable,1,SAME,EXPLICIT_OK,DIRECT
yield,226,EQ11128,ssa_sg_base_total|anual|linha_grupo/L1_L7,ssa_media_base|anual|linha/L1_L7,variable,1,SAME,EXPLICIT_OK,DIRECT
yield,241,EQ11129,yield|diário|linha/L1_L7,ltp_a_c|diário|linha/L1_L7,variable,2,SAME,OWN,DIRECT
yield,241,EQ11129,yield|diário|linha/L1_L7,ratio_spent|diário|linha/L1_L7,variable,2,SAME,OWN,DIRECT
yield,241,EQ11129,yield|diário|linha/L1_L7,ltp_tc|diário|linha/L1_L7,variable,2,SAME,OWN,DIRECT
yield,241,EQ11129,yield|diário|linha/L1_L7,sl_solids|diário|linha/L1_L7,variable,2,SAME,OWN,DIRECT
yield,243,EQ11130,yield_grupo|diário|linha_grupo/L1_L3,yield|diário|linha/L1_L7,variable,2,SAME,EXPLICIT_OK,DIRECT
yield,243,EQ11130,yield_grupo|diário|linha_grupo/L1_L3,ltp|diário|linha/L1_L7,variable,2,SAME,EXPLICIT_OK,DIRECT
yield,243,EQ11130,yield_grupo|diário|linha_grupo/L1_L3,yield|diário|linha/L1_L7,variable,2,SAME,EXPLICIT_OK,DIRECT
yield,243,EQ11130,yield_grupo|diário|linha_grupo/L1_L3,ltp|diário|linha/L1_L7,variable,2,SAME,EXPLICIT_OK,DIRECT
yield,243,EQ11130,yield_grupo|diário|linha_grupo/L1_L3,yield|diário|linha/L1_L7,variable,2,SAME,EXPLICIT_OK,DIRECT
yield,243,EQ11130,yield_grupo|diário|linha_grupo/L1_L3,ltp|diário|linha/L1_L7,variable,2,SAME,EXPLICIT_OK,DIRECT
yield,243,EQ11130,yield_grupo|diário|linha_grupo/L1_L3,ltp|diário|linha/L1_L7,variable,2,SAME,EXPLICIT_OK,DIRECT
yield,243,EQ11130,yield_grupo|diário|linha_grupo/L1_L3,ltp|diário|linha/L1_L7,variable,2,SAME,EXPLICIT_OK,DIRECT
yield,243,EQ11130,yield_grupo|diário|linha_grupo/L1_L3,ltp|diário|linha/L1_L7,variable,2,SAME,EXPLICIT_OK,DIRECT
yield,244,EQ11131,yield_grupo|diário|linha_grupo/L4_L5,yield|diário|linha/L1_L7,variable,2,SAME,EXPLICIT_OK,DIRECT
yield,244,EQ11131,yield_grupo|diário|linha_grupo/L4_L5,ltp|diário|linha/L1_L7,variable,2,SAME,EXPLICIT_OK,DIRECT
yield,244,EQ11131,yield_grupo|diário|linha_grupo/L4_L5,yield|diário|linha/L1_L7,variable,2,SAME,EXPLICIT_OK,DIRECT
yield,244,EQ11131,yield_grupo|diário|linha_grupo/L4_L5,ltp|diário|linha/L1_L7,variable,2,SAME,EXPLICIT_OK,DIRECT
yield,244,EQ11131,yield_grupo|diário|linha_grupo/L4_L5,ltp|diário|linha/L1_L7,variable,2,SAME,EXPLICIT_OK,DIRECT
yield,244,EQ11131,yield_grupo|diário|linha_grupo/L4_L5,ltp|diário|linha/L1_L7,variable,2,SAME,EXPLICIT_OK,DIRECT
yield,245,EQ11132,yield_grupo|diário|linha_grupo/L6_L7,yield|diário|linha/L1_L7,variable,2,SAME,EXPLICIT_OK,DIRECT
yield,245,EQ11132,yield_grupo|diário|linha_grupo/L6_L7,ltp|diário|linha/L1_L7,variable,2,SAME,EXPLICIT_OK,DIRECT
yield,245,EQ11132,yield_grupo|diário|linha_grupo/L6_L7,yield|diário|linha/L1_L7,variable,2,SAME,EXPLICIT_OK,DIRECT
yield,245,EQ11132,yield_grupo|diário|linha_grupo/L6_L7,ltp|diário|linha/L1_L7,variable,2,SAME,EXPLICIT_OK,DIRECT
yield,245,EQ11132,yield_grupo|diário|linha_grupo/L6_L7,ltp|diário|linha/L1_L7,variable,2,SAME,EXPLICIT_OK,DIRECT
yield,245,EQ11132,yield_grupo|diário|linha_grupo/L6_L7,ltp|diário|linha/L1_L7,variable,2,SAME,EXPLICIT_OK,DIRECT
yield,246,EQ11133,yield_total|diário|linha_grupo/L1_L7,yield|diário|linha/L1_L7,variable,2,SAME,EXPLICIT_OK,DIRECT
yield,246,EQ11133,yield_total|diário|linha_grupo/L1_L7,ltp|diário|linha/L1_L7,variable,2,SAME,EXPLICIT_OK,DIRECT
yield,246,EQ11133,yield_total|diário|linha_grupo/L1_L7,yield|diário|linha/L1_L7,variable,2,SAME,EXPLICIT_OK,DIRECT
yield,246,EQ11133,yield_total|diário|linha_grupo/L1_L7,ltp|diário|linha/L1_L7,variable,2,SAME,EXPLICIT_OK,DIRECT
yield,246,EQ11133,yield_total|diário|linha_grupo/L1_L7,yield|diário|linha/L1_L7,variable,2,SAME,EXPLICIT_OK,DIRECT
yield,246,EQ11133,yield_total|diário|linha_grupo/L1_L7,ltp|diário|linha/L1_L7,variable,2,SAME,EXPLICIT_OK,DIRECT
yield,246,EQ11133,yield_total|diário|linha_grupo/L1_L7,yield|diário|linha/L1_L7,variable,2,SAME,EXPLICIT_OK,DIRECT
yield,246,EQ11133,yield_total|diário|linha_grupo/L1_L7,ltp|diário|linha/L1_L7,variable,2,SAME,EXPLICIT_OK,DIRECT
yield,246,EQ11133,yield_total|diário|linha_grupo/L1_L7,yield|diário|linha/L1_L7,variable,2,SAME,EXPLICIT_OK,DIRECT
yield,246,EQ11133,yield_total|diário|linha_grupo/L1_L7,ltp|diário|linha/L1_L7,variable,2,SAME,EXPLICIT_OK,DIRECT
yield,246,EQ11133,yield_total|diário|linha_grupo/L1_L7,yield|diário|linha/L1_L7,variable,2,SAME,EXPLICIT_OK,DIRECT
yield,246,EQ11133,yield_total|diário|linha_grupo/L1_L7,ltp|diário|linha/L1_L7,variable,2,SAME,EXPLICIT_OK,DIRECT
yield,246,EQ11133,yield_total|diário|linha_grupo/L1_L7,yield|diário|linha/L1_L7,variable,2,SAME,EXPLICIT_OK,DIRECT
yield,246,EQ11133,yield_total|diário|linha_grupo/L1_L7,ltp|diário|linha/L1_L7,variable,2,SAME,EXPLICIT_OK,DIRECT
yield,246,EQ11133,yield_total|diário|linha_grupo/L1_L7,ltp|diário|linha/L1_L7,variable,2,SAME,EXPLICIT_OK,DIRECT
yield,246,EQ11133,yield_total|diário|linha_grupo/L1_L7,ltp|diário|linha/L1_L7,variable,2,SAME,EXPLICIT_OK,DIRECT
yield,246,EQ11133,yield_total|diário|linha_grupo/L1_L7,ltp|diário|linha/L1_L7,variable,2,SAME,EXPLICIT_OK,DIRECT
yield,246,EQ11133,yield_total|diário|linha_grupo/L1_L7,ltp|diário|linha/L1_L7,variable,2,SAME,EXPLICIT_OK,DIRECT
yield,246,EQ11133,yield_total|diário|linha_grupo/L1_L7,ltp|diário|linha/L1_L7,variable,2,SAME,EXPLICIT_OK,DIRECT
yield,246,EQ11133,yield_total|diário|linha_grupo/L1_L7,ltp|diário|linha/L1_L7,variable,2,SAME,EXPLICIT_OK,DIRECT
yield,246,EQ11133,yield_total|diário|linha_grupo/L1_L7,ltp|diário|linha/L1_L7,variable,2,SAME,EXPLICIT_OK,DIRECT
yield,251,EQ11134,yield_base|anual|linha/L1_L7,ltp_a_c_base|anual|linha/L1_L7,variable,1,SAME,OWN,DIRECT
yield,251,EQ11134,yield_base|anual|linha/L1_L7,ratio_spent_base|anual|linha/L1_L7,variable,1,SAME,OWN,DIRECT
yield,251,EQ11134,yield_base|anual|linha/L1_L7,ltp_tc_base|None|linha/L1_L7,parameter,1,PARAMETER,OWN,DIRECT
yield,251,EQ11134,yield_base|anual|linha/L1_L7,sl_solids_base|anual|linha/L1_L7,variable,1,SAME,OWN,DIRECT
yield,252,EQ11135,yield_base_grupo|anual|linha_grupo/L1_L3,yield_base|anual|linha/L1_L7,variable,1,SAME,EXPLICIT_OK,DIRECT
yield,252,EQ11135,yield_base_grupo|anual|linha_grupo/L1_L3,ltp_base|anual|linha/L1_L7,variable,1,SAME,EXPLICIT_OK,DIRECT
yield,252,EQ11135,yield_base_grupo|anual|linha_grupo/L1_L3,yield_base|anual|linha/L1_L7,variable,1,SAME,EXPLICIT_OK,DIRECT
yield,252,EQ11135,yield_base_grupo|anual|linha_grupo/L1_L3,ltp_base|anual|linha/L1_L7,variable,1,SAME,EXPLICIT_OK,DIRECT
yield,252,EQ11135,yield_base_grupo|anual|linha_grupo/L1_L3,yield_base|anual|linha/L1_L7,variable,1,SAME,EXPLICIT_OK,DIRECT
yield,252,EQ11135,yield_base_grupo|anual|linha_grupo/L1_L3,ltp_base|anual|linha/L1_L7,variable,1,SAME,EXPLICIT_OK,DIRECT
yield,252,EQ11135,yield_base_grupo|anual|linha_grupo/L1_L3,ltp_base|anual|linha/L1_L7,variable,1,SAME,EXPLICIT_OK,DIRECT
yield,252,EQ11135,yield_base_grupo|anual|linha_grupo/L1_L3,ltp_base|anual|linha/L1_L7,variable,1,SAME,EXPLICIT_OK,DIRECT
yield,252,EQ11135,yield_base_grupo|anual|linha_grupo/L1_L3,ltp_base|anual|linha/L1_L7,variable,1,SAME,EXPLICIT_OK,DIRECT
yield,253,EQ11136,yield_base_grupo|anual|linha_grupo/L4_L5,yield_base|anual|linha/L1_L7,variable,1,SAME,EXPLICIT_OK,DIRECT
yield,253,EQ11136,yield_base_grupo|anual|linha_grupo/L4_L5,ltp_base|anual|linha/L1_L7,variable,1,SAME,EXPLICIT_OK,DIRECT
yield,253,EQ11136,yield_base_grupo|anual|linha_grupo/L4_L5,yield_base|anual|linha/L1_L7,variable,1,SAME,EXPLICIT_OK,DIRECT
yield,253,EQ11136,yield_base_grupo|anual|linha_grupo/L4_L5,ltp_base|anual|linha/L1_L7,variable,1,SAME,EXPLICIT_OK,DIRECT
yield,253,EQ11136,yield_base_grupo|anual|linha_grupo/L4_L5,ltp_base|anual|linha/L1_L7,variable,1,SAME,EXPLICIT_OK,DIRECT
yield,253,EQ11136,yield_base_grupo|anual|linha_grupo/L4_L5,ltp_base|anual|linha/L1_L7,variable,1,SAME,EXPLICIT_OK,DIRECT
yield,254,EQ11137,yield_base_grupo|anual|linha_grupo/L6_L7,yield_base|anual|linha/L1_L7,variable,1,SAME,EXPLICIT_OK,DIRECT
yield,254,EQ11137,yield_base_grupo|anual|linha_grupo/L6_L7,ltp_base|anual|linha/L1_L7,variable,1,SAME,EXPLICIT_OK,DIRECT
yield,254,EQ11137,yield_base_grupo|anual|linha_grupo/L6_L7,yield_base|anual|linha/L1_L7,variable,1,SAME,EXPLICIT_OK,DIRECT
yield,254,EQ11137,yield_base_grupo|anual|linha_grupo/L6_L7,ltp_base|anual|linha/L1_L7,variable,1,SAME,EXPLICIT_OK,DIRECT
yield,254,EQ11137,yield_base_grupo|anual|linha_grupo/L6_L7,ltp_base|anual|linha/L1_L7,variable,1,SAME,EXPLICIT_OK,DIRECT
yield,254,EQ11137,yield_base_grupo|anual|linha_grupo/L6_L7,ltp_base|anual|linha/L1_L7,variable,1,SAME,EXPLICIT_OK,DIRECT
yield,255,EQ11138,yield_base_total|anual|linha_grupo/L1_L7,yield_base|anual|linha/L1_L7,variable,1,SAME,EXPLICIT_OK,DIRECT
yield,255,EQ11138,yield_base_total|anual|linha_grupo/L1_L7,ltp_base|anual|linha/L1_L7,variable,1,SAME,EXPLICIT_OK,DIRECT
yield,255,EQ11138,yield_base_total|anual|linha_grupo/L1_L7,yield_base|anual|linha/L1_L7,variable,1,SAME,EXPLICIT_OK,DIRECT
yield,255,EQ11138,yield_base_total|anual|linha_grupo/L1_L7,ltp_base|anual|linha/L1_L7,variable,1,SAME,EXPLICIT_OK,DIRECT
yield,255,EQ11138,yield_base_total|anual|linha_grupo/L1_L7,yield_base|anual|linha/L1_L7,variable,1,SAME,EXPLICIT_OK,DIRECT
yield,255,EQ11138,yield_base_total|anual|linha_grupo/L1_L7,ltp_base|anual|linha/L1_L7,variable,1,SAME,EXPLICIT_OK,DIRECT
yield,255,EQ11138,yield_base_total|anual|linha_grupo/L1_L7,yield_base|anual|linha/L1_L7,variable,1,SAME,EXPLICIT_OK,DIRECT
yield,255,EQ11138,yield_base_total|anual|linha_grupo/L1_L7,ltp_base|anual|linha/L1_L7,variable,1,SAME,EXPLICIT_OK,DIRECT
yield,255,EQ11138,yield_base_total|anual|linha_grupo/L1_L7,yield_base|anual|linha/L1_L7,variable,1,SAME,EXPLICIT_OK,DIRECT
yield,255,EQ11138,yield_base_total|anual|linha_grupo/L1_L7,ltp_base|anual|linha/L1_L7,variable,1,SAME,EXPLICIT_OK,DIRECT
yield,255,EQ11138,yield_base_total|anual|linha_grupo/L1_L7,yield_base|anual|linha/L1_L7,variable,1,SAME,EXPLICIT_OK,DIRECT
yield,255,EQ11138,yield_base_total|anual|linha_grupo/L1_L7,ltp_base|anual|linha/L1_L7,variable,1,SAME,EXPLICIT_OK,DIRECT
yield,255,EQ11138,yield_base_total|anual|linha_grupo/L1_L7,yield_base|anual|linha/L1_L7,variable,1,SAME,EXPLICIT_OK,DIRECT
yield,255,EQ11138,yield_base_total|anual|linha_grupo/L1_L7,ltp_base|anual|linha/L1_L7,variable,1,SAME,EXPLICIT_OK,DIRECT
yield,255,EQ11138,yield_base_total|anual|linha_grupo/L1_L7,ltp_base|anual|linha/L1_L7,variable,1,SAME,EXPLICIT_OK,DIRECT
yield,255,EQ11138,yield_base_total|anual|linha_grupo/L1_L7,ltp_base|anual|linha/L1_L7,variable,1,SAME,EXPLICIT_OK,DIRECT
yield,255,EQ11138,yield_base_total|anual|linha_grupo/L1_L7,ltp_base|anual|linha/L1_L7,variable,1,SAME,EXPLICIT_OK,DIRECT
yield,255,EQ11138,yield_base_total|anual|linha_grupo/L1_L7,ltp_base|anual|linha/L1_L7,variable,1,SAME,EXPLICIT_OK,DIRECT
yield,255,EQ11138,yield_base_total|anual|linha_grupo/L1_L7,ltp_base|anual|linha/L1_L7,variable,1,SAME,EXPLICIT_OK,DIRECT
yield,255,EQ11138,yield_base_total|anual|linha_grupo/L1_L7,ltp_base|anual|linha/L1_L7,variable,1,SAME,EXPLICIT_OK,DIRECT
yield,255,EQ11138,yield_base_total|anual|linha_grupo/L1_L7,ltp_base|anual|linha/L1_L7,variable,1,SAME,EXPLICIT_OK,DIRECT
