block,cell,column,physical_type
area_41,A1,Type,str
area_41,E1,value,str
area_41,G1,variable_type,str
area_41,I1,scope_type,str
area_41,P1,expression,str
area_41,A2,Type,str
area_41,B2,name,str
area_41,C2,description,str
area_41,D2,unit,str
area_41,E2,value,str
area_41,F2,version,str
area_41,G2,variable_type,str
area_41,H2,frequency,str
area_41,I2,scope_type,str
area_41,J2,scope_value,str
area_41,K2,source_reference,str
area_41,L2,status,str
area_41,M2,value_type,str
area_41,N2,allowed_values,str
area_41,O2,declared_result_states,str
area_41,P2,expression,str
area_41,Q2,fonte,str
area_41,R2,OBS,str
area_41,A3,Type,str
area_41,B3,name,str
area_41,C3,description,str
area_41,D3,unit,str
area_41,G3,variable_type,str
area_41,H3,frequency,str
area_41,I3,scope_type,str
area_41,J3,scope_value,str
area_41,K3,source_reference,str
area_41,L3,status,str
area_41,M3,value_type,str
area_41,R3,OBS,str
area_41,A4,Type,str
area_41,B4,name,str
area_41,C4,description,str
area_41,D4,unit,str
area_41,G4,variable_type,str
area_41,H4,frequency,str
area_41,I4,scope_type,str
area_41,J4,scope_value,str
area_41,K4,source_reference,str
area_41,L4,status,str
area_41,M4,value_type,str
area_41,R4,OBS,str
area_41,A5,Type,str
area_41,B5,name,str
area_41,C5,description,str
area_41,D5,unit,str
area_41,G5,variable_type,str
area_41,H5,frequency,str
area_41,I5,scope_type,str
area_41,J5,scope_value,str
area_41,K5,source_reference,str
area_41,L5,status,str
area_41,M5,value_type,str
area_41,R5,OBS,str
area_41,A6,Type,str
area_41,B6,name,str
area_41,C6,description,str
area_41,D6,unit,str
area_41,G6,variable_type,str
area_41,H6,frequency,str
area_41,I6,scope_type,str
area_41,J6,scope_value,str
area_41,K6,source_reference,str
area_41,L6,status,str
area_41,M6,value_type,str
area_41,P6,expression,str
area_41,A7,Type,str
area_41,B7,name,str
area_41,C7,description,str
area_41,D7,unit,str
area_41,G7,variable_type,str
area_41,H7,frequency,str
area_41,I7,scope_type,str
area_41,J7,scope_value,str
area_41,K7,source_reference,str
area_41,L7,status,str
area_41,M7,value_type,str
area_41,P7,expression,str
area_41,A8,Type,str
area_41,B8,name,str
area_41,C8,description,str
area_41,D8,unit,str
area_41,G8,variable_type,str
area_41,H8,frequency,str
area_41,I8,scope_type,str
area_41,J8,scope_value,str
area_41,K8,source_reference,str
area_41,L8,status,str
area_41,M8,value_type,str
area_41,P8,expression,str
area_41,A9,Type,str
area_41,B9,name,str
area_41,C9,description,str
area_41,D9,unit,str
area_41,G9,variable_type,str
area_41,H9,frequency,str
area_41,I9,scope_type,str
area_41,J9,scope_value,str
area_41,K9,source_reference,str
area_41,L9,status,str
area_41,M9,value_type,str
area_41,Q9,fonte,str
area_41,R9,OBS,str
area_41,A10,Type,str
area_41,B10,name,str
area_41,C10,description,str
area_41,D10,unit,str
area_41,G10,variable_type,str
area_41,H10,frequency,str
area_41,I10,scope_type,str
area_41,J10,scope_value,str
area_41,K10,source_reference,str
area_41,L10,status,str
area_41,M10,value_type,str
area_41,P10,expression,str
area_41,A11,Type,str
area_41,B11,name,str
area_41,C11,description,str
area_41,D11,unit,str
area_41,G11,variable_type,str
area_41,H11,frequency,str
area_41,I11,scope_type,str
area_41,J11,scope_value,str
area_41,K11,source_reference,str
area_41,L11,status,str
area_41,M11,value_type,str
area_41,P11,expression,str
area_41,A12,Type,str
area_41,B12,name,str
area_41,C12,description,str
area_41,D12,unit,str
area_41,G12,variable_type,str
area_41,H12,frequency,str
area_41,I12,scope_type,str
area_41,J12,scope_value,str
area_41,K12,source_reference,str
area_41,L12,status,str
area_41,M12,value_type,str
area_41,P12,expression,str
area_41,A13,Type,str
area_41,B13,name,str
area_41,C13,description,str
area_41,D13,unit,str
area_41,G13,variable_type,str
area_41,H13,frequency,str
area_41,I13,scope_type,str
area_41,J13,scope_value,str
area_41,K13,source_reference,str
area_41,L13,status,str
area_41,M13,value_type,str
area_41,R13,OBS,str
area_41,A14,Type,str
area_41,B14,name,str
area_41,C14,description,str
area_41,D14,unit,str
area_41,G14,variable_type,str
area_41,H14,frequency,str
area_41,I14,scope_type,str
area_41,J14,scope_value,str
area_41,K14,source_reference,str
area_41,L14,status,str
area_41,M14,value_type,str
area_41,R14,OBS,str
area_41,A15,Type,str
area_41,B15,name,str
area_41,C15,description,str
area_41,D15,unit,str
area_41,G15,variable_type,str
area_41,H15,frequency,str
area_41,I15,scope_type,str
area_41,J15,scope_value,str
area_41,K15,source_reference,str
area_41,L15,status,str
area_41,M15,value_type,str
area_41,R15,OBS,str
area_41,A16,Type,str
area_41,B16,name,str
area_41,C16,description,str
area_41,D16,unit,str
area_41,G16,variable_type,str
area_41,H16,frequency,str
area_41,I16,scope_type,str
area_41,J16,scope_value,str
area_41,K16,source_reference,str
area_41,L16,status,str
area_41,M16,value_type,str
area_41,P16,expression,str
area_41,A17,Type,str
area_41,B17,name,str
area_41,C17,description,str
area_41,D17,unit,str
area_41,G17,variable_type,str
area_41,H17,frequency,str
area_41,I17,scope_type,str
area_41,J17,scope_value,str
area_41,K17,source_reference,str
area_41,L17,status,str
area_41,M17,value_type,str
area_41,P17,expression,str
area_41,A18,Type,str
area_41,B18,name,str
area_41,C18,description,str
area_41,D18,unit,str
area_41,G18,variable_type,str
area_41,H18,frequency,str
area_41,I18,scope_type,str
area_41,J18,scope_value,str
area_41,K18,source_reference,str
area_41,L18,status,str
area_41,M18,value_type,str
area_41,P18,expression,str
area_41,A19,Type,str
area_41,B19,name,str
area_41,C19,description,str
area_41,D19,unit,str
area_41,G19,variable_type,str
area_41,H19,frequency,str
area_41,I19,scope_type,str
area_41,J19,scope_value,str
area_41,K19,source_reference,str
area_41,L19,status,str
area_41,M19,value_type,str
area_41,R19,OBS,str
area_41,A20,Type,str
area_41,B20,name,str
area_41,C20,description,str
area_41,D20,unit,str
area_41,G20,variable_type,str
area_41,H20,frequency,str
area_41,I20,scope_type,str
area_41,J20,scope_value,str
area_41,K20,source_reference,str
area_41,L20,status,str
area_41,M20,value_type,str
area_41,R20,OBS,str
area_41,A21,Type,str
area_41,B21,name,str
area_41,C21,description,str
area_41,D21,unit,str
area_41,G21,variable_type,str
area_41,H21,frequency,str
area_41,I21,scope_type,str
area_41,J21,scope_value,str
area_41,K21,source_reference,str
area_41,L21,status,str
area_41,M21,value_type,str
area_41,R21,OBS,str
area_41,A22,Type,str
area_41,B22,name,str
area_41,C22,description,str
area_41,D22,unit,str
area_41,G22,variable_type,str
area_41,H22,frequency,str
area_41,I22,scope_type,str
area_41,J22,scope_value,str
area_41,K22,source_reference,str
area_41,L22,status,str
area_41,M22,value_type,str
area_41,P22,expression,str
area_41,A23,Type,str
area_41,B23,name,str
area_41,C23,description,str
area_41,D23,unit,str
area_41,G23,variable_type,str
area_41,H23,frequency,str
area_41,I23,scope_type,str
area_41,J23,scope_value,str
area_41,K23,source_reference,str
area_41,L23,status,str
area_41,M23,value_type,str
area_41,P23,expression,str
area_41,A24,Type,str
area_41,B24,name,str
area_41,C24,description,str
area_41,D24,unit,str
area_41,G24,variable_type,str
area_41,H24,frequency,str
area_41,I24,scope_type,str
area_41,J24,scope_value,str
area_41,K24,source_reference,str
area_41,L24,status,str
area_41,M24,value_type,str
area_41,P24,expression,str
area_41,A25,Type,str
area_41,B25,name,str
area_41,C25,description,str
area_41,D25,unit,str
area_41,G25,variable_type,str
area_41,H25,frequency,str
area_41,I25,scope_type,str
area_41,J25,scope_value,str
area_41,K25,source_reference,str
area_41,L25,status,str
area_41,M25,value_type,str
area_41,N25,allowed_values,str
area_41,Q25,fonte,str
area_41,R25,OBS,str
area_41,A26,Type,str
area_41,B26,name,str
area_41,C26,description,str
area_41,D26,unit,str
area_41,G26,variable_type,str
area_41,H26,frequency,str
area_41,I26,scope_type,str
area_41,J26,scope_value,str
area_41,K26,source_reference,str
area_41,L26,status,str
area_41,M26,value_type,str
area_41,N26,allowed_values,str
area_41,Q26,fonte,str
area_41,R26,OBS,str
area_41,A27,Type,str
area_41,B27,name,str
area_41,C27,description,str
area_41,D27,unit,str
area_41,G27,variable_type,str
area_41,H27,frequency,str
area_41,I27,scope_type,str
area_41,J27,scope_value,str
area_41,K27,source_reference,str
area_41,L27,status,str
area_41,M27,value_type,str
area_41,N27,allowed_values,str
area_41,Q27,fonte,str
area_41,R27,OBS,str
area_41,A28,Type,str
area_41,B28,name,str
area_41,C28,description,str
area_41,D28,unit,str
area_41,G28,variable_type,str
area_41,H28,frequency,str
area_41,I28,scope_type,str
area_41,J28,scope_value,str
area_41,K28,source_reference,str
area_41,L28,status,str
area_41,M28,value_type,str
area_41,N28,allowed_values,str
area_41,Q28,fonte,str
area_41,R28,OBS,str
area_41,A29,Type,str
area_41,B29,name,str
area_41,C29,description,str
area_41,D29,unit,str
area_41,G29,variable_type,str
area_41,H29,frequency,str
area_41,I29,scope_type,str
area_41,J29,scope_value,str
area_41,K29,source_reference,str
area_41,L29,status,str
area_41,M29,value_type,str
area_41,R29,OBS,str
area_41,A30,Type,str
area_41,B30,name,str
area_41,C30,description,str
area_41,D30,unit,str
area_41,G30,variable_type,str
area_41,H30,frequency,str
area_41,I30,scope_type,str
area_41,J30,scope_value,str
area_41,K30,source_reference,str
area_41,L30,status,str
area_41,M30,value_type,str
area_41,R30,OBS,str
area_41,A31,Type,str
area_41,B31,name,str
area_41,C31,description,str
area_41,D31,unit,str
area_41,G31,variable_type,str
area_41,H31,frequency,str
area_41,I31,scope_type,str
area_41,J31,scope_value,str
area_41,K31,source_reference,str
area_41,L31,status,str
area_41,M31,value_type,str
area_41,R31,OBS,str
area_41,A32,Type,str
area_41,B32,name,str
area_41,C32,description,str
area_41,D32,unit,str
area_41,E32,value,int
area_41,F32,version,int
area_41,I32,scope_type,str
area_41,J32,scope_value,str
area_41,K32,source_reference,str
area_41,L32,status,str
area_41,M32,value_type,str
area_41,R32,OBS,str
area_41,A33,Type,str
area_41,B33,name,str
area_41,C33,description,str
area_41,D33,unit,str
area_41,E33,value,float
area_41,F33,version,int
area_41,I33,scope_type,str
area_41,J33,scope_value,str
area_41,K33,source_reference,str
area_41,L33,status,str
area_41,M33,value_type,str
area_41,R33,OBS,str
area_41,A34,Type,str
area_41,B34,name,str
area_41,C34,description,str
area_41,D34,unit,str
area_41,E34,value,float
area_41,F34,version,int
area_41,I34,scope_type,str
area_41,J34,scope_value,str
area_41,K34,source_reference,str
area_41,L34,status,str
area_41,M34,value_type,str
area_41,R34,OBS,str
area_41,A35,Type,str
area_41,B35,name,str
area_41,C35,description,str
area_41,D35,unit,str
area_41,E35,value,int
area_41,F35,version,int
area_41,I35,scope_type,str
area_41,J35,scope_value,str
area_41,K35,source_reference,str
area_41,L35,status,str
area_41,M35,value_type,str
area_41,R35,OBS,str
area_41,A36,Type,str
area_41,B36,name,str
area_41,C36,description,str
area_41,D36,unit,str
area_41,E36,value,int
area_41,F36,version,int
area_41,I36,scope_type,str
area_41,J36,scope_value,str
area_41,K36,source_reference,str
area_41,L36,status,str
area_41,M36,value_type,str
area_41,R36,OBS,str
area_41,A37,Type,str
area_41,B37,name,str
area_41,C37,description,str
area_41,D37,unit,str
area_41,E37,value,int
area_41,F37,version,int
area_41,I37,scope_type,str
area_41,J37,scope_value,str
area_41,K37,source_reference,str
area_41,L37,status,str
area_41,M37,value_type,str
area_41,R37,OBS,str
area_41,A38,Type,str
area_41,B38,name,str
area_41,C38,description,str
area_41,D38,unit,str
area_41,E38,value,int
area_41,F38,version,int
area_41,I38,scope_type,str
area_41,J38,scope_value,str
area_41,K38,source_reference,str
area_41,L38,status,str
area_41,M38,value_type,str
area_41,R38,OBS,str
area_41,A39,Type,str
area_41,B39,name,str
area_41,C39,description,str
area_41,D39,unit,str
area_41,G39,variable_type,str
area_41,H39,frequency,str
area_41,I39,scope_type,str
area_41,J39,scope_value,str
area_41,K39,source_reference,str
area_41,L39,status,str
area_41,M39,value_type,str
area_41,O39,declared_result_states,str
area_41,P39,expression,str
area_41,R39,OBS,str
area_41,A40,Type,str
area_41,B40,name,str
area_41,C40,description,str
area_41,D40,unit,str
area_41,G40,variable_type,str
area_41,H40,frequency,str
area_41,I40,scope_type,str
area_41,J40,scope_value,str
area_41,K40,source_reference,str
area_41,L40,status,str
area_41,M40,value_type,str
area_41,P40,expression,str
area_41,A41,Type,str
area_41,B41,name,str
area_41,C41,description,str
area_41,D41,unit,str
area_41,G41,variable_type,str
area_41,H41,frequency,str
area_41,I41,scope_type,str
area_41,J41,scope_value,str
area_41,K41,source_reference,str
area_41,L41,status,str
area_41,M41,value_type,str
area_41,P41,expression,str
area_41,A42,Type,str
area_41,B42,name,str
area_41,C42,description,str
area_41,D42,unit,str
area_41,G42,variable_type,str
area_41,H42,frequency,str
area_41,I42,scope_type,str
area_41,J42,scope_value,str
area_41,K42,source_reference,str
area_41,L42,status,str
area_41,M42,value_type,str
area_41,O42,declared_result_states,str
area_41,P42,expression,str
area_41,R42,OBS,str
area_41,A43,Type,str
area_41,B43,name,str
area_41,C43,description,str
area_41,D43,unit,str
area_41,G43,variable_type,str
area_41,H43,frequency,str
area_41,I43,scope_type,str
area_41,J43,scope_value,str
area_41,K43,source_reference,str
area_41,L43,status,str
area_41,M43,value_type,str
area_41,P43,expression,str
area_41,A44,Type,str
area_41,B44,name,str
area_41,C44,description,str
area_41,D44,unit,str
area_41,G44,variable_type,str
area_41,H44,frequency,str
area_41,I44,scope_type,str
area_41,J44,scope_value,str
area_41,K44,source_reference,str
area_41,L44,status,str
area_41,M44,value_type,str
area_41,P44,expression,str
area_41,A45,Type,str
area_41,B45,name,str
area_41,C45,description,str
area_41,D45,unit,str
area_41,G45,variable_type,str
area_41,H45,frequency,str
area_41,I45,scope_type,str
area_41,J45,scope_value,str
area_41,K45,source_reference,str
area_41,L45,status,str
area_41,M45,value_type,str
area_41,P45,expression,str
area_41,A46,Type,str
area_41,B46,name,str
area_41,C46,description,str
area_41,D46,unit,str
area_41,G46,variable_type,str
area_41,H46,frequency,str
area_41,I46,scope_type,str
area_41,J46,scope_value,str
area_41,K46,source_reference,str
area_41,L46,status,str
area_41,M46,value_type,str
area_41,P46,expression,str
area_41,A47,Type,str
area_41,B47,name,str
area_41,C47,description,str
area_41,D47,unit,str
area_41,G47,variable_type,str
area_41,H47,frequency,str
area_41,I47,scope_type,str
area_41,J47,scope_value,str
area_41,K47,source_reference,str
area_41,L47,status,str
area_41,M47,value_type,str
area_41,P47,expression,str
area_41,A48,Type,str
area_41,B48,name,str
area_41,C48,description,str
area_41,D48,unit,str
area_41,G48,variable_type,str
area_41,H48,frequency,str
area_41,I48,scope_type,str
area_41,J48,scope_value,str
area_41,K48,source_reference,str
area_41,L48,status,str
area_41,M48,value_type,str
area_41,P48,expression,str
area_41,A49,Type,str
area_41,B49,name,str
area_41,C49,description,str
area_41,D49,unit,str
area_41,G49,variable_type,str
area_41,H49,frequency,str
area_41,I49,scope_type,str
area_41,J49,scope_value,str
area_41,K49,source_reference,str
area_41,L49,status,str
area_41,M49,value_type,str
area_41,P49,expression,str
area_41,A50,Type,str
area_41,B50,name,str
area_41,C50,description,str
area_41,D50,unit,str
area_41,G50,variable_type,str
area_41,H50,frequency,str
area_41,I50,scope_type,str
area_41,J50,scope_value,str
area_41,K50,source_reference,str
area_41,L50,status,str
area_41,M50,value_type,str
area_41,P50,expression,str
area_41,A51,Type,str
area_41,B51,name,str
area_41,C51,description,str
area_41,D51,unit,str
area_41,G51,variable_type,str
area_41,H51,frequency,str
area_41,I51,scope_type,str
area_41,J51,scope_value,str
area_41,K51,source_reference,str
area_41,L51,status,str
area_41,M51,value_type,str
area_41,P51,expression,str
area_41,A52,Type,str
area_41,B52,name,str
area_41,C52,description,str
area_41,D52,unit,str
area_41,G52,variable_type,str
area_41,H52,frequency,str
area_41,I52,scope_type,str
area_41,J52,scope_value,str
area_41,K52,source_reference,str
area_41,L52,status,str
area_41,M52,value_type,str
area_41,P52,expression,str
area_41,A53,Type,str
area_41,B53,name,str
area_41,C53,description,str
area_41,D53,unit,str
area_41,G53,variable_type,str
area_41,H53,frequency,str
area_41,I53,scope_type,str
area_41,J53,scope_value,str
area_41,K53,source_reference,str
area_41,L53,status,str
area_41,M53,value_type,str
area_41,P53,expression,str
area_41,A54,Type,str
area_41,B54,name,str
area_41,C54,description,str
area_41,D54,unit,str
area_41,G54,variable_type,str
area_41,H54,frequency,str
area_41,I54,scope_type,str
area_41,J54,scope_value,str
area_41,K54,source_reference,str
area_41,L54,status,str
area_41,M54,value_type,str
area_41,P54,expression,str
area_41,A55,Type,str
area_41,B55,name,str
area_41,C55,description,str
area_41,D55,unit,str
area_41,G55,variable_type,str
area_41,H55,frequency,str
area_41,I55,scope_type,str
area_41,J55,scope_value,str
area_41,K55,source_reference,str
area_41,L55,status,str
area_41,M55,value_type,str
area_41,P55,expression,str
area_41,A56,Type,str
area_41,B56,name,str
area_41,C56,description,str
area_41,D56,unit,str
area_41,G56,variable_type,str
area_41,H56,frequency,str
area_41,I56,scope_type,str
area_41,J56,scope_value,str
area_41,K56,source_reference,str
area_41,L56,status,str
area_41,M56,value_type,str
area_41,P56,expression,str
energy,A1,Type,str
energy,E1,value,str
energy,G1,variable_type,str
energy,I1,scope_type,str
energy,P1,expression,str
energy,A2,Type,str
energy,B2,name,str
energy,C2,description,str
energy,D2,unit,str
energy,E2,value,str
energy,F2,version,str
energy,G2,variable_type,str
energy,H2,frequency,str
energy,I2,scope_type,str
energy,J2,scope_value,str
energy,K2,source_reference,str
energy,L2,status,str
energy,M2,value_type,str
energy,N2,allowed_values,str
energy,O2,declared_result_states,str
energy,P2,expression,str
energy,Q2,fonte,str
energy,R2,OBS,str
energy,A3,Type,str
energy,B3,name,str
energy,C3,description,str
energy,D3,unit,str
energy,G3,variable_type,str
energy,H3,frequency,str
energy,I3,scope_type,str
energy,J3,scope_value,str
energy,L3,status,str
energy,M3,value_type,str
energy,Q3,fonte,str
energy,A4,Type,str
energy,B4,name,str
energy,C4,description,str
energy,D4,unit,str
energy,G4,variable_type,str
energy,H4,frequency,str
energy,I4,scope_type,str
energy,J4,scope_value,str
energy,L4,status,str
energy,M4,value_type,str
energy,P4,expression,str
energy,A5,Type,str
energy,B5,name,str
energy,C5,description,str
energy,D5,unit,str
energy,G5,variable_type,str
energy,H5,frequency,str
energy,I5,scope_type,str
energy,J5,scope_value,str
energy,L5,status,str
energy,M5,value_type,str
energy,P5,expression,str
energy,A6,Type,str
energy,B6,name,str
energy,C6,description,str
energy,D6,unit,str
energy,G6,variable_type,str
energy,H6,frequency,str
energy,I6,scope_type,str
energy,J6,scope_value,str
energy,L6,status,str
energy,M6,value_type,str
energy,P6,expression,str
energy,A7,Type,str
energy,B7,name,str
energy,C7,description,str
energy,D7,unit,str
energy,G7,variable_type,str
energy,H7,frequency,str
energy,I7,scope_type,str
energy,J7,scope_value,str
energy,L7,status,str
energy,M7,value_type,str
energy,Q7,fonte,str
energy,A8,Type,str
energy,B8,name,str
energy,C8,description,str
energy,D8,unit,str
energy,G8,variable_type,str
energy,H8,frequency,str
energy,I8,scope_type,str
energy,J8,scope_value,str
energy,L8,status,str
energy,M8,value_type,str
energy,Q8,fonte,str
energy,A9,Type,str
energy,B9,name,str
energy,C9,description,str
energy,D9,unit,str
energy,G9,variable_type,str
energy,H9,frequency,str
energy,I9,scope_type,str
energy,J9,scope_value,str
energy,L9,status,str
energy,M9,value_type,str
energy,Q9,fonte,str
energy,A10,Type,str
energy,B10,name,str
energy,C10,description,str
energy,D10,unit,str
energy,G10,variable_type,str
energy,H10,frequency,str
energy,I10,scope_type,str
energy,J10,scope_value,str
energy,L10,status,str
energy,M10,value_type,str
energy,Q10,fonte,str
energy,A11,Type,str
energy,B11,name,str
energy,C11,description,str
energy,D11,unit,str
energy,G11,variable_type,str
energy,H11,frequency,str
energy,I11,scope_type,str
energy,J11,scope_value,str
energy,L11,status,str
energy,M11,value_type,str
energy,Q11,fonte,str
energy,A12,Type,str
energy,B12,name,str
energy,C12,description,str
energy,D12,unit,str
energy,G12,variable_type,str
energy,H12,frequency,str
energy,I12,scope_type,str
energy,J12,scope_value,str
energy,L12,status,str
energy,M12,value_type,str
energy,Q12,fonte,str
energy,A13,Type,str
energy,B13,name,str
energy,C13,description,str
energy,D13,unit,str
energy,G13,variable_type,str
energy,H13,frequency,str
energy,I13,scope_type,str
energy,J13,scope_value,str
energy,L13,status,str
energy,M13,value_type,str
energy,Q13,fonte,str
energy,A14,Type,str
energy,B14,name,str
energy,C14,description,str
energy,D14,unit,str
energy,G14,variable_type,str
energy,H14,frequency,str
energy,I14,scope_type,str
energy,J14,scope_value,str
energy,L14,status,str
energy,M14,value_type,str
energy,Q14,fonte,str
energy,A15,Type,str
energy,B15,name,str
energy,C15,description,str
energy,D15,unit,str
energy,G15,variable_type,str
energy,H15,frequency,str
energy,I15,scope_type,str
energy,J15,scope_value,str
energy,L15,status,str
energy,M15,value_type,str
energy,Q15,fonte,str
energy,A16,Type,str
energy,B16,name,str
energy,C16,description,str
energy,D16,unit,str
energy,G16,variable_type,str
energy,H16,frequency,str
energy,I16,scope_type,str
energy,J16,scope_value,str
energy,L16,status,str
energy,M16,value_type,str
energy,Q16,fonte,str
energy,A17,Type,str
energy,B17,name,str
energy,C17,description,str
energy,D17,unit,str
energy,E17,value,int
energy,F17,version,int
energy,I17,scope_type,str
energy,J17,scope_value,str
energy,L17,status,str
energy,M17,value_type,str
energy,A18,Type,str
energy,B18,name,str
energy,C18,description,str
energy,D18,unit,str
energy,E18,value,int
energy,F18,version,int
energy,I18,scope_type,str
energy,J18,scope_value,str
energy,L18,status,str
energy,M18,value_type,str
energy,R18,OBS,str
energy,A19,Type,str
energy,B19,name,str
energy,C19,description,str
energy,D19,unit,str
energy,G19,variable_type,str
energy,H19,frequency,str
energy,I19,scope_type,str
energy,J19,scope_value,str
energy,L19,status,str
energy,M19,value_type,str
energy,R19,OBS,str
energy,A20,Type,str
energy,B20,name,str
energy,C20,description,str
energy,D20,unit,str
energy,G20,variable_type,str
energy,H20,frequency,str
energy,I20,scope_type,str
energy,J20,scope_value,str
energy,L20,status,str
energy,M20,value_type,str
energy,R20,OBS,str
energy,A21,Type,str
energy,B21,name,str
energy,C21,description,str
energy,D21,unit,str
energy,G21,variable_type,str
energy,H21,frequency,str
energy,I21,scope_type,str
energy,J21,scope_value,str
energy,L21,status,str
energy,M21,value_type,str
energy,P21,expression,str
energy,R21,OBS,str
energy,A22,Type,str
energy,B22,name,str
energy,C22,description,str
energy,D22,unit,str
energy,G22,variable_type,str
energy,H22,frequency,str
energy,I22,scope_type,str
energy,J22,scope_value,str
energy,L22,status,str
energy,M22,value_type,str
energy,R22,OBS,str
energy,A23,Type,str
energy,B23,name,str
energy,C23,description,str
energy,D23,unit,str
energy,E23,value,int
energy,F23,version,int
energy,I23,scope_type,str
energy,J23,scope_value,str
energy,L23,status,str
energy,M23,value_type,str
energy,R23,OBS,str
energy,A24,Type,str
energy,B24,name,str
energy,C24,description,str
energy,D24,unit,str
energy,G24,variable_type,str
energy,H24,frequency,str
energy,I24,scope_type,str
energy,J24,scope_value,str
energy,L24,status,str
energy,M24,value_type,str
energy,P24,expression,str
energy,R24,OBS,str
energy,A25,Type,str
energy,B25,name,str
energy,C25,description,str
energy,D25,unit,str
energy,E25,value,int
energy,F25,version,int
energy,I25,scope_type,str
energy,J25,scope_value,str
energy,L25,status,str
energy,M25,value_type,str
energy,R25,OBS,str
energy,A26,Type,str
energy,B26,name,str
energy,C26,description,str
energy,D26,unit,str
energy,G26,variable_type,str
energy,H26,frequency,str
energy,I26,scope_type,str
energy,J26,scope_value,str
energy,L26,status,str
energy,M26,value_type,str
energy,P26,expression,str
energy,A27,Type,str
energy,B27,name,str
energy,C27,description,str
energy,D27,unit,str
energy,G27,variable_type,str
energy,H27,frequency,str
energy,I27,scope_type,str
energy,J27,scope_value,str
energy,L27,status,str
energy,M27,value_type,str
energy,P27,expression,str
energy,A28,Type,str
energy,B28,name,str
energy,C28,description,str
energy,D28,unit,str
energy,G28,variable_type,str
energy,H28,frequency,str
energy,I28,scope_type,str
energy,J28,scope_value,str
energy,L28,status,str
energy,M28,value_type,str
energy,P28,expression,str
energy,A29,Type,str
energy,B29,name,str
energy,C29,description,str
energy,D29,unit,str
energy,G29,variable_type,str
energy,H29,frequency,str
energy,I29,scope_type,str
energy,J29,scope_value,str
energy,L29,status,str
energy,M29,value_type,str
energy,P29,expression,str
energy,A30,Type,str
energy,B30,name,str
energy,C30,description,str
energy,D30,unit,str
energy,G30,variable_type,str
energy,H30,frequency,str
energy,I30,scope_type,str
energy,J30,scope_value,str
energy,L30,status,str
energy,M30,value_type,str
energy,P30,expression,str
energy,A31,Type,str
energy,B31,name,str
energy,C31,description,str
energy,D31,unit,str
energy,G31,variable_type,str
energy,H31,frequency,str
energy,I31,scope_type,str
energy,J31,scope_value,str
energy,L31,status,str
energy,M31,value_type,str
energy,P31,expression,str
energy,A32,Type,str
energy,B32,name,str
energy,C32,description,str
energy,D32,unit,str
energy,G32,variable_type,str
energy,H32,frequency,str
energy,I32,scope_type,str
energy,J32,scope_value,str
energy,L32,status,str
energy,M32,value_type,str
energy,P32,expression,str
energy,A33,Type,str
energy,B33,name,str
energy,C33,description,str
energy,D33,unit,str
energy,G33,variable_type,str
energy,H33,frequency,str
energy,I33,scope_type,str
energy,J33,scope_value,str
energy,L33,status,str
energy,M33,value_type,str
energy,P33,expression,str
energy,A34,Type,str
energy,B34,name,str
energy,C34,description,str
energy,D34,unit,str
energy,G34,variable_type,str
energy,H34,frequency,str
energy,I34,scope_type,str
energy,J34,scope_value,str
energy,L34,status,str
energy,M34,value_type,str
energy,P34,expression,str
energy,A35,Type,str
energy,B35,name,str
energy,C35,description,str
energy,D35,unit,str
energy,G35,variable_type,str
energy,H35,frequency,str
energy,I35,scope_type,str
energy,J35,scope_value,str
energy,L35,status,str
energy,M35,value_type,str
energy,R35,OBS,str
energy,A36,Type,str
energy,B36,name,str
energy,C36,description,str
energy,D36,unit,str
energy,G36,variable_type,str
energy,H36,frequency,str
energy,I36,scope_type,str
energy,J36,scope_value,str
energy,L36,status,str
energy,M36,value_type,str
energy,P36,expression,str
energy,R36,OBS,str
energy,A37,Type,str
energy,B37,name,str
energy,C37,description,str
energy,D37,unit,str
energy,G37,variable_type,str
energy,H37,frequency,str
energy,I37,scope_type,str
energy,J37,scope_value,str
energy,L37,status,str
energy,M37,value_type,str
energy,Q37,fonte,str
energy,A38,Type,str
energy,B38,name,str
energy,C38,description,str
energy,D38,unit,str
energy,G38,variable_type,str
energy,H38,frequency,str
energy,I38,scope_type,str
energy,J38,scope_value,str
energy,L38,status,str
energy,M38,value_type,str
energy,P38,expression,str
energy,R38,OBS,str
energy,A39,Type,str
energy,B39,name,str
energy,C39,description,str
energy,D39,unit,str
energy,G39,variable_type,str
energy,H39,frequency,str
energy,I39,scope_type,str
energy,J39,scope_value,str
energy,L39,status,str
energy,M39,value_type,str
energy,P39,expression,str
energy,R39,OBS,str
energy,A40,Type,str
energy,B40,name,str
energy,C40,description,str
energy,D40,unit,str
energy,G40,variable_type,str
energy,H40,frequency,str
energy,I40,scope_type,str
energy,J40,scope_value,str
energy,L40,status,str
energy,M40,value_type,str
energy,P40,expression,str
energy,R40,OBS,str
energy,A41,Type,str
energy,B41,name,str
energy,C41,description,str
energy,D41,unit,str
energy,G41,variable_type,str
energy,H41,frequency,str
energy,I41,scope_type,str
energy,J41,scope_value,str
energy,L41,status,str
energy,M41,value_type,str
energy,P41,expression,str
energy,R41,OBS,str
energy,A42,Type,str
energy,B42,name,str
energy,C42,description,str
energy,D42,unit,str
energy,G42,variable_type,str
energy,H42,frequency,str
energy,I42,scope_type,str
energy,J42,scope_value,str
energy,L42,status,str
energy,M42,value_type,str
energy,P42,expression,str
energy,R42,OBS,str
energy,A43,Type,str
energy,B43,name,str
energy,C43,description,str
energy,D43,unit,str
energy,G43,variable_type,str
energy,H43,frequency,str
energy,I43,scope_type,str
energy,J43,scope_value,str
energy,L43,status,str
energy,M43,value_type,str
energy,P43,expression,str
energy,R43,OBS,str
energy,A44,Type,str
energy,B44,name,str
energy,C44,description,str
energy,D44,unit,str
energy,G44,variable_type,str
energy,H44,frequency,str
energy,I44,scope_type,str
energy,J44,scope_value,str
energy,L44,status,str
energy,M44,value_type,str
energy,P44,expression,str
energy,A45,Type,str
energy,B45,name,str
energy,C45,description,str
energy,D45,unit,str
energy,G45,variable_type,str
energy,H45,frequency,str
energy,I45,scope_type,str
energy,J45,scope_value,str
energy,L45,status,str
energy,M45,value_type,str
energy,P45,expression,str
energy,A46,Type,str
energy,B46,name,str
energy,C46,description,str
energy,D46,unit,str
energy,G46,variable_type,str
energy,H46,frequency,str
energy,I46,scope_type,str
energy,J46,scope_value,str
energy,L46,status,str
energy,M46,value_type,str
energy,P46,expression,str
energy,A47,Type,str
energy,B47,name,str
energy,C47,description,str
energy,D47,unit,str
energy,G47,variable_type,str
energy,H47,frequency,str
energy,I47,scope_type,str
energy,J47,scope_value,str
energy,L47,status,str
energy,M47,value_type,str
energy,P47,expression,str
energy,A48,Type,str
energy,B48,name,str
energy,C48,description,str
energy,D48,unit,str
energy,G48,variable_type,str
energy,H48,frequency,str
energy,I48,scope_type,str
energy,J48,scope_value,str
energy,L48,status,str
energy,M48,value_type,str
energy,P48,expression,str
energy,A49,Type,str
energy,B49,name,str
energy,C49,description,str
energy,D49,unit,str
energy,G49,variable_type,str
energy,H49,frequency,str
energy,I49,scope_type,str
energy,J49,scope_value,str
energy,L49,status,str
energy,M49,value_type,str
energy,P49,expression,str
energy,A50,Type,str
energy,B50,name,str
energy,C50,description,str
energy,D50,unit,str
energy,G50,variable_type,str
energy,H50,frequency,str
energy,I50,scope_type,str
energy,J50,scope_value,str
energy,L50,status,str
energy,M50,value_type,str
energy,P50,expression,str
energy,A51,Type,str
energy,B51,name,str
energy,C51,description,str
energy,D51,unit,str
energy,G51,variable_type,str
energy,H51,frequency,str
energy,I51,scope_type,str
energy,J51,scope_value,str
energy,L51,status,str
energy,M51,value_type,str
energy,P51,expression,str
energy,A52,Type,str
energy,B52,name,str
energy,C52,description,str
energy,D52,unit,str
energy,G52,variable_type,str
energy,H52,frequency,str
energy,I52,scope_type,str
energy,J52,scope_value,str
energy,L52,status,str
energy,M52,value_type,str
energy,R52,OBS,str
energy,A53,Type,str
energy,B53,name,str
energy,C53,description,str
energy,D53,unit,str
energy,G53,variable_type,str
energy,H53,frequency,str
energy,I53,scope_type,str
energy,J53,scope_value,str
energy,L53,status,str
energy,M53,value_type,str
energy,P53,expression,str
energy,A54,Type,str
energy,B54,name,str
energy,C54,description,str
energy,D54,unit,str
energy,G54,variable_type,str
energy,H54,frequency,str
energy,I54,scope_type,str
energy,J54,scope_value,str
energy,L54,status,str
energy,M54,value_type,str
energy,P54,expression,str
energy,R54,OBS,str
energy,A55,Type,str
energy,B55,name,str
energy,C55,description,str
energy,D55,unit,str
energy,G55,variable_type,str
energy,H55,frequency,str
energy,I55,scope_type,str
energy,J55,scope_value,str
energy,L55,status,str
energy,M55,value_type,str
energy,P55,expression,str
energy,A56,Type,str
energy,B56,name,str
energy,C56,description,str
energy,D56,unit,str
energy,G56,variable_type,str
energy,H56,frequency,str
energy,I56,scope_type,str
energy,J56,scope_value,str
energy,L56,status,str
energy,M56,value_type,str
energy,P56,expression,str
energy,A57,Type,str
energy,B57,name,str
energy,C57,description,str
energy,D57,unit,str
energy,G57,variable_type,str
energy,H57,frequency,str
energy,I57,scope_type,str
energy,J57,scope_value,str
energy,L57,status,str
energy,M57,value_type,str
energy,P57,expression,str
energy,A58,Type,str
energy,B58,name,str
energy,C58,description,str
energy,D58,unit,str
energy,G58,variable_type,str
energy,H58,frequency,str
energy,I58,scope_type,str
energy,J58,scope_value,str
energy,L58,status,str
energy,M58,value_type,str
energy,P58,expression,str
max_ht,A1,Type,str
max_ht,E1,value,str
max_ht,G1,variable_type,str
max_ht,I1,scope_type,str
max_ht,P1,expression,str
max_ht,A2,Type,str
max_ht,B2,name,str
max_ht,C2,description,str
max_ht,D2,unit,str
max_ht,E2,value,str
max_ht,F2,version,str
max_ht,G2,variable_type,str
max_ht,H2,frequency,str
max_ht,I2,scope_type,str
max_ht,J2,scope_value,str
max_ht,K2,source_reference,str
max_ht,L2,status,str
max_ht,M2,value_type,str
max_ht,N2,allowed_values,str
max_ht,O2,declared_result_states,str
max_ht,P2,expression,str
max_ht,Q2,fonte,str
max_ht,R2,OBS,str
max_ht,A3,Type,str
max_ht,B3,name,str
max_ht,C3,description,str
max_ht,D3,unit,str
max_ht,G3,variable_type,str
max_ht,H3,frequency,str
max_ht,I3,scope_type,str
max_ht,J3,scope_value,str
max_ht,L3,status,str
max_ht,M3,value_type,str
max_ht,P3,expression,str
max_ht,A4,Type,str
max_ht,B4,name,str
max_ht,C4,description,str
max_ht,D4,unit,str
max_ht,G4,variable_type,str
max_ht,H4,frequency,str
max_ht,I4,scope_type,str
max_ht,J4,scope_value,str
max_ht,L4,status,str
max_ht,M4,value_type,str
max_ht,P4,expression,str
max_ht,A5,Type,str
max_ht,B5,name,str
max_ht,C5,description,str
max_ht,D5,unit,str
max_ht,G5,variable_type,str
max_ht,H5,frequency,str
max_ht,I5,scope_type,str
max_ht,J5,scope_value,str
max_ht,K5,source_reference,str
max_ht,L5,status,str
max_ht,M5,value_type,str
max_ht,Q5,fonte,str
max_ht,R5,OBS,str
max_ht,A6,Type,str
max_ht,B6,name,str
max_ht,C6,description,str
max_ht,D6,unit,str
max_ht,G6,variable_type,str
max_ht,H6,frequency,str
max_ht,I6,scope_type,str
max_ht,J6,scope_value,str
max_ht,L6,status,str
max_ht,M6,value_type,str
max_ht,P6,expression,str
max_ht,A7,Type,str
max_ht,B7,name,str
max_ht,C7,description,str
max_ht,D7,unit,str
max_ht,G7,variable_type,str
max_ht,H7,frequency,str
max_ht,I7,scope_type,str
max_ht,J7,scope_value,str
max_ht,L7,status,str
max_ht,M7,value_type,str
max_ht,P7,expression,str
max_ht,A8,Type,str
max_ht,B8,name,str
max_ht,C8,description,str
max_ht,D8,unit,str
max_ht,G8,variable_type,str
max_ht,H8,frequency,str
max_ht,I8,scope_type,str
max_ht,J8,scope_value,str
max_ht,L8,status,str
max_ht,M8,value_type,str
max_ht,P8,expression,str
max_ht,A9,Type,str
max_ht,B9,name,str
max_ht,C9,description,str
max_ht,D9,unit,str
max_ht,G9,variable_type,str
max_ht,H9,frequency,str
max_ht,I9,scope_type,str
max_ht,J9,scope_value,str
max_ht,L9,status,str
max_ht,M9,value_type,str
max_ht,A10,Type,str
max_ht,B10,name,str
max_ht,C10,description,str
max_ht,D10,unit,str
max_ht,G10,variable_type,str
max_ht,H10,frequency,str
max_ht,I10,scope_type,str
max_ht,J10,scope_value,str
max_ht,L10,status,str
max_ht,M10,value_type,str
max_ht,A11,Type,str
max_ht,B11,name,str
max_ht,C11,description,str
max_ht,D11,unit,str
max_ht,G11,variable_type,str
max_ht,H11,frequency,str
max_ht,I11,scope_type,str
max_ht,J11,scope_value,str
max_ht,L11,status,str
max_ht,M11,value_type,str
max_ht,P11,expression,str
max_ht,A12,Type,str
max_ht,B12,name,str
max_ht,C12,description,str
max_ht,D12,unit,str
max_ht,G12,variable_type,str
max_ht,H12,frequency,str
max_ht,I12,scope_type,str
max_ht,J12,scope_value,str
max_ht,L12,status,str
max_ht,M12,value_type,str
max_ht,P12,expression,str
max_ht,A13,Type,str
max_ht,B13,name,str
max_ht,C13,description,str
max_ht,D13,unit,str
max_ht,G13,variable_type,str
max_ht,H13,frequency,str
max_ht,I13,scope_type,str
max_ht,J13,scope_value,str
max_ht,L13,status,str
max_ht,M13,value_type,str
max_ht,P13,expression,str
max_ht,A14,Type,str
max_ht,B14,name,str
max_ht,C14,description,str
max_ht,D14,unit,str
max_ht,G14,variable_type,str
max_ht,H14,frequency,str
max_ht,I14,scope_type,str
max_ht,J14,scope_value,str
max_ht,L14,status,str
max_ht,M14,value_type,str
max_ht,P14,expression,str
max_ht,A15,Type,str
max_ht,B15,name,str
max_ht,C15,description,str
max_ht,D15,unit,str
max_ht,G15,variable_type,str
max_ht,H15,frequency,str
max_ht,I15,scope_type,str
max_ht,J15,scope_value,str
max_ht,L15,status,str
max_ht,M15,value_type,str
max_ht,P15,expression,str
max_ht,A16,Type,str
max_ht,B16,name,str
max_ht,C16,description,str
max_ht,D16,unit,str
max_ht,G16,variable_type,str
max_ht,H16,frequency,str
max_ht,I16,scope_type,str
max_ht,J16,scope_value,str
max_ht,L16,status,str
max_ht,M16,value_type,str
max_ht,P16,expression,str
max_ht,A17,Type,str
max_ht,B17,name,str
max_ht,C17,description,str
max_ht,D17,unit,str
max_ht,G17,variable_type,str
max_ht,H17,frequency,str
max_ht,I17,scope_type,str
max_ht,J17,scope_value,str
max_ht,L17,status,str
max_ht,M17,value_type,str
max_ht,P17,expression,str
max_ht,A18,Type,str
max_ht,B18,name,str
max_ht,C18,description,str
max_ht,D18,unit,str
max_ht,G18,variable_type,str
max_ht,H18,frequency,str
max_ht,I18,scope_type,str
max_ht,J18,scope_value,str
max_ht,L18,status,str
max_ht,M18,value_type,str
max_ht,P18,expression,str
max_ht,A19,Type,str
max_ht,B19,name,str
max_ht,C19,description,str
max_ht,D19,unit,str
max_ht,G19,variable_type,str
max_ht,H19,frequency,str
max_ht,I19,scope_type,str
max_ht,J19,scope_value,str
max_ht,L19,status,str
max_ht,M19,value_type,str
max_ht,P19,expression,str
max_ht,A20,Type,str
max_ht,B20,name,str
max_ht,C20,description,str
max_ht,D20,unit,str
max_ht,G20,variable_type,str
max_ht,H20,frequency,str
max_ht,I20,scope_type,str
max_ht,J20,scope_value,str
max_ht,L20,status,str
max_ht,M20,value_type,str
max_ht,P20,expression,str
max_ht,A21,Type,str
max_ht,B21,name,str
max_ht,C21,description,str
max_ht,D21,unit,str
max_ht,G21,variable_type,str
max_ht,H21,frequency,str
max_ht,I21,scope_type,str
max_ht,J21,scope_value,str
max_ht,L21,status,str
max_ht,M21,value_type,str
max_ht,P21,expression,str
max_ht,A22,Type,str
max_ht,B22,name,str
max_ht,C22,description,str
max_ht,D22,unit,str
max_ht,G22,variable_type,str
max_ht,H22,frequency,str
max_ht,I22,scope_type,str
max_ht,J22,scope_value,str
max_ht,L22,status,str
max_ht,M22,value_type,str
max_ht,P22,expression,str
max_ht,A23,Type,str
max_ht,B23,name,str
max_ht,C23,description,str
max_ht,D23,unit,str
max_ht,E23,value,float
max_ht,F23,version,int
max_ht,H23,frequency,str
max_ht,I23,scope_type,str
max_ht,J23,scope_value,str
max_ht,L23,status,str
max_ht,M23,value_type,str
max_ht,A24,Type,str
max_ht,B24,name,str
max_ht,C24,description,str
max_ht,D24,unit,str
max_ht,E24,value,float
max_ht,F24,version,int
max_ht,H24,frequency,str
max_ht,I24,scope_type,str
max_ht,J24,scope_value,str
max_ht,L24,status,str
max_ht,M24,value_type,str
max_ht,A25,Type,str
max_ht,B25,name,str
max_ht,C25,description,str
max_ht,D25,unit,str
max_ht,E25,value,float
max_ht,F25,version,int
max_ht,H25,frequency,str
max_ht,I25,scope_type,str
max_ht,J25,scope_value,str
max_ht,L25,status,str
max_ht,M25,value_type,str
max_ht,A26,Type,str
max_ht,B26,name,str
max_ht,C26,description,str
max_ht,D26,unit,str
max_ht,E26,value,float
max_ht,F26,version,int
max_ht,H26,frequency,str
max_ht,I26,scope_type,str
max_ht,J26,scope_value,str
max_ht,L26,status,str
max_ht,M26,value_type,str
max_ht,A27,Type,str
max_ht,B27,name,str
max_ht,C27,description,str
max_ht,D27,unit,str
max_ht,G27,variable_type,str
max_ht,H27,frequency,str
max_ht,I27,scope_type,str
max_ht,J27,scope_value,str
max_ht,L27,status,str
max_ht,M27,value_type,str
max_ht,P27,expression,str
max_ht,A28,Type,str
max_ht,B28,name,str
max_ht,C28,description,str
max_ht,D28,unit,str
max_ht,G28,variable_type,str
max_ht,H28,frequency,str
max_ht,I28,scope_type,str
max_ht,J28,scope_value,str
max_ht,L28,status,str
max_ht,M28,value_type,str
max_ht,P28,expression,str
max_ht,A29,Type,str
max_ht,B29,name,str
max_ht,C29,description,str
max_ht,D29,unit,str
max_ht,G29,variable_type,str
max_ht,H29,frequency,str
max_ht,I29,scope_type,str
max_ht,J29,scope_value,str
max_ht,L29,status,str
max_ht,M29,value_type,str
max_ht,P29,expression,str
max_ht,A30,Type,str
max_ht,B30,name,str
max_ht,C30,description,str
max_ht,D30,unit,str
max_ht,G30,variable_type,str
max_ht,H30,frequency,str
max_ht,I30,scope_type,str
max_ht,J30,scope_value,str
max_ht,L30,status,str
max_ht,M30,value_type,str
max_ht,P30,expression,str
max_ht,A31,Type,str
max_ht,B31,name,str
max_ht,C31,description,str
max_ht,D31,unit,str
max_ht,G31,variable_type,str
max_ht,H31,frequency,str
max_ht,I31,scope_type,str
max_ht,J31,scope_value,str
max_ht,L31,status,str
max_ht,M31,value_type,str
max_ht,P31,expression,str
max_ht,A32,Type,str
max_ht,B32,name,str
max_ht,C32,description,str
max_ht,D32,unit,str
max_ht,G32,variable_type,str
max_ht,H32,frequency,str
max_ht,I32,scope_type,str
max_ht,J32,scope_value,str
max_ht,L32,status,str
max_ht,M32,value_type,str
max_ht,P32,expression,str
max_ht,A33,Type,str
max_ht,B33,name,str
max_ht,C33,description,str
max_ht,D33,unit,str
max_ht,G33,variable_type,str
max_ht,H33,frequency,str
max_ht,I33,scope_type,str
max_ht,J33,scope_value,str
max_ht,L33,status,str
max_ht,M33,value_type,str
max_ht,P33,expression,str
max_ht,A34,Type,str
max_ht,B34,name,str
max_ht,C34,description,str
max_ht,D34,unit,str
max_ht,G34,variable_type,str
max_ht,H34,frequency,str
max_ht,I34,scope_type,str
max_ht,J34,scope_value,str
max_ht,L34,status,str
max_ht,M34,value_type,str
max_ht,P34,expression,str
max_ht,A35,Type,str
max_ht,B35,name,str
max_ht,C35,description,str
max_ht,D35,unit,str
max_ht,G35,variable_type,str
max_ht,H35,frequency,str
max_ht,I35,scope_type,str
max_ht,J35,scope_value,str
max_ht,L35,status,str
max_ht,M35,value_type,str
max_ht,P35,expression,str
max_ht,A36,Type,str
max_ht,B36,name,str
max_ht,C36,description,str
max_ht,D36,unit,str
max_ht,G36,variable_type,str
max_ht,H36,frequency,str
max_ht,I36,scope_type,str
max_ht,J36,scope_value,str
max_ht,L36,status,str
max_ht,M36,value_type,str
max_ht,P36,expression,str
max_ht,A37,Type,str
max_ht,B37,name,str
max_ht,C37,description,str
max_ht,D37,unit,str
max_ht,G37,variable_type,str
max_ht,H37,frequency,str
max_ht,I37,scope_type,str
max_ht,J37,scope_value,str
max_ht,L37,status,str
max_ht,M37,value_type,str
max_ht,P37,expression,str
max_ht,A38,Type,str
max_ht,B38,name,str
max_ht,C38,description,str
max_ht,D38,unit,str
max_ht,G38,variable_type,str
max_ht,H38,frequency,str
max_ht,I38,scope_type,str
max_ht,J38,scope_value,str
max_ht,L38,status,str
max_ht,M38,value_type,str
max_ht,P38,expression,str
max_ht,A39,Type,str
max_ht,B39,name,str
max_ht,C39,description,str
max_ht,D39,unit,str
max_ht,G39,variable_type,str
max_ht,H39,frequency,str
max_ht,I39,scope_type,str
max_ht,J39,scope_value,str
max_ht,L39,status,str
max_ht,M39,value_type,str
max_ht,P39,expression,str
max_ht,A40,Type,str
max_ht,B40,name,str
max_ht,C40,description,str
max_ht,D40,unit,str
max_ht,G40,variable_type,str
max_ht,H40,frequency,str
max_ht,I40,scope_type,str
max_ht,J40,scope_value,str
max_ht,L40,status,str
max_ht,M40,value_type,str
max_ht,P40,expression,str
max_ht,A41,Type,str
max_ht,B41,name,str
max_ht,C41,description,str
max_ht,D41,unit,str
max_ht,G41,variable_type,str
max_ht,H41,frequency,str
max_ht,I41,scope_type,str
max_ht,J41,scope_value,str
max_ht,L41,status,str
max_ht,M41,value_type,str
max_ht,P41,expression,str
max_ht,A42,Type,str
max_ht,B42,name,str
max_ht,C42,description,str
max_ht,D42,unit,str
max_ht,G42,variable_type,str
max_ht,H42,frequency,str
max_ht,I42,scope_type,str
max_ht,J42,scope_value,str
max_ht,L42,status,str
max_ht,M42,value_type,str
max_ht,P42,expression,str
max_ht,A43,Type,str
max_ht,B43,name,str
max_ht,C43,description,str
max_ht,D43,unit,str
max_ht,G43,variable_type,str
max_ht,H43,frequency,str
max_ht,I43,scope_type,str
max_ht,J43,scope_value,str
max_ht,L43,status,str
max_ht,M43,value_type,str
max_ht,P43,expression,str
max_ht,A44,Type,str
max_ht,B44,name,str
max_ht,C44,description,str
max_ht,D44,unit,str
max_ht,G44,variable_type,str
max_ht,H44,frequency,str
max_ht,I44,scope_type,str
max_ht,J44,scope_value,str
max_ht,L44,status,str
max_ht,M44,value_type,str
max_ht,P44,expression,str
max_ht,A45,Type,str
max_ht,B45,name,str
max_ht,C45,description,str
max_ht,D45,unit,str
max_ht,G45,variable_type,str
max_ht,H45,frequency,str
max_ht,I45,scope_type,str
max_ht,J45,scope_value,str
max_ht,L45,status,str
max_ht,M45,value_type,str
max_ht,P45,expression,str
max_ht,A46,Type,str
max_ht,B46,name,str
max_ht,C46,description,str
max_ht,D46,unit,str
max_ht,G46,variable_type,str
max_ht,H46,frequency,str
max_ht,I46,scope_type,str
max_ht,J46,scope_value,str
max_ht,L46,status,str
max_ht,M46,value_type,str
max_ht,P46,expression,str
max_ht,A47,Type,str
max_ht,B47,name,str
max_ht,C47,description,str
max_ht,D47,unit,str
max_ht,G47,variable_type,str
max_ht,H47,frequency,str
max_ht,I47,scope_type,str
max_ht,J47,scope_value,str
max_ht,L47,status,str
max_ht,M47,value_type,str
max_ht,P47,expression,str
max_ht,A48,Type,str
max_ht,B48,name,str
max_ht,C48,description,str
max_ht,D48,unit,str
max_ht,G48,variable_type,str
max_ht,H48,frequency,str
max_ht,I48,scope_type,str
max_ht,J48,scope_value,str
max_ht,L48,status,str
max_ht,M48,value_type,str
max_ht,P48,expression,str
max_ht,A49,Type,str
max_ht,B49,name,str
max_ht,C49,description,str
max_ht,D49,unit,str
max_ht,G49,variable_type,str
max_ht,H49,frequency,str
max_ht,I49,scope_type,str
max_ht,J49,scope_value,str
max_ht,L49,status,str
max_ht,M49,value_type,str
max_ht,P49,expression,str
max_ht,A50,Type,str
max_ht,B50,name,str
max_ht,C50,description,str
max_ht,D50,unit,str
max_ht,G50,variable_type,str
max_ht,H50,frequency,str
max_ht,I50,scope_type,str
max_ht,J50,scope_value,str
max_ht,L50,status,str
max_ht,M50,value_type,str
max_ht,P50,expression,str
max_ht,A51,Type,str
max_ht,B51,name,str
max_ht,C51,description,str
max_ht,D51,unit,str
max_ht,G51,variable_type,str
max_ht,H51,frequency,str
max_ht,I51,scope_type,str
max_ht,J51,scope_value,str
max_ht,L51,status,str
max_ht,M51,value_type,str
max_ht,P51,expression,str
max_ht,A52,Type,str
max_ht,B52,name,str
max_ht,C52,description,str
max_ht,D52,unit,str
max_ht,G52,variable_type,str
max_ht,H52,frequency,str
max_ht,I52,scope_type,str
max_ht,J52,scope_value,str
max_ht,L52,status,str
max_ht,M52,value_type,str
max_ht,P52,expression,str
max_ht,A53,Type,str
max_ht,B53,name,str
max_ht,C53,description,str
max_ht,D53,unit,str
max_ht,G53,variable_type,str
max_ht,H53,frequency,str
max_ht,I53,scope_type,str
max_ht,J53,scope_value,str
max_ht,L53,status,str
max_ht,M53,value_type,str
max_ht,P53,expression,str
max_ht,A54,Type,str
max_ht,B54,name,str
max_ht,C54,description,str
max_ht,D54,unit,str
max_ht,G54,variable_type,str
max_ht,H54,frequency,str
max_ht,I54,scope_type,str
max_ht,J54,scope_value,str
max_ht,L54,status,str
max_ht,M54,value_type,str
max_ht,P54,expression,str
max_ht,A55,Type,str
max_ht,B55,name,str
max_ht,C55,description,str
max_ht,D55,unit,str
max_ht,G55,variable_type,str
max_ht,H55,frequency,str
max_ht,I55,scope_type,str
max_ht,J55,scope_value,str
max_ht,L55,status,str
max_ht,M55,value_type,str
max_ht,P55,expression,str
max_ht,A56,Type,str
max_ht,B56,name,str
max_ht,C56,description,str
max_ht,D56,unit,str
max_ht,G56,variable_type,str
max_ht,H56,frequency,str
max_ht,I56,scope_type,str
max_ht,J56,scope_value,str
max_ht,L56,status,str
max_ht,M56,value_type,str
max_ht,P56,expression,str
max_ht,A57,Type,str
max_ht,B57,name,str
max_ht,C57,description,str
max_ht,D57,unit,str
max_ht,G57,variable_type,str
max_ht,H57,frequency,str
max_ht,I57,scope_type,str
max_ht,J57,scope_value,str
max_ht,L57,status,str
max_ht,M57,value_type,str
max_ht,P57,expression,str
max_ht,A58,Type,str
max_ht,B58,name,str
max_ht,C58,description,str
max_ht,D58,unit,str
max_ht,G58,variable_type,str
max_ht,H58,frequency,str
max_ht,I58,scope_type,str
max_ht,J58,scope_value,str
max_ht,L58,status,str
max_ht,M58,value_type,str
max_ht,P58,expression,str
max_ht,A59,Type,str
max_ht,B59,name,str
max_ht,C59,description,str
max_ht,D59,unit,str
max_ht,G59,variable_type,str
max_ht,H59,frequency,str
max_ht,I59,scope_type,str
max_ht,J59,scope_value,str
max_ht,L59,status,str
max_ht,M59,value_type,str
max_ht,P59,expression,str
max_ht,A60,Type,str
max_ht,B60,name,str
max_ht,C60,description,str
max_ht,D60,unit,str
max_ht,G60,variable_type,str
max_ht,H60,frequency,str
max_ht,I60,scope_type,str
max_ht,J60,scope_value,str
max_ht,L60,status,str
max_ht,M60,value_type,str
max_ht,P60,expression,str
max_ht,A61,Type,str
max_ht,B61,name,str
max_ht,C61,description,str
max_ht,D61,unit,str
max_ht,G61,variable_type,str
max_ht,H61,frequency,str
max_ht,I61,scope_type,str
max_ht,J61,scope_value,str
max_ht,L61,status,str
max_ht,M61,value_type,str
max_ht,P61,expression,str
max_ht,A62,Type,str
max_ht,B62,name,str
max_ht,C62,description,str
max_ht,D62,unit,str
max_ht,G62,variable_type,str
max_ht,H62,frequency,str
max_ht,I62,scope_type,str
max_ht,J62,scope_value,str
max_ht,L62,status,str
max_ht,M62,value_type,str
max_ht,P62,expression,str
max_ht,A63,Type,str
max_ht,B63,name,str
max_ht,C63,description,str
max_ht,D63,unit,str
max_ht,G63,variable_type,str
max_ht,H63,frequency,str
max_ht,I63,scope_type,str
max_ht,J63,scope_value,str
max_ht,L63,status,str
max_ht,M63,value_type,str
max_ht,P63,expression,str
max_ht,A64,Type,str
max_ht,B64,name,str
max_ht,C64,description,str
max_ht,D64,unit,str
max_ht,G64,variable_type,str
max_ht,H64,frequency,str
max_ht,I64,scope_type,str
max_ht,J64,scope_value,str
max_ht,L64,status,str
max_ht,M64,value_type,str
max_ht,P64,expression,str
max_ht,A65,Type,str
max_ht,B65,name,str
max_ht,C65,description,str
max_ht,D65,unit,str
max_ht,G65,variable_type,str
max_ht,H65,frequency,str
max_ht,I65,scope_type,str
max_ht,J65,scope_value,str
max_ht,L65,status,str
max_ht,M65,value_type,str
max_ht,P65,expression,str
max_ht,A66,Type,str
max_ht,B66,name,str
max_ht,C66,description,str
max_ht,D66,unit,str
max_ht,G66,variable_type,str
max_ht,H66,frequency,str
max_ht,I66,scope_type,str
max_ht,J66,scope_value,str
max_ht,L66,status,str
max_ht,M66,value_type,str
max_ht,P66,expression,str
max_ht,A67,Type,str
max_ht,B67,name,str
max_ht,C67,description,str
max_ht,D67,unit,str
max_ht,G67,variable_type,str
max_ht,H67,frequency,str
max_ht,I67,scope_type,str
max_ht,J67,scope_value,str
max_ht,L67,status,str
max_ht,M67,value_type,str
max_ht,P67,expression,str
max_ht,A68,Type,str
max_ht,B68,name,str
max_ht,C68,description,str
max_ht,D68,unit,str
max_ht,G68,variable_type,str
max_ht,H68,frequency,str
max_ht,I68,scope_type,str
max_ht,J68,scope_value,str
max_ht,K68,source_reference,str
max_ht,L68,status,str
max_ht,M68,value_type,str
max_ht,Q68,fonte,str
max_ht,A69,Type,str
max_ht,B69,name,str
max_ht,C69,description,str
max_ht,D69,unit,str
max_ht,G69,variable_type,str
max_ht,H69,frequency,str
max_ht,I69,scope_type,str
max_ht,J69,scope_value,str
max_ht,L69,status,str
max_ht,M69,value_type,str
max_ht,P69,expression,str
max_ht,A70,Type,str
max_ht,B70,name,str
max_ht,C70,description,str
max_ht,D70,unit,str
max_ht,G70,variable_type,str
max_ht,H70,frequency,str
max_ht,I70,scope_type,str
max_ht,J70,scope_value,str
max_ht,L70,status,str
max_ht,M70,value_type,str
max_ht,P70,expression,str
max_ht,A71,Type,str
max_ht,B71,name,str
max_ht,C71,description,str
max_ht,D71,unit,str
max_ht,G71,variable_type,str
max_ht,H71,frequency,str
max_ht,I71,scope_type,str
max_ht,J71,scope_value,str
max_ht,L71,status,str
max_ht,M71,value_type,str
max_ht,P71,expression,str
max_ht,A72,Type,str
max_ht,B72,name,str
max_ht,C72,description,str
max_ht,D72,unit,str
max_ht,G72,variable_type,str
max_ht,H72,frequency,str
max_ht,I72,scope_type,str
max_ht,J72,scope_value,str
max_ht,L72,status,str
max_ht,M72,value_type,str
max_ht,P72,expression,str
max_ht,A73,Type,str
max_ht,B73,name,str
max_ht,C73,description,str
max_ht,D73,unit,str
max_ht,G73,variable_type,str
max_ht,H73,frequency,str
max_ht,I73,scope_type,str
max_ht,J73,scope_value,str
max_ht,L73,status,str
max_ht,M73,value_type,str
max_ht,P73,expression,str
max_ht,A74,Type,str
max_ht,B74,name,str
max_ht,C74,description,str
max_ht,D74,unit,str
max_ht,G74,variable_type,str
max_ht,H74,frequency,str
max_ht,I74,scope_type,str
max_ht,J74,scope_value,str
max_ht,L74,status,str
max_ht,M74,value_type,str
max_ht,P74,expression,str
max_ht,A75,Type,str
max_ht,B75,name,str
max_ht,C75,description,str
max_ht,D75,unit,str
max_ht,G75,variable_type,str
max_ht,H75,frequency,str
max_ht,I75,scope_type,str
max_ht,J75,scope_value,str
max_ht,L75,status,str
max_ht,M75,value_type,str
max_ht,P75,expression,str
max_ht,A76,Type,str
max_ht,B76,name,str
max_ht,C76,description,str
max_ht,D76,unit,str
max_ht,G76,variable_type,str
max_ht,H76,frequency,str
max_ht,I76,scope_type,str
max_ht,J76,scope_value,str
max_ht,L76,status,str
max_ht,M76,value_type,str
max_ht,P76,expression,str
max_ht,A77,Type,str
max_ht,B77,name,str
max_ht,C77,description,str
max_ht,D77,unit,str
max_ht,G77,variable_type,str
max_ht,H77,frequency,str
max_ht,I77,scope_type,str
max_ht,J77,scope_value,str
max_ht,L77,status,str
max_ht,M77,value_type,str
max_ht,P77,expression,str
max_ht,A78,Type,str
max_ht,B78,name,str
max_ht,C78,description,str
max_ht,D78,unit,str
max_ht,G78,variable_type,str
max_ht,H78,frequency,str
max_ht,I78,scope_type,str
max_ht,J78,scope_value,str
max_ht,L78,status,str
max_ht,M78,value_type,str
max_ht,P78,expression,str
max_ht,A79,Type,str
max_ht,B79,name,str
max_ht,C79,description,str
max_ht,D79,unit,str
max_ht,G79,variable_type,str
max_ht,H79,frequency,str
max_ht,I79,scope_type,str
max_ht,J79,scope_value,str
max_ht,L79,status,str
max_ht,M79,value_type,str
max_ht,P79,expression,str
max_ht,A80,Type,str
max_ht,B80,name,str
max_ht,C80,description,str
max_ht,D80,unit,str
max_ht,G80,variable_type,str
max_ht,H80,frequency,str
max_ht,I80,scope_type,str
max_ht,J80,scope_value,str
max_ht,L80,status,str
max_ht,M80,value_type,str
max_ht,P80,expression,str
max_ht,A81,Type,str
max_ht,B81,name,str
max_ht,C81,description,str
max_ht,D81,unit,str
max_ht,G81,variable_type,str
max_ht,H81,frequency,str
max_ht,I81,scope_type,str
max_ht,J81,scope_value,str
max_ht,L81,status,str
max_ht,M81,value_type,str
max_ht,P81,expression,str
max_ht,A82,Type,str
max_ht,B82,name,str
max_ht,C82,description,str
max_ht,D82,unit,str
max_ht,G82,variable_type,str
max_ht,H82,frequency,str
max_ht,I82,scope_type,str
max_ht,J82,scope_value,str
max_ht,L82,status,str
max_ht,M82,value_type,str
max_ht,P82,expression,str
max_ht,A83,Type,str
max_ht,B83,name,str
max_ht,C83,description,str
max_ht,D83,unit,str
max_ht,G83,variable_type,str
max_ht,H83,frequency,str
max_ht,I83,scope_type,str
max_ht,J83,scope_value,str
max_ht,L83,status,str
max_ht,M83,value_type,str
max_ht,P83,expression,str
max_ht,A84,Type,str
max_ht,B84,name,str
max_ht,C84,description,str
max_ht,D84,unit,str
max_ht,G84,variable_type,str
max_ht,H84,frequency,str
max_ht,I84,scope_type,str
max_ht,J84,scope_value,str
max_ht,L84,status,str
max_ht,M84,value_type,str
max_ht,P84,expression,str
max_ht,A85,Type,str
max_ht,B85,name,str
max_ht,C85,description,str
max_ht,D85,unit,str
max_ht,G85,variable_type,str
max_ht,H85,frequency,str
max_ht,I85,scope_type,str
max_ht,J85,scope_value,str
max_ht,L85,status,str
max_ht,M85,value_type,str
max_ht,P85,expression,str
max_ht,A86,Type,str
max_ht,B86,name,str
max_ht,C86,description,str
max_ht,D86,unit,str
max_ht,G86,variable_type,str
max_ht,H86,frequency,str
max_ht,I86,scope_type,str
max_ht,J86,scope_value,str
max_ht,L86,status,str
max_ht,M86,value_type,str
max_ht,P86,expression,str
max_ht,A87,Type,str
max_ht,B87,name,str
max_ht,C87,description,str
max_ht,D87,unit,str
max_ht,G87,variable_type,str
max_ht,H87,frequency,str
max_ht,I87,scope_type,str
max_ht,J87,scope_value,str
max_ht,L87,status,str
max_ht,M87,value_type,str
max_ht,P87,expression,str
max_ht,A88,Type,str
max_ht,B88,name,str
max_ht,C88,description,str
max_ht,D88,unit,str
max_ht,G88,variable_type,str
max_ht,H88,frequency,str
max_ht,I88,scope_type,str
max_ht,J88,scope_value,str
max_ht,L88,status,str
max_ht,M88,value_type,str
max_ht,P88,expression,str
max_ht,A89,Type,str
max_ht,B89,name,str
max_ht,C89,description,str
max_ht,D89,unit,str
max_ht,G89,variable_type,str
max_ht,H89,frequency,str
max_ht,I89,scope_type,str
max_ht,J89,scope_value,str
max_ht,L89,status,str
max_ht,M89,value_type,str
max_ht,P89,expression,str
max_ht,A90,Type,str
max_ht,B90,name,str
max_ht,C90,description,str
max_ht,D90,unit,str
max_ht,G90,variable_type,str
max_ht,H90,frequency,str
max_ht,I90,scope_type,str
max_ht,J90,scope_value,str
max_ht,L90,status,str
max_ht,M90,value_type,str
max_ht,P90,expression,str
max_ht,A91,Type,str
max_ht,B91,name,str
max_ht,C91,description,str
max_ht,D91,unit,str
max_ht,G91,variable_type,str
max_ht,H91,frequency,str
max_ht,I91,scope_type,str
max_ht,J91,scope_value,str
max_ht,L91,status,str
max_ht,M91,value_type,str
max_ht,P91,expression,str
max_ht,A92,Type,str
max_ht,B92,name,str
max_ht,C92,description,str
max_ht,D92,unit,str
max_ht,G92,variable_type,str
max_ht,H92,frequency,str
max_ht,I92,scope_type,str
max_ht,J92,scope_value,str
max_ht,L92,status,str
max_ht,M92,value_type,str
max_ht,P92,expression,str
max_ht,A93,Type,str
max_ht,B93,name,str
max_ht,C93,description,str
max_ht,D93,unit,str
max_ht,G93,variable_type,str
max_ht,H93,frequency,str
max_ht,I93,scope_type,str
max_ht,J93,scope_value,str
max_ht,L93,status,str
max_ht,M93,value_type,str
max_ht,P93,expression,str
max_ht,A94,Type,str
max_ht,B94,name,str
max_ht,C94,description,str
max_ht,D94,unit,str
max_ht,G94,variable_type,str
max_ht,H94,frequency,str
max_ht,I94,scope_type,str
max_ht,J94,scope_value,str
max_ht,L94,status,str
max_ht,M94,value_type,str
max_ht,P94,expression,str
max_ht,A95,Type,str
max_ht,B95,name,str
max_ht,C95,description,str
max_ht,D95,unit,str
max_ht,G95,variable_type,str
max_ht,H95,frequency,str
max_ht,I95,scope_type,str
max_ht,J95,scope_value,str
max_ht,L95,status,str
max_ht,M95,value_type,str
max_ht,P95,expression,str
max_ht,A96,Type,str
max_ht,B96,name,str
max_ht,C96,description,str
max_ht,D96,unit,str
max_ht,G96,variable_type,str
max_ht,H96,frequency,str
max_ht,I96,scope_type,str
max_ht,J96,scope_value,str
max_ht,L96,status,str
max_ht,M96,value_type,str
max_ht,P96,expression,str
max_ht,A97,Type,str
max_ht,B97,name,str
max_ht,C97,description,str
max_ht,D97,unit,str
max_ht,G97,variable_type,str
max_ht,H97,frequency,str
max_ht,I97,scope_type,str
max_ht,J97,scope_value,str
max_ht,L97,status,str
max_ht,M97,value_type,str
max_ht,P97,expression,str
max_ht,A98,Type,str
max_ht,B98,name,str
max_ht,C98,description,str
max_ht,D98,unit,str
max_ht,G98,variable_type,str
max_ht,H98,frequency,str
max_ht,I98,scope_type,str
max_ht,J98,scope_value,str
max_ht,K98,source_reference,str
max_ht,L98,status,str
max_ht,M98,value_type,str
max_ht,Q98,fonte,str
max_ht,A99,Type,str
max_ht,B99,name,str
max_ht,C99,description,str
max_ht,D99,unit,str
max_ht,G99,variable_type,str
max_ht,H99,frequency,str
max_ht,I99,scope_type,str
max_ht,J99,scope_value,str
max_ht,L99,status,str
max_ht,M99,value_type,str
max_ht,P99,expression,str
max_ht,A100,Type,str
max_ht,B100,name,str
max_ht,C100,description,str
max_ht,D100,unit,str
max_ht,G100,variable_type,str
max_ht,H100,frequency,str
max_ht,I100,scope_type,str
max_ht,J100,scope_value,str
max_ht,L100,status,str
max_ht,M100,value_type,str
max_ht,P100,expression,str
max_ht,A101,Type,str
max_ht,B101,name,str
max_ht,C101,description,str
max_ht,D101,unit,str
max_ht,G101,variable_type,str
max_ht,H101,frequency,str
max_ht,I101,scope_type,str
max_ht,J101,scope_value,str
max_ht,L101,status,str
max_ht,M101,value_type,str
max_ht,P101,expression,str
max_ht,A102,Type,str
max_ht,B102,name,str
max_ht,C102,description,str
max_ht,D102,unit,str
max_ht,G102,variable_type,str
max_ht,H102,frequency,str
max_ht,I102,scope_type,str
max_ht,J102,scope_value,str
max_ht,L102,status,str
max_ht,M102,value_type,str
max_ht,P102,expression,str
max_ht,A103,Type,str
max_ht,B103,name,str
max_ht,C103,description,str
max_ht,D103,unit,str
max_ht,G103,variable_type,str
max_ht,H103,frequency,str
max_ht,I103,scope_type,str
max_ht,J103,scope_value,str
max_ht,L103,status,str
max_ht,M103,value_type,str
max_ht,P103,expression,str
max_ht,A104,Type,str
max_ht,B104,name,str
max_ht,C104,description,str
max_ht,D104,unit,str
max_ht,G104,variable_type,str
max_ht,H104,frequency,str
max_ht,I104,scope_type,str
max_ht,J104,scope_value,str
max_ht,L104,status,str
max_ht,M104,value_type,str
max_ht,P104,expression,str
max_ht,A105,Type,str
max_ht,B105,name,str
max_ht,C105,description,str
max_ht,D105,unit,str
max_ht,G105,variable_type,str
max_ht,H105,frequency,str
max_ht,I105,scope_type,str
max_ht,J105,scope_value,str
max_ht,L105,status,str
max_ht,M105,value_type,str
max_ht,P105,expression,str
max_ht,A106,Type,str
max_ht,B106,name,str
max_ht,C106,description,str
max_ht,D106,unit,str
max_ht,G106,variable_type,str
max_ht,H106,frequency,str
max_ht,I106,scope_type,str
max_ht,J106,scope_value,str
max_ht,L106,status,str
max_ht,M106,value_type,str
max_ht,P106,expression,str
max_ht,A107,Type,str
max_ht,B107,name,str
max_ht,C107,description,str
max_ht,D107,unit,str
max_ht,G107,variable_type,str
max_ht,H107,frequency,str
max_ht,I107,scope_type,str
max_ht,J107,scope_value,str
max_ht,L107,status,str
max_ht,M107,value_type,str
max_ht,P107,expression,str
max_ht,A108,Type,str
max_ht,B108,name,str
max_ht,C108,description,str
max_ht,D108,unit,str
max_ht,G108,variable_type,str
max_ht,H108,frequency,str
max_ht,I108,scope_type,str
max_ht,J108,scope_value,str
max_ht,L108,status,str
max_ht,M108,value_type,str
max_ht,P108,expression,str
max_ht,A109,Type,str
max_ht,B109,name,str
max_ht,C109,description,str
max_ht,D109,unit,str
max_ht,G109,variable_type,str
max_ht,H109,frequency,str
max_ht,I109,scope_type,str
max_ht,J109,scope_value,str
max_ht,L109,status,str
max_ht,M109,value_type,str
max_ht,P109,expression,str
max_ht,A110,Type,str
max_ht,B110,name,str
max_ht,C110,description,str
max_ht,D110,unit,str
max_ht,G110,variable_type,str
max_ht,H110,frequency,str
max_ht,I110,scope_type,str
max_ht,J110,scope_value,str
max_ht,L110,status,str
max_ht,M110,value_type,str
max_ht,P110,expression,str
max_ht,A111,Type,str
max_ht,B111,name,str
max_ht,C111,description,str
max_ht,D111,unit,str
max_ht,G111,variable_type,str
max_ht,H111,frequency,str
max_ht,I111,scope_type,str
max_ht,J111,scope_value,str
max_ht,L111,status,str
max_ht,M111,value_type,str
max_ht,P111,expression,str
max_ht,A112,Type,str
max_ht,B112,name,str
max_ht,C112,description,str
max_ht,D112,unit,str
max_ht,G112,variable_type,str
max_ht,H112,frequency,str
max_ht,I112,scope_type,str
max_ht,J112,scope_value,str
max_ht,L112,status,str
max_ht,M112,value_type,str
max_ht,P112,expression,str
max_ht,A113,Type,str
max_ht,B113,name,str
max_ht,C113,description,str
max_ht,D113,unit,str
max_ht,G113,variable_type,str
max_ht,H113,frequency,str
max_ht,I113,scope_type,str
max_ht,J113,scope_value,str
max_ht,L113,status,str
max_ht,M113,value_type,str
max_ht,P113,expression,str
max_ht,A114,Type,str
max_ht,B114,name,str
max_ht,C114,description,str
max_ht,D114,unit,str
max_ht,G114,variable_type,str
max_ht,H114,frequency,str
max_ht,I114,scope_type,str
max_ht,J114,scope_value,str
max_ht,L114,status,str
max_ht,M114,value_type,str
max_ht,P114,expression,str
max_ht,A115,Type,str
max_ht,B115,name,str
max_ht,C115,description,str
max_ht,D115,unit,str
max_ht,G115,variable_type,str
max_ht,H115,frequency,str
max_ht,I115,scope_type,str
max_ht,J115,scope_value,str
max_ht,L115,status,str
max_ht,M115,value_type,str
max_ht,P115,expression,str
max_ht,A116,Type,str
max_ht,B116,name,str
max_ht,C116,description,str
max_ht,D116,unit,str
max_ht,G116,variable_type,str
max_ht,H116,frequency,str
max_ht,I116,scope_type,str
max_ht,J116,scope_value,str
max_ht,L116,status,str
max_ht,M116,value_type,str
max_ht,P116,expression,str
max_ht,A117,Type,str
max_ht,B117,name,str
max_ht,C117,description,str
max_ht,D117,unit,str
max_ht,G117,variable_type,str
max_ht,H117,frequency,str
max_ht,I117,scope_type,str
max_ht,J117,scope_value,str
max_ht,L117,status,str
max_ht,M117,value_type,str
max_ht,P117,expression,str
max_ht,A118,Type,str
max_ht,B118,name,str
max_ht,C118,description,str
max_ht,D118,unit,str
max_ht,G118,variable_type,str
max_ht,H118,frequency,str
max_ht,I118,scope_type,str
max_ht,J118,scope_value,str
max_ht,L118,status,str
max_ht,M118,value_type,str
max_ht,P118,expression,str
max_ht,A119,Type,str
max_ht,B119,name,str
max_ht,C119,description,str
max_ht,D119,unit,str
max_ht,G119,variable_type,str
max_ht,H119,frequency,str
max_ht,I119,scope_type,str
max_ht,J119,scope_value,str
max_ht,L119,status,str
max_ht,M119,value_type,str
max_ht,R119,OBS,str
max_ht,A120,Type,str
max_ht,B120,name,str
max_ht,C120,description,str
max_ht,D120,unit,str
max_ht,G120,variable_type,str
max_ht,H120,frequency,str
max_ht,I120,scope_type,str
max_ht,J120,scope_value,str
max_ht,L120,status,str
max_ht,M120,value_type,str
max_ht,R120,OBS,str
max_ht,A121,Type,str
max_ht,B121,name,str
max_ht,C121,description,str
max_ht,D121,unit,str
max_ht,G121,variable_type,str
max_ht,H121,frequency,str
max_ht,I121,scope_type,str
max_ht,J121,scope_value,str
max_ht,L121,status,str
max_ht,M121,value_type,str
max_ht,R121,OBS,str
max_ht,A122,Type,str
max_ht,B122,name,str
max_ht,C122,description,str
max_ht,D122,unit,str
max_ht,G122,variable_type,str
max_ht,H122,frequency,str
max_ht,I122,scope_type,str
max_ht,J122,scope_value,str
max_ht,L122,status,str
max_ht,M122,value_type,str
max_ht,R122,OBS,str
production,A1,Type,str
production,E1,value,str
production,G1,variable_type,str
production,I1,scope_type,str
production,P1,expression,str
production,A2,Type,str
production,B2,name,str
production,C2,description,str
production,D2,unit,str
production,E2,value,str
production,F2,version,str
production,G2,variable_type,str
production,H2,frequency,str
production,I2,scope_type,str
production,J2,scope_value,str
production,K2,source_reference,str
production,L2,status,str
production,M2,value_type,str
production,N2,allowed_values,str
production,O2,declared_result_states,str
production,P2,expression,str
production,Q2,fonte,str
production,R2,OBS,str
production,A3,Type,str
production,B3,name,str
production,D3,unit,str
production,G3,variable_type,str
production,H3,frequency,str
production,I3,scope_type,str
production,J3,scope_value,str
production,L3,status,str
production,M3,value_type,str
production,P3,expression,str
production,R3,OBS,str
production,A4,Type,str
production,B4,name,str
production,D4,unit,str
production,G4,variable_type,str
production,H4,frequency,str
production,I4,scope_type,str
production,J4,scope_value,str
production,L4,status,str
production,M4,value_type,str
production,P4,expression,str
production,A5,Type,str
production,B5,name,str
production,D5,unit,str
production,G5,variable_type,str
production,H5,frequency,str
production,I5,scope_type,str
production,J5,scope_value,str
production,L5,status,str
production,M5,value_type,str
production,P5,expression,str
production,A6,Type,str
production,B6,name,str
production,D6,unit,str
production,G6,variable_type,str
production,H6,frequency,str
production,I6,scope_type,str
production,J6,scope_value,str
production,L6,status,str
production,M6,value_type,str
production,P6,expression,str
production,A7,Type,str
production,B7,name,str
production,D7,unit,str
production,G7,variable_type,str
production,H7,frequency,str
production,I7,scope_type,str
production,J7,scope_value,str
production,L7,status,str
production,M7,value_type,str
production,P7,expression,str
production,A8,Type,str
production,B8,name,str
production,D8,unit,str
production,G8,variable_type,str
production,H8,frequency,str
production,I8,scope_type,str
production,J8,scope_value,str
production,L8,status,str
production,M8,value_type,str
production,P8,expression,str
production,A9,Type,str
production,B9,name,str
production,D9,unit,str
production,G9,variable_type,str
production,H9,frequency,str
production,I9,scope_type,str
production,J9,scope_value,str
production,L9,status,str
production,M9,value_type,str
production,P9,expression,str
production,A10,Type,str
production,B10,name,str
production,D10,unit,str
production,G10,variable_type,str
production,H10,frequency,str
production,I10,scope_type,str
production,J10,scope_value,str
production,L10,status,str
production,M10,value_type,str
production,P10,expression,str
production,A11,Type,str
production,B11,name,str
production,D11,unit,str
production,G11,variable_type,str
production,H11,frequency,str
production,I11,scope_type,str
production,J11,scope_value,str
production,L11,status,str
production,M11,value_type,str
production,P11,expression,str
production,A12,Type,str
production,B12,name,str
production,D12,unit,str
production,G12,variable_type,str
production,H12,frequency,str
production,I12,scope_type,str
production,J12,scope_value,str
production,L12,status,str
production,M12,value_type,str
production,R12,OBS,str
production,A13,Type,str
production,B13,name,str
production,D13,unit,str
production,G13,variable_type,str
production,H13,frequency,str
production,I13,scope_type,str
production,J13,scope_value,str
production,L13,status,str
production,M13,value_type,str
production,P13,expression,str
production,A14,Type,str
production,B14,name,str
production,D14,unit,str
production,G14,variable_type,str
production,H14,frequency,str
production,I14,scope_type,str
production,J14,scope_value,str
production,L14,status,str
production,M14,value_type,str
production,P14,expression,str
production,A15,Type,str
production,B15,name,str
production,D15,unit,str
production,G15,variable_type,str
production,H15,frequency,str
production,I15,scope_type,str
production,J15,scope_value,str
production,L15,status,str
production,M15,value_type,str
production,P15,expression,str
production,A16,Type,str
production,B16,name,str
production,D16,unit,str
production,G16,variable_type,str
production,H16,frequency,str
production,I16,scope_type,str
production,J16,scope_value,str
production,L16,status,str
production,M16,value_type,str
production,P16,expression,str
production,A17,Type,str
production,B17,name,str
production,D17,unit,str
production,G17,variable_type,str
production,H17,frequency,str
production,I17,scope_type,str
production,J17,scope_value,str
production,L17,status,str
production,M17,value_type,str
production,P17,expression,str
production,A18,Type,str
production,B18,name,str
production,D18,unit,str
production,G18,variable_type,str
production,H18,frequency,str
production,I18,scope_type,str
production,J18,scope_value,str
production,L18,status,str
production,M18,value_type,str
production,R18,OBS,str
production,A19,Type,str
production,B19,name,str
production,D19,unit,str
production,G19,variable_type,str
production,H19,frequency,str
production,I19,scope_type,str
production,J19,scope_value,str
production,L19,status,str
production,M19,value_type,str
production,P19,expression,str
production,R19,OBS,str
production,A20,Type,str
production,B20,name,str
production,D20,unit,str
production,G20,variable_type,str
production,H20,frequency,str
production,I20,scope_type,str
production,J20,scope_value,str
production,L20,status,str
production,M20,value_type,str
production,P20,expression,str
production,A21,Type,str
production,B21,name,str
production,D21,unit,str
production,G21,variable_type,str
production,H21,frequency,str
production,I21,scope_type,str
production,J21,scope_value,str
production,L21,status,str
production,M21,value_type,str
production,P21,expression,str
production,A22,Type,str
production,B22,name,str
production,D22,unit,str
production,G22,variable_type,str
production,H22,frequency,str
production,I22,scope_type,str
production,J22,scope_value,str
production,L22,status,str
production,M22,value_type,str
production,P22,expression,str
production,A23,Type,str
production,B23,name,str
production,D23,unit,str
production,G23,variable_type,str
production,H23,frequency,str
production,I23,scope_type,str
production,J23,scope_value,str
production,L23,status,str
production,M23,value_type,str
production,P23,expression,str
production,A24,Type,str
production,B24,name,str
production,D24,unit,str
production,G24,variable_type,str
production,H24,frequency,str
production,I24,scope_type,str
production,J24,scope_value,str
production,L24,status,str
production,M24,value_type,str
production,R24,OBS,str
production,A25,Type,str
production,B25,name,str
production,D25,unit,str
production,G25,variable_type,str
production,H25,frequency,str
production,I25,scope_type,str
production,J25,scope_value,str
production,L25,status,str
production,M25,value_type,str
production,P25,expression,str
production,R25,OBS,str
production,A26,Type,str
production,B26,name,str
production,D26,unit,str
production,E26,value,int
production,F26,version,int
production,H26,frequency,str
production,I26,scope_type,str
production,J26,scope_value,str
production,L26,status,str
production,M26,value_type,str
production,R26,OBS,str
production,A27,Type,str
production,B27,name,str
production,D27,unit,str
production,G27,variable_type,str
production,H27,frequency,str
production,I27,scope_type,str
production,J27,scope_value,str
production,K27,source_reference,str
production,L27,status,str
production,M27,value_type,str
production,A28,Type,str
production,B28,name,str
production,D28,unit,str
production,G28,variable_type,str
production,H28,frequency,str
production,I28,scope_type,str
production,J28,scope_value,str
production,L28,status,str
production,M28,value_type,str
production,R28,OBS,str
production,A29,Type,str
production,B29,name,str
production,D29,unit,str
production,G29,variable_type,str
production,H29,frequency,str
production,I29,scope_type,str
production,J29,scope_value,str
production,L29,status,str
production,M29,value_type,str
production,P29,expression,str
production,R29,OBS,str
production,A30,Type,str
production,B30,name,str
production,D30,unit,str
production,G30,variable_type,str
production,H30,frequency,str
production,I30,scope_type,str
production,J30,scope_value,str
production,L30,status,str
production,M30,value_type,str
production,P30,expression,str
production,Q30,fonte,str
production,A31,Type,str
production,B31,name,str
production,D31,unit,str
production,G31,variable_type,str
production,H31,frequency,str
production,I31,scope_type,str
production,J31,scope_value,str
production,L31,status,str
production,M31,value_type,str
production,Q31,fonte,str
production,A32,Type,str
production,B32,name,str
production,D32,unit,str
production,G32,variable_type,str
production,H32,frequency,str
production,I32,scope_type,str
production,J32,scope_value,str
production,L32,status,str
production,M32,value_type,str
production,P32,expression,str
production,Q32,fonte,str
production,A33,Type,str
production,B33,name,str
production,D33,unit,str
production,G33,variable_type,str
production,H33,frequency,str
production,I33,scope_type,str
production,J33,scope_value,str
production,L33,status,str
production,M33,value_type,str
production,Q33,fonte,str
production,A34,Type,str
production,B34,name,str
production,D34,unit,str
production,E34,value,float
production,F34,version,int
production,H34,frequency,str
production,I34,scope_type,str
production,J34,scope_value,str
production,L34,status,str
production,M34,value_type,str
production,A35,Type,str
production,B35,name,str
production,D35,unit,str
production,G35,variable_type,str
production,H35,frequency,str
production,I35,scope_type,str
production,J35,scope_value,str
production,L35,status,str
production,M35,value_type,str
production,P35,expression,str
production,A36,Type,str
production,B36,name,str
production,D36,unit,str
production,G36,variable_type,str
production,H36,frequency,str
production,I36,scope_type,str
production,J36,scope_value,str
production,L36,status,str
production,M36,value_type,str
production,P36,expression,str
production,A37,Type,str
production,B37,name,str
production,D37,unit,str
production,E37,value,int
production,F37,version,int
production,H37,frequency,str
production,I37,scope_type,str
production,J37,scope_value,str
production,L37,status,str
production,M37,value_type,str
production,A38,Type,str
production,B38,name,str
production,D38,unit,str
production,E38,value,int
production,F38,version,int
production,H38,frequency,str
production,I38,scope_type,str
production,J38,scope_value,str
production,L38,status,str
production,M38,value_type,str
production,A39,Type,str
production,B39,name,str
production,D39,unit,str
production,E39,value,int
production,F39,version,int
production,H39,frequency,str
production,I39,scope_type,str
production,J39,scope_value,str
production,L39,status,str
production,M39,value_type,str
production,A40,Type,str
production,B40,name,str
production,D40,unit,str
production,E40,value,int
production,F40,version,int
production,H40,frequency,str
production,I40,scope_type,str
production,J40,scope_value,str
production,L40,status,str
production,M40,value_type,str
production,A41,Type,str
production,B41,name,str
production,D41,unit,str
production,E41,value,int
production,F41,version,int
production,H41,frequency,str
production,I41,scope_type,str
production,J41,scope_value,str
production,L41,status,str
production,M41,value_type,str
production,A42,Type,str
production,B42,name,str
production,D42,unit,str
production,E42,value,int
production,F42,version,int
production,H42,frequency,str
production,I42,scope_type,str
production,J42,scope_value,str
production,L42,status,str
production,M42,value_type,str
production,A43,Type,str
production,B43,name,str
production,D43,unit,str
production,E43,value,int
production,F43,version,int
production,H43,frequency,str
production,I43,scope_type,str
production,J43,scope_value,str
production,L43,status,str
production,M43,value_type,str
production,A44,Type,str
production,B44,name,str
production,D44,unit,str
production,G44,variable_type,str
production,H44,frequency,str
production,I44,scope_type,str
production,J44,scope_value,str
production,L44,status,str
production,M44,value_type,str
production,P44,expression,str
production,A45,Type,str
production,B45,name,str
production,D45,unit,str
production,G45,variable_type,str
production,H45,frequency,str
production,I45,scope_type,str
production,J45,scope_value,str
production,L45,status,str
production,M45,value_type,str
production,P45,expression,str
production,A46,Type,str
production,B46,name,str
production,D46,unit,str
production,G46,variable_type,str
production,H46,frequency,str
production,I46,scope_type,str
production,J46,scope_value,str
production,L46,status,str
production,M46,value_type,str
production,P46,expression,str
production,A47,Type,str
production,B47,name,str
production,D47,unit,str
production,E47,value,int
production,F47,version,int
production,H47,frequency,str
production,I47,scope_type,str
production,J47,scope_value,str
production,L47,status,str
production,M47,value_type,str
production,A48,Type,str
production,B48,name,str
production,D48,unit,str
production,G48,variable_type,str
production,H48,frequency,str
production,I48,scope_type,str
production,J48,scope_value,str
production,L48,status,str
production,M48,value_type,str
production,P48,expression,str
production,A49,Type,str
production,B49,name,str
production,D49,unit,str
production,G49,variable_type,str
production,H49,frequency,str
production,I49,scope_type,str
production,J49,scope_value,str
production,L49,status,str
production,M49,value_type,str
production,P49,expression,str
production,A50,Type,str
production,B50,name,str
production,D50,unit,str
production,G50,variable_type,str
production,H50,frequency,str
production,I50,scope_type,str
production,J50,scope_value,str
production,L50,status,str
production,M50,value_type,str
production,P50,expression,str
production,A51,Type,str
production,B51,name,str
production,D51,unit,str
production,G51,variable_type,str
production,H51,frequency,str
production,I51,scope_type,str
production,J51,scope_value,str
production,L51,status,str
production,M51,value_type,str
production,P51,expression,str
production,A52,Type,str
production,B52,name,str
production,D52,unit,str
production,G52,variable_type,str
production,H52,frequency,str
production,I52,scope_type,str
production,J52,scope_value,str
production,L52,status,str
production,M52,value_type,str
production,P52,expression,str
production,A53,Type,str
production,B53,name,str
production,D53,unit,str
production,G53,variable_type,str
production,H53,frequency,str
production,I53,scope_type,str
production,J53,scope_value,str
production,L53,status,str
production,M53,value_type,str
production,P53,expression,str
production,A54,Type,str
production,B54,name,str
production,D54,unit,str
production,G54,variable_type,str
production,H54,frequency,str
production,I54,scope_type,str
production,J54,scope_value,str
production,L54,status,str
production,M54,value_type,str
production,P54,expression,str
production,A55,Type,str
production,B55,name,str
production,D55,unit,str
production,G55,variable_type,str
production,H55,frequency,str
production,I55,scope_type,str
production,J55,scope_value,str
production,L55,status,str
production,M55,value_type,str
production,P55,expression,str
production,A56,Type,str
production,B56,name,str
production,D56,unit,str
production,G56,variable_type,str
production,H56,frequency,str
production,I56,scope_type,str
production,J56,scope_value,str
production,L56,status,str
production,M56,value_type,str
production,P56,expression,str
production,A57,Type,str
production,B57,name,str
production,D57,unit,str
production,G57,variable_type,str
production,H57,frequency,str
production,I57,scope_type,str
production,J57,scope_value,str
production,L57,status,str
production,M57,value_type,str
production,P57,expression,str
production,A58,Type,str
production,B58,name,str
production,D58,unit,str
production,G58,variable_type,str
production,H58,frequency,str
production,I58,scope_type,str
production,J58,scope_value,str
production,L58,status,str
production,M58,value_type,str
production,P58,expression,str
production,A59,Type,str
production,B59,name,str
production,D59,unit,str
production,G59,variable_type,str
production,H59,frequency,str
production,I59,scope_type,str
production,J59,scope_value,str
production,L59,status,str
production,M59,value_type,str
production,P59,expression,str
production,A60,Type,str
production,B60,name,str
production,D60,unit,str
production,G60,variable_type,str
production,H60,frequency,str
production,I60,scope_type,str
production,J60,scope_value,str
production,L60,status,str
production,M60,value_type,str
production,P60,expression,str
production,A61,Type,str
production,B61,name,str
production,D61,unit,str
production,G61,variable_type,str
production,H61,frequency,str
production,I61,scope_type,str
production,J61,scope_value,str
production,L61,status,str
production,M61,value_type,str
production,P61,expression,str
production,A62,Type,str
production,B62,name,str
production,D62,unit,str
production,G62,variable_type,str
production,H62,frequency,str
production,I62,scope_type,str
production,J62,scope_value,str
production,L62,status,str
production,M62,value_type,str
production,P62,expression,str
production,A63,Type,str
production,B63,name,str
production,D63,unit,str
production,G63,variable_type,str
production,H63,frequency,str
production,I63,scope_type,str
production,J63,scope_value,str
production,L63,status,str
production,M63,value_type,str
production,P63,expression,str
production,A64,Type,str
production,B64,name,str
production,D64,unit,str
production,E64,value,float
production,F64,version,int
production,H64,frequency,str
production,I64,scope_type,str
production,J64,scope_value,str
production,L64,status,str
production,M64,value_type,str
production,A65,Type,str
production,B65,name,str
production,D65,unit,str
production,E65,value,float
production,F65,version,int
production,H65,frequency,str
production,I65,scope_type,str
production,J65,scope_value,str
production,L65,status,str
production,M65,value_type,str
production,A66,Type,str
production,B66,name,str
production,D66,unit,str
production,E66,value,float
production,F66,version,int
production,H66,frequency,str
production,I66,scope_type,str
production,J66,scope_value,str
production,L66,status,str
production,M66,value_type,str
production,A67,Type,str
production,B67,name,str
production,D67,unit,str
production,E67,value,float
production,F67,version,int
production,H67,frequency,str
production,I67,scope_type,str
production,J67,scope_value,str
production,L67,status,str
production,M67,value_type,str
production,A68,Type,str
production,B68,name,str
production,D68,unit,str
production,E68,value,float
production,F68,version,int
production,H68,frequency,str
production,I68,scope_type,str
production,J68,scope_value,str
production,L68,status,str
production,M68,value_type,str
production,A69,Type,str
production,B69,name,str
production,D69,unit,str
production,E69,value,float
production,F69,version,int
production,H69,frequency,str
production,I69,scope_type,str
production,J69,scope_value,str
production,L69,status,str
production,M69,value_type,str
production,A70,Type,str
production,B70,name,str
production,D70,unit,str
production,E70,value,float
production,F70,version,int
production,H70,frequency,str
production,I70,scope_type,str
production,J70,scope_value,str
production,L70,status,str
production,M70,value_type,str
production,A71,Type,str
production,B71,name,str
production,D71,unit,str
production,G71,variable_type,str
production,H71,frequency,str
production,I71,scope_type,str
production,J71,scope_value,str
production,L71,status,str
production,M71,value_type,str
production,P71,expression,str
production,A72,Type,str
production,B72,name,str
production,D72,unit,str
production,G72,variable_type,str
production,H72,frequency,str
production,I72,scope_type,str
production,J72,scope_value,str
production,L72,status,str
production,M72,value_type,str
production,P72,expression,str
production,A73,Type,str
production,B73,name,str
production,D73,unit,str
production,G73,variable_type,str
production,H73,frequency,str
production,I73,scope_type,str
production,J73,scope_value,str
production,L73,status,str
production,M73,value_type,str
production,P73,expression,str
production,A74,Type,str
production,B74,name,str
production,D74,unit,str
production,G74,variable_type,str
production,H74,frequency,str
production,I74,scope_type,str
production,J74,scope_value,str
production,L74,status,str
production,M74,value_type,str
production,P74,expression,str
production,A75,Type,str
production,B75,name,str
production,D75,unit,str
production,G75,variable_type,str
production,H75,frequency,str
production,I75,scope_type,str
production,J75,scope_value,str
production,L75,status,str
production,M75,value_type,str
production,P75,expression,str
production,A76,Type,str
production,B76,name,str
production,D76,unit,str
production,G76,variable_type,str
production,H76,frequency,str
production,I76,scope_type,str
production,J76,scope_value,str
production,L76,status,str
production,M76,value_type,str
production,P76,expression,str
production,A77,Type,str
production,B77,name,str
production,D77,unit,str
production,G77,variable_type,str
production,H77,frequency,str
production,I77,scope_type,str
production,J77,scope_value,str
production,L77,status,str
production,M77,value_type,str
production,P77,expression,str
production,A78,Type,str
production,B78,name,str
production,D78,unit,str
production,G78,variable_type,str
production,H78,frequency,str
production,I78,scope_type,str
production,J78,scope_value,str
production,L78,status,str
production,M78,value_type,str
production,P78,expression,str
production,A79,Type,str
production,B79,name,str
production,D79,unit,str
production,G79,variable_type,str
production,H79,frequency,str
production,I79,scope_type,str
production,J79,scope_value,str
production,L79,status,str
production,M79,value_type,str
production,Q79,fonte,str
production,A80,Type,str
production,B80,name,str
production,D80,unit,str
production,G80,variable_type,str
production,H80,frequency,str
production,I80,scope_type,str
production,J80,scope_value,str
production,L80,status,str
production,M80,value_type,str
production,Q80,fonte,str
production,A81,Type,str
production,B81,name,str
production,D81,unit,str
production,G81,variable_type,str
production,H81,frequency,str
production,I81,scope_type,str
production,J81,scope_value,str
production,L81,status,str
production,M81,value_type,str
production,Q81,fonte,str
production,A82,Type,str
production,B82,name,str
production,D82,unit,str
production,G82,variable_type,str
production,H82,frequency,str
production,I82,scope_type,str
production,J82,scope_value,str
production,L82,status,str
production,M82,value_type,str
production,Q82,fonte,str
production,A83,Type,str
production,B83,name,str
production,D83,unit,str
production,G83,variable_type,str
production,H83,frequency,str
production,I83,scope_type,str
production,J83,scope_value,str
production,L83,status,str
production,M83,value_type,str
production,Q83,fonte,str
production,A84,Type,str
production,B84,name,str
production,D84,unit,str
production,G84,variable_type,str
production,H84,frequency,str
production,I84,scope_type,str
production,J84,scope_value,str
production,L84,status,str
production,M84,value_type,str
production,Q84,fonte,str
production,A85,Type,str
production,B85,name,str
production,D85,unit,str
production,G85,variable_type,str
production,H85,frequency,str
production,I85,scope_type,str
production,J85,scope_value,str
production,L85,status,str
production,M85,value_type,str
production,Q85,fonte,str
production,A86,Type,str
production,B86,name,str
production,D86,unit,str
production,G86,variable_type,str
production,H86,frequency,str
production,I86,scope_type,str
production,J86,scope_value,str
production,L86,status,str
production,M86,value_type,str
production,Q86,fonte,str
production,A87,Type,str
production,B87,name,str
production,D87,unit,str
production,G87,variable_type,str
production,H87,frequency,str
production,I87,scope_type,str
production,J87,scope_value,str
production,K87,source_reference,str
production,L87,status,str
production,M87,value_type,str
production,Q87,fonte,str
production,A88,Type,str
production,B88,name,str
production,D88,unit,str
production,G88,variable_type,str
production,H88,frequency,str
production,I88,scope_type,str
production,J88,scope_value,str
production,L88,status,str
production,M88,value_type,str
production,P88,expression,str
production,R88,OBS,str
production,A89,Type,str
production,B89,name,str
production,D89,unit,str
production,G89,variable_type,str
production,H89,frequency,str
production,I89,scope_type,str
production,J89,scope_value,str
production,L89,status,str
production,M89,value_type,str
production,P89,expression,str
production,A90,Type,str
production,B90,name,str
production,D90,unit,str
production,G90,variable_type,str
production,H90,frequency,str
production,I90,scope_type,str
production,J90,scope_value,str
production,L90,status,str
production,M90,value_type,str
production,P90,expression,str
yield,A1,Type,str
yield,B1,name,str
yield,C1,description,str
yield,D1,unit,str
yield,E1,value,str
yield,F1,version,str
yield,G1,variable_type,str
yield,H1,frequency,str
yield,I1,scope_type,str
yield,J1,scope_value,str
yield,K1,source_reference,str
yield,L1,status,str
yield,M1,value_type,str
yield,N1,allowed_values,str
yield,O1,declared_result_states,str
yield,P1,expression,str
yield,Q1,fonte,str
yield,R1,OBS,str
yield,A2,Type,str
yield,B2,name,str
yield,D2,unit,str
yield,G2,variable_type,str
yield,H2,frequency,str
yield,I2,scope_type,str
yield,J2,scope_value,str
yield,K2,source_reference,str
yield,L2,status,str
yield,M2,value_type,str
yield,A3,Type,str
yield,B3,name,str
yield,D3,unit,str
yield,G3,variable_type,str
yield,H3,frequency,str
yield,I3,scope_type,str
yield,J3,scope_value,str
yield,K3,source_reference,str
yield,L3,status,str
yield,M3,value_type,str
yield,P3,expression,str
yield,A4,Type,str
yield,B4,name,str
yield,D4,unit,str
yield,G4,variable_type,str
yield,H4,frequency,str
yield,I4,scope_type,str
yield,J4,scope_value,str
yield,L4,status,str
yield,M4,value_type,str
yield,P4,expression,str
yield,A5,Type,str
yield,B5,name,str
yield,D5,unit,str
yield,G5,variable_type,str
yield,H5,frequency,str
yield,I5,scope_type,str
yield,J5,scope_value,str
yield,L5,status,str
yield,M5,value_type,str
yield,P5,expression,str
yield,A6,Type,str
yield,B6,name,str
yield,D6,unit,str
yield,G6,variable_type,str
yield,H6,frequency,str
yield,I6,scope_type,str
yield,J6,scope_value,str
yield,L6,status,str
yield,M6,value_type,str
yield,P6,expression,str
yield,A7,Type,str
yield,B7,name,str
yield,D7,unit,str
yield,G7,variable_type,str
yield,H7,frequency,str
yield,I7,scope_type,str
yield,J7,scope_value,str
yield,L7,status,str
yield,M7,value_type,str
yield,P7,expression,str
yield,A8,Type,str
yield,B8,name,str
yield,D8,unit,str
yield,G8,variable_type,str
yield,H8,frequency,str
yield,I8,scope_type,str
yield,J8,scope_value,str
yield,L8,status,str
yield,M8,value_type,str
yield,P8,expression,str
yield,A9,Type,str
yield,B9,name,str
yield,D9,unit,str
yield,G9,variable_type,str
yield,H9,frequency,str
yield,I9,scope_type,str
yield,J9,scope_value,str
yield,L9,status,str
yield,M9,value_type,str
yield,P9,expression,str
yield,A10,Type,str
yield,B10,name,str
yield,D10,unit,str
yield,G10,variable_type,str
yield,H10,frequency,str
yield,I10,scope_type,str
yield,J10,scope_value,str
yield,L10,status,str
yield,M10,value_type,str
yield,P10,expression,str
yield,A11,Type,str
yield,B11,name,str
yield,D11,unit,str
yield,G11,variable_type,str
yield,H11,frequency,str
yield,I11,scope_type,str
yield,J11,scope_value,str
yield,L11,status,str
yield,M11,value_type,str
yield,P11,expression,str
yield,A12,Type,str
yield,B12,name,str
yield,D12,unit,str
yield,G12,variable_type,str
yield,H12,frequency,str
yield,I12,scope_type,str
yield,J12,scope_value,str
yield,K12,source_reference,str
yield,L12,status,str
yield,M12,value_type,str
yield,A13,Type,str
yield,B13,name,str
yield,D13,unit,str
yield,G13,variable_type,str
yield,H13,frequency,str
yield,I13,scope_type,str
yield,J13,scope_value,str
yield,L13,status,str
yield,M13,value_type,str
yield,P13,expression,str
yield,A14,Type,str
yield,B14,name,str
yield,D14,unit,str
yield,G14,variable_type,str
yield,H14,frequency,str
yield,I14,scope_type,str
yield,J14,scope_value,str
yield,L14,status,str
yield,M14,value_type,str
yield,P14,expression,str
yield,A15,Type,str
yield,B15,name,str
yield,D15,unit,str
yield,G15,variable_type,str
yield,H15,frequency,str
yield,I15,scope_type,str
yield,J15,scope_value,str
yield,L15,status,str
yield,M15,value_type,str
yield,P15,expression,str
yield,A16,Type,str
yield,B16,name,str
yield,D16,unit,str
yield,G16,variable_type,str
yield,H16,frequency,str
yield,I16,scope_type,str
yield,J16,scope_value,str
yield,L16,status,str
yield,M16,value_type,str
yield,P16,expression,str
yield,R16,OBS,str
yield,A17,Type,str
yield,B17,name,str
yield,D17,unit,str
yield,G17,variable_type,str
yield,H17,frequency,str
yield,I17,scope_type,str
yield,J17,scope_value,str
yield,K17,source_reference,str
yield,L17,status,str
yield,M17,value_type,str
yield,A18,Type,str
yield,B18,name,str
yield,D18,unit,str
yield,G18,variable_type,str
yield,H18,frequency,str
yield,I18,scope_type,str
yield,J18,scope_value,str
yield,K18,source_reference,str
yield,L18,status,str
yield,M18,value_type,str
yield,P18,expression,str
yield,A19,Type,str
yield,B19,name,str
yield,D19,unit,str
yield,G19,variable_type,str
yield,H19,frequency,str
yield,I19,scope_type,str
yield,J19,scope_value,str
yield,L19,status,str
yield,M19,value_type,str
yield,P19,expression,str
yield,A20,Type,str
yield,B20,name,str
yield,D20,unit,str
yield,G20,variable_type,str
yield,H20,frequency,str
yield,I20,scope_type,str
yield,J20,scope_value,str
yield,L20,status,str
yield,M20,value_type,str
yield,P20,expression,str
yield,R20,OBS,str
yield,A21,Type,str
yield,B21,name,str
yield,D21,unit,str
yield,G21,variable_type,str
yield,H21,frequency,str
yield,I21,scope_type,str
yield,J21,scope_value,str
yield,L21,status,str
yield,M21,value_type,str
yield,P21,expression,str
yield,A22,Type,str
yield,B22,name,str
yield,D22,unit,str
yield,G22,variable_type,str
yield,H22,frequency,str
yield,I22,scope_type,str
yield,J22,scope_value,str
yield,L22,status,str
yield,M22,value_type,str
yield,P22,expression,str
yield,A23,Type,str
yield,B23,name,str
yield,D23,unit,str
yield,G23,variable_type,str
yield,H23,frequency,str
yield,I23,scope_type,str
yield,J23,scope_value,str
yield,L23,status,str
yield,M23,value_type,str
yield,P23,expression,str
yield,A24,Type,str
yield,B24,name,str
yield,D24,unit,str
yield,G24,variable_type,str
yield,H24,frequency,str
yield,I24,scope_type,str
yield,J24,scope_value,str
yield,L24,status,str
yield,M24,value_type,str
yield,P24,expression,str
yield,A25,Type,str
yield,B25,name,str
yield,D25,unit,str
yield,G25,variable_type,str
yield,H25,frequency,str
yield,I25,scope_type,str
yield,J25,scope_value,str
yield,L25,status,str
yield,M25,value_type,str
yield,P25,expression,str
yield,A26,Type,str
yield,B26,name,str
yield,D26,unit,str
yield,G26,variable_type,str
yield,H26,frequency,str
yield,I26,scope_type,str
yield,J26,scope_value,str
yield,L26,status,str
yield,M26,value_type,str
yield,P26,expression,str
yield,A27,Type,str
yield,B27,name,str
yield,D27,unit,str
yield,G27,variable_type,str
yield,H27,frequency,str
yield,I27,scope_type,str
yield,J27,scope_value,str
yield,K27,source_reference,str
yield,L27,status,str
yield,M27,value_type,str
yield,A28,Type,str
yield,B28,name,str
yield,D28,unit,str
yield,G28,variable_type,str
yield,H28,frequency,str
yield,I28,scope_type,str
yield,J28,scope_value,str
yield,L28,status,str
yield,M28,value_type,str
yield,P28,expression,str
yield,A29,Type,str
yield,B29,name,str
yield,D29,unit,str
yield,G29,variable_type,str
yield,H29,frequency,str
yield,I29,scope_type,str
yield,J29,scope_value,str
yield,L29,status,str
yield,M29,value_type,str
yield,P29,expression,str
yield,A30,Type,str
yield,B30,name,str
yield,D30,unit,str
yield,G30,variable_type,str
yield,H30,frequency,str
yield,I30,scope_type,str
yield,J30,scope_value,str
yield,L30,status,str
yield,M30,value_type,str
yield,P30,expression,str
yield,A31,Type,str
yield,B31,name,str
yield,D31,unit,str
yield,G31,variable_type,str
yield,H31,frequency,str
yield,I31,scope_type,str
yield,J31,scope_value,str
yield,L31,status,str
yield,M31,value_type,str
yield,P31,expression,str
yield,R31,OBS,str
yield,A32,Type,str
yield,B32,name,str
yield,D32,unit,str
yield,G32,variable_type,str
yield,H32,frequency,str
yield,I32,scope_type,str
yield,J32,scope_value,str
yield,K32,source_reference,str
yield,L32,status,str
yield,M32,value_type,str
yield,Q32,fonte,str
yield,A33,Type,str
yield,B33,name,str
yield,D33,unit,str
yield,G33,variable_type,str
yield,H33,frequency,str
yield,I33,scope_type,str
yield,J33,scope_value,str
yield,K33,source_reference,str
yield,L33,status,str
yield,M33,value_type,str
yield,P33,expression,str
yield,A34,Type,str
yield,B34,name,str
yield,D34,unit,str
yield,G34,variable_type,str
yield,H34,frequency,str
yield,I34,scope_type,str
yield,J34,scope_value,str
yield,L34,status,str
yield,M34,value_type,str
yield,P34,expression,str
yield,A35,Type,str
yield,B35,name,str
yield,D35,unit,str
yield,G35,variable_type,str
yield,H35,frequency,str
yield,I35,scope_type,str
yield,J35,scope_value,str
yield,L35,status,str
yield,M35,value_type,str
yield,P35,expression,str
yield,A36,Type,str
yield,B36,name,str
yield,D36,unit,str
yield,G36,variable_type,str
yield,H36,frequency,str
yield,I36,scope_type,str
yield,J36,scope_value,str
yield,L36,status,str
yield,M36,value_type,str
yield,P36,expression,str
yield,A37,Type,str
yield,B37,name,str
yield,D37,unit,str
yield,G37,variable_type,str
yield,H37,frequency,str
yield,I37,scope_type,str
yield,J37,scope_value,str
yield,L37,status,str
yield,M37,value_type,str
yield,P37,expression,str
yield,A38,Type,str
yield,B38,name,str
yield,D38,unit,str
yield,G38,variable_type,str
yield,H38,frequency,str
yield,I38,scope_type,str
yield,J38,scope_value,str
yield,L38,status,str
yield,M38,value_type,str
yield,P38,expression,str
yield,A39,Type,str
yield,B39,name,str
yield,D39,unit,str
yield,G39,variable_type,str
yield,H39,frequency,str
yield,I39,scope_type,str
yield,J39,scope_value,str
yield,L39,status,str
yield,M39,value_type,str
yield,P39,expression,str
yield,A40,Type,str
yield,B40,name,str
yield,D40,unit,str
yield,G40,variable_type,str
yield,H40,frequency,str
yield,I40,scope_type,str
yield,J40,scope_value,str
yield,L40,status,str
yield,M40,value_type,str
yield,P40,expression,str
yield,A41,Type,str
yield,B41,name,str
yield,D41,unit,str
yield,G41,variable_type,str
yield,H41,frequency,str
yield,I41,scope_type,str
yield,J41,scope_value,str
yield,L41,status,str
yield,M41,value_type,str
yield,P41,expression,str
yield,A42,Type,str
yield,B42,name,str
yield,D42,unit,str
yield,G42,variable_type,str
yield,H42,frequency,str
yield,I42,scope_type,str
yield,J42,scope_value,str
yield,K42,source_reference,str
yield,L42,status,str
yield,M42,value_type,str
yield,A43,Type,str
yield,B43,name,str
yield,D43,unit,str
yield,G43,variable_type,str
yield,H43,frequency,str
yield,I43,scope_type,str
yield,J43,scope_value,str
yield,L43,status,str
yield,M43,value_type,str
yield,P43,expression,str
yield,A44,Type,str
yield,B44,name,str
yield,D44,unit,str
yield,G44,variable_type,str
yield,H44,frequency,str
yield,I44,scope_type,str
yield,J44,scope_value,str
yield,L44,status,str
yield,M44,value_type,str
yield,P44,expression,str
yield,A45,Type,str
yield,B45,name,str
yield,D45,unit,str
yield,G45,variable_type,str
yield,H45,frequency,str
yield,I45,scope_type,str
yield,J45,scope_value,str
yield,L45,status,str
yield,M45,value_type,str
yield,P45,expression,str
yield,A46,Type,str
yield,B46,name,str
yield,D46,unit,str
yield,G46,variable_type,str
yield,H46,frequency,str
yield,I46,scope_type,str
yield,J46,scope_value,str
yield,L46,status,str
yield,M46,value_type,str
yield,P46,expression,str
yield,R46,OBS,str
yield,A47,Type,str
yield,B47,name,str
yield,D47,unit,str
yield,G47,variable_type,str
yield,H47,frequency,str
yield,I47,scope_type,str
yield,J47,scope_value,str
yield,K47,source_reference,str
yield,L47,status,str
yield,M47,value_type,str
yield,P47,expression,str
yield,A48,Type,str
yield,B48,name,str
yield,D48,unit,str
yield,G48,variable_type,str
yield,H48,frequency,str
yield,I48,scope_type,str
yield,J48,scope_value,str
yield,K48,source_reference,str
yield,L48,status,str
yield,M48,value_type,str
yield,P48,expression,str
yield,A49,Type,str
yield,B49,name,str
yield,D49,unit,str
yield,G49,variable_type,str
yield,H49,frequency,str
yield,I49,scope_type,str
yield,J49,scope_value,str
yield,L49,status,str
yield,M49,value_type,str
yield,P49,expression,str
yield,A50,Type,str
yield,B50,name,str
yield,D50,unit,str
yield,G50,variable_type,str
yield,H50,frequency,str
yield,I50,scope_type,str
yield,J50,scope_value,str
yield,L50,status,str
yield,M50,value_type,str
yield,P50,expression,str
yield,A51,Type,str
yield,B51,name,str
yield,D51,unit,str
yield,G51,variable_type,str
yield,H51,frequency,str
yield,I51,scope_type,str
yield,J51,scope_value,str
yield,L51,status,str
yield,M51,value_type,str
yield,P51,expression,str
yield,A52,Type,str
yield,B52,name,str
yield,D52,unit,str
yield,G52,variable_type,str
yield,H52,frequency,str
yield,I52,scope_type,str
yield,J52,scope_value,str
yield,L52,status,str
yield,M52,value_type,str
yield,P52,expression,str
yield,A53,Type,str
yield,B53,name,str
yield,D53,unit,str
yield,G53,variable_type,str
yield,H53,frequency,str
yield,I53,scope_type,str
yield,J53,scope_value,str
yield,L53,status,str
yield,M53,value_type,str
yield,P53,expression,str
yield,A54,Type,str
yield,B54,name,str
yield,D54,unit,str
yield,G54,variable_type,str
yield,H54,frequency,str
yield,I54,scope_type,str
yield,J54,scope_value,str
yield,L54,status,str
yield,M54,value_type,str
yield,P54,expression,str
yield,A55,Type,str
yield,B55,name,str
yield,D55,unit,str
yield,G55,variable_type,str
yield,H55,frequency,str
yield,I55,scope_type,str
yield,J55,scope_value,str
yield,L55,status,str
yield,M55,value_type,str
yield,P55,expression,str
yield,A56,Type,str
yield,B56,name,str
yield,D56,unit,str
yield,G56,variable_type,str
yield,H56,frequency,str
yield,I56,scope_type,str
yield,J56,scope_value,str
yield,L56,status,str
yield,M56,value_type,str
yield,P56,expression,str
yield,A57,Type,str
yield,B57,name,str
yield,D57,unit,str
yield,G57,variable_type,str
yield,H57,frequency,str
yield,I57,scope_type,str
yield,J57,scope_value,str
yield,K57,source_reference,str
yield,L57,status,str
yield,M57,value_type,str
yield,A58,Type,str
yield,B58,name,str
yield,D58,unit,str
yield,G58,variable_type,str
yield,H58,frequency,str
yield,I58,scope_type,str
yield,J58,scope_value,str
yield,K58,source_reference,str
yield,L58,status,str
yield,M58,value_type,str
yield,P58,expression,str
yield,A59,Type,str
yield,B59,name,str
yield,D59,unit,str
yield,G59,variable_type,str
yield,H59,frequency,str
yield,I59,scope_type,str
yield,J59,scope_value,str
yield,L59,status,str
yield,M59,value_type,str
yield,P59,expression,str
yield,A60,Type,str
yield,B60,name,str
yield,D60,unit,str
yield,G60,variable_type,str
yield,H60,frequency,str
yield,I60,scope_type,str
yield,J60,scope_value,str
yield,L60,status,str
yield,M60,value_type,str
yield,P60,expression,str
yield,A61,Type,str
yield,B61,name,str
yield,D61,unit,str
yield,G61,variable_type,str
yield,H61,frequency,str
yield,I61,scope_type,str
yield,J61,scope_value,str
yield,L61,status,str
yield,M61,value_type,str
yield,P61,expression,str
yield,A62,Type,str
yield,B62,name,str
yield,D62,unit,str
yield,G62,variable_type,str
yield,H62,frequency,str
yield,I62,scope_type,str
yield,J62,scope_value,str
yield,L62,status,str
yield,M62,value_type,str
yield,P62,expression,str
yield,A63,Type,str
yield,B63,name,str
yield,D63,unit,str
yield,G63,variable_type,str
yield,H63,frequency,str
yield,I63,scope_type,str
yield,J63,scope_value,str
yield,L63,status,str
yield,M63,value_type,str
yield,P63,expression,str
yield,A64,Type,str
yield,B64,name,str
yield,D64,unit,str
yield,G64,variable_type,str
yield,H64,frequency,str
yield,I64,scope_type,str
yield,J64,scope_value,str
yield,L64,status,str
yield,M64,value_type,str
yield,P64,expression,str
yield,A65,Type,str
yield,B65,name,str
yield,D65,unit,str
yield,G65,variable_type,str
yield,H65,frequency,str
yield,I65,scope_type,str
yield,J65,scope_value,str
yield,L65,status,str
yield,M65,value_type,str
yield,P65,expression,str
yield,A66,Type,str
yield,B66,name,str
yield,D66,unit,str
yield,G66,variable_type,str
yield,H66,frequency,str
yield,I66,scope_type,str
yield,J66,scope_value,str
yield,L66,status,str
yield,M66,value_type,str
yield,P66,expression,str
yield,A67,Type,str
yield,B67,name,str
yield,D67,unit,str
yield,G67,variable_type,str
yield,H67,frequency,str
yield,I67,scope_type,str
yield,J67,scope_value,str
yield,K67,source_reference,str
yield,L67,status,str
yield,M67,value_type,str
yield,A68,Type,str
yield,B68,name,str
yield,D68,unit,str
yield,G68,variable_type,str
yield,H68,frequency,str
yield,I68,scope_type,str
yield,J68,scope_value,str
yield,L68,status,str
yield,M68,value_type,str
yield,P68,expression,str
yield,A69,Type,str
yield,B69,name,str
yield,D69,unit,str
yield,G69,variable_type,str
yield,H69,frequency,str
yield,I69,scope_type,str
yield,J69,scope_value,str
yield,L69,status,str
yield,M69,value_type,str
yield,P69,expression,str
yield,A70,Type,str
yield,B70,name,str
yield,D70,unit,str
yield,G70,variable_type,str
yield,H70,frequency,str
yield,I70,scope_type,str
yield,J70,scope_value,str
yield,L70,status,str
yield,M70,value_type,str
yield,P70,expression,str
yield,A71,Type,str
yield,B71,name,str
yield,D71,unit,str
yield,G71,variable_type,str
yield,H71,frequency,str
yield,I71,scope_type,str
yield,J71,scope_value,str
yield,L71,status,str
yield,M71,value_type,str
yield,P71,expression,str
yield,R71,OBS,str
yield,A72,Type,str
yield,B72,name,str
yield,D72,unit,str
yield,G72,variable_type,str
yield,H72,frequency,str
yield,I72,scope_type,str
yield,J72,scope_value,str
yield,K72,source_reference,str
yield,L72,status,str
yield,M72,value_type,str
yield,P72,expression,str
yield,A73,Type,str
yield,B73,name,str
yield,D73,unit,str
yield,G73,variable_type,str
yield,H73,frequency,str
yield,I73,scope_type,str
yield,J73,scope_value,str
yield,L73,status,str
yield,M73,value_type,str
yield,P73,expression,str
yield,A74,Type,str
yield,B74,name,str
yield,D74,unit,str
yield,G74,variable_type,str
yield,H74,frequency,str
yield,I74,scope_type,str
yield,J74,scope_value,str
yield,L74,status,str
yield,M74,value_type,str
yield,P74,expression,str
yield,A75,Type,str
yield,B75,name,str
yield,D75,unit,str
yield,G75,variable_type,str
yield,H75,frequency,str
yield,I75,scope_type,str
yield,J75,scope_value,str
yield,L75,status,str
yield,M75,value_type,str
yield,P75,expression,str
yield,A76,Type,str
yield,B76,name,str
yield,D76,unit,str
yield,G76,variable_type,str
yield,H76,frequency,str
yield,I76,scope_type,str
yield,J76,scope_value,str
yield,L76,status,str
yield,M76,value_type,str
yield,P76,expression,str
yield,R76,OBS,str
yield,A77,Type,str
yield,B77,name,str
yield,D77,unit,str
yield,G77,variable_type,str
yield,H77,frequency,str
yield,I77,scope_type,str
yield,J77,scope_value,str
yield,K77,source_reference,str
yield,L77,status,str
yield,M77,value_type,str
yield,A78,Type,str
yield,B78,name,str
yield,D78,unit,str
yield,G78,variable_type,str
yield,H78,frequency,str
yield,I78,scope_type,str
yield,J78,scope_value,str
yield,K78,source_reference,str
yield,L78,status,str
yield,M78,value_type,str
yield,P78,expression,str
yield,A79,Type,str
yield,B79,name,str
yield,D79,unit,str
yield,G79,variable_type,str
yield,H79,frequency,str
yield,I79,scope_type,str
yield,J79,scope_value,str
yield,L79,status,str
yield,M79,value_type,str
yield,P79,expression,str
yield,A80,Type,str
yield,B80,name,str
yield,D80,unit,str
yield,G80,variable_type,str
yield,H80,frequency,str
yield,I80,scope_type,str
yield,J80,scope_value,str
yield,L80,status,str
yield,M80,value_type,str
yield,P80,expression,str
yield,A81,Type,str
yield,B81,name,str
yield,D81,unit,str
yield,G81,variable_type,str
yield,H81,frequency,str
yield,I81,scope_type,str
yield,J81,scope_value,str
yield,L81,status,str
yield,M81,value_type,str
yield,P81,expression,str
yield,A82,Type,str
yield,B82,name,str
yield,D82,unit,str
yield,G82,variable_type,str
yield,H82,frequency,str
yield,I82,scope_type,str
yield,J82,scope_value,str
yield,L82,status,str
yield,M82,value_type,str
yield,P82,expression,str
yield,A83,Type,str
yield,B83,name,str
yield,D83,unit,str
yield,G83,variable_type,str
yield,H83,frequency,str
yield,I83,scope_type,str
yield,J83,scope_value,str
yield,L83,status,str
yield,M83,value_type,str
yield,P83,expression,str
yield,A84,Type,str
yield,B84,name,str
yield,D84,unit,str
yield,G84,variable_type,str
yield,H84,frequency,str
yield,I84,scope_type,str
yield,J84,scope_value,str
yield,L84,status,str
yield,M84,value_type,str
yield,P84,expression,str
yield,A85,Type,str
yield,B85,name,str
yield,D85,unit,str
yield,G85,variable_type,str
yield,H85,frequency,str
yield,I85,scope_type,str
yield,J85,scope_value,str
yield,L85,status,str
yield,M85,value_type,str
yield,P85,expression,str
yield,A86,Type,str
yield,B86,name,str
yield,D86,unit,str
yield,G86,variable_type,str
yield,H86,frequency,str
yield,I86,scope_type,str
yield,J86,scope_value,str
yield,L86,status,str
yield,M86,value_type,str
yield,P86,expression,str
yield,A87,Type,str
yield,B87,name,str
yield,D87,unit,str
yield,G87,variable_type,str
yield,H87,frequency,str
yield,I87,scope_type,str
yield,J87,scope_value,str
yield,K87,source_reference,str
yield,L87,status,str
yield,M87,value_type,str
yield,A88,Type,str
yield,B88,name,str
yield,D88,unit,str
yield,G88,variable_type,str
yield,H88,frequency,str
yield,I88,scope_type,str
yield,J88,scope_value,str
yield,L88,status,str
yield,M88,value_type,str
yield,P88,expression,str
yield,A89,Type,str
yield,B89,name,str
yield,D89,unit,str
yield,G89,variable_type,str
yield,H89,frequency,str
yield,I89,scope_type,str
yield,J89,scope_value,str
yield,L89,status,str
yield,M89,value_type,str
yield,P89,expression,str
yield,A90,Type,str
yield,B90,name,str
yield,D90,unit,str
yield,G90,variable_type,str
yield,H90,frequency,str
yield,I90,scope_type,str
yield,J90,scope_value,str
yield,L90,status,str
yield,M90,value_type,str
yield,P90,expression,str
yield,A91,Type,str
yield,B91,name,str
yield,D91,unit,str
yield,G91,variable_type,str
yield,H91,frequency,str
yield,I91,scope_type,str
yield,J91,scope_value,str
yield,L91,status,str
yield,M91,value_type,str
yield,P91,expression,str
yield,R91,OBS,str
yield,A92,Type,str
yield,B92,name,str
yield,D92,unit,str
yield,E92,value,int
yield,F92,version,int
yield,G92,variable_type,str
yield,H92,frequency,str
yield,I92,scope_type,str
yield,J92,scope_value,str
yield,K92,source_reference,str
yield,L92,status,str
yield,M92,value_type,str
yield,R92,OBS,str
yield,A93,Type,str
yield,B93,name,str
yield,D93,unit,str
yield,G93,variable_type,str
yield,H93,frequency,str
yield,I93,scope_type,str
yield,J93,scope_value,str
yield,K93,source_reference,str
yield,L93,status,str
yield,M93,value_type,str
yield,P93,expression,str
yield,A94,Type,str
yield,B94,name,str
yield,D94,unit,str
yield,G94,variable_type,str
yield,H94,frequency,str
yield,I94,scope_type,str
yield,J94,scope_value,str
yield,L94,status,str
yield,M94,value_type,str
yield,P94,expression,str
yield,A95,Type,str
yield,B95,name,str
yield,D95,unit,str
yield,G95,variable_type,str
yield,H95,frequency,str
yield,I95,scope_type,str
yield,J95,scope_value,str
yield,L95,status,str
yield,M95,value_type,str
yield,P95,expression,str
yield,A96,Type,str
yield,B96,name,str
yield,D96,unit,str
yield,G96,variable_type,str
yield,H96,frequency,str
yield,I96,scope_type,str
yield,J96,scope_value,str
yield,L96,status,str
yield,M96,value_type,str
yield,P96,expression,str
yield,A97,Type,str
yield,B97,name,str
yield,D97,unit,str
yield,G97,variable_type,str
yield,H97,frequency,str
yield,I97,scope_type,str
yield,J97,scope_value,str
yield,L97,status,str
yield,M97,value_type,str
yield,P97,expression,str
yield,A98,Type,str
yield,B98,name,str
yield,D98,unit,str
yield,G98,variable_type,str
yield,H98,frequency,str
yield,I98,scope_type,str
yield,J98,scope_value,str
yield,L98,status,str
yield,M98,value_type,str
yield,P98,expression,str
yield,A99,Type,str
yield,B99,name,str
yield,D99,unit,str
yield,G99,variable_type,str
yield,H99,frequency,str
yield,I99,scope_type,str
yield,J99,scope_value,str
yield,L99,status,str
yield,M99,value_type,str
yield,P99,expression,str
yield,A100,Type,str
yield,B100,name,str
yield,D100,unit,str
yield,G100,variable_type,str
yield,H100,frequency,str
yield,I100,scope_type,str
yield,J100,scope_value,str
yield,L100,status,str
yield,M100,value_type,str
yield,P100,expression,str
yield,A101,Type,str
yield,B101,name,str
yield,D101,unit,str
yield,G101,variable_type,str
yield,H101,frequency,str
yield,I101,scope_type,str
yield,J101,scope_value,str
yield,L101,status,str
yield,M101,value_type,str
yield,P101,expression,str
yield,A102,Type,str
yield,B102,name,str
yield,D102,unit,str
yield,E102,value,int
yield,F102,version,int
yield,I102,scope_type,str
yield,J102,scope_value,str
yield,K102,source_reference,str
yield,L102,status,str
yield,M102,value_type,str
yield,A103,Type,str
yield,B103,name,str
yield,D103,unit,str
yield,G103,variable_type,str
yield,H103,frequency,str
yield,I103,scope_type,str
yield,J103,scope_value,str
yield,L103,status,str
yield,M103,value_type,str
yield,P103,expression,str
yield,A104,Type,str
yield,B104,name,str
yield,D104,unit,str
yield,G104,variable_type,str
yield,H104,frequency,str
yield,I104,scope_type,str
yield,J104,scope_value,str
yield,L104,status,str
yield,M104,value_type,str
yield,P104,expression,str
yield,A105,Type,str
yield,B105,name,str
yield,D105,unit,str
yield,G105,variable_type,str
yield,H105,frequency,str
yield,I105,scope_type,str
yield,J105,scope_value,str
yield,L105,status,str
yield,M105,value_type,str
yield,P105,expression,str
yield,A106,Type,str
yield,B106,name,str
yield,D106,unit,str
yield,G106,variable_type,str
yield,H106,frequency,str
yield,I106,scope_type,str
yield,J106,scope_value,str
yield,L106,status,str
yield,M106,value_type,str
yield,P106,expression,str
yield,R106,OBS,str
yield,A107,Type,str
yield,B107,name,str
yield,D107,unit,str
yield,G107,variable_type,str
yield,H107,frequency,str
yield,I107,scope_type,str
yield,J107,scope_value,str
yield,K107,source_reference,str
yield,L107,status,str
yield,M107,value_type,str
yield,P107,expression,str
yield,R107,OBS,str
yield,A108,Type,str
yield,B108,name,str
yield,D108,unit,str
yield,G108,variable_type,str
yield,H108,frequency,str
yield,I108,scope_type,str
yield,J108,scope_value,str
yield,K108,source_reference,str
yield,L108,status,str
yield,M108,value_type,str
yield,P108,expression,str
yield,A109,Type,str
yield,B109,name,str
yield,D109,unit,str
yield,G109,variable_type,str
yield,H109,frequency,str
yield,I109,scope_type,str
yield,J109,scope_value,str
yield,L109,status,str
yield,M109,value_type,str
yield,P109,expression,str
yield,A110,Type,str
yield,B110,name,str
yield,D110,unit,str
yield,G110,variable_type,str
yield,H110,frequency,str
yield,I110,scope_type,str
yield,J110,scope_value,str
yield,L110,status,str
yield,M110,value_type,str
yield,P110,expression,str
yield,A111,Type,str
yield,B111,name,str
yield,D111,unit,str
yield,G111,variable_type,str
yield,H111,frequency,str
yield,I111,scope_type,str
yield,J111,scope_value,str
yield,L111,status,str
yield,M111,value_type,str
yield,P111,expression,str
yield,A112,Type,str
yield,B112,name,str
yield,D112,unit,str
yield,G112,variable_type,str
yield,H112,frequency,str
yield,I112,scope_type,str
yield,J112,scope_value,str
yield,L112,status,str
yield,M112,value_type,str
yield,P112,expression,str
yield,A113,Type,str
yield,B113,name,str
yield,D113,unit,str
yield,G113,variable_type,str
yield,H113,frequency,str
yield,I113,scope_type,str
yield,J113,scope_value,str
yield,L113,status,str
yield,M113,value_type,str
yield,P113,expression,str
yield,A114,Type,str
yield,B114,name,str
yield,D114,unit,str
yield,G114,variable_type,str
yield,H114,frequency,str
yield,I114,scope_type,str
yield,J114,scope_value,str
yield,L114,status,str
yield,M114,value_type,str
yield,P114,expression,str
yield,A115,Type,str
yield,B115,name,str
yield,D115,unit,str
yield,G115,variable_type,str
yield,H115,frequency,str
yield,I115,scope_type,str
yield,J115,scope_value,str
yield,L115,status,str
yield,M115,value_type,str
yield,P115,expression,str
yield,A116,Type,str
yield,B116,name,str
yield,D116,unit,str
yield,G116,variable_type,str
yield,H116,frequency,str
yield,I116,scope_type,str
yield,J116,scope_value,str
yield,L116,status,str
yield,M116,value_type,str
yield,P116,expression,str
yield,A117,Type,str
yield,B117,name,str
yield,D117,unit,str
yield,G117,variable_type,str
yield,H117,frequency,str
yield,I117,scope_type,str
yield,J117,scope_value,str
yield,K117,source_reference,str
yield,L117,status,str
yield,M117,value_type,str
yield,A118,Type,str
yield,B118,name,str
yield,D118,unit,str
yield,G118,variable_type,str
yield,H118,frequency,str
yield,I118,scope_type,str
yield,J118,scope_value,str
yield,L118,status,str
yield,M118,value_type,str
yield,P118,expression,str
yield,A119,Type,str
yield,B119,name,str
yield,D119,unit,str
yield,G119,variable_type,str
yield,H119,frequency,str
yield,I119,scope_type,str
yield,J119,scope_value,str
yield,L119,status,str
yield,M119,value_type,str
yield,P119,expression,str
yield,A120,Type,str
yield,B120,name,str
yield,D120,unit,str
yield,G120,variable_type,str
yield,H120,frequency,str
yield,I120,scope_type,str
yield,J120,scope_value,str
yield,L120,status,str
yield,M120,value_type,str
yield,P120,expression,str
yield,A121,Type,str
yield,B121,name,str
yield,D121,unit,str
yield,G121,variable_type,str
yield,H121,frequency,str
yield,I121,scope_type,str
yield,J121,scope_value,str
yield,L121,status,str
yield,M121,value_type,str
yield,P121,expression,str
yield,R121,OBS,str
yield,A122,Type,str
yield,B122,name,str
yield,D122,unit,str
yield,G122,variable_type,str
yield,H122,frequency,str
yield,I122,scope_type,str
yield,J122,scope_value,str
yield,K122,source_reference,str
yield,L122,status,str
yield,M122,value_type,str
yield,A123,Type,str
yield,B123,name,str
yield,D123,unit,str
yield,G123,variable_type,str
yield,H123,frequency,str
yield,I123,scope_type,str
yield,J123,scope_value,str
yield,K123,source_reference,str
yield,L123,status,str
yield,M123,value_type,str
yield,P123,expression,str
yield,A124,Type,str
yield,B124,name,str
yield,D124,unit,str
yield,G124,variable_type,str
yield,H124,frequency,str
yield,I124,scope_type,str
yield,J124,scope_value,str
yield,L124,status,str
yield,M124,value_type,str
yield,P124,expression,str
yield,A125,Type,str
yield,B125,name,str
yield,D125,unit,str
yield,G125,variable_type,str
yield,H125,frequency,str
yield,I125,scope_type,str
yield,J125,scope_value,str
yield,L125,status,str
yield,M125,value_type,str
yield,P125,expression,str
yield,A126,Type,str
yield,B126,name,str
yield,D126,unit,str
yield,G126,variable_type,str
yield,H126,frequency,str
yield,I126,scope_type,str
yield,J126,scope_value,str
yield,L126,status,str
yield,M126,value_type,str
yield,P126,expression,str
yield,A127,Type,str
yield,B127,name,str
yield,D127,unit,str
yield,G127,variable_type,str
yield,H127,frequency,str
yield,I127,scope_type,str
yield,J127,scope_value,str
yield,L127,status,str
yield,M127,value_type,str
yield,P127,expression,str
yield,A128,Type,str
yield,B128,name,str
yield,D128,unit,str
yield,G128,variable_type,str
yield,H128,frequency,str
yield,I128,scope_type,str
yield,J128,scope_value,str
yield,L128,status,str
yield,M128,value_type,str
yield,P128,expression,str
yield,A129,Type,str
yield,B129,name,str
yield,D129,unit,str
yield,G129,variable_type,str
yield,H129,frequency,str
yield,I129,scope_type,str
yield,J129,scope_value,str
yield,L129,status,str
yield,M129,value_type,str
yield,P129,expression,str
yield,A130,Type,str
yield,B130,name,str
yield,D130,unit,str
yield,G130,variable_type,str
yield,H130,frequency,str
yield,I130,scope_type,str
yield,J130,scope_value,str
yield,L130,status,str
yield,M130,value_type,str
yield,P130,expression,str
yield,A131,Type,str
yield,B131,name,str
yield,D131,unit,str
yield,G131,variable_type,str
yield,H131,frequency,str
yield,I131,scope_type,str
yield,J131,scope_value,str
yield,L131,status,str
yield,M131,value_type,str
yield,P131,expression,str
yield,A132,Type,str
yield,B132,name,str
yield,D132,unit,str
yield,G132,variable_type,str
yield,H132,frequency,str
yield,I132,scope_type,str
yield,J132,scope_value,str
yield,K132,source_reference,str
yield,L132,status,str
yield,M132,value_type,str
yield,A133,Type,str
yield,B133,name,str
yield,D133,unit,str
yield,G133,variable_type,str
yield,H133,frequency,str
yield,I133,scope_type,str
yield,J133,scope_value,str
yield,L133,status,str
yield,M133,value_type,str
yield,P133,expression,str
yield,A134,Type,str
yield,B134,name,str
yield,D134,unit,str
yield,G134,variable_type,str
yield,H134,frequency,str
yield,I134,scope_type,str
yield,J134,scope_value,str
yield,L134,status,str
yield,M134,value_type,str
yield,P134,expression,str
yield,A135,Type,str
yield,B135,name,str
yield,D135,unit,str
yield,G135,variable_type,str
yield,H135,frequency,str
yield,I135,scope_type,str
yield,J135,scope_value,str
yield,L135,status,str
yield,M135,value_type,str
yield,P135,expression,str
yield,A136,Type,str
yield,B136,name,str
yield,D136,unit,str
yield,G136,variable_type,str
yield,H136,frequency,str
yield,I136,scope_type,str
yield,J136,scope_value,str
yield,L136,status,str
yield,M136,value_type,str
yield,P136,expression,str
yield,R136,OBS,str
yield,A137,Type,str
yield,B137,name,str
yield,D137,unit,str
yield,G137,variable_type,str
yield,H137,frequency,str
yield,I137,scope_type,str
yield,J137,scope_value,str
yield,K137,source_reference,str
yield,L137,status,str
yield,M137,value_type,str
yield,P137,expression,str
yield,A138,Type,str
yield,B138,name,str
yield,D138,unit,str
yield,G138,variable_type,str
yield,H138,frequency,str
yield,I138,scope_type,str
yield,J138,scope_value,str
yield,K138,source_reference,str
yield,L138,status,str
yield,M138,value_type,str
yield,P138,expression,str
yield,A139,Type,str
yield,B139,name,str
yield,D139,unit,str
yield,G139,variable_type,str
yield,H139,frequency,str
yield,I139,scope_type,str
yield,J139,scope_value,str
yield,L139,status,str
yield,M139,value_type,str
yield,P139,expression,str
yield,A140,Type,str
yield,B140,name,str
yield,D140,unit,str
yield,G140,variable_type,str
yield,H140,frequency,str
yield,I140,scope_type,str
yield,J140,scope_value,str
yield,L140,status,str
yield,M140,value_type,str
yield,P140,expression,str
yield,A141,Type,str
yield,B141,name,str
yield,D141,unit,str
yield,G141,variable_type,str
yield,H141,frequency,str
yield,I141,scope_type,str
yield,J141,scope_value,str
yield,L141,status,str
yield,M141,value_type,str
yield,P141,expression,str
yield,A142,Type,str
yield,B142,name,str
yield,D142,unit,str
yield,G142,variable_type,str
yield,H142,frequency,str
yield,I142,scope_type,str
yield,J142,scope_value,str
yield,L142,status,str
yield,M142,value_type,str
yield,P142,expression,str
yield,A143,Type,str
yield,B143,name,str
yield,D143,unit,str
yield,G143,variable_type,str
yield,H143,frequency,str
yield,I143,scope_type,str
yield,J143,scope_value,str
yield,L143,status,str
yield,M143,value_type,str
yield,P143,expression,str
yield,A144,Type,str
yield,B144,name,str
yield,D144,unit,str
yield,G144,variable_type,str
yield,H144,frequency,str
yield,I144,scope_type,str
yield,J144,scope_value,str
yield,L144,status,str
yield,M144,value_type,str
yield,P144,expression,str
yield,A145,Type,str
yield,B145,name,str
yield,D145,unit,str
yield,G145,variable_type,str
yield,H145,frequency,str
yield,I145,scope_type,str
yield,J145,scope_value,str
yield,L145,status,str
yield,M145,value_type,str
yield,P145,expression,str
yield,A146,Type,str
yield,B146,name,str
yield,D146,unit,str
yield,G146,variable_type,str
yield,H146,frequency,str
yield,I146,scope_type,str
yield,J146,scope_value,str
yield,L146,status,str
yield,M146,value_type,str
yield,P146,expression,str
yield,A147,Type,str
yield,B147,name,str
yield,D147,unit,str
yield,G147,variable_type,str
yield,H147,frequency,str
yield,I147,scope_type,str
yield,J147,scope_value,str
yield,K147,source_reference,str
yield,L147,status,str
yield,M147,value_type,str
yield,P147,expression,str
yield,A148,Type,str
yield,B148,name,str
yield,D148,unit,str
yield,G148,variable_type,str
yield,H148,frequency,str
yield,I148,scope_type,str
yield,J148,scope_value,str
yield,L148,status,str
yield,M148,value_type,str
yield,P148,expression,str
yield,A149,Type,str
yield,B149,name,str
yield,D149,unit,str
yield,G149,variable_type,str
yield,H149,frequency,str
yield,I149,scope_type,str
yield,J149,scope_value,str
yield,L149,status,str
yield,M149,value_type,str
yield,P149,expression,str
yield,A150,Type,str
yield,B150,name,str
yield,D150,unit,str
yield,G150,variable_type,str
yield,H150,frequency,str
yield,I150,scope_type,str
yield,J150,scope_value,str
yield,L150,status,str
yield,M150,value_type,str
yield,P150,expression,str
yield,A151,Type,str
yield,B151,name,str
yield,D151,unit,str
yield,G151,variable_type,str
yield,H151,frequency,str
yield,I151,scope_type,str
yield,J151,scope_value,str
yield,L151,status,str
yield,M151,value_type,str
yield,P151,expression,str
yield,R151,OBS,str
yield,A152,Type,str
yield,B152,name,str
yield,D152,unit,str
yield,G152,variable_type,str
yield,H152,frequency,str
yield,I152,scope_type,str
yield,J152,scope_value,str
yield,K152,source_reference,str
yield,L152,status,str
yield,M152,value_type,str
yield,P152,expression,str
yield,A153,Type,str
yield,B153,name,str
yield,D153,unit,str
yield,G153,variable_type,str
yield,H153,frequency,str
yield,I153,scope_type,str
yield,J153,scope_value,str
yield,K153,source_reference,str
yield,L153,status,str
yield,M153,value_type,str
yield,P153,expression,str
yield,A154,Type,str
yield,B154,name,str
yield,D154,unit,str
yield,G154,variable_type,str
yield,H154,frequency,str
yield,I154,scope_type,str
yield,J154,scope_value,str
yield,L154,status,str
yield,M154,value_type,str
yield,P154,expression,str
yield,A155,Type,str
yield,B155,name,str
yield,D155,unit,str
yield,G155,variable_type,str
yield,H155,frequency,str
yield,I155,scope_type,str
yield,J155,scope_value,str
yield,L155,status,str
yield,M155,value_type,str
yield,P155,expression,str
yield,A156,Type,str
yield,B156,name,str
yield,D156,unit,str
yield,G156,variable_type,str
yield,H156,frequency,str
yield,I156,scope_type,str
yield,J156,scope_value,str
yield,L156,status,str
yield,M156,value_type,str
yield,P156,expression,str
yield,A157,Type,str
yield,B157,name,str
yield,D157,unit,str
yield,G157,variable_type,str
yield,H157,frequency,str
yield,I157,scope_type,str
yield,J157,scope_value,str
yield,L157,status,str
yield,M157,value_type,str
yield,P157,expression,str
yield,A158,Type,str
yield,B158,name,str
yield,D158,unit,str
yield,G158,variable_type,str
yield,H158,frequency,str
yield,I158,scope_type,str
yield,J158,scope_value,str
yield,L158,status,str
yield,M158,value_type,str
yield,P158,expression,str
yield,A159,Type,str
yield,B159,name,str
yield,D159,unit,str
yield,G159,variable_type,str
yield,H159,frequency,str
yield,I159,scope_type,str
yield,J159,scope_value,str
yield,L159,status,str
yield,M159,value_type,str
yield,P159,expression,str
yield,A160,Type,str
yield,B160,name,str
yield,D160,unit,str
yield,G160,variable_type,str
yield,H160,frequency,str
yield,I160,scope_type,str
yield,J160,scope_value,str
yield,L160,status,str
yield,M160,value_type,str
yield,P160,expression,str
yield,A161,Type,str
yield,B161,name,str
yield,D161,unit,str
yield,G161,variable_type,str
yield,H161,frequency,str
yield,I161,scope_type,str
yield,J161,scope_value,str
yield,L161,status,str
yield,M161,value_type,str
yield,P161,expression,str
yield,A162,Type,str
yield,B162,name,str
yield,D162,unit,str
yield,G162,variable_type,str
yield,H162,frequency,str
yield,I162,scope_type,str
yield,J162,scope_value,str
yield,K162,source_reference,str
yield,L162,status,str
yield,M162,value_type,str
yield,A163,Type,str
yield,B163,name,str
yield,D163,unit,str
yield,G163,variable_type,str
yield,H163,frequency,str
yield,I163,scope_type,str
yield,J163,scope_value,str
yield,L163,status,str
yield,M163,value_type,str
yield,P163,expression,str
yield,A164,Type,str
yield,B164,name,str
yield,D164,unit,str
yield,G164,variable_type,str
yield,H164,frequency,str
yield,I164,scope_type,str
yield,J164,scope_value,str
yield,L164,status,str
yield,M164,value_type,str
yield,P164,expression,str
yield,A165,Type,str
yield,B165,name,str
yield,D165,unit,str
yield,G165,variable_type,str
yield,H165,frequency,str
yield,I165,scope_type,str
yield,J165,scope_value,str
yield,L165,status,str
yield,M165,value_type,str
yield,P165,expression,str
yield,A166,Type,str
yield,B166,name,str
yield,D166,unit,str
yield,G166,variable_type,str
yield,H166,frequency,str
yield,I166,scope_type,str
yield,J166,scope_value,str
yield,L166,status,str
yield,M166,value_type,str
yield,P166,expression,str
yield,R166,OBS,str
yield,A167,Type,str
yield,B167,name,str
yield,D167,unit,str
yield,G167,variable_type,str
yield,H167,frequency,str
yield,I167,scope_type,str
yield,J167,scope_value,str
yield,K167,source_reference,str
yield,L167,status,str
yield,M167,value_type,str
yield,A168,Type,str
yield,B168,name,str
yield,D168,unit,str
yield,G168,variable_type,str
yield,H168,frequency,str
yield,I168,scope_type,str
yield,J168,scope_value,str
yield,K168,source_reference,str
yield,L168,status,str
yield,M168,value_type,str
yield,P168,expression,str
yield,A169,Type,str
yield,B169,name,str
yield,D169,unit,str
yield,G169,variable_type,str
yield,H169,frequency,str
yield,I169,scope_type,str
yield,J169,scope_value,str
yield,L169,status,str
yield,M169,value_type,str
yield,P169,expression,str
yield,A170,Type,str
yield,B170,name,str
yield,D170,unit,str
yield,G170,variable_type,str
yield,H170,frequency,str
yield,I170,scope_type,str
yield,J170,scope_value,str
yield,L170,status,str
yield,M170,value_type,str
yield,P170,expression,str
yield,A171,Type,str
yield,B171,name,str
yield,D171,unit,str
yield,G171,variable_type,str
yield,H171,frequency,str
yield,I171,scope_type,str
yield,J171,scope_value,str
yield,L171,status,str
yield,M171,value_type,str
yield,P171,expression,str
yield,A172,Type,str
yield,B172,name,str
yield,D172,unit,str
yield,G172,variable_type,str
yield,H172,frequency,str
yield,I172,scope_type,str
yield,J172,scope_value,str
yield,L172,status,str
yield,M172,value_type,str
yield,P172,expression,str
yield,A173,Type,str
yield,B173,name,str
yield,D173,unit,str
yield,G173,variable_type,str
yield,H173,frequency,str
yield,I173,scope_type,str
yield,J173,scope_value,str
yield,L173,status,str
yield,M173,value_type,str
yield,P173,expression,str
yield,A174,Type,str
yield,B174,name,str
yield,D174,unit,str
yield,G174,variable_type,str
yield,H174,frequency,str
yield,I174,scope_type,str
yield,J174,scope_value,str
yield,L174,status,str
yield,M174,value_type,str
yield,P174,expression,str
yield,A175,Type,str
yield,B175,name,str
yield,D175,unit,str
yield,G175,variable_type,str
yield,H175,frequency,str
yield,I175,scope_type,str
yield,J175,scope_value,str
yield,L175,status,str
yield,M175,value_type,str
yield,P175,expression,str
yield,A176,Type,str
yield,B176,name,str
yield,D176,unit,str
yield,G176,variable_type,str
yield,H176,frequency,str
yield,I176,scope_type,str
yield,J176,scope_value,str
yield,L176,status,str
yield,M176,value_type,str
yield,P176,expression,str
yield,A177,Type,str
yield,B177,name,str
yield,D177,unit,str
yield,G177,variable_type,str
yield,H177,frequency,str
yield,I177,scope_type,str
yield,J177,scope_value,str
yield,K177,source_reference,str
yield,L177,status,str
yield,M177,value_type,str
yield,A178,Type,str
yield,B178,name,str
yield,D178,unit,str
yield,G178,variable_type,str
yield,H178,frequency,str
yield,I178,scope_type,str
yield,J178,scope_value,str
yield,L178,status,str
yield,M178,value_type,str
yield,P178,expression,str
yield,A179,Type,str
yield,B179,name,str
yield,D179,unit,str
yield,G179,variable_type,str
yield,H179,frequency,str
yield,I179,scope_type,str
yield,J179,scope_value,str
yield,L179,status,str
yield,M179,value_type,str
yield,P179,expression,str
yield,A180,Type,str
yield,B180,name,str
yield,D180,unit,str
yield,G180,variable_type,str
yield,H180,frequency,str
yield,I180,scope_type,str
yield,J180,scope_value,str
yield,L180,status,str
yield,M180,value_type,str
yield,P180,expression,str
yield,A181,Type,str
yield,B181,name,str
yield,D181,unit,str
yield,G181,variable_type,str
yield,H181,frequency,str
yield,I181,scope_type,str
yield,J181,scope_value,str
yield,L181,status,str
yield,M181,value_type,str
yield,P181,expression,str
yield,R181,OBS,str
yield,A182,Type,str
yield,B182,name,str
yield,D182,unit,str
yield,G182,variable_type,str
yield,H182,frequency,str
yield,I182,scope_type,str
yield,J182,scope_value,str
yield,K182,source_reference,str
yield,L182,status,str
yield,M182,value_type,str
yield,P182,expression,str
yield,A183,Type,str
yield,B183,name,str
yield,D183,unit,str
yield,G183,variable_type,str
yield,H183,frequency,str
yield,I183,scope_type,str
yield,J183,scope_value,str
yield,K183,source_reference,str
yield,L183,status,str
yield,M183,value_type,str
yield,P183,expression,str
yield,A184,Type,str
yield,B184,name,str
yield,D184,unit,str
yield,G184,variable_type,str
yield,H184,frequency,str
yield,I184,scope_type,str
yield,J184,scope_value,str
yield,L184,status,str
yield,M184,value_type,str
yield,P184,expression,str
yield,A185,Type,str
yield,B185,name,str
yield,D185,unit,str
yield,G185,variable_type,str
yield,H185,frequency,str
yield,I185,scope_type,str
yield,J185,scope_value,str
yield,L185,status,str
yield,M185,value_type,str
yield,P185,expression,str
yield,A186,Type,str
yield,B186,name,str
yield,D186,unit,str
yield,G186,variable_type,str
yield,H186,frequency,str
yield,I186,scope_type,str
yield,J186,scope_value,str
yield,L186,status,str
yield,M186,value_type,str
yield,P186,expression,str
yield,A187,Type,str
yield,B187,name,str
yield,D187,unit,str
yield,G187,variable_type,str
yield,H187,frequency,str
yield,I187,scope_type,str
yield,J187,scope_value,str
yield,L187,status,str
yield,M187,value_type,str
yield,P187,expression,str
yield,A188,Type,str
yield,B188,name,str
yield,D188,unit,str
yield,G188,variable_type,str
yield,H188,frequency,str
yield,I188,scope_type,str
yield,J188,scope_value,str
yield,L188,status,str
yield,M188,value_type,str
yield,P188,expression,str
yield,A189,Type,str
yield,B189,name,str
yield,D189,unit,str
yield,G189,variable_type,str
yield,H189,frequency,str
yield,I189,scope_type,str
yield,J189,scope_value,str
yield,L189,status,str
yield,M189,value_type,str
yield,P189,expression,str
yield,A190,Type,str
yield,B190,name,str
yield,D190,unit,str
yield,G190,variable_type,str
yield,H190,frequency,str
yield,I190,scope_type,str
yield,J190,scope_value,str
yield,L190,status,str
yield,M190,value_type,str
yield,P190,expression,str
yield,A191,Type,str
yield,B191,name,str
yield,D191,unit,str
yield,G191,variable_type,str
yield,H191,frequency,str
yield,I191,scope_type,str
yield,J191,scope_value,str
yield,L191,status,str
yield,M191,value_type,str
yield,P191,expression,str
yield,A192,Type,str
yield,B192,name,str
yield,D192,unit,str
yield,G192,variable_type,str
yield,H192,frequency,str
yield,I192,scope_type,str
yield,J192,scope_value,str
yield,K192,source_reference,str
yield,L192,status,str
yield,M192,value_type,str
yield,P192,expression,str
yield,A193,Type,str
yield,B193,name,str
yield,D193,unit,str
yield,G193,variable_type,str
yield,H193,frequency,str
yield,I193,scope_type,str
yield,J193,scope_value,str
yield,L193,status,str
yield,M193,value_type,str
yield,P193,expression,str
yield,A194,Type,str
yield,B194,name,str
yield,D194,unit,str
yield,G194,variable_type,str
yield,H194,frequency,str
yield,I194,scope_type,str
yield,J194,scope_value,str
yield,L194,status,str
yield,M194,value_type,str
yield,P194,expression,str
yield,A195,Type,str
yield,B195,name,str
yield,D195,unit,str
yield,G195,variable_type,str
yield,H195,frequency,str
yield,I195,scope_type,str
yield,J195,scope_value,str
yield,L195,status,str
yield,M195,value_type,str
yield,P195,expression,str
yield,A196,Type,str
yield,B196,name,str
yield,D196,unit,str
yield,G196,variable_type,str
yield,H196,frequency,str
yield,I196,scope_type,str
yield,J196,scope_value,str
yield,L196,status,str
yield,M196,value_type,str
yield,P196,expression,str
yield,R196,OBS,str
yield,A197,Type,str
yield,B197,name,str
yield,D197,unit,str
yield,G197,variable_type,str
yield,H197,frequency,str
yield,I197,scope_type,str
yield,J197,scope_value,str
yield,K197,source_reference,str
yield,L197,status,str
yield,M197,value_type,str
yield,A198,Type,str
yield,B198,name,str
yield,D198,unit,str
yield,G198,variable_type,str
yield,H198,frequency,str
yield,I198,scope_type,str
yield,J198,scope_value,str
yield,K198,source_reference,str
yield,L198,status,str
yield,M198,value_type,str
yield,P198,expression,str
yield,A199,Type,str
yield,B199,name,str
yield,D199,unit,str
yield,G199,variable_type,str
yield,H199,frequency,str
yield,I199,scope_type,str
yield,J199,scope_value,str
yield,L199,status,str
yield,M199,value_type,str
yield,P199,expression,str
yield,A200,Type,str
yield,B200,name,str
yield,D200,unit,str
yield,G200,variable_type,str
yield,H200,frequency,str
yield,I200,scope_type,str
yield,J200,scope_value,str
yield,L200,status,str
yield,M200,value_type,str
yield,P200,expression,str
yield,A201,Type,str
yield,B201,name,str
yield,D201,unit,str
yield,G201,variable_type,str
yield,H201,frequency,str
yield,I201,scope_type,str
yield,J201,scope_value,str
yield,L201,status,str
yield,M201,value_type,str
yield,P201,expression,str
yield,A202,Type,str
yield,B202,name,str
yield,D202,unit,str
yield,G202,variable_type,str
yield,H202,frequency,str
yield,I202,scope_type,str
yield,J202,scope_value,str
yield,L202,status,str
yield,M202,value_type,str
yield,P202,expression,str
yield,A203,Type,str
yield,B203,name,str
yield,D203,unit,str
yield,G203,variable_type,str
yield,H203,frequency,str
yield,I203,scope_type,str
yield,J203,scope_value,str
yield,L203,status,str
yield,M203,value_type,str
yield,P203,expression,str
yield,A204,Type,str
yield,B204,name,str
yield,D204,unit,str
yield,G204,variable_type,str
yield,H204,frequency,str
yield,I204,scope_type,str
yield,J204,scope_value,str
yield,L204,status,str
yield,M204,value_type,str
yield,P204,expression,str
yield,A205,Type,str
yield,B205,name,str
yield,D205,unit,str
yield,G205,variable_type,str
yield,H205,frequency,str
yield,I205,scope_type,str
yield,J205,scope_value,str
yield,L205,status,str
yield,M205,value_type,str
yield,P205,expression,str
yield,A206,Type,str
yield,B206,name,str
yield,D206,unit,str
yield,G206,variable_type,str
yield,H206,frequency,str
yield,I206,scope_type,str
yield,J206,scope_value,str
yield,L206,status,str
yield,M206,value_type,str
yield,P206,expression,str
yield,A207,Type,str
yield,B207,name,str
yield,D207,unit,str
yield,G207,variable_type,str
yield,H207,frequency,str
yield,I207,scope_type,str
yield,J207,scope_value,str
yield,K207,source_reference,str
yield,L207,status,str
yield,M207,value_type,str
yield,A208,Type,str
yield,B208,name,str
yield,D208,unit,str
yield,G208,variable_type,str
yield,H208,frequency,str
yield,I208,scope_type,str
yield,J208,scope_value,str
yield,L208,status,str
yield,M208,value_type,str
yield,P208,expression,str
yield,A209,Type,str
yield,B209,name,str
yield,D209,unit,str
yield,G209,variable_type,str
yield,H209,frequency,str
yield,I209,scope_type,str
yield,J209,scope_value,str
yield,L209,status,str
yield,M209,value_type,str
yield,P209,expression,str
yield,A210,Type,str
yield,B210,name,str
yield,D210,unit,str
yield,G210,variable_type,str
yield,H210,frequency,str
yield,I210,scope_type,str
yield,J210,scope_value,str
yield,L210,status,str
yield,M210,value_type,str
yield,P210,expression,str
yield,A211,Type,str
yield,B211,name,str
yield,D211,unit,str
yield,G211,variable_type,str
yield,H211,frequency,str
yield,I211,scope_type,str
yield,J211,scope_value,str
yield,L211,status,str
yield,M211,value_type,str
yield,P211,expression,str
yield,R211,OBS,str
yield,A212,Type,str
yield,B212,name,str
yield,D212,unit,str
yield,G212,variable_type,str
yield,H212,frequency,str
yield,I212,scope_type,str
yield,J212,scope_value,str
yield,K212,source_reference,str
yield,L212,status,str
yield,M212,value_type,str
yield,A213,Type,str
yield,B213,name,str
yield,D213,unit,str
yield,G213,variable_type,str
yield,H213,frequency,str
yield,I213,scope_type,str
yield,J213,scope_value,str
yield,K213,source_reference,str
yield,L213,status,str
yield,M213,value_type,str
yield,P213,expression,str
yield,A214,Type,str
yield,B214,name,str
yield,D214,unit,str
yield,G214,variable_type,str
yield,H214,frequency,str
yield,I214,scope_type,str
yield,J214,scope_value,str
yield,L214,status,str
yield,M214,value_type,str
yield,P214,expression,str
yield,A215,Type,str
yield,B215,name,str
yield,D215,unit,str
yield,G215,variable_type,str
yield,H215,frequency,str
yield,I215,scope_type,str
yield,J215,scope_value,str
yield,L215,status,str
yield,M215,value_type,str
yield,P215,expression,str
yield,A216,Type,str
yield,B216,name,str
yield,D216,unit,str
yield,G216,variable_type,str
yield,H216,frequency,str
yield,I216,scope_type,str
yield,J216,scope_value,str
yield,L216,status,str
yield,M216,value_type,str
yield,P216,expression,str
yield,A217,Type,str
yield,B217,name,str
yield,D217,unit,str
yield,G217,variable_type,str
yield,H217,frequency,str
yield,I217,scope_type,str
yield,J217,scope_value,str
yield,L217,status,str
yield,M217,value_type,str
yield,P217,expression,str
yield,A218,Type,str
yield,B218,name,str
yield,D218,unit,str
yield,G218,variable_type,str
yield,H218,frequency,str
yield,I218,scope_type,str
yield,J218,scope_value,str
yield,L218,status,str
yield,M218,value_type,str
yield,P218,expression,str
yield,A219,Type,str
yield,B219,name,str
yield,D219,unit,str
yield,G219,variable_type,str
yield,H219,frequency,str
yield,I219,scope_type,str
yield,J219,scope_value,str
yield,L219,status,str
yield,M219,value_type,str
yield,P219,expression,str
yield,A220,Type,str
yield,B220,name,str
yield,D220,unit,str
yield,G220,variable_type,str
yield,H220,frequency,str
yield,I220,scope_type,str
yield,J220,scope_value,str
yield,L220,status,str
yield,M220,value_type,str
yield,P220,expression,str
yield,A221,Type,str
yield,B221,name,str
yield,D221,unit,str
yield,G221,variable_type,str
yield,H221,frequency,str
yield,I221,scope_type,str
yield,J221,scope_value,str
yield,L221,status,str
yield,M221,value_type,str
yield,P221,expression,str
yield,A222,Type,str
yield,B222,name,str
yield,D222,unit,str
yield,G222,variable_type,str
yield,H222,frequency,str
yield,I222,scope_type,str
yield,J222,scope_value,str
yield,K222,source_reference,str
yield,L222,status,str
yield,M222,value_type,str
yield,A223,Type,str
yield,B223,name,str
yield,D223,unit,str
yield,G223,variable_type,str
yield,H223,frequency,str
yield,I223,scope_type,str
yield,J223,scope_value,str
yield,L223,status,str
yield,M223,value_type,str
yield,P223,expression,str
yield,A224,Type,str
yield,B224,name,str
yield,D224,unit,str
yield,G224,variable_type,str
yield,H224,frequency,str
yield,I224,scope_type,str
yield,J224,scope_value,str
yield,L224,status,str
yield,M224,value_type,str
yield,P224,expression,str
yield,A225,Type,str
yield,B225,name,str
yield,D225,unit,str
yield,G225,variable_type,str
yield,H225,frequency,str
yield,I225,scope_type,str
yield,J225,scope_value,str
yield,L225,status,str
yield,M225,value_type,str
yield,P225,expression,str
yield,A226,Type,str
yield,B226,name,str
yield,D226,unit,str
yield,G226,variable_type,str
yield,H226,frequency,str
yield,I226,scope_type,str
yield,J226,scope_value,str
yield,L226,status,str
yield,M226,value_type,str
yield,P226,expression,str
yield,R226,OBS,str
yield,A227,Type,str
yield,B227,name,str
yield,D227,unit,str
yield,G227,variable_type,str
yield,H227,frequency,str
yield,I227,scope_type,str
yield,J227,scope_value,str
yield,L227,status,str
yield,M227,value_type,str
yield,A228,Type,str
yield,B228,name,str
yield,D228,unit,str
yield,G228,variable_type,str
yield,H228,frequency,str
yield,I228,scope_type,str
yield,J228,scope_value,str
yield,L228,status,str
yield,M228,value_type,str
yield,A229,Type,str
yield,B229,name,str
yield,D229,unit,str
yield,G229,variable_type,str
yield,H229,frequency,str
yield,I229,scope_type,str
yield,J229,scope_value,str
yield,L229,status,str
yield,M229,value_type,str
yield,A230,Type,str
yield,B230,name,str
yield,D230,unit,str
yield,G230,variable_type,str
yield,H230,frequency,str
yield,I230,scope_type,str
yield,J230,scope_value,str
yield,L230,status,str
yield,M230,value_type,str
yield,A231,Type,str
yield,B231,name,str
yield,D231,unit,str
yield,G231,variable_type,str
yield,H231,frequency,str
yield,I231,scope_type,str
yield,J231,scope_value,str
yield,L231,status,str
yield,M231,value_type,str
yield,A232,Type,str
yield,B232,name,str
yield,D232,unit,str
yield,G232,variable_type,str
yield,H232,frequency,str
yield,I232,scope_type,str
yield,J232,scope_value,str
yield,L232,status,str
yield,M232,value_type,str
yield,A233,Type,str
yield,B233,name,str
yield,D233,unit,str
yield,G233,variable_type,str
yield,H233,frequency,str
yield,I233,scope_type,str
yield,J233,scope_value,str
yield,L233,status,str
yield,M233,value_type,str
yield,A234,Type,str
yield,B234,name,str
yield,D234,unit,str
yield,E234,value,int
yield,F234,version,int
yield,H234,frequency,str
yield,I234,scope_type,str
yield,J234,scope_value,str
yield,K234,source_reference,str
yield,L234,status,str
yield,M234,value_type,str
yield,A235,Type,str
yield,B235,name,str
yield,D235,unit,str
yield,E235,value,int
yield,F235,version,int
yield,H235,frequency,str
yield,I235,scope_type,str
yield,J235,scope_value,str
yield,K235,source_reference,str
yield,L235,status,str
yield,M235,value_type,str
yield,A236,Type,str
yield,B236,name,str
yield,D236,unit,str
yield,E236,value,int
yield,F236,version,int
yield,H236,frequency,str
yield,I236,scope_type,str
yield,J236,scope_value,str
yield,K236,source_reference,str
yield,L236,status,str
yield,M236,value_type,str
yield,A237,Type,str
yield,B237,name,str
yield,D237,unit,str
yield,E237,value,int
yield,F237,version,int
yield,H237,frequency,str
yield,I237,scope_type,str
yield,J237,scope_value,str
yield,K237,source_reference,str
yield,L237,status,str
yield,M237,value_type,str
yield,A238,Type,str
yield,B238,name,str
yield,D238,unit,str
yield,E238,value,int
yield,F238,version,int
yield,H238,frequency,str
yield,I238,scope_type,str
yield,J238,scope_value,str
yield,K238,source_reference,str
yield,L238,status,str
yield,M238,value_type,str
yield,A239,Type,str
yield,B239,name,str
yield,D239,unit,str
yield,E239,value,int
yield,F239,version,int
yield,H239,frequency,str
yield,I239,scope_type,str
yield,J239,scope_value,str
yield,K239,source_reference,str
yield,L239,status,str
yield,M239,value_type,str
yield,A240,Type,str
yield,B240,name,str
yield,D240,unit,str
yield,E240,value,int
yield,F240,version,int
yield,H240,frequency,str
yield,I240,scope_type,str
yield,J240,scope_value,str
yield,K240,source_reference,str
yield,L240,status,str
yield,M240,value_type,str
yield,A241,Type,str
yield,B241,name,str
yield,D241,unit,str
yield,G241,variable_type,str
yield,H241,frequency,str
yield,I241,scope_type,str
yield,J241,scope_value,str
yield,K241,source_reference,str
yield,L241,status,str
yield,M241,value_type,str
yield,P241,expression,str
yield,A242,Type,str
yield,B242,name,str
yield,D242,unit,str
yield,G242,variable_type,str
yield,H242,frequency,str
yield,I242,scope_type,str
yield,J242,scope_value,str
yield,K242,source_reference,str
yield,L242,status,str
yield,M242,value_type,str
yield,P242,expression,str
yield,A243,Type,str
yield,B243,name,str
yield,D243,unit,str
yield,G243,variable_type,str
yield,H243,frequency,str
yield,I243,scope_type,str
yield,J243,scope_value,str
yield,L243,status,str
yield,M243,value_type,str
yield,P243,expression,str
yield,A244,Type,str
yield,B244,name,str
yield,D244,unit,str
yield,G244,variable_type,str
yield,H244,frequency,str
yield,I244,scope_type,str
yield,J244,scope_value,str
yield,L244,status,str
yield,M244,value_type,str
yield,P244,expression,str
yield,A245,Type,str
yield,B245,name,str
yield,D245,unit,str
yield,G245,variable_type,str
yield,H245,frequency,str
yield,I245,scope_type,str
yield,J245,scope_value,str
yield,L245,status,str
yield,M245,value_type,str
yield,P245,expression,str
yield,A246,Type,str
yield,B246,name,str
yield,D246,unit,str
yield,G246,variable_type,str
yield,H246,frequency,str
yield,I246,scope_type,str
yield,J246,scope_value,str
yield,L246,status,str
yield,M246,value_type,str
yield,P246,expression,str
yield,A247,Type,str
yield,B247,name,str
yield,D247,unit,str
yield,G247,variable_type,str
yield,H247,frequency,str
yield,I247,scope_type,str
yield,J247,scope_value,str
yield,L247,status,str
yield,M247,value_type,str
yield,P247,expression,str
yield,A248,Type,str
yield,B248,name,str
yield,D248,unit,str
yield,G248,variable_type,str
yield,H248,frequency,str
yield,I248,scope_type,str
yield,J248,scope_value,str
yield,L248,status,str
yield,M248,value_type,str
yield,P248,expression,str
yield,A249,Type,str
yield,B249,name,str
yield,D249,unit,str
yield,G249,variable_type,str
yield,H249,frequency,str
yield,I249,scope_type,str
yield,J249,scope_value,str
yield,L249,status,str
yield,M249,value_type,str
yield,P249,expression,str
yield,A250,Type,str
yield,B250,name,str
yield,D250,unit,str
yield,G250,variable_type,str
yield,H250,frequency,str
yield,I250,scope_type,str
yield,J250,scope_value,str
yield,L250,status,str
yield,M250,value_type,str
yield,P250,expression,str
yield,A251,Type,str
yield,B251,name,str
yield,D251,unit,str
yield,G251,variable_type,str
yield,H251,frequency,str
yield,I251,scope_type,str
yield,J251,scope_value,str
yield,K251,source_reference,str
yield,L251,status,str
yield,M251,value_type,str
yield,P251,expression,str
yield,A252,Type,str
yield,B252,name,str
yield,D252,unit,str
yield,G252,variable_type,str
yield,H252,frequency,str
yield,I252,scope_type,str
yield,J252,scope_value,str
yield,L252,status,str
yield,M252,value_type,str
yield,P252,expression,str
yield,A253,Type,str
yield,B253,name,str
yield,D253,unit,str
yield,G253,variable_type,str
yield,H253,frequency,str
yield,I253,scope_type,str
yield,J253,scope_value,str
yield,L253,status,str
yield,M253,value_type,str
yield,P253,expression,str
yield,A254,Type,str
yield,B254,name,str
yield,D254,unit,str
yield,G254,variable_type,str
yield,H254,frequency,str
yield,I254,scope_type,str
yield,J254,scope_value,str
yield,L254,status,str
yield,M254,value_type,str
yield,P254,expression,str
yield,A255,Type,str
yield,B255,name,str
yield,D255,unit,str
yield,G255,variable_type,str
yield,H255,frequency,str
yield,I255,scope_type,str
yield,J255,scope_value,str
yield,L255,status,str
yield,M255,value_type,str
yield,P255,expression,str
yield,R255,OBS,str
