mode,equation,target,inputs,engine,oracle,agree,exact
equation,EQ16004,lth_grupo@L1_L3,"{""lth@L1"": 47.0, ""lth@L2"": 1.7000000000000001e-09, ""lth@L3"": 47.0}","('VALUE', 31.3333333339)","('VALUE', 31.3333333339)",True,True
equation,EQ16004,lth_grupo@L1_L3,"{""lth@L1"": 1.1, ""lth@L2"": 1649.0, ""lth@L3"": 1.7000000000000001e-09}","('VALUE', 550.0333333339)","('VALUE', 550.0333333339)",True,True
equation,EQ16004,lth_grupo@L1_L3,"{""lth@L1"": 0.5, ""lth@L2"": 1870.0, ""lth@L3"": 0.001}","('VALUE', 623.5003333333333)","('VALUE', 623.5003333333333)",True,True
equation,EQ16004,lth_grupo@L1_L3,"{""lth@L1"": 0.5, ""lth@L2"": 0.5, ""lth@L3"": 0.001}","('VALUE', 0.3336666666666666)","('VALUE', 0.3336666666666666)",True,True
equation,EQ16004,lth_grupo@L1_L3,"{""lth@L1"": 1000000.0, ""lth@L2"": 1000000.0, ""lth@L3"": 48.0}","('VALUE', 666682.6666666666)","('VALUE', 666682.6666666666)",True,True
equation,EQ16004,lth_grupo@L1_L3,"{""lth@L1"": 1.1, ""lth@L2"": 1e-09, ""lth@L3"": 0.5}","('VALUE', 0.5333333336666667)","('VALUE', 0.5333333336666667)",True,True
equation,EQ16004,lth_grupo@L1_L3,"{""lth@L1"": 1320.0, ""lth@L2"": 1870.0, ""lth@L3"": 47.0}","('VALUE', 1079.0)","('VALUE', 1079.0)",True,True
equation,EQ16004,lth_grupo@L1_L3,"{""lth@L1"": 1000000.0, ""lth@L2"": 0.5, ""lth@L3"": 1870.0}","('VALUE', 333956.8333333333)","('VALUE', 333956.8333333333)",True,True
equation,EQ16004,lth_grupo@L1_L3,"{""lth@L1"": 1.87, ""lth@L2"": 0.0017, ""lth@L3"": 1.1}","('VALUE', 0.9905666666666667)","('VALUE', 0.9905666666666667)",True,True
equation,EQ16004,lth_grupo@L1_L3,"{""lth@L1"": 1100.0, ""lth@L2"": 1.87, ""lth@L3"": 1.1}","('VALUE', 367.6566666666666)","('VALUE', 367.6566666666666)",True,True
equation,EQ16004,lth_grupo@L1_L3,"{""lth@L1"": 0.0017, ""lth@L2"": 79.89999999999999, ""lth@L3"": 48.0}","('VALUE', 42.6339)","('VALUE', 42.6339)",True,True
equation,EQ16004,lth_grupo@L1_L3,"{""lth@L1"": 48.0, ""lth@L2"": 0.0017, ""lth@L3"": 79.89999999999999}","('VALUE', 42.6339)","('VALUE', 42.6339)",True,True
equation,EQ16004,lth_grupo@L1_L3,"{""lth@L1"": 1.0, ""lth@L2"": 3.0, ""lth@L3"": 1649.0}","('VALUE', 551.0)","('VALUE', 551.0)",True,True
equation,EQ16004,lth_grupo@L1_L3,"{""lth@L1"": 0.001, ""lth@L2"": 1e-09, ""lth@L3"": 0.0017}","('VALUE', 0.0009000003333333332)","('VALUE', 0.0009000003333333332)",True,True
equation,EQ16004,lth_grupo@L1_L3,"{""lth@L1"": 1e-09, ""lth@L2"": 1700000.0, ""lth@L3"": 1100.0}","('VALUE', 567033.3333333336)","('VALUE', 567033.3333333336)",True,True
equation,EQ16004,lth_grupo@L1_L3,"{""lth@L1"": 1.87, ""lth@L2"": 48.0, ""lth@L3"": 47.0}","('VALUE', 32.29)","('VALUE', 32.29)",True,True
equation,EQ16004,lth_grupo@L1_L3,"{""lth@L1"": 1.0, ""lth@L2"": 47.0, ""lth@L3"": 1649.0}","('VALUE', 565.6666666666666)","('VALUE', 565.6666666666666)",True,True
equation,EQ16004,lth_grupo@L1_L3,"{""lth@L1"": 1320.0, ""lth@L2"": 48.0, ""lth@L3"": 48.0}","('VALUE', 472.0)","('VALUE', 472.0)",True,True
equation,EQ16004,lth_grupo@L1_L3,"{""lth@L1"": 1320.0, ""lth@L2"": 0.001, ""lth@L3"": 1e-09}","('VALUE', 440.0003333336667)","('VALUE', 440.0003333336667)",True,True
equation,EQ16004,lth_grupo@L1_L3,"{""lth@L1"": 0.5, ""lth@L2"": 1649.0, ""lth@L3"": 0.5}","('VALUE', 550.0)","('VALUE', 550.0)",True,True
equation,EQ16004,lth_grupo@L1_L3,"{""lth@L1"": 1.0, ""lth@L2"": 3.0, ""lth@L3"": 3.0}","('VALUE', 2.3333333333333335)","('VALUE', 2.3333333333333335)",True,True
equation,EQ16004,lth_grupo@L1_L3,"{""lth@L1"": 1.7, ""lth@L2"": 48.0, ""lth@L3"": 1.1}","('VALUE', 16.933333333333334)","('VALUE', 16.933333333333334)",True,True
equation,EQ16004,lth_grupo@L1_L3,"{""lth@L1"": 1.0, ""lth@L2"": 0.001, ""lth@L3"": 1320.0}","('VALUE', 440.33366666666666)","('VALUE', 440.33366666666666)",True,True
equation,EQ16004,lth_grupo@L1_L3,"{""lth@L1"": 0.5, ""lth@L2"": 0.5, ""lth@L3"": 1100.0}","('VALUE', 367.0)","('VALUE', 367.0)",True,True
equation,EQ16004,lth_grupo@L1_L3,"{""lth@L1"": 0.001, ""lth@L2"": 1700000.0, ""lth@L3"": 0.5}","('VALUE', 566666.8336666666)","('VALUE', 566666.8336666666)",True,True
equation,EQ16004,lth_grupo@L1_L3,"{""lth@L1"": 47.0, ""lth@L2"": 1000000.0, ""lth@L3"": 1.7}","('VALUE', 333349.56666666665)","('VALUE', 333349.56666666665)",True,True
equation,EQ16004,lth_grupo@L1_L3,"{""lth@L1"": 47.0, ""lth@L2"": 48.0, ""lth@L3"": 0.001}","('VALUE', 31.667)","('VALUE', 31.667)",True,True
equation,EQ16004,lth_grupo@L1_L3,"{""lth@L1"": 1.87, ""lth@L2"": 1000000.0, ""lth@L3"": 1.87}","('VALUE', 333334.58)","('VALUE', 333334.58)",True,True
equation,EQ16004,lth_grupo@L1_L3,"{""lth@L1"": 1870.0, ""lth@L2"": 0.5, ""lth@L3"": 0.5}","('VALUE', 623.6666666666666)","('VALUE', 623.6666666666666)",True,True
equation,EQ16004,lth_grupo@L1_L3,"{""lth@L1"": 2244.0, ""lth@L2"": 1e-09, ""lth@L3"": 81.6}","('VALUE', 775.2000000003333)","('VALUE', 775.2000000003333)",True,True
equation,EQ16004,lth_grupo@L1_L3,"{""lth@L1"": 0.5, ""lth@L2"": 0.5, ""lth@L3"": 47.0}","('VALUE', 16.0)","('VALUE', 16.0)",True,True
equation,EQ16004,lth_grupo@L1_L3,"{""lth@L1"": 1320.0, ""lth@L2"": 5.1, ""lth@L3"": 0.001}","('VALUE', 441.7003333333333)","('VALUE', 441.7003333333333)",True,True
equation,EQ16004,lth_grupo@L1_L3,"{""lth@L1"": 970.0, ""lth@L2"": 1.0, ""lth@L3"": 1320.0}","('VALUE', 763.6666666666666)","('VALUE', 763.6666666666666)",True,True
equation,EQ16004,lth_grupo@L1_L3,"{""lth@L1"": 1e-09, ""lth@L2"": 48.0, ""lth@L3"": 81.6}","('VALUE', 43.200000000333326)","('VALUE', 43.200000000333326)",True,True
equation,EQ16004,lth_grupo@L1_L3,"{""lth@L1"": 1000000.0, ""lth@L2"": 1000000.0, ""lth@L3"": 0.001}","('VALUE', 666666.667)","('VALUE', 666666.667)",True,True
equation,EQ16004,lth_grupo@L1_L3,"{""lth@L1"": 0.5, ""lth@L2"": 1.0, ""lth@L3"": 0.5}","('VALUE', 0.6666666666666666)","('VALUE', 0.6666666666666666)",True,True
equation,EQ16004,lth_grupo@L1_L3,"{""lth@L1"": 5.1, ""lth@L2"": 1.7000000000000001e-09, ""lth@L3"": 47.0}","('VALUE', 17.366666667233332)","('VALUE', 17.366666667233332)",True,True
equation,EQ16004,lth_grupo@L1_L3,"{""lth@L1"": 1320.0, ""lth@L2"": 970.0, ""lth@L3"": 1870.0}","('VALUE', 1386.6666666666667)","('VALUE', 1386.6666666666667)",True,True
equation,EQ16004,lth_grupo@L1_L3,"{""lth@L1"": 2244.0, ""lth@L2"": 0.001, ""lth@L3"": 0.85}","('VALUE', 748.2836666666667)","('VALUE', 748.2836666666667)",True,True
equation,EQ16004,lth_grupo@L1_L3,"{""lth@L1"": 1.0, ""lth@L2"": 1.1, ""lth@L3"": 1.7}","('VALUE', 1.2666666666666666)","('VALUE', 1.2666666666666666)",True,True
equation,EQ16005,lth_grupo@L4_L5,"{""lth@L4"": 47.0, ""lth@L5"": 970.0}","('VALUE', 508.5)","('VALUE', 508.5)",True,True
equation,EQ16005,lth_grupo@L4_L5,"{""lth@L4"": 1.0, ""lth@L5"": 47.0}","('VALUE', 24.0)","('VALUE', 24.0)",True,True
equation,EQ16005,lth_grupo@L4_L5,"{""lth@L4"": 1870.0, ""lth@L5"": 2244.0}","('VALUE', 2057.0)","('VALUE', 2057.0)",True,True
equation,EQ16005,lth_grupo@L4_L5,"{""lth@L4"": 1e-09, ""lth@L5"": 1e-09}","('VALUE', 1e-09)","('VALUE', 1e-09)",True,True
equation,EQ16005,lth_grupo@L4_L5,"{""lth@L4"": 1.1, ""lth@L5"": 5.1}","('VALUE', 3.0999999999999996)","('VALUE', 3.0999999999999996)",True,True
equation,EQ16005,lth_grupo@L4_L5,"{""lth@L4"": 48.0, ""lth@L5"": 5.1}","('VALUE', 26.55)","('VALUE', 26.55)",True,True
equation,EQ16005,lth_grupo@L4_L5,"{""lth@L4"": 5.1, ""lth@L5"": 3.0}","('VALUE', 4.05)","('VALUE', 4.05)",True,True
equation,EQ16005,lth_grupo@L4_L5,"{""lth@L4"": 0.5, ""lth@L5"": 1320.0}","('VALUE', 660.25)","('VALUE', 660.25)",True,True
equation,EQ16005,lth_grupo@L4_L5,"{""lth@L4"": 1100.0, ""lth@L5"": 48.0}","('VALUE', 574.0)","('VALUE', 574.0)",True,True
equation,EQ16005,lth_grupo@L4_L5,"{""lth@L4"": 1e-09, ""lth@L5"": 1100.0}","('VALUE', 550.0000000005)","('VALUE', 550.0000000005)",True,True
equation,EQ16005,lth_grupo@L4_L5,"{""lth@L4"": 1700000.0, ""lth@L5"": 0.001}","('VALUE', 850000.0005)","('VALUE', 850000.0005)",True,True
equation,EQ16005,lth_grupo@L4_L5,"{""lth@L4"": 1.1, ""lth@L5"": 1100.0}","('VALUE', 550.55)","('VALUE', 550.55)",True,True
equation,EQ16005,lth_grupo@L4_L5,"{""lth@L4"": 0.001, ""lth@L5"": 0.5}","('VALUE', 0.2505)","('VALUE', 0.2505)",True,True
equation,EQ16005,lth_grupo@L4_L5,"{""lth@L4"": 970.0, ""lth@L5"": 1320.0}","('VALUE', 1145.0)","('VALUE', 1145.0)",True,True
equation,EQ16005,lth_grupo@L4_L5,"{""lth@L4"": 1000000.0, ""lth@L5"": 1649.0}","('VALUE', 500824.5)","('VALUE', 500824.5)",True,True
equation,EQ16005,lth_grupo@L4_L5,"{""lth@L4"": 48.0, ""lth@L5"": 1000000.0}","('VALUE', 500024.0)","('VALUE', 500024.0)",True,True
equation,EQ16005,lth_grupo@L4_L5,"{""lth@L4"": 1.0, ""lth@L5"": 48.0}","('VALUE', 24.5)","('VALUE', 24.5)",True,True
equation,EQ16005,lth_grupo@L4_L5,"{""lth@L4"": 1649.0, ""lth@L5"": 1.87}","('VALUE', 825.435)","('VALUE', 825.435)",True,True
equation,EQ16005,lth_grupo@L4_L5,"{""lth@L4"": 1.1, ""lth@L5"": 970.0}","('VALUE', 485.55)","('VALUE', 485.55)",True,True
equation,EQ16005,lth_grupo@L4_L5,"{""lth@L4"": 970.0, ""lth@L5"": 1.7}","('VALUE', 485.85)","('VALUE', 485.85)",True,True
equation,EQ16005,lth_grupo@L4_L5,"{""lth@L4"": 1.0, ""lth@L5"": 1000000.0}","('VALUE', 500000.5)","('VALUE', 500000.5)",True,True
equation,EQ16005,lth_grupo@L4_L5,"{""lth@L4"": 1.0, ""lth@L5"": 3.0}","('VALUE', 2.0)","('VALUE', 2.0)",True,True
equation,EQ16005,lth_grupo@L4_L5,"{""lth@L4"": 1100.0, ""lth@L5"": 1.0}","('VALUE', 550.5)","('VALUE', 550.5)",True,True
equation,EQ16005,lth_grupo@L4_L5,"{""lth@L4"": 81.6, ""lth@L5"": 1000000.0}","('VALUE', 500040.8)","('VALUE', 500040.8)",True,True
equation,EQ16005,lth_grupo@L4_L5,"{""lth@L4"": 3.0, ""lth@L5"": 0.001}","('VALUE', 1.5005)","('VALUE', 1.5005)",True,True
equation,EQ16005,lth_grupo@L4_L5,"{""lth@L4"": 970.0, ""lth@L5"": 48.0}","('VALUE', 509.0)","('VALUE', 509.0)",True,True
equation,EQ16005,lth_grupo@L4_L5,"{""lth@L4"": 48.0, ""lth@L5"": 1e-09}","('VALUE', 24.0000000005)","('VALUE', 24.0000000005)",True,True
equation,EQ16005,lth_grupo@L4_L5,"{""lth@L4"": 47.0, ""lth@L5"": 970.0}","('VALUE', 508.5)","('VALUE', 508.5)",True,True
equation,EQ16005,lth_grupo@L4_L5,"{""lth@L4"": 48.0, ""lth@L5"": 3.0}","('VALUE', 25.5)","('VALUE', 25.5)",True,True
equation,EQ16005,lth_grupo@L4_L5,"{""lth@L4"": 1.87, ""lth@L5"": 1.7}","('VALUE', 1.7850000000000001)","('VALUE', 1.7850000000000001)",True,True
equation,EQ16005,lth_grupo@L4_L5,"{""lth@L4"": 0.001, ""lth@L5"": 1.87}","('VALUE', 0.9355)","('VALUE', 0.9355)",True,True
equation,EQ16005,lth_grupo@L4_L5,"{""lth@L4"": 81.6, ""lth@L5"": 5.1}","('VALUE', 43.349999999999994)","('VALUE', 43.349999999999994)",True,True
equation,EQ16005,lth_grupo@L4_L5,"{""lth@L4"": 48.0, ""lth@L5"": 1000000.0}","('VALUE', 500024.0)","('VALUE', 500024.0)",True,True
equation,EQ16005,lth_grupo@L4_L5,"{""lth@L4"": 1000000.0, ""lth@L5"": 1320.0}","('VALUE', 500660.0)","('VALUE', 500660.0)",True,True
equation,EQ16005,lth_grupo@L4_L5,"{""lth@L4"": 2244.0, ""lth@L5"": 47.0}","('VALUE', 1145.5)","('VALUE', 1145.5)",True,True
equation,EQ16005,lth_grupo@L4_L5,"{""lth@L4"": 1100.0, ""lth@L5"": 3.0}","('VALUE', 551.5)","('VALUE', 551.5)",True,True
equation,EQ16005,lth_grupo@L4_L5,"{""lth@L4"": 0.5, ""lth@L5"": 48.0}","('VALUE', 24.25)","('VALUE', 24.25)",True,True
equation,EQ16005,lth_grupo@L4_L5,"{""lth@L4"": 1870.0, ""lth@L5"": 1.87}","('VALUE', 935.935)","('VALUE', 935.935)",True,True
equation,EQ16005,lth_grupo@L4_L5,"{""lth@L4"": 48.0, ""lth@L5"": 1100.0}","('VALUE', 574.0)","('VALUE', 574.0)",True,True
equation,EQ16005,lth_grupo@L4_L5,"{""lth@L4"": 1320.0, ""lth@L5"": 1e-09}","('VALUE', 660.0000000005)","('VALUE', 660.0000000005)",True,True
equation,EQ16006,lth_grupo@L6_L7,"{""lth@L6"": 1649.0, ""lth@L7"": 47.0}","('VALUE', 848.0)","('VALUE', 848.0)",True,True
equation,EQ16006,lth_grupo@L6_L7,"{""lth@L6"": 1000000.0, ""lth@L7"": 5.1}","('VALUE', 500002.55)","('VALUE', 500002.55)",True,True
equation,EQ16006,lth_grupo@L6_L7,"{""lth@L6"": 1.7, ""lth@L7"": 1320.0}","('VALUE', 660.85)","('VALUE', 660.85)",True,True
equation,EQ16006,lth_grupo@L6_L7,"{""lth@L6"": 1.7000000000000001e-09, ""lth@L7"": 1320.0}","('VALUE', 660.00000000085)","('VALUE', 660.00000000085)",True,True
equation,EQ16006,lth_grupo@L6_L7,"{""lth@L6"": 0.001, ""lth@L7"": 48.0}","('VALUE', 24.0005)","('VALUE', 24.0005)",True,True
equation,EQ16006,lth_grupo@L6_L7,"{""lth@L6"": 3.0, ""lth@L7"": 0.85}","('VALUE', 1.925)","('VALUE', 1.925)",True,True
equation,EQ16006,lth_grupo@L6_L7,"{""lth@L6"": 0.001, ""lth@L7"": 1e-09}","('VALUE', 0.0005000005)","('VALUE', 0.0005000005)",True,True
equation,EQ16006,lth_grupo@L6_L7,"{""lth@L6"": 5.1, ""lth@L7"": 1.1}","('VALUE', 3.0999999999999996)","('VALUE', 3.0999999999999996)",True,True
equation,EQ16006,lth_grupo@L6_L7,"{""lth@L6"": 1000000.0, ""lth@L7"": 1.87}","('VALUE', 500000.935)","('VALUE', 500000.935)",True,True
equation,EQ16006,lth_grupo@L6_L7,"{""lth@L6"": 1.7, ""lth@L7"": 1e-09}","('VALUE', 0.8500000005)","('VALUE', 0.8500000005)",True,True
equation,EQ16006,lth_grupo@L6_L7,"{""lth@L6"": 0.5, ""lth@L7"": 3.0}","('VALUE', 1.75)","('VALUE', 1.75)",True,True
equation,EQ16006,lth_grupo@L6_L7,"{""lth@L6"": 1.1, ""lth@L7"": 1e-09}","('VALUE', 0.5500000005000001)","('VALUE', 0.5500000005000001)",True,True
equation,EQ16006,lth_grupo@L6_L7,"{""lth@L6"": 0.5, ""lth@L7"": 47.0}","('VALUE', 23.75)","('VALUE', 23.75)",True,True
equation,EQ16006,lth_grupo@L6_L7,"{""lth@L6"": 3.0, ""lth@L7"": 0.0017}","('VALUE', 1.50085)","('VALUE', 1.50085)",True,True
equation,EQ16006,lth_grupo@L6_L7,"{""lth@L6"": 1.0, ""lth@L7"": 2244.0}","('VALUE', 1122.5)","('VALUE', 1122.5)",True,True
equation,EQ16006,lth_grupo@L6_L7,"{""lth@L6"": 1.1, ""lth@L7"": 48.0}","('VALUE', 24.55)","('VALUE', 24.55)",True,True
equation,EQ16006,lth_grupo@L6_L7,"{""lth@L6"": 0.5, ""lth@L7"": 2244.0}","('VALUE', 1122.25)","('VALUE', 1122.25)",True,True
equation,EQ16006,lth_grupo@L6_L7,"{""lth@L6"": 0.5, ""lth@L7"": 1870.0}","('VALUE', 935.25)","('VALUE', 935.25)",True,True
equation,EQ16006,lth_grupo@L6_L7,"{""lth@L6"": 1.7000000000000001e-09, ""lth@L7"": 0.001}","('VALUE', 0.00050000085)","('VALUE', 0.00050000085)",True,True
equation,EQ16006,lth_grupo@L6_L7,"{""lth@L6"": 48.0, ""lth@L7"": 1.1}","('VALUE', 24.55)","('VALUE', 24.55)",True,True
equation,EQ16006,lth_grupo@L6_L7,"{""lth@L6"": 1.1, ""lth@L7"": 1.87}","('VALUE', 1.485)","('VALUE', 1.485)",True,True
equation,EQ16006,lth_grupo@L6_L7,"{""lth@L6"": 5.1, ""lth@L7"": 1700000.0}","('VALUE', 850002.55)","('VALUE', 850002.55)",True,True
equation,EQ16006,lth_grupo@L6_L7,"{""lth@L6"": 1.7000000000000001e-09, ""lth@L7"": 3.0}","('VALUE', 1.50000000085)","('VALUE', 1.50000000085)",True,True
equation,EQ16006,lth_grupo@L6_L7,"{""lth@L6"": 1100.0, ""lth@L7"": 0.001}","('VALUE', 550.0005)","('VALUE', 550.0005)",True,True
equation,EQ16006,lth_grupo@L6_L7,"{""lth@L6"": 1e-09, ""lth@L7"": 1.1}","('VALUE', 0.5500000005000001)","('VALUE', 0.5500000005000001)",True,True
equation,EQ16006,lth_grupo@L6_L7,"{""lth@L6"": 1.1, ""lth@L7"": 0.0017}","('VALUE', 0.5508500000000001)","('VALUE', 0.5508500000000001)",True,True
equation,EQ16006,lth_grupo@L6_L7,"{""lth@L6"": 48.0, ""lth@L7"": 1.0}","('VALUE', 24.5)","('VALUE', 24.5)",True,True
equation,EQ16006,lth_grupo@L6_L7,"{""lth@L6"": 81.6, ""lth@L7"": 5.1}","('VALUE', 43.349999999999994)","('VALUE', 43.349999999999994)",True,True
equation,EQ16006,lth_grupo@L6_L7,"{""lth@L6"": 1e-09, ""lth@L7"": 3.0}","('VALUE', 1.5000000005)","('VALUE', 1.5000000005)",True,True
equation,EQ16006,lth_grupo@L6_L7,"{""lth@L6"": 1.1, ""lth@L7"": 0.5}","('VALUE', 0.8)","('VALUE', 0.8)",True,True
equation,EQ16006,lth_grupo@L6_L7,"{""lth@L6"": 2244.0, ""lth@L7"": 970.0}","('VALUE', 1607.0)","('VALUE', 1607.0)",True,True
equation,EQ16006,lth_grupo@L6_L7,"{""lth@L6"": 970.0, ""lth@L7"": 0.5}","('VALUE', 485.25)","('VALUE', 485.25)",True,True
equation,EQ16006,lth_grupo@L6_L7,"{""lth@L6"": 1.1, ""lth@L7"": 0.001}","('VALUE', 0.5505)","('VALUE', 0.5505)",True,True
equation,EQ16006,lth_grupo@L6_L7,"{""lth@L6"": 0.5, ""lth@L7"": 1.1}","('VALUE', 0.8)","('VALUE', 0.8)",True,True
equation,EQ16006,lth_grupo@L6_L7,"{""lth@L6"": 81.6, ""lth@L7"": 1320.0}","('VALUE', 700.8)","('VALUE', 700.8)",True,True
equation,EQ16006,lth_grupo@L6_L7,"{""lth@L6"": 1000000.0, ""lth@L7"": 0.85}","('VALUE', 500000.425)","('VALUE', 500000.425)",True,True
equation,EQ16006,lth_grupo@L6_L7,"{""lth@L6"": 1e-09, ""lth@L7"": 1.87}","('VALUE', 0.9350000005000001)","('VALUE', 0.9350000005000001)",True,True
equation,EQ16006,lth_grupo@L6_L7,"{""lth@L6"": 1.1, ""lth@L7"": 3.0}","('VALUE', 2.05)","('VALUE', 2.05)",True,True
equation,EQ16006,lth_grupo@L6_L7,"{""lth@L6"": 5.1, ""lth@L7"": 1320.0}","('VALUE', 662.55)","('VALUE', 662.55)",True,True
equation,EQ16006,lth_grupo@L6_L7,"{""lth@L6"": 1.87, ""lth@L7"": 1.87}","('VALUE', 1.87)","('VALUE', 1.87)",True,True
equation,EQ16007,retirada_cond_corr_lth@L1_L3,"{""lth_grupo@L1_L3"": 48.0, ""fator_retirada_cond_corr_lth@L1_L3"": 3.0}","('VALUE', 10.78811400924262)","('VALUE', 10.78811400924262)",True,True
equation,EQ16007,retirada_cond_corr_lth@L1_L3,"{""lth_grupo@L1_L3"": 48.0, ""fator_retirada_cond_corr_lth@L1_L3"": 0.001}","('VALUE', -145.13589437074594)","('VALUE', -145.13589437074594)",True,True
equation,EQ16007,retirada_cond_corr_lth@L1_L3,"{""lth_grupo@L1_L3"": 0.5, ""fator_retirada_cond_corr_lth@L1_L3"": 3.0}","('VALUE', -78.1025670195935)","('VALUE', -78.1025670195935)",True,True
equation,EQ16007,retirada_cond_corr_lth@L1_L3,"{""lth_grupo@L1_L3"": 1e-09, ""fator_retirada_cond_corr_lth@L1_L3"": 1e-09}","('VALUE', -893.1702043490627)","('VALUE', -893.1702043490627)",True,True
equation,EQ16007,retirada_cond_corr_lth@L1_L3,"{""lth_grupo@L1_L3"": 0.001, ""fator_retirada_cond_corr_lth@L1_L3"": 48.0}","('VALUE', -145.13589437074594)","('VALUE', -145.13589437074594)",True,True
equation,EQ16007,retirada_cond_corr_lth@L1_L3,"{""lth_grupo@L1_L3"": 0.001, ""fator_retirada_cond_corr_lth@L1_L3"": 3.0}","('VALUE', -199.1320597363657)","('VALUE', -199.1320597363657)",True,True
equation,EQ16007,retirada_cond_corr_lth@L1_L3,"{""lth_grupo@L1_L3"": 3.0, ""fator_retirada_cond_corr_lth@L1_L3"": 79.89999999999999}","('VALUE', 20.712084054550616)","('VALUE', 20.712084054550616)",True,True
equation,EQ16007,retirada_cond_corr_lth@L1_L3,"{""lth_grupo@L1_L3"": 1000000.0, ""fator_retirada_cond_corr_lth@L1_L3"": 1.1}","('VALUE', 184.9142338680435)","('VALUE', 184.9142338680435)",True,True
equation,EQ16007,retirada_cond_corr_lth@L1_L3,"{""lth_grupo@L1_L3"": 1e-09, ""fator_retirada_cond_corr_lth@L1_L3"": 1.1}","('VALUE', -487.72843642284215)","('VALUE', -487.72843642284215)",True,True
equation,EQ16007,retirada_cond_corr_lth@L1_L3,"{""lth_grupo@L1_L3"": 970.0, ""fator_retirada_cond_corr_lth@L1_L3"": 1.1}","('VALUE', 49.79250674410167)","('VALUE', 49.79250674410167)",True,True
equation,EQ16007,retirada_cond_corr_lth@L1_L3,"{""lth_grupo@L1_L3"": 81.6, ""fator_retirada_cond_corr_lth@L1_L3"": 1000000.0}","('VALUE', 268.78369299322117)","('VALUE', 268.78369299322117)",True,True
equation,EQ16007,retirada_cond_corr_lth@L1_L3,"{""lth_grupo@L1_L3"": 1000000.0, ""fator_retirada_cond_corr_lth@L1_L3"": 1000000.0}","('VALUE', 452.11513623270844)","('VALUE', 452.11513623270844)",True,True
equation,EQ16007,retirada_cond_corr_lth@L1_L3,"{""lth_grupo@L1_L3"": 3.0, ""fator_retirada_cond_corr_lth@L1_L3"": 1649.0}","('VALUE', 79.66580050365965)","('VALUE', 79.66580050365965)",True,True
equation,EQ16007,retirada_cond_corr_lth@L1_L3,"{""lth_grupo@L1_L3"": 970.0, ""fator_retirada_cond_corr_lth@L1_L3"": 1.1}","('VALUE', 49.79250674410167)","('VALUE', 49.79250674410167)",True,True
equation,EQ16007,retirada_cond_corr_lth@L1_L3,"{""lth_grupo@L1_L3"": 81.6, ""fator_retirada_cond_corr_lth@L1_L3"": 1870.0}","('VALUE', 146.4453098761691)","('VALUE', 146.4453098761691)",True,True
equation,EQ16007,retirada_cond_corr_lth@L1_L3,"{""lth_grupo@L1_L3"": 47.0, ""fator_retirada_cond_corr_lth@L1_L3"": 1000000.0}","('VALUE', 258.0396926596577)","('VALUE', 258.0396926596577)",True,True
equation,EQ16007,retirada_cond_corr_lth@L1_L3,"{""lth_grupo@L1_L3"": 1320.0, ""fator_retirada_cond_corr_lth@L1_L3"": 1e-09}","('VALUE', -349.6491900461027)","('VALUE', -349.6491900461027)",True,True
equation,EQ16007,retirada_cond_corr_lth@L1_L3,"{""lth_grupo@L1_L3"": 1100.0, ""fator_retirada_cond_corr_lth@L1_L3"": 1320.0}","('VALUE', 190.321111938295)","('VALUE', 190.321111938295)",True,True
equation,EQ16007,retirada_cond_corr_lth@L1_L3,"{""lth_grupo@L1_L3"": 47.0, ""fator_retirada_cond_corr_lth@L1_L3"": 1e-09}","('VALUE', -414.602977631228)","('VALUE', -414.602977631228)",True,True
equation,EQ16007,retirada_cond_corr_lth@L1_L3,"{""lth_grupo@L1_L3"": 48.0, ""fator_retirada_cond_corr_lth@L1_L3"": 0.5}","('VALUE', -24.106401653973748)","('VALUE', -24.106401653973748)",True,True
equation,EQ16007,retirada_cond_corr_lth@L1_L3,"{""lth_grupo@L1_L3"": 0.5, ""fator_retirada_cond_corr_lth@L1_L3"": 1.0}","('VALUE', -99.49804134140493)","('VALUE', -99.49804134140493)",True,True
equation,EQ16007,retirada_cond_corr_lth@L1_L3,"{""lth_grupo@L1_L3"": 1.87, ""fator_retirada_cond_corr_lth@L1_L3"": 1.7000000000000001e-09}","('VALUE', -467.06046604397056)","('VALUE', -467.06046604397056)",True,True
equation,EQ16007,retirada_cond_corr_lth@L1_L3,"{""lth_grupo@L1_L3"": 1.0, ""fator_retirada_cond_corr_lth@L1_L3"": 47.0}","('VALUE', -11.017375456696598)","('VALUE', -11.017375456696598)",True,True
equation,EQ16007,retirada_cond_corr_lth@L1_L3,"{""lth_grupo@L1_L3"": 79.89999999999999, ""fator_retirada_cond_corr_lth@L1_L3"": 1.1}","('VALUE', 1.172775484428385)","('VALUE', 1.172775484428385)",True,True
equation,EQ16007,retirada_cond_corr_lth@L1_L3,"{""lth_grupo@L1_L3"": 970.0, ""fator_retirada_cond_corr_lth@L1_L3"": 48.0}","('VALUE', 123.32798067984362)","('VALUE', 123.32798067984362)",True,True
equation,EQ16007,retirada_cond_corr_lth@L1_L3,"{""lth_grupo@L1_L3"": 1e-09, ""fator_retirada_cond_corr_lth@L1_L3"": 1100.0}","('VALUE', -353.19990236466504)","('VALUE', -353.19990236466504)",True,True
equation,EQ16007,retirada_cond_corr_lth@L1_L3,"{""lth_grupo@L1_L3"": 1.7000000000000001e-09, ""fator_retirada_cond_corr_lth@L1_L3"": 48.0}","('VALUE', -403.8589772976644)","('VALUE', -403.8589772976644)",True,True
equation,EQ16007,retirada_cond_corr_lth@L1_L3,"{""lth_grupo@L1_L3"": 1100.0, ""fator_retirada_cond_corr_lth@L1_L3"": 48.0}","('VALUE', 125.77733949729756)","('VALUE', 125.77733949729756)",True,True
equation,EQ16007,retirada_cond_corr_lth@L1_L3,"{""lth_grupo@L1_L3"": 1700000.0, ""fator_retirada_cond_corr_lth@L1_L3"": 1100.0}","('VALUE', 329.77675311565645)","('VALUE', 329.77675311565645)",True,True
equation,EQ16007,retirada_cond_corr_lth@L1_L3,"{""lth_grupo@L1_L3"": 970.0, ""fator_retirada_cond_corr_lth@L1_L3"": 0.5}","('VALUE', 34.43729965100751)","('VALUE', 34.43729965100751)",True,True
equation,EQ16007,retirada_cond_corr_lth@L1_L3,"{""lth_grupo@L1_L3"": 3.0, ""fator_retirada_cond_corr_lth@L1_L3"": 0.001}","('VALUE', -199.1320597363657)","('VALUE', -199.1320597363657)",True,True
equation,EQ16007,retirada_cond_corr_lth@L1_L3,"{""lth_grupo@L1_L3"": 970.0, ""fator_retirada_cond_corr_lth@L1_L3"": 3.0}","('VALUE', 69.33181531422386)","('VALUE', 69.33181531422386)",True,True
equation,EQ16007,retirada_cond_corr_lth@L1_L3,"{""lth_grupo@L1_L3"": 1.1, ""fator_retirada_cond_corr_lth@L1_L3"": 1.0}","('VALUE', -84.14283424831076)","('VALUE', -84.14283424831076)",True,True
equation,EQ16007,retirada_cond_corr_lth@L1_L3,"{""lth_grupo@L1_L3"": 0.001, ""fator_retirada_cond_corr_lth@L1_L3"": 1100.0}","('VALUE', -84.14283424831076)","('VALUE', -84.14283424831076)",True,True
equation,EQ16007,retirada_cond_corr_lth@L1_L3,"{""lth_grupo@L1_L3"": 0.0017, ""fator_retirada_cond_corr_lth@L1_L3"": 0.001}","('VALUE', -344.72208292691846)","('VALUE', -344.72208292691846)",True,True
equation,EQ16007,retirada_cond_corr_lth@L1_L3,"{""lth_grupo@L1_L3"": 0.001, ""fator_retirada_cond_corr_lth@L1_L3"": 1000000.0}","('VALUE', 48.52953405817712)","('VALUE', 48.52953405817712)",True,True
equation,EQ16007,retirada_cond_corr_lth@L1_L3,"{""lth_grupo@L1_L3"": 1e-09, ""fator_retirada_cond_corr_lth@L1_L3"": 0.85}","('VALUE', -492.7496583265006)","('VALUE', -492.7496583265006)",True,True
equation,EQ16007,retirada_cond_corr_lth@L1_L3,"{""lth_grupo@L1_L3"": 3.0, ""fator_retirada_cond_corr_lth@L1_L3"": 0.001}","('VALUE', -199.1320597363657)","('VALUE', -199.1320597363657)",True,True
equation,EQ16007,retirada_cond_corr_lth@L1_L3,"{""lth_grupo@L1_L3"": 1100.0, ""fator_retirada_cond_corr_lth@L1_L3"": 1100.0}","('VALUE', 186.77039961973273)","('VALUE', 186.77039961973273)",True,True
equation,EQ16007,retirada_cond_corr_lth@L1_L3,"{""lth_grupo@L1_L3"": 0.001, ""fator_retirada_cond_corr_lth@L1_L3"": 47.0}","('VALUE', -145.54590951487373)","('VALUE', -145.54590951487373)",True,True
equation,EQ16007,retirada_cond_corr_lth@L1_L3,"{""lth_grupo@L1_L3"": 0.0, ""fator_retirada_cond_corr_lth@L1_L3"": 1.1}","('FAILURE', 'LN_DOMAIN')","('FAILURE', 'LN_DOMAIN')",True,True
equation,EQ16007,retirada_cond_corr_lth@L1_L3,"{""lth_grupo@L1_L3"": 970.0, ""fator_retirada_cond_corr_lth@L1_L3"": 0.0}","('FAILURE', 'LN_DOMAIN')","('FAILURE', 'LN_DOMAIN')",True,True
equation,EQ16007,retirada_cond_corr_lth@L1_L3,"{""lth_grupo@L1_L3"": -970.0, ""fator_retirada_cond_corr_lth@L1_L3"": 1.1}","('FAILURE', 'LN_DOMAIN')","('FAILURE', 'LN_DOMAIN')",True,True
equation,EQ16008,retirada_cond_corr_lth@L4_L5,"{""lth_grupo@L4_L5"": 1100.0, ""fator_retirada_cond_corr_lth@L4_L5"": 1649.0}","('VALUE', 194.65502599171455)","('VALUE', 194.65502599171455)",True,True
equation,EQ16008,retirada_cond_corr_lth@L4_L5,"{""lth_grupo@L4_L5"": 0.85, ""fator_retirada_cond_corr_lth@L4_L5"": 1100.0}","('VALUE', 47.2206436578972)","('VALUE', 47.2206436578972)",True,True
equation,EQ16008,retirada_cond_corr_lth@L4_L5,"{""lth_grupo@L4_L5"": 1.1, ""fator_retirada_cond_corr_lth@L4_L5"": 3.0}","('VALUE', -62.74735992649933)","('VALUE', -62.74735992649933)",True,True
equation,EQ16008,retirada_cond_corr_lth@L4_L5,"{""lth_grupo@L4_L5"": 0.5, ""fator_retirada_cond_corr_lth@L4_L5"": 1320.0}","('VALUE', 40.43737078702368)","('VALUE', 40.43737078702368)",True,True
equation,EQ16008,retirada_cond_corr_lth@L4_L5,"{""lth_grupo@L4_L5"": 1.1, ""fator_retirada_cond_corr_lth@L4_L5"": 48.0}","('VALUE', -8.751194560879583)","('VALUE', -8.751194560879583)",True,True
equation,EQ16008,retirada_cond_corr_lth@L4_L5,"{""lth_grupo@L4_L5"": 1320.0, ""fator_retirada_cond_corr_lth@L4_L5"": 5.1}","('VALUE', 85.66587163967583)","('VALUE', 85.66587163967583)",True,True
equation,EQ16008,retirada_cond_corr_lth@L4_L5,"{""lth_grupo@L4_L5"": 1.1, ""fator_retirada_cond_corr_lth@L4_L5"": 1870.0}","('VALUE', 62.57585075099135)","('VALUE', 62.57585075099135)",True,True
equation,EQ16008,retirada_cond_corr_lth@L4_L5,"{""lth_grupo@L4_L5"": 47.0, ""fator_retirada_cond_corr_lth@L4_L5"": 1649.0}","('VALUE', 133.2519507251516)","('VALUE', 133.2519507251516)",True,True
equation,EQ16008,retirada_cond_corr_lth@L4_L5,"{""lth_grupo@L4_L5"": 0.0017, ""fator_retirada_cond_corr_lth@L4_L5"": 1649.0}","('VALUE', -65.92422268689316)","('VALUE', -65.92422268689316)",True,True
equation,EQ16008,retirada_cond_corr_lth@L4_L5,"{""lth_grupo@L4_L5"": 2244.0, ""fator_retirada_cond_corr_lth@L4_L5"": 48.0}","('VALUE', 139.6620370052956)","('VALUE', 139.6620370052956)",True,True
equation,EQ16008,retirada_cond_corr_lth@L4_L5,"{""lth_grupo@L4_L5"": 1320.0, ""fator_retirada_cond_corr_lth@L4_L5"": 1000000.0}","('VALUE', 322.99348024478286)","('VALUE', 322.99348024478286)",True,True
equation,EQ16008,retirada_cond_corr_lth@L4_L5,"{""lth_grupo@L4_L5"": 1100.0, ""fator_retirada_cond_corr_lth@L4_L5"": 1100.0}","('VALUE', 186.77039961973273)","('VALUE', 186.77039961973273)",True,True
equation,EQ16008,retirada_cond_corr_lth@L4_L5,"{""lth_grupo@L4_L5"": 0.5, ""fator_retirada_cond_corr_lth@L4_L5"": 1e-09}","('VALUE', -503.0836435159364)","('VALUE', -503.0836435159364)",True,True
equation,EQ16008,retirada_cond_corr_lth@L4_L5,"{""lth_grupo@L4_L5"": 1.7000000000000001e-09, ""fator_retirada_cond_corr_lth@L4_L5"": 0.5}","('VALUE', -492.7496583265006)","('VALUE', -492.7496583265006)",True,True
equation,EQ16008,retirada_cond_corr_lth@L4_L5,"{""lth_grupo@L4_L5"": 48.0, ""fator_retirada_cond_corr_lth@L4_L5"": 970.0}","('VALUE', 123.32798067984362)","('VALUE', 123.32798067984362)",True,True
equation,EQ16008,retirada_cond_corr_lth@L4_L5,"{""lth_grupo@L4_L5"": 1320.0, ""fator_retirada_cond_corr_lth@L4_L5"": 1.0}","('VALUE', 53.93641212842863)","('VALUE', 53.93641212842863)",True,True
equation,EQ16008,retirada_cond_corr_lth@L4_L5,"{""lth_grupo@L4_L5"": 79.89999999999999, ""fator_retirada_cond_corr_lth@L4_L5"": 1e-09}","('VALUE', -404.2689924417922)","('VALUE', -404.2689924417922)",True,True
equation,EQ16008,retirada_cond_corr_lth@L4_L5,"{""lth_grupo@L4_L5"": 3.0, ""fator_retirada_cond_corr_lth@L4_L5"": 47.0}","('VALUE', 10.378098865114836)","('VALUE', 10.378098865114836)",True,True
equation,EQ16008,retirada_cond_corr_lth@L4_L5,"{""lth_grupo@L4_L5"": 0.001, ""fator_retirada_cond_corr_lth@L4_L5"": 1.0}","('VALUE', -220.5275340581771)","('VALUE', -220.5275340581771)",True,True
equation,EQ16008,retirada_cond_corr_lth@L4_L5,"{""lth_grupo@L4_L5"": 1000000.0, ""fator_retirada_cond_corr_lth@L4_L5"": 3.0}","('VALUE', 204.45354243816573)","('VALUE', 204.45354243816573)",True,True
equation,EQ16008,retirada_cond_corr_lth@L4_L5,"{""lth_grupo@L4_L5"": 1.0, ""fator_retirada_cond_corr_lth@L4_L5"": 1700000.0}","('VALUE', 193.39205330579003)","('VALUE', 193.39205330579003)",True,True
equation,EQ16008,retirada_cond_corr_lth@L4_L5,"{""lth_grupo@L4_L5"": 1100.0, ""fator_retirada_cond_corr_lth@L4_L5"": 1100.0}","('VALUE', 186.77039961973273)","('VALUE', 186.77039961973273)",True,True
equation,EQ16008,retirada_cond_corr_lth@L4_L5,"{""lth_grupo@L4_L5"": 3.0, ""fator_retirada_cond_corr_lth@L4_L5"": 1000000.0}","('VALUE', 204.45354243816573)","('VALUE', 204.45354243816573)",True,True
equation,EQ16008,retirada_cond_corr_lth@L4_L5,"{""lth_grupo@L4_L5"": 1.0, ""fator_retirada_cond_corr_lth@L4_L5"": 1e-09}","('VALUE', -489.58460217453137)","('VALUE', -489.58460217453137)",True,True
equation,EQ16008,retirada_cond_corr_lth@L4_L5,"{""lth_grupo@L4_L5"": 1.1, ""fator_retirada_cond_corr_lth@L4_L5"": 1.87}","('VALUE', -71.95268330718577)","('VALUE', -71.95268330718577)",True,True
equation,EQ16008,retirada_cond_corr_lth@L4_L5,"{""lth_grupo@L4_L5"": 1.1, ""fator_retirada_cond_corr_lth@L4_L5"": 1320.0}","('VALUE', 55.79257788011785)","('VALUE', 55.79257788011785)",True,True
equation,EQ16008,retirada_cond_corr_lth@L4_L5,"{""lth_grupo@L4_L5"": 47.0, ""fator_retirada_cond_corr_lth@L4_L5"": 1.0}","('VALUE', -11.017375456696598)","('VALUE', -11.017375456696598)",True,True
equation,EQ16008,retirada_cond_corr_lth@L4_L5,"{""lth_grupo@L4_L5"": 1.87, ""fator_retirada_cond_corr_lth@L4_L5"": 5.1}","('VALUE', -42.07938954762779)","('VALUE', -42.07938954762779)",True,True
equation,EQ16008,retirada_cond_corr_lth@L4_L5,"{""lth_grupo@L4_L5"": 1649.0, ""fator_retirada_cond_corr_lth@L4_L5"": 1700000.0}","('VALUE', 337.6613794876382)","('VALUE', 337.6613794876382)",True,True
equation,EQ16008,retirada_cond_corr_lth@L4_L5,"{""lth_grupo@L4_L5"": 1100.0, ""fator_retirada_cond_corr_lth@L4_L5"": 47.0}","('VALUE', 125.36732435316975)","('VALUE', 125.36732435316975)",True,True
equation,EQ16008,retirada_cond_corr_lth@L4_L5,"{""lth_grupo@L4_L5"": 0.001, ""fator_retirada_cond_corr_lth@L4_L5"": 1100.0}","('VALUE', -84.14283424831076)","('VALUE', -84.14283424831076)",True,True
equation,EQ16008,retirada_cond_corr_lth@L4_L5,"{""lth_grupo@L4_L5"": 970.0, ""fator_retirada_cond_corr_lth@L4_L5"": 1000000.0}","('VALUE', 316.99340910876674)","('VALUE', 316.99340910876674)",True,True
equation,EQ16008,retirada_cond_corr_lth@L4_L5,"{""lth_grupo@L4_L5"": 1870.0, ""fator_retirada_cond_corr_lth@L4_L5"": 970.0}","('VALUE', 194.65502599171455)","('VALUE', 194.65502599171455)",True,True
equation,EQ16008,retirada_cond_corr_lth@L4_L5,"{""lth_grupo@L4_L5"": 0.001, ""fator_retirada_cond_corr_lth@L4_L5"": 1.1}","('VALUE', -218.6713683064879)","('VALUE', -218.6713683064879)",True,True
equation,EQ16008,retirada_cond_corr_lth@L4_L5,"{""lth_grupo@L4_L5"": 0.5, ""fator_retirada_cond_corr_lth@L4_L5"": 0.5}","('VALUE', -112.99708268280986)","('VALUE', -112.99708268280986)",True,True
equation,EQ16008,retirada_cond_corr_lth@L4_L5,"{""lth_grupo@L4_L5"": 970.0, ""fator_retirada_cond_corr_lth@L4_L5"": 1000000.0}","('VALUE', 316.99340910876674)","('VALUE', 316.99340910876674)",True,True
equation,EQ16008,retirada_cond_corr_lth@L4_L5,"{""lth_grupo@L4_L5"": 1.87, ""fator_retirada_cond_corr_lth@L4_L5"": 1000000.0}","('VALUE', 195.24821905747925)","('VALUE', 195.24821905747925)",True,True
equation,EQ16008,retirada_cond_corr_lth@L4_L5,"{""lth_grupo@L4_L5"": 1320.0, ""fator_retirada_cond_corr_lth@L4_L5"": 0.001}","('VALUE', -80.5921219297485)","('VALUE', -80.5921219297485)",True,True
equation,EQ16008,retirada_cond_corr_lth@L4_L5,"{""lth_grupo@L4_L5"": 1320.0, ""fator_retirada_cond_corr_lth@L4_L5"": 5.1}","('VALUE', 85.66587163967583)","('VALUE', 85.66587163967583)",True,True
equation,EQ16008,retirada_cond_corr_lth@L4_L5,"{""lth_grupo@L4_L5"": 1320.0, ""fator_retirada_cond_corr_lth@L4_L5"": 970.0}","('VALUE', 187.87175312084108)","('VALUE', 187.87175312084108)",True,True
equation,EQ16008,retirada_cond_corr_lth@L4_L5,"{""lth_grupo@L4_L5"": 0.0, ""fator_retirada_cond_corr_lth@L4_L5"": 1.1}","('FAILURE', 'LN_DOMAIN')","('FAILURE', 'LN_DOMAIN')",True,True
equation,EQ16008,retirada_cond_corr_lth@L4_L5,"{""lth_grupo@L4_L5"": 970.0, ""fator_retirada_cond_corr_lth@L4_L5"": 0.0}","('FAILURE', 'LN_DOMAIN')","('FAILURE', 'LN_DOMAIN')",True,True
equation,EQ16008,retirada_cond_corr_lth@L4_L5,"{""lth_grupo@L4_L5"": -970.0, ""fator_retirada_cond_corr_lth@L4_L5"": 1.1}","('FAILURE', 'LN_DOMAIN')","('FAILURE', 'LN_DOMAIN')",True,True
equation,EQ16009,retirada_cond_corr_lth@L6_L7,"{""lth_grupo@L6_L7"": 1700000.0, ""fator_retirada_cond_corr_lth@L6_L7"": 48.0}","('VALUE', 268.78369299322117)","('VALUE', 268.78369299322117)",True,True
equation,EQ16009,retirada_cond_corr_lth@L6_L7,"{""lth_grupo@L6_L7"": 47.0, ""fator_retirada_cond_corr_lth@L6_L7"": 2244.0}","('VALUE', 139.25202186116778)","('VALUE', 139.25202186116778)",True,True
equation,EQ16009,retirada_cond_corr_lth@L6_L7,"{""lth_grupo@L6_L7"": 1100.0, ""fator_retirada_cond_corr_lth@L6_L7"": 1e-09}","('VALUE', -353.19990236466504)","('VALUE', -353.19990236466504)",True,True
equation,EQ16009,retirada_cond_corr_lth@L6_L7,"{""lth_grupo@L6_L7"": 0.001, ""fator_retirada_cond_corr_lth@L6_L7"": 0.001}","('VALUE', -355.05606811635425)","('VALUE', -355.05606811635425)",True,True
equation,EQ16009,retirada_cond_corr_lth@L6_L7,"{""lth_grupo@L6_L7"": 1700000.0, ""fator_retirada_cond_corr_lth@L6_L7"": 0.85}","('VALUE', 190.22699715382086)","('VALUE', 190.22699715382086)",True,True
equation,EQ16009,retirada_cond_corr_lth@L6_L7,"{""lth_grupo@L6_L7"": 1.0, ""fator_retirada_cond_corr_lth@L6_L7"": 1320.0}","('VALUE', 53.93641212842863)","('VALUE', 53.93641212842863)",True,True
equation,EQ16009,retirada_cond_corr_lth@L6_L7,"{""lth_grupo@L6_L7"": 1.1, ""fator_retirada_cond_corr_lth@L6_L7"": 1.0}","('VALUE', -84.14283424831076)","('VALUE', -84.14283424831076)",True,True
equation,EQ16009,retirada_cond_corr_lth@L6_L7,"{""lth_grupo@L6_L7"": 5.1, ""fator_retirada_cond_corr_lth@L6_L7"": 3.0}","('VALUE', -32.87406616694135)","('VALUE', -32.87406616694135)",True,True
equation,EQ16009,retirada_cond_corr_lth@L6_L7,"{""lth_grupo@L6_L7"": 970.0, ""fator_retirada_cond_corr_lth@L6_L7"": 1.7000000000000001e-09}","('VALUE', -345.31527599268315)","('VALUE', -345.31527599268315)",True,True
equation,EQ16009,retirada_cond_corr_lth@L6_L7,"{""lth_grupo@L6_L7"": 1.1, ""fator_retirada_cond_corr_lth@L6_L7"": 1320.0}","('VALUE', 55.79257788011785)","('VALUE', 55.79257788011785)",True,True
equation,EQ16009,retirada_cond_corr_lth@L6_L7,"{""lth_grupo@L6_L7"": 1649.0, ""fator_retirada_cond_corr_lth@L6_L7"": 1649.0}","('VALUE', 202.53965236369643)","('VALUE', 202.53965236369643)",True,True
equation,EQ16009,retirada_cond_corr_lth@L6_L7,"{""lth_grupo@L6_L7"": 0.5, ""fator_retirada_cond_corr_lth@L6_L7"": 1.7000000000000001e-09}","('VALUE', -492.7496583265006)","('VALUE', -492.7496583265006)",True,True
equation,EQ16009,retirada_cond_corr_lth@L6_L7,"{""lth_grupo@L6_L7"": 47.0, ""fator_retirada_cond_corr_lth@L6_L7"": 1.7}","('VALUE', -0.6833902672608332)","('VALUE', -0.6833902672608332)",True,True
equation,EQ16009,retirada_cond_corr_lth@L6_L7,"{""lth_grupo@L6_L7"": 79.89999999999999, ""fator_retirada_cond_corr_lth@L6_L7"": 1700000.0}","('VALUE', 278.7076630385292)","('VALUE', 278.7076630385292)",True,True
equation,EQ16009,retirada_cond_corr_lth@L6_L7,"{""lth_grupo@L6_L7"": 1100.0, ""fator_retirada_cond_corr_lth@L6_L7"": 970.0}","('VALUE', 184.32104080227882)","('VALUE', 184.32104080227882)",True,True
equation,EQ16009,retirada_cond_corr_lth@L6_L7,"{""lth_grupo@L6_L7"": 1100.0, ""fator_retirada_cond_corr_lth@L6_L7"": 0.5}","('VALUE', 36.88665846846142)","('VALUE', 36.88665846846142)",True,True
equation,EQ16009,retirada_cond_corr_lth@L6_L7,"{""lth_grupo@L6_L7"": 47.0, ""fator_retirada_cond_corr_lth@L6_L7"": 48.0}","('VALUE', 64.37426423073458)","('VALUE', 64.37426423073458)",True,True
equation,EQ16009,retirada_cond_corr_lth@L6_L7,"{""lth_grupo@L6_L7"": 1.87, ""fator_retirada_cond_corr_lth@L6_L7"": 48.0}","('VALUE', 1.5827906285561966)","('VALUE', 1.5827906285561966)",True,True
equation,EQ16009,retirada_cond_corr_lth@L6_L7,"{""lth_grupo@L6_L7"": 1.0, ""fator_retirada_cond_corr_lth@L6_L7"": 1e-09}","('VALUE', -489.58460217453137)","('VALUE', -489.58460217453137)",True,True
equation,EQ16009,retirada_cond_corr_lth@L6_L7,"{""lth_grupo@L6_L7"": 1320.0, ""fator_retirada_cond_corr_lth@L6_L7"": 79.89999999999999}","('VALUE', 139.25202186116778)","('VALUE', 139.25202186116778)",True,True
equation,EQ16009,retirada_cond_corr_lth@L6_L7,"{""lth_grupo@L6_L7"": 1320.0, ""fator_retirada_cond_corr_lth@L6_L7"": 47.0}","('VALUE', 128.918036671732)","('VALUE', 128.918036671732)",True,True
equation,EQ16009,retirada_cond_corr_lth@L6_L7,"{""lth_grupo@L6_L7"": 1000000.0, ""fator_retirada_cond_corr_lth@L6_L7"": 0.001}","('VALUE', 48.52953405817712)","('VALUE', 48.52953405817712)",True,True
equation,EQ16009,retirada_cond_corr_lth@L6_L7,"{""lth_grupo@L6_L7"": 48.0, ""fator_retirada_cond_corr_lth@L6_L7"": 0.85}","('VALUE', -13.772416464537983)","('VALUE', -13.772416464537983)",True,True
equation,EQ16009,retirada_cond_corr_lth@L6_L7,"{""lth_grupo@L6_L7"": 1649.0, ""fator_retirada_cond_corr_lth@L6_L7"": 1.0}","('VALUE', 58.27032618184822)","('VALUE', 58.27032618184822)",True,True
equation,EQ16009,retirada_cond_corr_lth@L6_L7,"{""lth_grupo@L6_L7"": 1000000.0, ""fator_retirada_cond_corr_lth@L6_L7"": 47.0}","('VALUE', 258.0396926596577)","('VALUE', 258.0396926596577)",True,True
equation,EQ16009,retirada_cond_corr_lth@L6_L7,"{""lth_grupo@L6_L7"": 0.001, ""fator_retirada_cond_corr_lth@L6_L7"": 1320.0}","('VALUE', -80.5921219297485)","('VALUE', -80.5921219297485)",True,True
equation,EQ16009,retirada_cond_corr_lth@L6_L7,"{""lth_grupo@L6_L7"": 1000000.0, ""fator_retirada_cond_corr_lth@L6_L7"": 48.0}","('VALUE', 258.4497078037855)","('VALUE', 258.4497078037855)",True,True
equation,EQ16009,retirada_cond_corr_lth@L6_L7,"{""lth_grupo@L6_L7"": 1000000.0, ""fator_retirada_cond_corr_lth@L6_L7"": 1700000.0}","('VALUE', 462.44912142214423)","('VALUE', 462.44912142214423)",True,True
equation,EQ16009,retirada_cond_corr_lth@L6_L7,"{""lth_grupo@L6_L7"": 1.0, ""fator_retirada_cond_corr_lth@L6_L7"": 0.001}","('VALUE', -220.5275340581771)","('VALUE', -220.5275340581771)",True,True
equation,EQ16009,retirada_cond_corr_lth@L6_L7,"{""lth_grupo@L6_L7"": 1.1, ""fator_retirada_cond_corr_lth@L6_L7"": 1.0}","('VALUE', -84.14283424831076)","('VALUE', -84.14283424831076)",True,True
equation,EQ16009,retirada_cond_corr_lth@L6_L7,"{""lth_grupo@L6_L7"": 1100.0, ""fator_retirada_cond_corr_lth@L6_L7"": 48.0}","('VALUE', 125.77733949729756)","('VALUE', 125.77733949729756)",True,True
equation,EQ16009,retirada_cond_corr_lth@L6_L7,"{""lth_grupo@L6_L7"": 1.87, ""fator_retirada_cond_corr_lth@L6_L7"": 1700000.0}","('VALUE', 205.58220424691504)","('VALUE', 205.58220424691504)",True,True
equation,EQ16009,retirada_cond_corr_lth@L6_L7,"{""lth_grupo@L6_L7"": 0.85, ""fator_retirada_cond_corr_lth@L6_L7"": 1649.0}","('VALUE', 55.10527002987902)","('VALUE', 55.10527002987902)",True,True
equation,EQ16009,retirada_cond_corr_lth@L6_L7,"{""lth_grupo@L6_L7"": 0.85, ""fator_retirada_cond_corr_lth@L6_L7"": 1.1}","('VALUE', -87.30789040027993)","('VALUE', -87.30789040027993)",True,True
equation,EQ16009,retirada_cond_corr_lth@L6_L7,"{""lth_grupo@L6_L7"": 79.89999999999999, ""fator_retirada_cond_corr_lth@L6_L7"": 47.0}","('VALUE', 74.29823427604256)","('VALUE', 74.29823427604256)",True,True
equation,EQ16009,retirada_cond_corr_lth@L6_L7,"{""lth_grupo@L6_L7"": 1e-09, ""fator_retirada_cond_corr_lth@L6_L7"": 48.0}","('VALUE', -414.1929624871002)","('VALUE', -414.1929624871002)",True,True
equation,EQ16009,retirada_cond_corr_lth@L6_L7,"{""lth_grupo@L6_L7"": 47.0, ""fator_retirada_cond_corr_lth@L6_L7"": 1e-09}","('VALUE', -414.602977631228)","('VALUE', -414.602977631228)",True,True
equation,EQ16009,retirada_cond_corr_lth@L6_L7,"{""lth_grupo@L6_L7"": 79.89999999999999, ""fator_retirada_cond_corr_lth@L6_L7"": 0.85}","('VALUE', -3.848446419230001)","('VALUE', -3.848446419230001)",True,True
equation,EQ16009,retirada_cond_corr_lth@L6_L7,"{""lth_grupo@L6_L7"": 1100.0, ""fator_retirada_cond_corr_lth@L6_L7"": 47.0}","('VALUE', 125.36732435316975)","('VALUE', 125.36732435316975)",True,True
equation,EQ16009,retirada_cond_corr_lth@L6_L7,"{""lth_grupo@L6_L7"": 79.89999999999999, ""fator_retirada_cond_corr_lth@L6_L7"": 1e-09}","('VALUE', -404.2689924417922)","('VALUE', -404.2689924417922)",True,True
equation,EQ16009,retirada_cond_corr_lth@L6_L7,"{""lth_grupo@L6_L7"": 0.0, ""fator_retirada_cond_corr_lth@L6_L7"": 1.1}","('FAILURE', 'LN_DOMAIN')","('FAILURE', 'LN_DOMAIN')",True,True
equation,EQ16009,retirada_cond_corr_lth@L6_L7,"{""lth_grupo@L6_L7"": 970.0, ""fator_retirada_cond_corr_lth@L6_L7"": 0.0}","('FAILURE', 'LN_DOMAIN')","('FAILURE', 'LN_DOMAIN')",True,True
equation,EQ16009,retirada_cond_corr_lth@L6_L7,"{""lth_grupo@L6_L7"": -970.0, ""fator_retirada_cond_corr_lth@L6_L7"": 1.1}","('FAILURE', 'LN_DOMAIN')","('FAILURE', 'LN_DOMAIN')",True,True
equation,EQ16001,retirada_cond_corr_ltp@L1_L3,"{""vazao_ltp@L1_L3"": 0.001}","('VALUE', -220.5275340581771)","('VALUE', -220.5275340581771)",True,True
equation,EQ16001,retirada_cond_corr_ltp@L1_L3,"{""vazao_ltp@L1_L3"": 1100.0}","('VALUE', 50.38569980986637)","('VALUE', 50.38569980986637)",True,True
equation,EQ16001,retirada_cond_corr_ltp@L1_L3,"{""vazao_ltp@L1_L3"": 1.7}","('VALUE', -75.66501481056423)","('VALUE', -75.66501481056423)",True,True
equation,EQ16001,retirada_cond_corr_ltp@L1_L3,"{""vazao_ltp@L1_L3"": 0.001}","('VALUE', -220.5275340581771)","('VALUE', -220.5275340581771)",True,True
equation,EQ16001,retirada_cond_corr_ltp@L1_L3,"{""vazao_ltp@L1_L3"": 1870.0}","('VALUE', 60.71968499930213)","('VALUE', 60.71968499930213)",True,True
equation,EQ16001,retirada_cond_corr_ltp@L1_L3,"{""vazao_ltp@L1_L3"": 1e-09}","('VALUE', -489.58460217453137)","('VALUE', -489.58460217453137)",True,True
equation,EQ16001,retirada_cond_corr_ltp@L1_L3,"{""vazao_ltp@L1_L3"": 0.001}","('VALUE', -220.5275340581771)","('VALUE', -220.5275340581771)",True,True
equation,EQ16001,retirada_cond_corr_ltp@L1_L3,"{""vazao_ltp@L1_L3"": 1.0}","('VALUE', -85.999)","('VALUE', -85.999)",True,True
equation,EQ16001,retirada_cond_corr_ltp@L1_L3,"{""vazao_ltp@L1_L3"": 0.5}","('VALUE', -99.49804134140493)","('VALUE', -99.49804134140493)",True,True
equation,EQ16001,retirada_cond_corr_ltp@L1_L3,"{""vazao_ltp@L1_L3"": 3.0}","('VALUE', -64.60352567818856)","('VALUE', -64.60352567818856)",True,True
equation,EQ16001,retirada_cond_corr_ltp@L1_L3,"{""vazao_ltp@L1_L3"": 970.0}","('VALUE', 47.936340992412426)","('VALUE', 47.936340992412426)",True,True
equation,EQ16001,retirada_cond_corr_ltp@L1_L3,"{""vazao_ltp@L1_L3"": 1870.0}","('VALUE', 60.71968499930213)","('VALUE', 60.71968499930213)",True,True
equation,EQ16001,retirada_cond_corr_ltp@L1_L3,"{""vazao_ltp@L1_L3"": 2244.0}","('VALUE', 64.2703973178644)","('VALUE', 64.2703973178644)",True,True
equation,EQ16001,retirada_cond_corr_ltp@L1_L3,"{""vazao_ltp@L1_L3"": 1.7}","('VALUE', -75.66501481056423)","('VALUE', -75.66501481056423)",True,True
equation,EQ16001,retirada_cond_corr_ltp@L1_L3,"{""vazao_ltp@L1_L3"": 970.0}","('VALUE', 47.936340992412426)","('VALUE', 47.936340992412426)",True,True
equation,EQ16001,retirada_cond_corr_ltp@L1_L3,"{""vazao_ltp@L1_L3"": 0.5}","('VALUE', -99.49804134140493)","('VALUE', -99.49804134140493)",True,True
equation,EQ16001,retirada_cond_corr_ltp@L1_L3,"{""vazao_ltp@L1_L3"": 2244.0}","('VALUE', 64.2703973178644)","('VALUE', 64.2703973178644)",True,True
equation,EQ16001,retirada_cond_corr_ltp@L1_L3,"{""vazao_ltp@L1_L3"": 0.001}","('VALUE', -220.5275340581771)","('VALUE', -220.5275340581771)",True,True
equation,EQ16001,retirada_cond_corr_ltp@L1_L3,"{""vazao_ltp@L1_L3"": 48.0}","('VALUE', -10.607360312568815)","('VALUE', -10.607360312568815)",True,True
equation,EQ16001,retirada_cond_corr_ltp@L1_L3,"{""vazao_ltp@L1_L3"": 2244.0}","('VALUE', 64.2703973178644)","('VALUE', 64.2703973178644)",True,True
equation,EQ16001,retirada_cond_corr_ltp@L1_L3,"{""vazao_ltp@L1_L3"": 1870.0}","('VALUE', 60.71968499930213)","('VALUE', 60.71968499930213)",True,True
equation,EQ16001,retirada_cond_corr_ltp@L1_L3,"{""vazao_ltp@L1_L3"": 1000000.0}","('VALUE', 183.05806811635424)","('VALUE', 183.05806811635424)",True,True
equation,EQ16001,retirada_cond_corr_ltp@L1_L3,"{""vazao_ltp@L1_L3"": 1e-09}","('VALUE', -489.58460217453137)","('VALUE', -489.58460217453137)",True,True
equation,EQ16001,retirada_cond_corr_ltp@L1_L3,"{""vazao_ltp@L1_L3"": 47.0}","('VALUE', -11.017375456696598)","('VALUE', -11.017375456696598)",True,True
equation,EQ16001,retirada_cond_corr_ltp@L1_L3,"{""vazao_ltp@L1_L3"": 0.5}","('VALUE', -99.49804134140493)","('VALUE', -99.49804134140493)",True,True
equation,EQ16001,retirada_cond_corr_ltp@L1_L3,"{""vazao_ltp@L1_L3"": 0.5}","('VALUE', -99.49804134140493)","('VALUE', -99.49804134140493)",True,True
equation,EQ16001,retirada_cond_corr_ltp@L1_L3,"{""vazao_ltp@L1_L3"": 1320.0}","('VALUE', 53.93641212842863)","('VALUE', 53.93641212842863)",True,True
equation,EQ16001,retirada_cond_corr_ltp@L1_L3,"{""vazao_ltp@L1_L3"": 3.0}","('VALUE', -64.60352567818856)","('VALUE', -64.60352567818856)",True,True
equation,EQ16001,retirada_cond_corr_ltp@L1_L3,"{""vazao_ltp@L1_L3"": 1.1}","('VALUE', -84.14283424831076)","('VALUE', -84.14283424831076)",True,True
equation,EQ16001,retirada_cond_corr_ltp@L1_L3,"{""vazao_ltp@L1_L3"": 3.0}","('VALUE', -64.60352567818856)","('VALUE', -64.60352567818856)",True,True
equation,EQ16001,retirada_cond_corr_ltp@L1_L3,"{""vazao_ltp@L1_L3"": 0.85}","('VALUE', -89.16405615196916)","('VALUE', -89.16405615196916)",True,True
equation,EQ16001,retirada_cond_corr_ltp@L1_L3,"{""vazao_ltp@L1_L3"": 1e-09}","('VALUE', -489.58460217453137)","('VALUE', -489.58460217453137)",True,True
equation,EQ16001,retirada_cond_corr_ltp@L1_L3,"{""vazao_ltp@L1_L3"": 1.0}","('VALUE', -85.999)","('VALUE', -85.999)",True,True
equation,EQ16001,retirada_cond_corr_ltp@L1_L3,"{""vazao_ltp@L1_L3"": 81.6}","('VALUE', -0.2733751231330501)","('VALUE', -0.2733751231330501)",True,True
equation,EQ16001,retirada_cond_corr_ltp@L1_L3,"{""vazao_ltp@L1_L3"": 1649.0}","('VALUE', 58.27032618184822)","('VALUE', 58.27032618184822)",True,True
equation,EQ16001,retirada_cond_corr_ltp@L1_L3,"{""vazao_ltp@L1_L3"": 47.0}","('VALUE', -11.017375456696598)","('VALUE', -11.017375456696598)",True,True
equation,EQ16001,retirada_cond_corr_ltp@L1_L3,"{""vazao_ltp@L1_L3"": 0.001}","('VALUE', -220.5275340581771)","('VALUE', -220.5275340581771)",True,True
equation,EQ16001,retirada_cond_corr_ltp@L1_L3,"{""vazao_ltp@L1_L3"": 0.0017}","('VALUE', -210.19354886874135)","('VALUE', -210.19354886874135)",True,True
equation,EQ16001,retirada_cond_corr_ltp@L1_L3,"{""vazao_ltp@L1_L3"": 1.87}","('VALUE', -73.808849058875)","('VALUE', -73.808849058875)",True,True
equation,EQ16001,retirada_cond_corr_ltp@L1_L3,"{""vazao_ltp@L1_L3"": 0.5}","('VALUE', -99.49804134140493)","('VALUE', -99.49804134140493)",True,True
equation,EQ16001,retirada_cond_corr_ltp@L1_L3,"{""vazao_ltp@L1_L3"": 0.0}","('FAILURE', 'LN_DOMAIN')","('FAILURE', 'LN_DOMAIN')",True,True
equation,EQ16001,retirada_cond_corr_ltp@L1_L3,"{""vazao_ltp@L1_L3"": -1.0}","('FAILURE', 'LN_DOMAIN')","('FAILURE', 'LN_DOMAIN')",True,True
equation,EQ16001,retirada_cond_corr_ltp@L1_L3,"{""vazao_ltp@L1_L3"": -1e-09}","('FAILURE', 'LN_DOMAIN')","('FAILURE', 'LN_DOMAIN')",True,True
equation,EQ16002,retirada_cond_corr_ltp@L4_L5,"{""vazao_ltp@L4_L5"": 0.5}","('VALUE', -99.49804134140493)","('VALUE', -99.49804134140493)",True,True
equation,EQ16002,retirada_cond_corr_ltp@L4_L5,"{""vazao_ltp@L4_L5"": 970.0}","('VALUE', 47.936340992412426)","('VALUE', 47.936340992412426)",True,True
equation,EQ16002,retirada_cond_corr_ltp@L4_L5,"{""vazao_ltp@L4_L5"": 48.0}","('VALUE', -10.607360312568815)","('VALUE', -10.607360312568815)",True,True
equation,EQ16002,retirada_cond_corr_ltp@L4_L5,"{""vazao_ltp@L4_L5"": 1.1}","('VALUE', -84.14283424831076)","('VALUE', -84.14283424831076)",True,True
equation,EQ16002,retirada_cond_corr_ltp@L4_L5,"{""vazao_ltp@L4_L5"": 1e-09}","('VALUE', -489.58460217453137)","('VALUE', -489.58460217453137)",True,True
equation,EQ16002,retirada_cond_corr_ltp@L4_L5,"{""vazao_ltp@L4_L5"": 0.5}","('VALUE', -99.49804134140493)","('VALUE', -99.49804134140493)",True,True
equation,EQ16002,retirada_cond_corr_ltp@L4_L5,"{""vazao_ltp@L4_L5"": 1649.0}","('VALUE', 58.27032618184822)","('VALUE', 58.27032618184822)",True,True
equation,EQ16002,retirada_cond_corr_ltp@L4_L5,"{""vazao_ltp@L4_L5"": 1.7000000000000001e-09}","('VALUE', -479.2506169850957)","('VALUE', -479.2506169850957)",True,True
equation,EQ16002,retirada_cond_corr_ltp@L4_L5,"{""vazao_ltp@L4_L5"": 1.7}","('VALUE', -75.66501481056423)","('VALUE', -75.66501481056423)",True,True
equation,EQ16002,retirada_cond_corr_ltp@L4_L5,"{""vazao_ltp@L4_L5"": 1.0}","('VALUE', -85.999)","('VALUE', -85.999)",True,True
equation,EQ16002,retirada_cond_corr_ltp@L4_L5,"{""vazao_ltp@L4_L5"": 1.0}","('VALUE', -85.999)","('VALUE', -85.999)",True,True
equation,EQ16002,retirada_cond_corr_ltp@L4_L5,"{""vazao_ltp@L4_L5"": 47.0}","('VALUE', -11.017375456696598)","('VALUE', -11.017375456696598)",True,True
equation,EQ16002,retirada_cond_corr_ltp@L4_L5,"{""vazao_ltp@L4_L5"": 1100.0}","('VALUE', 50.38569980986637)","('VALUE', 50.38569980986637)",True,True
equation,EQ16002,retirada_cond_corr_ltp@L4_L5,"{""vazao_ltp@L4_L5"": 1320.0}","('VALUE', 53.93641212842863)","('VALUE', 53.93641212842863)",True,True
equation,EQ16002,retirada_cond_corr_ltp@L4_L5,"{""vazao_ltp@L4_L5"": 47.0}","('VALUE', -11.017375456696598)","('VALUE', -11.017375456696598)",True,True
equation,EQ16002,retirada_cond_corr_ltp@L4_L5,"{""vazao_ltp@L4_L5"": 81.6}","('VALUE', -0.2733751231330501)","('VALUE', -0.2733751231330501)",True,True
equation,EQ16002,retirada_cond_corr_ltp@L4_L5,"{""vazao_ltp@L4_L5"": 81.6}","('VALUE', -0.2733751231330501)","('VALUE', -0.2733751231330501)",True,True
equation,EQ16002,retirada_cond_corr_ltp@L4_L5,"{""vazao_ltp@L4_L5"": 47.0}","('VALUE', -11.017375456696598)","('VALUE', -11.017375456696598)",True,True
equation,EQ16002,retirada_cond_corr_ltp@L4_L5,"{""vazao_ltp@L4_L5"": 1320.0}","('VALUE', 53.93641212842863)","('VALUE', 53.93641212842863)",True,True
equation,EQ16002,retirada_cond_corr_ltp@L4_L5,"{""vazao_ltp@L4_L5"": 3.0}","('VALUE', -64.60352567818856)","('VALUE', -64.60352567818856)",True,True
equation,EQ16002,retirada_cond_corr_ltp@L4_L5,"{""vazao_ltp@L4_L5"": 1320.0}","('VALUE', 53.93641212842863)","('VALUE', 53.93641212842863)",True,True
equation,EQ16002,retirada_cond_corr_ltp@L4_L5,"{""vazao_ltp@L4_L5"": 1320.0}","('VALUE', 53.93641212842863)","('VALUE', 53.93641212842863)",True,True
equation,EQ16002,retirada_cond_corr_ltp@L4_L5,"{""vazao_ltp@L4_L5"": 1870.0}","('VALUE', 60.71968499930213)","('VALUE', 60.71968499930213)",True,True
equation,EQ16002,retirada_cond_corr_ltp@L4_L5,"{""vazao_ltp@L4_L5"": 1.0}","('VALUE', -85.999)","('VALUE', -85.999)",True,True
equation,EQ16002,retirada_cond_corr_ltp@L4_L5,"{""vazao_ltp@L4_L5"": 0.5}","('VALUE', -99.49804134140493)","('VALUE', -99.49804134140493)",True,True
equation,EQ16002,retirada_cond_corr_ltp@L4_L5,"{""vazao_ltp@L4_L5"": 1.1}","('VALUE', -84.14283424831076)","('VALUE', -84.14283424831076)",True,True
equation,EQ16002,retirada_cond_corr_ltp@L4_L5,"{""vazao_ltp@L4_L5"": 48.0}","('VALUE', -10.607360312568815)","('VALUE', -10.607360312568815)",True,True
equation,EQ16002,retirada_cond_corr_ltp@L4_L5,"{""vazao_ltp@L4_L5"": 970.0}","('VALUE', 47.936340992412426)","('VALUE', 47.936340992412426)",True,True
equation,EQ16002,retirada_cond_corr_ltp@L4_L5,"{""vazao_ltp@L4_L5"": 1.0}","('VALUE', -85.999)","('VALUE', -85.999)",True,True
equation,EQ16002,retirada_cond_corr_ltp@L4_L5,"{""vazao_ltp@L4_L5"": 1.1}","('VALUE', -84.14283424831076)","('VALUE', -84.14283424831076)",True,True
equation,EQ16002,retirada_cond_corr_ltp@L4_L5,"{""vazao_ltp@L4_L5"": 1.1}","('VALUE', -84.14283424831076)","('VALUE', -84.14283424831076)",True,True
equation,EQ16002,retirada_cond_corr_ltp@L4_L5,"{""vazao_ltp@L4_L5"": 1700000.0}","('VALUE', 193.39205330579003)","('VALUE', 193.39205330579003)",True,True
equation,EQ16002,retirada_cond_corr_ltp@L4_L5,"{""vazao_ltp@L4_L5"": 1000000.0}","('VALUE', 183.05806811635424)","('VALUE', 183.05806811635424)",True,True
equation,EQ16002,retirada_cond_corr_ltp@L4_L5,"{""vazao_ltp@L4_L5"": 48.0}","('VALUE', -10.607360312568815)","('VALUE', -10.607360312568815)",True,True
equation,EQ16002,retirada_cond_corr_ltp@L4_L5,"{""vazao_ltp@L4_L5"": 1e-09}","('VALUE', -489.58460217453137)","('VALUE', -489.58460217453137)",True,True
equation,EQ16002,retirada_cond_corr_ltp@L4_L5,"{""vazao_ltp@L4_L5"": 1.0}","('VALUE', -85.999)","('VALUE', -85.999)",True,True
equation,EQ16002,retirada_cond_corr_ltp@L4_L5,"{""vazao_ltp@L4_L5"": 1e-09}","('VALUE', -489.58460217453137)","('VALUE', -489.58460217453137)",True,True
equation,EQ16002,retirada_cond_corr_ltp@L4_L5,"{""vazao_ltp@L4_L5"": 79.89999999999999}","('VALUE', -0.6833902672608332)","('VALUE', -0.6833902672608332)",True,True
equation,EQ16002,retirada_cond_corr_ltp@L4_L5,"{""vazao_ltp@L4_L5"": 1e-09}","('VALUE', -489.58460217453137)","('VALUE', -489.58460217453137)",True,True
equation,EQ16002,retirada_cond_corr_ltp@L4_L5,"{""vazao_ltp@L4_L5"": 1320.0}","('VALUE', 53.93641212842863)","('VALUE', 53.93641212842863)",True,True
equation,EQ16002,retirada_cond_corr_ltp@L4_L5,"{""vazao_ltp@L4_L5"": 0.0}","('FAILURE', 'LN_DOMAIN')","('FAILURE', 'LN_DOMAIN')",True,True
equation,EQ16002,retirada_cond_corr_ltp@L4_L5,"{""vazao_ltp@L4_L5"": -1.0}","('FAILURE', 'LN_DOMAIN')","('FAILURE', 'LN_DOMAIN')",True,True
equation,EQ16002,retirada_cond_corr_ltp@L4_L5,"{""vazao_ltp@L4_L5"": -1e-09}","('FAILURE', 'LN_DOMAIN')","('FAILURE', 'LN_DOMAIN')",True,True
equation,EQ16003,retirada_cond_corr_ltp@L6_L7,"{""vazao_ltp@L6_L7"": 1.0}","('VALUE', -85.999)","('VALUE', -85.999)",True,True
equation,EQ16003,retirada_cond_corr_ltp@L6_L7,"{""vazao_ltp@L6_L7"": 0.85}","('VALUE', -89.16405615196916)","('VALUE', -89.16405615196916)",True,True
equation,EQ16003,retirada_cond_corr_ltp@L6_L7,"{""vazao_ltp@L6_L7"": 48.0}","('VALUE', -10.607360312568815)","('VALUE', -10.607360312568815)",True,True
equation,EQ16003,retirada_cond_corr_ltp@L6_L7,"{""vazao_ltp@L6_L7"": 47.0}","('VALUE', -11.017375456696598)","('VALUE', -11.017375456696598)",True,True
equation,EQ16003,retirada_cond_corr_ltp@L6_L7,"{""vazao_ltp@L6_L7"": 1870.0}","('VALUE', 60.71968499930213)","('VALUE', 60.71968499930213)",True,True
equation,EQ16003,retirada_cond_corr_ltp@L6_L7,"{""vazao_ltp@L6_L7"": 970.0}","('VALUE', 47.936340992412426)","('VALUE', 47.936340992412426)",True,True
equation,EQ16003,retirada_cond_corr_ltp@L6_L7,"{""vazao_ltp@L6_L7"": 3.0}","('VALUE', -64.60352567818856)","('VALUE', -64.60352567818856)",True,True
equation,EQ16003,retirada_cond_corr_ltp@L6_L7,"{""vazao_ltp@L6_L7"": 48.0}","('VALUE', -10.607360312568815)","('VALUE', -10.607360312568815)",True,True
equation,EQ16003,retirada_cond_corr_ltp@L6_L7,"{""vazao_ltp@L6_L7"": 1.7000000000000001e-09}","('VALUE', -479.2506169850957)","('VALUE', -479.2506169850957)",True,True
equation,EQ16003,retirada_cond_corr_ltp@L6_L7,"{""vazao_ltp@L6_L7"": 0.5}","('VALUE', -99.49804134140493)","('VALUE', -99.49804134140493)",True,True
equation,EQ16003,retirada_cond_corr_ltp@L6_L7,"{""vazao_ltp@L6_L7"": 1.0}","('VALUE', -85.999)","('VALUE', -85.999)",True,True
equation,EQ16003,retirada_cond_corr_ltp@L6_L7,"{""vazao_ltp@L6_L7"": 0.001}","('VALUE', -220.5275340581771)","('VALUE', -220.5275340581771)",True,True
equation,EQ16003,retirada_cond_corr_ltp@L6_L7,"{""vazao_ltp@L6_L7"": 3.0}","('VALUE', -64.60352567818856)","('VALUE', -64.60352567818856)",True,True
equation,EQ16003,retirada_cond_corr_ltp@L6_L7,"{""vazao_ltp@L6_L7"": 47.0}","('VALUE', -11.017375456696598)","('VALUE', -11.017375456696598)",True,True
equation,EQ16003,retirada_cond_corr_ltp@L6_L7,"{""vazao_ltp@L6_L7"": 47.0}","('VALUE', -11.017375456696598)","('VALUE', -11.017375456696598)",True,True
equation,EQ16003,retirada_cond_corr_ltp@L6_L7,"{""vazao_ltp@L6_L7"": 0.001}","('VALUE', -220.5275340581771)","('VALUE', -220.5275340581771)",True,True
equation,EQ16003,retirada_cond_corr_ltp@L6_L7,"{""vazao_ltp@L6_L7"": 48.0}","('VALUE', -10.607360312568815)","('VALUE', -10.607360312568815)",True,True
equation,EQ16003,retirada_cond_corr_ltp@L6_L7,"{""vazao_ltp@L6_L7"": 1.7}","('VALUE', -75.66501481056423)","('VALUE', -75.66501481056423)",True,True
equation,EQ16003,retirada_cond_corr_ltp@L6_L7,"{""vazao_ltp@L6_L7"": 1000000.0}","('VALUE', 183.05806811635424)","('VALUE', 183.05806811635424)",True,True
equation,EQ16003,retirada_cond_corr_ltp@L6_L7,"{""vazao_ltp@L6_L7"": 48.0}","('VALUE', -10.607360312568815)","('VALUE', -10.607360312568815)",True,True
equation,EQ16003,retirada_cond_corr_ltp@L6_L7,"{""vazao_ltp@L6_L7"": 1100.0}","('VALUE', 50.38569980986637)","('VALUE', 50.38569980986637)",True,True
equation,EQ16003,retirada_cond_corr_ltp@L6_L7,"{""vazao_ltp@L6_L7"": 1000000.0}","('VALUE', 183.05806811635424)","('VALUE', 183.05806811635424)",True,True
equation,EQ16003,retirada_cond_corr_ltp@L6_L7,"{""vazao_ltp@L6_L7"": 1320.0}","('VALUE', 53.93641212842863)","('VALUE', 53.93641212842863)",True,True
equation,EQ16003,retirada_cond_corr_ltp@L6_L7,"{""vazao_ltp@L6_L7"": 3.0}","('VALUE', -64.60352567818856)","('VALUE', -64.60352567818856)",True,True
equation,EQ16003,retirada_cond_corr_ltp@L6_L7,"{""vazao_ltp@L6_L7"": 1.87}","('VALUE', -73.808849058875)","('VALUE', -73.808849058875)",True,True
equation,EQ16003,retirada_cond_corr_ltp@L6_L7,"{""vazao_ltp@L6_L7"": 48.0}","('VALUE', -10.607360312568815)","('VALUE', -10.607360312568815)",True,True
equation,EQ16003,retirada_cond_corr_ltp@L6_L7,"{""vazao_ltp@L6_L7"": 1100.0}","('VALUE', 50.38569980986637)","('VALUE', 50.38569980986637)",True,True
equation,EQ16003,retirada_cond_corr_ltp@L6_L7,"{""vazao_ltp@L6_L7"": 48.0}","('VALUE', -10.607360312568815)","('VALUE', -10.607360312568815)",True,True
equation,EQ16003,retirada_cond_corr_ltp@L6_L7,"{""vazao_ltp@L6_L7"": 1649.0}","('VALUE', 58.27032618184822)","('VALUE', 58.27032618184822)",True,True
equation,EQ16003,retirada_cond_corr_ltp@L6_L7,"{""vazao_ltp@L6_L7"": 1649.0}","('VALUE', 58.27032618184822)","('VALUE', 58.27032618184822)",True,True
equation,EQ16003,retirada_cond_corr_ltp@L6_L7,"{""vazao_ltp@L6_L7"": 47.0}","('VALUE', -11.017375456696598)","('VALUE', -11.017375456696598)",True,True
equation,EQ16003,retirada_cond_corr_ltp@L6_L7,"{""vazao_ltp@L6_L7"": 3.0}","('VALUE', -64.60352567818856)","('VALUE', -64.60352567818856)",True,True
equation,EQ16003,retirada_cond_corr_ltp@L6_L7,"{""vazao_ltp@L6_L7"": 1649.0}","('VALUE', 58.27032618184822)","('VALUE', 58.27032618184822)",True,True
equation,EQ16003,retirada_cond_corr_ltp@L6_L7,"{""vazao_ltp@L6_L7"": 1700000.0}","('VALUE', 193.39205330579003)","('VALUE', 193.39205330579003)",True,True
equation,EQ16003,retirada_cond_corr_ltp@L6_L7,"{""vazao_ltp@L6_L7"": 47.0}","('VALUE', -11.017375456696598)","('VALUE', -11.017375456696598)",True,True
equation,EQ16003,retirada_cond_corr_ltp@L6_L7,"{""vazao_ltp@L6_L7"": 1.0}","('VALUE', -85.999)","('VALUE', -85.999)",True,True
equation,EQ16003,retirada_cond_corr_ltp@L6_L7,"{""vazao_ltp@L6_L7"": 3.0}","('VALUE', -64.60352567818856)","('VALUE', -64.60352567818856)",True,True
equation,EQ16003,retirada_cond_corr_ltp@L6_L7,"{""vazao_ltp@L6_L7"": 1.87}","('VALUE', -73.808849058875)","('VALUE', -73.808849058875)",True,True
equation,EQ16003,retirada_cond_corr_ltp@L6_L7,"{""vazao_ltp@L6_L7"": 1e-09}","('VALUE', -489.58460217453137)","('VALUE', -489.58460217453137)",True,True
equation,EQ16003,retirada_cond_corr_ltp@L6_L7,"{""vazao_ltp@L6_L7"": 1100.0}","('VALUE', 50.38569980986637)","('VALUE', 50.38569980986637)",True,True
equation,EQ16003,retirada_cond_corr_ltp@L6_L7,"{""vazao_ltp@L6_L7"": 0.0}","('FAILURE', 'LN_DOMAIN')","('FAILURE', 'LN_DOMAIN')",True,True
equation,EQ16003,retirada_cond_corr_ltp@L6_L7,"{""vazao_ltp@L6_L7"": -1.0}","('FAILURE', 'LN_DOMAIN')","('FAILURE', 'LN_DOMAIN')",True,True
equation,EQ16003,retirada_cond_corr_ltp@L6_L7,"{""vazao_ltp@L6_L7"": -1e-09}","('FAILURE', 'LN_DOMAIN')","('FAILURE', 'LN_DOMAIN')",True,True
equation,EQ16010,retirada_condensado_grupo@L1_L3,"{""valor_retirada@L1"": 1320.0, ""valor_retirada@L2"": 47.0, ""valor_retirada@L3"": 47.0, ""retirada_cond_corr_ltp@L1_L3"": 1e-09, ""retirada_cond_corr_lth@L1_L3"": 1000000.0}","('VALUE', 3001413.9999999967)","('VALUE', 3001413.9999999967)",True,True
equation,EQ16010,retirada_condensado_grupo@L1_L3,"{""valor_retirada@L1"": 1870.0, ""valor_retirada@L2"": 3.0, ""valor_retirada@L3"": 1e-09, ""retirada_cond_corr_ltp@L1_L3"": 47.0, ""retirada_cond_corr_lth@L1_L3"": 0.001}","('VALUE', 1732.003000001)","('VALUE', 1732.003000001)",True,True
equation,EQ16010,retirada_condensado_grupo@L1_L3,"{""valor_retirada@L1"": 0.001, ""valor_retirada@L2"": 3.0, ""valor_retirada@L3"": 1.1, ""retirada_cond_corr_ltp@L1_L3"": 1.7000000000000001e-09, ""retirada_cond_corr_lth@L1_L3"": 970.0}","('VALUE', 2914.1009999949)","('VALUE', 2914.1009999949)",True,True
equation,EQ16010,retirada_condensado_grupo@L1_L3,"{""valor_retirada@L1"": 79.89999999999999, ""valor_retirada@L2"": 1649.0, ""valor_retirada@L3"": 1.1, ""retirada_cond_corr_ltp@L1_L3"": 3.0, ""retirada_cond_corr_lth@L1_L3"": 2244.0}","('VALUE', 8453.0)","('VALUE', 8453.0)",True,True
equation,EQ16010,retirada_condensado_grupo@L1_L3,"{""valor_retirada@L1"": 0.85, ""valor_retirada@L2"": 1100.0, ""valor_retirada@L3"": 1320.0, ""retirada_cond_corr_ltp@L1_L3"": 1.1, ""retirada_cond_corr_lth@L1_L3"": 48.0}","('VALUE', 2561.5499999999997)","('VALUE', 2561.5499999999997)",True,True
equation,EQ16010,retirada_condensado_grupo@L1_L3,"{""valor_retirada@L1"": 3.0, ""valor_retirada@L2"": 1.87, ""valor_retirada@L3"": 0.5, ""retirada_cond_corr_ltp@L1_L3"": 48.0, ""retirada_cond_corr_lth@L1_L3"": 1100.0}","('VALUE', 3161.37)","('VALUE', 3161.37)",True,True
equation,EQ16010,retirada_condensado_grupo@L1_L3,"{""valor_retirada@L1"": 47.0, ""valor_retirada@L2"": 48.0, ""valor_retirada@L3"": 1.0, ""retirada_cond_corr_ltp@L1_L3"": 48.0, ""retirada_cond_corr_lth@L1_L3"": 47.0}","('VALUE', 93.0)","('VALUE', 93.0)",True,True
equation,EQ16010,retirada_condensado_grupo@L1_L3,"{""valor_retirada@L1"": 1.0, ""valor_retirada@L2"": 2244.0, ""valor_retirada@L3"": 47.0, ""retirada_cond_corr_ltp@L1_L3"": 48.0, ""retirada_cond_corr_lth@L1_L3"": 48.0}","('VALUE', 2292.0)","('VALUE', 2292.0)",True,True
equation,EQ16010,retirada_condensado_grupo@L1_L3,"{""valor_retirada@L1"": 0.5, ""valor_retirada@L2"": 79.89999999999999, ""valor_retirada@L3"": 1e-09, ""retirada_cond_corr_ltp@L1_L3"": 5.1, ""retirada_cond_corr_lth@L1_L3"": 1000000.0}","('VALUE', 3000065.100000001)","('VALUE', 3000065.100000001)",True,True
equation,EQ16010,retirada_condensado_grupo@L1_L3,"{""valor_retirada@L1"": 0.5, ""valor_retirada@L2"": 3.0, ""valor_retirada@L3"": 2244.0, ""retirada_cond_corr_ltp@L1_L3"": 47.0, ""retirada_cond_corr_lth@L1_L3"": 970.0}","('VALUE', 5016.5)","('VALUE', 5016.5)",True,True
equation,EQ16010,retirada_condensado_grupo@L1_L3,"{""valor_retirada@L1"": 0.5, ""valor_retirada@L2"": 1320.0, ""valor_retirada@L3"": 1.0, ""retirada_cond_corr_ltp@L1_L3"": 3.0, ""retirada_cond_corr_lth@L1_L3"": 5.1}","('VALUE', 1327.8)","('VALUE', 1327.8)",True,True
equation,EQ16010,retirada_condensado_grupo@L1_L3,"{""valor_retirada@L1"": 3.0, ""valor_retirada@L2"": 1.7000000000000001e-09, ""valor_retirada@L3"": 0.85, ""retirada_cond_corr_ltp@L1_L3"": 48.0, ""retirada_cond_corr_lth@L1_L3"": 3.0}","('VALUE', -131.1499999983)","('VALUE', -131.1499999983)",True,True
equation,EQ16010,retirada_condensado_grupo@L1_L3,"{""valor_retirada@L1"": 1.0, ""valor_retirada@L2"": 0.5, ""valor_retirada@L3"": 1e-09, ""retirada_cond_corr_ltp@L1_L3"": 1100.0, ""retirada_cond_corr_lth@L1_L3"": 0.5}","('VALUE', -3296.999999999)","('VALUE', -3296.999999999)",True,True
equation,EQ16010,retirada_condensado_grupo@L1_L3,"{""valor_retirada@L1"": 0.5, ""valor_retirada@L2"": 1320.0, ""valor_retirada@L3"": 1700000.0, ""retirada_cond_corr_ltp@L1_L3"": 1.87, ""retirada_cond_corr_lth@L1_L3"": 5.1}","('VALUE', 1701330.19)","('VALUE', 1701330.19)",True,True
equation,EQ16010,retirada_condensado_grupo@L1_L3,"{""valor_retirada@L1"": 1.87, ""valor_retirada@L2"": 3.0, ""valor_retirada@L3"": 48.0, ""retirada_cond_corr_ltp@L1_L3"": 1320.0, ""retirada_cond_corr_lth@L1_L3"": 48.0}","('VALUE', -3763.13)","('VALUE', -3763.13)",True,True
equation,EQ16010,retirada_condensado_grupo@L1_L3,"{""valor_retirada@L1"": 1000000.0, ""valor_retirada@L2"": 1e-09, ""valor_retirada@L3"": 0.5, ""retirada_cond_corr_ltp@L1_L3"": 1649.0, ""retirada_cond_corr_lth@L1_L3"": 0.5}","('VALUE', 995055.000000001)","('VALUE', 995055.000000001)",True,True
equation,EQ16010,retirada_condensado_grupo@L1_L3,"{""valor_retirada@L1"": 1100.0, ""valor_retirada@L2"": 2244.0, ""valor_retirada@L3"": 3.0, ""retirada_cond_corr_ltp@L1_L3"": 0.5, ""retirada_cond_corr_lth@L1_L3"": 3.0}","('VALUE', 3354.5)","('VALUE', 3354.5)",True,True
equation,EQ16010,retirada_condensado_grupo@L1_L3,"{""valor_retirada@L1"": 0.5, ""valor_retirada@L2"": 0.0017, ""valor_retirada@L3"": 1.1, ""retirada_cond_corr_ltp@L1_L3"": 1100.0, ""retirada_cond_corr_lth@L1_L3"": 79.89999999999999}","('VALUE', -3058.6983)","('VALUE', -3058.6983)",True,True
equation,EQ16010,retirada_condensado_grupo@L1_L3,"{""valor_retirada@L1"": 1100.0, ""valor_retirada@L2"": 0.001, ""valor_retirada@L3"": 0.001, ""retirada_cond_corr_ltp@L1_L3"": 1100.0, ""retirada_cond_corr_lth@L1_L3"": 1700000.0}","('VALUE', 5097800.002)","('VALUE', 5097800.002)",True,True
equation,EQ16010,retirada_condensado_grupo@L1_L3,"{""valor_retirada@L1"": 1320.0, ""valor_retirada@L2"": 0.5, ""valor_retirada@L3"": 3.0, ""retirada_cond_corr_ltp@L1_L3"": 1320.0, ""retirada_cond_corr_lth@L1_L3"": 0.001}","('VALUE', -2636.4970000000003)","('VALUE', -2636.4970000000003)",True,True
equation,EQ16010,retirada_condensado_grupo@L1_L3,"{""valor_retirada@L1"": 1320.0, ""valor_retirada@L2"": 1.1, ""valor_retirada@L3"": 81.6, ""retirada_cond_corr_ltp@L1_L3"": 81.6, ""retirada_cond_corr_lth@L1_L3"": 0.5}","('VALUE', 1159.3999999999999)","('VALUE', 1159.3999999999999)",True,True
equation,EQ16010,retirada_condensado_grupo@L1_L3,"{""valor_retirada@L1"": 0.001, ""valor_retirada@L2"": 81.6, ""valor_retirada@L3"": 1e-09, ""retirada_cond_corr_ltp@L1_L3"": 1e-09, ""retirada_cond_corr_lth@L1_L3"": 970.0}","('VALUE', 2991.600999998)","('VALUE', 2991.600999998)",True,True
equation,EQ16010,retirada_condensado_grupo@L1_L3,"{""valor_retirada@L1"": 1320.0, ""valor_retirada@L2"": 1e-09, ""valor_retirada@L3"": 0.5, ""retirada_cond_corr_ltp@L1_L3"": 0.5, ""retirada_cond_corr_lth@L1_L3"": 47.0}","('VALUE', 1460.000000001)","('VALUE', 1460.000000001)",True,True
equation,EQ16010,retirada_condensado_grupo@L1_L3,"{""valor_retirada@L1"": 1.7000000000000001e-09, ""valor_retirada@L2"": 3.0, ""valor_retirada@L3"": 1320.0, ""retirada_cond_corr_ltp@L1_L3"": 1320.0, ""retirada_cond_corr_lth@L1_L3"": 1.87}","('VALUE', -2631.3899999983005)","('VALUE', -2631.3899999983005)",True,True
equation,EQ16010,retirada_condensado_grupo@L1_L3,"{""valor_retirada@L1"": 970.0, ""valor_retirada@L2"": 1000000.0, ""valor_retirada@L3"": 0.0017, ""retirada_cond_corr_ltp@L1_L3"": 1100.0, ""retirada_cond_corr_lth@L1_L3"": 3.0}","('VALUE', 997679.0017)","('VALUE', 997679.0017)",True,True
equation,EQ16010,retirada_condensado_grupo@L1_L3,"{""valor_retirada@L1"": 970.0, ""valor_retirada@L2"": 47.0, ""valor_retirada@L3"": 1.1, ""retirada_cond_corr_ltp@L1_L3"": 1.7000000000000001e-09, ""retirada_cond_corr_lth@L1_L3"": 1.1}","('VALUE', 1021.3999999949)","('VALUE', 1021.3999999949)",True,True
equation,EQ16010,retirada_condensado_grupo@L1_L3,"{""valor_retirada@L1"": 1.1, ""valor_retirada@L2"": 3.0, ""valor_retirada@L3"": 1.87, ""retirada_cond_corr_ltp@L1_L3"": 2244.0, ""retirada_cond_corr_lth@L1_L3"": 0.001}","('VALUE', -6726.026999999999)","('VALUE', -6726.026999999999)",True,True
equation,EQ16010,retirada_condensado_grupo@L1_L3,"{""valor_retirada@L1"": 47.0, ""valor_retirada@L2"": 1100.0, ""valor_retirada@L3"": 2244.0, ""retirada_cond_corr_ltp@L1_L3"": 1.0, ""retirada_cond_corr_lth@L1_L3"": 81.6}","('VALUE', 3632.8)","('VALUE', 3632.8)",True,True
equation,EQ16010,retirada_condensado_grupo@L1_L3,"{""valor_retirada@L1"": 1.0, ""valor_retirada@L2"": 1e-09, ""valor_retirada@L3"": 0.85, ""retirada_cond_corr_ltp@L1_L3"": 970.0, ""retirada_cond_corr_lth@L1_L3"": 1100.0}","('VALUE', 391.850000001)","('VALUE', 391.850000001)",True,True
equation,EQ16010,retirada_condensado_grupo@L1_L3,"{""valor_retirada@L1"": 2244.0, ""valor_retirada@L2"": 1e-09, ""valor_retirada@L3"": 81.6, ""retirada_cond_corr_ltp@L1_L3"": 1.87, ""retirada_cond_corr_lth@L1_L3"": 1649.0}","('VALUE', 7266.990000001)","('VALUE', 7266.990000001)",True,True
equation,EQ16010,retirada_condensado_grupo@L1_L3,"{""valor_retirada@L1"": 81.6, ""valor_retirada@L2"": 1e-09, ""valor_retirada@L3"": 1.0, ""retirada_cond_corr_ltp@L1_L3"": 0.85, ""retirada_cond_corr_lth@L1_L3"": 1649.0}","('VALUE', 5027.050000001001)","('VALUE', 5027.050000001001)",True,True
equation,EQ16010,retirada_condensado_grupo@L1_L3,"{""valor_retirada@L1"": 1.1, ""valor_retirada@L2"": 1320.0, ""valor_retirada@L3"": 0.001, ""retirada_cond_corr_ltp@L1_L3"": 970.0, ""retirada_cond_corr_lth@L1_L3"": 0.001}","('VALUE', -1588.8960000000004)","('VALUE', -1588.8960000000004)",True,True
equation,EQ16010,retirada_condensado_grupo@L1_L3,"{""valor_retirada@L1"": 48.0, ""valor_retirada@L2"": 47.0, ""valor_retirada@L3"": 970.0, ""retirada_cond_corr_ltp@L1_L3"": 970.0, ""retirada_cond_corr_lth@L1_L3"": 970.0}","('VALUE', 1065.0)","('VALUE', 1065.0)",True,True
equation,EQ16010,retirada_condensado_grupo@L1_L3,"{""valor_retirada@L1"": 970.0, ""valor_retirada@L2"": 3.0, ""valor_retirada@L3"": 3.0, ""retirada_cond_corr_ltp@L1_L3"": 970.0, ""retirada_cond_corr_lth@L1_L3"": 47.0}","('VALUE', -1793.0)","('VALUE', -1793.0)",True,True
equation,EQ16010,retirada_condensado_grupo@L1_L3,"{""valor_retirada@L1"": 3.0, ""valor_retirada@L2"": 0.001, ""valor_retirada@L3"": 81.6, ""retirada_cond_corr_ltp@L1_L3"": 1.1, ""retirada_cond_corr_lth@L1_L3"": 48.0}","('VALUE', 225.301)","('VALUE', 225.301)",True,True
equation,EQ16010,retirada_condensado_grupo@L1_L3,"{""valor_retirada@L1"": 3.0, ""valor_retirada@L2"": 48.0, ""valor_retirada@L3"": 79.89999999999999, ""retirada_cond_corr_ltp@L1_L3"": 3.0, ""retirada_cond_corr_lth@L1_L3"": 81.6}","('VALUE', 366.69999999999993)","('VALUE', 366.69999999999993)",True,True
equation,EQ16010,retirada_condensado_grupo@L1_L3,"{""valor_retirada@L1"": 0.5, ""valor_retirada@L2"": 1000000.0, ""valor_retirada@L3"": 0.001, ""retirada_cond_corr_ltp@L1_L3"": 1.0, ""retirada_cond_corr_lth@L1_L3"": 48.0}","('VALUE', 1000141.501)","('VALUE', 1000141.501)",True,True
equation,EQ16010,retirada_condensado_grupo@L1_L3,"{""valor_retirada@L1"": 1100.0, ""valor_retirada@L2"": 0.001, ""valor_retirada@L3"": 970.0, ""retirada_cond_corr_ltp@L1_L3"": 1000000.0, ""retirada_cond_corr_lth@L1_L3"": 0.001}","('VALUE', -2997929.996)","('VALUE', -2997929.996)",True,True
equation,EQ16010,retirada_condensado_grupo@L1_L3,"{""valor_retirada@L1"": 1.1, ""valor_retirada@L2"": 47.0, ""valor_retirada@L3"": 970.0, ""retirada_cond_corr_ltp@L1_L3"": 1.1, ""retirada_cond_corr_lth@L1_L3"": 1.0}","('VALUE', 1017.8000000000001)","('VALUE', 1017.8000000000001)",True,True
equation,EQ16010,retirada_condensado_grupo@L1_L3,"{""valor_retirada@L1"": 47.0, ""valor_retirada@L2"": 0.5, ""valor_retirada@L3"": 1.7000000000000001e-09, ""retirada_cond_corr_ltp@L1_L3"": 2244.0, ""retirada_cond_corr_lth@L1_L3"": 1649.0}","('VALUE', -1737.4999999983)","('VALUE', -1737.4999999983)",True,True
equation,EQ16011,retirada_condensado_grupo@L4_L5,"{""retirada_cond_corr_ltp@L4_L5"": 1.7000000000000001e-09, ""retirada_cond_corr_lth@L4_L5"": 970.0, ""hes@L4"": ""Normal"", ""hes@L5"": ""Normal"", ""desconto_retirada_41d@L4_L5"": 3.0, ""desconto_retirada_41c@L4_L5"": 1e-09}","('VALUE', 2039.9999999966)","('VALUE', 2039.9999999966)",True,True
equation,EQ16011,retirada_condensado_grupo@L4_L5,"{""retirada_cond_corr_ltp@L4_L5"": 1e-09, ""retirada_cond_corr_lth@L4_L5"": 48.0, ""hes@L4"": ""Normal"", ""hes@L5"": ""Normal"", ""desconto_retirada_41d@L4_L5"": 0.001, ""desconto_retirada_41c@L4_L5"": 5.1}","('VALUE', 195.99999999800002)","('VALUE', 195.99999999800002)",True,True
equation,EQ16011,retirada_condensado_grupo@L4_L5,"{""retirada_cond_corr_ltp@L4_L5"": 48.0, ""retirada_cond_corr_lth@L4_L5"": 1e-09, ""hes@L4"": ""Normal"", ""hes@L5"": ""Normal"", ""desconto_retirada_41d@L4_L5"": 0.001, ""desconto_retirada_41c@L4_L5"": 1e-09}","('VALUE', 4.000000001999993)","('VALUE', 4.000000001999993)",True,True
equation,EQ16011,retirada_condensado_grupo@L4_L5,"{""retirada_cond_corr_ltp@L4_L5"": 1.0, ""retirada_cond_corr_lth@L4_L5"": 48.0, ""hes@L4"": ""Normal"", ""hes@L5"": ""LC"", ""desconto_retirada_41d@L4_L5"": 0.0017, ""desconto_retirada_41c@L4_L5"": 970.0}","('VALUE', 153.58333333333334)","('VALUE', 153.58333333333334)",True,True
equation,EQ16011,retirada_condensado_grupo@L4_L5,"{""retirada_cond_corr_ltp@L4_L5"": 1e-09, ""retirada_cond_corr_lth@L4_L5"": 47.0, ""hes@L4"": ""Normal"", ""hes@L5"": ""LC"", ""desconto_retirada_41d@L4_L5"": 1320.0, ""desconto_retirada_41c@L4_L5"": 1e-09}","('VALUE', 153.58333333175003)","('VALUE', 153.58333333175003)",True,True
equation,EQ16011,retirada_condensado_grupo@L4_L5,"{""retirada_cond_corr_ltp@L4_L5"": 1700000.0, ""retirada_cond_corr_lth@L4_L5"": 47.0, ""hes@L4"": ""Normal"", ""hes@L5"": ""LC"", ""desconto_retirada_41d@L4_L5"": 1870.0, ""desconto_retirada_41c@L4_L5"": 970.0}","('VALUE', -2691513.0833333335)","('VALUE', -2691513.0833333335)",True,True
equation,EQ16011,retirada_condensado_grupo@L4_L5,"{""retirada_cond_corr_ltp@L4_L5"": 970.0, ""retirada_cond_corr_lth@L4_L5"": 48.0, ""hes@L4"": ""Normal"", ""hes@L5"": ""Overhaul/Parada"", ""desconto_retirada_41d@L4_L5"": 1e-09, ""desconto_retirada_41c@L4_L5"": 79.89999999999999}","('VALUE', -1794.0)","('VALUE', -1794.0)",True,True
equation,EQ16011,retirada_condensado_grupo@L4_L5,"{""retirada_cond_corr_ltp@L4_L5"": 0.5, ""retirada_cond_corr_lth@L4_L5"": 47.0, ""hes@L4"": ""Normal"", ""hes@L5"": ""Overhaul/Parada"", ""desconto_retirada_41d@L4_L5"": 970.0, ""desconto_retirada_41c@L4_L5"": 0.5}","('VALUE', 143.0)","('VALUE', 143.0)",True,True
equation,EQ16011,retirada_condensado_grupo@L4_L5,"{""retirada_cond_corr_ltp@L4_L5"": 48.0, ""retirada_cond_corr_lth@L4_L5"": 1100.0, ""hes@L4"": ""Normal"", ""hes@L5"": ""Overhaul/Parada"", ""desconto_retirada_41d@L4_L5"": 3.0, ""desconto_retirada_41c@L4_L5"": 1700000.0}","('VALUE', 2154.0)","('VALUE', 2154.0)",True,True
equation,EQ16011,retirada_condensado_grupo@L4_L5,"{""retirada_cond_corr_ltp@L4_L5"": 47.0, ""retirada_cond_corr_lth@L4_L5"": 3.0, ""hes@L4"": ""Normal"", ""hes@L5"": ""1 By pass"", ""desconto_retirada_41d@L4_L5"": 970.0, ""desconto_retirada_41c@L4_L5"": 1100.0}","('VALUE', -958.0)","('VALUE', -958.0)",True,True
equation,EQ16011,retirada_condensado_grupo@L4_L5,"{""retirada_cond_corr_ltp@L4_L5"": 3.0, ""retirada_cond_corr_lth@L4_L5"": 1e-09, ""hes@L4"": ""Normal"", ""hes@L5"": ""1 By pass"", ""desconto_retirada_41d@L4_L5"": 0.5, ""desconto_retirada_41c@L4_L5"": 81.6}","('VALUE', 93.50000000200001)","('VALUE', 93.50000000200001)",True,True
equation,EQ16011,retirada_condensado_grupo@L4_L5,"{""retirada_cond_corr_ltp@L4_L5"": 1000000.0, ""retirada_cond_corr_lth@L4_L5"": 1.0, ""hes@L4"": ""Normal"", ""hes@L5"": ""1 By pass"", ""desconto_retirada_41d@L4_L5"": 47.0, ""desconto_retirada_41c@L4_L5"": 1.0}","('VALUE', -1999945.0)","('VALUE', -1999945.0)",True,True
equation,EQ16011,retirada_condensado_grupo@L4_L5,"{""retirada_cond_corr_ltp@L4_L5"": 1000000.0, ""retirada_cond_corr_lth@L4_L5"": 1870.0, ""hes@L4"": ""Normal"", ""hes@L5"": ""1 By pass e LC"", ""desconto_retirada_41d@L4_L5"": 1870.0, ""desconto_retirada_41c@L4_L5"": 1.0}","('STATE', ('NO_APPLICABLE_RULE', None, None))","('STATE', ('NO_APPLICABLE_RULE', None, None))",True,True
equation,EQ16011,retirada_condensado_grupo@L4_L5,"{""retirada_cond_corr_ltp@L4_L5"": 0.0017, ""retirada_cond_corr_lth@L4_L5"": 1.87, ""hes@L4"": ""Normal"", ""hes@L5"": ""1 By pass e LC"", ""desconto_retirada_41d@L4_L5"": 1.0, ""desconto_retirada_41c@L4_L5"": 47.0}","('STATE', ('NO_APPLICABLE_RULE', None, None))","('STATE', ('NO_APPLICABLE_RULE', None, None))",True,True
equation,EQ16011,retirada_condensado_grupo@L4_L5,"{""retirada_cond_corr_ltp@L4_L5"": 1e-09, ""retirada_cond_corr_lth@L4_L5"": 1.1, ""hes@L4"": ""Normal"", ""hes@L5"": ""1 By pass e LC"", ""desconto_retirada_41d@L4_L5"": 1.7, ""desconto_retirada_41c@L4_L5"": 1e-09}","('STATE', ('NO_APPLICABLE_RULE', None, None))","('STATE', ('NO_APPLICABLE_RULE', None, None))",True,True
equation,EQ16011,retirada_condensado_grupo@L4_L5,"{""retirada_cond_corr_ltp@L4_L5"": 1000000.0, ""retirada_cond_corr_lth@L4_L5"": 47.0, ""hes@L4"": ""LC"", ""hes@L5"": ""Normal"", ""desconto_retirada_41d@L4_L5"": 1100.0, ""desconto_retirada_41c@L4_L5"": 79.89999999999999}","('VALUE', -1583179.75)","('VALUE', -1583179.75)",True,True
equation,EQ16011,retirada_condensado_grupo@L4_L5,"{""retirada_cond_corr_ltp@L4_L5"": 1649.0, ""retirada_cond_corr_lth@L4_L5"": 1000000.0, ""hes@L4"": ""LC"", ""hes@L5"": ""Normal"", ""desconto_retirada_41d@L4_L5"": 1e-09, ""desconto_retirada_41c@L4_L5"": 48.0}","('VALUE', 1580801.5833333333)","('VALUE', 1580801.5833333333)",True,True
equation,EQ16011,retirada_condensado_grupo@L4_L5,"{""retirada_cond_corr_ltp@L4_L5"": 0.001, ""retirada_cond_corr_lth@L4_L5"": 1.7000000000000001e-09, ""hes@L4"": ""LC"", ""hes@L5"": ""Normal"", ""desconto_retirada_41d@L4_L5"": 970.0, ""desconto_retirada_41c@L4_L5"": 0.001}","('VALUE', 79.165083336025)","('VALUE', 79.165083336025)",True,True
equation,EQ16011,retirada_condensado_grupo@L4_L5,"{""retirada_cond_corr_ltp@L4_L5"": 0.5, ""retirada_cond_corr_lth@L4_L5"": 47.0, ""hes@L4"": ""LC"", ""hes@L5"": ""LC"", ""desconto_retirada_41d@L4_L5"": 0.5, ""desconto_retirada_41c@L4_L5"": 47.0}","('VALUE', 152.79166666666666)","('VALUE', 152.79166666666666)",True,True
equation,EQ16011,retirada_condensado_grupo@L4_L5,"{""retirada_cond_corr_ltp@L4_L5"": 1000000.0, ""retirada_cond_corr_lth@L4_L5"": 1100.0, ""hes@L4"": ""LC"", ""hes@L5"": ""LC"", ""desconto_retirada_41d@L4_L5"": 1700000.0, ""desconto_retirada_41c@L4_L5"": 3.0}","('VALUE', -1581512.5)","('VALUE', -1581512.5)",True,True
equation,EQ16011,retirada_condensado_grupo@L4_L5,"{""retirada_cond_corr_ltp@L4_L5"": 1100.0, ""retirada_cond_corr_lth@L4_L5"": 1.0, ""hes@L4"": ""LC"", ""hes@L5"": ""LC"", ""desconto_retirada_41d@L4_L5"": 1e-09, ""desconto_retirada_41c@L4_L5"": 1e-09}","('VALUE', -1660.9166666666667)","('VALUE', -1660.9166666666667)",True,True
equation,EQ16011,retirada_condensado_grupo@L4_L5,"{""retirada_cond_corr_ltp@L4_L5"": 1649.0, ""retirada_cond_corr_lth@L4_L5"": 1.1, ""hes@L4"": ""LC"", ""hes@L5"": ""Overhaul/Parada"", ""desconto_retirada_41d@L4_L5"": 1.1, ""desconto_retirada_41c@L4_L5"": 1649.0}","('VALUE', -2530.0083333333337)","('VALUE', -2530.0083333333337)",True,True
equation,EQ16011,retirada_condensado_grupo@L4_L5,"{""retirada_cond_corr_ltp@L4_L5"": 48.0, ""retirada_cond_corr_lth@L4_L5"": 1000000.0, ""hes@L4"": ""LC"", ""hes@L5"": ""Overhaul/Parada"", ""desconto_retirada_41d@L4_L5"": 1.7, ""desconto_retirada_41c@L4_L5"": 1000000.0}","('VALUE', 1583336.5)","('VALUE', 1583336.5)",True,True
equation,EQ16011,retirada_condensado_grupo@L4_L5,"{""retirada_cond_corr_ltp@L4_L5"": 1000000.0, ""retirada_cond_corr_lth@L4_L5"": 0.001, ""hes@L4"": ""LC"", ""hes@L5"": ""Overhaul/Parada"", ""desconto_retirada_41d@L4_L5"": 1000000.0, ""desconto_retirada_41c@L4_L5"": 1000000.0}","('VALUE', -1583254.1650833332)","('VALUE', -1583254.1650833332)",True,True
equation,EQ16011,retirada_condensado_grupo@L4_L5,"{""retirada_cond_corr_ltp@L4_L5"": 1100.0, ""retirada_cond_corr_lth@L4_L5"": 79.89999999999999, ""hes@L4"": ""LC"", ""hes@L5"": ""1 By pass"", ""desconto_retirada_41d@L4_L5"": 3.0, ""desconto_retirada_41c@L4_L5"": 0.5}","('VALUE', -1535.9916666666668)","('VALUE', -1535.9916666666668)",True,True
equation,EQ16011,retirada_condensado_grupo@L4_L5,"{""retirada_cond_corr_ltp@L4_L5"": 1000000.0, ""retirada_cond_corr_lth@L4_L5"": 0.5, ""hes@L4"": ""LC"", ""hes@L5"": ""1 By pass"", ""desconto_retirada_41d@L4_L5"": 2244.0, ""desconto_retirada_41c@L4_L5"": 970.0}","('VALUE', -1583253.375)","('VALUE', -1583253.375)",True,True
equation,EQ16011,retirada_condensado_grupo@L4_L5,"{""retirada_cond_corr_ltp@L4_L5"": 1.0, ""retirada_cond_corr_lth@L4_L5"": 0.5, ""hes@L4"": ""LC"", ""hes@L5"": ""1 By pass"", ""desconto_retirada_41d@L4_L5"": 48.0, ""desconto_retirada_41c@L4_L5"": 0.0017}","('VALUE', 78.375)","('VALUE', 78.375)",True,True
equation,EQ16011,retirada_condensado_grupo@L4_L5,"{""retirada_cond_corr_ltp@L4_L5"": 0.001, ""retirada_cond_corr_lth@L4_L5"": 1320.0, ""hes@L4"": ""LC"", ""hes@L5"": ""1 By pass e LC"", ""desconto_retirada_41d@L4_L5"": 1000000.0, ""desconto_retirada_41c@L4_L5"": 1.1}","('VALUE', 2169.1650833333333)","('VALUE', 2169.1650833333333)",True,True
equation,EQ16011,retirada_condensado_grupo@L4_L5,"{""retirada_cond_corr_ltp@L4_L5"": 0.001, ""retirada_cond_corr_lth@L4_L5"": 3.0, ""hes@L4"": ""LC"", ""hes@L5"": ""1 By pass e LC"", ""desconto_retirada_41d@L4_L5"": 3.0, ""desconto_retirada_41c@L4_L5"": 0.5}","('VALUE', 83.91508333333333)","('VALUE', 83.91508333333333)",True,True
equation,EQ16011,retirada_condensado_grupo@L4_L5,"{""retirada_cond_corr_ltp@L4_L5"": 2244.0, ""retirada_cond_corr_lth@L4_L5"": 970.0, ""hes@L4"": ""LC"", ""hes@L5"": ""1 By pass e LC"", ""desconto_retirada_41d@L4_L5"": 5.1, ""desconto_retirada_41c@L4_L5"": 1100.0}","('VALUE', -1938.0)","('VALUE', -1938.0)",True,True
equation,EQ16011,retirada_condensado_grupo@L4_L5,"{""retirada_cond_corr_ltp@L4_L5"": 0.5, ""retirada_cond_corr_lth@L4_L5"": 1.7000000000000001e-09, ""hes@L4"": ""Overhaul/Parada"", ""hes@L5"": ""Normal"", ""desconto_retirada_41d@L4_L5"": 79.89999999999999, ""desconto_retirada_41c@L4_L5"": 1.1}","('VALUE', 49.0000000034)","('VALUE', 49.0000000034)",True,True
equation,EQ16011,retirada_condensado_grupo@L4_L5,"{""retirada_cond_corr_ltp@L4_L5"": 81.6, ""retirada_cond_corr_lth@L4_L5"": 1.0, ""hes@L4"": ""Overhaul/Parada"", ""hes@L5"": ""Normal"", ""desconto_retirada_41d@L4_L5"": 47.0, ""desconto_retirada_41c@L4_L5"": 0.001}","('VALUE', -111.19999999999999)","('VALUE', -111.19999999999999)",True,True
equation,EQ16011,retirada_condensado_grupo@L4_L5,"{""retirada_cond_corr_ltp@L4_L5"": 48.0, ""retirada_cond_corr_lth@L4_L5"": 0.0017, ""hes@L4"": ""Overhaul/Parada"", ""hes@L5"": ""Normal"", ""desconto_retirada_41d@L4_L5"": 81.6, ""desconto_retirada_41c@L4_L5"": 79.89999999999999}","('VALUE', -45.9966)","('VALUE', -45.9966)",True,True
equation,EQ16011,retirada_condensado_grupo@L4_L5,"{""retirada_cond_corr_ltp@L4_L5"": 970.0, ""retirada_cond_corr_lth@L4_L5"": 1649.0, ""hes@L4"": ""Overhaul/Parada"", ""hes@L5"": ""LC"", ""desconto_retirada_41d@L4_L5"": 3.0, ""desconto_retirada_41c@L4_L5"": 1.1}","('VALUE', 1154.25)","('VALUE', 1154.25)",True,True
equation,EQ16011,retirada_condensado_grupo@L4_L5,"{""retirada_cond_corr_ltp@L4_L5"": 1320.0, ""retirada_cond_corr_lth@L4_L5"": 5.1, ""hes@L4"": ""Overhaul/Parada"", ""hes@L5"": ""LC"", ""desconto_retirada_41d@L4_L5"": 1870.0, ""desconto_retirada_41c@L4_L5"": 1320.0}","('VALUE', -2002.7583333333334)","('VALUE', -2002.7583333333334)",True,True
equation,EQ16011,retirada_condensado_grupo@L4_L5,"{""retirada_cond_corr_ltp@L4_L5"": 0.001, ""retirada_cond_corr_lth@L4_L5"": 1.7, ""hes@L4"": ""Overhaul/Parada"", ""hes@L5"": ""LC"", ""desconto_retirada_41d@L4_L5"": 2244.0, ""desconto_retirada_41c@L4_L5"": 3.0}","('VALUE', 81.85674999999999)","('VALUE', 81.85674999999999)",True,True
equation,EQ16011,retirada_condensado_grupo@L4_L5,"{""retirada_cond_corr_ltp@L4_L5"": 1870.0, ""retirada_cond_corr_lth@L4_L5"": 1e-09, ""hes@L4"": ""Overhaul/Parada"", ""hes@L5"": ""Overhaul/Parada"", ""desconto_retirada_41d@L4_L5"": 1649.0, ""desconto_retirada_41c@L4_L5"": 0.001}","('VALUE', -3689.999999998)","('VALUE', -3689.999999998)",True,True
equation,EQ16011,retirada_condensado_grupo@L4_L5,"{""retirada_cond_corr_ltp@L4_L5"": 3.0, ""retirada_cond_corr_lth@L4_L5"": 1.0, ""hes@L4"": ""Overhaul/Parada"", ""hes@L5"": ""Overhaul/Parada"", ""desconto_retirada_41d@L4_L5"": 1000000.0, ""desconto_retirada_41c@L4_L5"": 5.1}","('VALUE', 46.0)","('VALUE', 46.0)",True,True
equation,EQ16011,retirada_condensado_grupo@L4_L5,"{""retirada_cond_corr_ltp@L4_L5"": 3.0, ""retirada_cond_corr_lth@L4_L5"": 1000000.0, ""hes@L4"": ""Overhaul/Parada"", ""hes@L5"": ""Overhaul/Parada"", ""desconto_retirada_41d@L4_L5"": 0.85, ""desconto_retirada_41c@L4_L5"": 970.0}","('VALUE', 2000044.0)","('VALUE', 2000044.0)",True,True
equation,EQ16011,retirada_condensado_grupo@L4_L5,"{""retirada_cond_corr_ltp@L4_L5"": 1e-09, ""retirada_cond_corr_lth@L4_L5"": 1.0, ""hes@L4"": ""Overhaul/Parada"", ""hes@L5"": ""1 By pass"", ""desconto_retirada_41d@L4_L5"": 0.5, ""desconto_retirada_41c@L4_L5"": 81.6}","('VALUE', 51.999999998)","('VALUE', 51.999999998)",True,True
equation,EQ16011,retirada_condensado_grupo@L4_L5,"{""retirada_cond_corr_ltp@L4_L5"": 1.87, ""retirada_cond_corr_lth@L4_L5"": 1e-09, ""hes@L4"": ""Overhaul/Parada"", ""hes@L5"": ""1 By pass"", ""desconto_retirada_41d@L4_L5"": 1320.0, ""desconto_retirada_41c@L4_L5"": 1.0}","('VALUE', 46.260000002)","('VALUE', 46.260000002)",True,True
equation,EQ16011,retirada_condensado_grupo@L4_L5,"{""retirada_cond_corr_ltp@L4_L5"": 48.0, ""retirada_cond_corr_lth@L4_L5"": 3.0, ""hes@L4"": ""Overhaul/Parada"", ""hes@L5"": ""1 By pass"", ""desconto_retirada_41d@L4_L5"": 1320.0, ""desconto_retirada_41c@L4_L5"": 970.0}","('VALUE', -40.0)","('VALUE', -40.0)",True,True
equation,EQ16011,retirada_condensado_grupo@L4_L5,"{""retirada_cond_corr_ltp@L4_L5"": 1e-09, ""retirada_cond_corr_lth@L4_L5"": 1.1, ""hes@L4"": ""Overhaul/Parada"", ""hes@L5"": ""1 By pass e LC"", ""desconto_retirada_41d@L4_L5"": 1e-09, ""desconto_retirada_41c@L4_L5"": 0.85}","('VALUE', 52.199999998)","('VALUE', 52.199999998)",True,True
equation,EQ16011,retirada_condensado_grupo@L4_L5,"{""retirada_cond_corr_ltp@L4_L5"": 1100.0, ""retirada_cond_corr_lth@L4_L5"": 1320.0, ""hes@L4"": ""Overhaul/Parada"", ""hes@L5"": ""1 By pass e LC"", ""desconto_retirada_41d@L4_L5"": 1320.0, ""desconto_retirada_41c@L4_L5"": 5.1}","('VALUE', 490.0)","('VALUE', 490.0)",True,True
equation,EQ16011,retirada_condensado_grupo@L4_L5,"{""retirada_cond_corr_ltp@L4_L5"": 970.0, ""retirada_cond_corr_lth@L4_L5"": 1.0, ""hes@L4"": ""Overhaul/Parada"", ""hes@L5"": ""1 By pass e LC"", ""desconto_retirada_41d@L4_L5"": 0.001, ""desconto_retirada_41c@L4_L5"": 1.1}","('VALUE', -1888.0)","('VALUE', -1888.0)",True,True
equation,EQ16011,retirada_condensado_grupo@L4_L5,"{""retirada_cond_corr_ltp@L4_L5"": 1.0, ""retirada_cond_corr_lth@L4_L5"": 1700000.0, ""hes@L4"": ""1 By pass"", ""hes@L5"": ""Normal"", ""desconto_retirada_41d@L4_L5"": 1000000.0, ""desconto_retirada_41c@L4_L5"": 81.6}","('VALUE', 2400098.0)","('VALUE', 2400098.0)",True,True
equation,EQ16011,retirada_condensado_grupo@L4_L5,"{""retirada_cond_corr_ltp@L4_L5"": 48.0, ""retirada_cond_corr_lth@L4_L5"": 0.5, ""hes@L4"": ""1 By pass"", ""hes@L5"": ""Normal"", ""desconto_retirada_41d@L4_L5"": 1100.0, ""desconto_retirada_41c@L4_L5"": 0.0017}","('VALUE', -1095.0)","('VALUE', -1095.0)",True,True
equation,EQ16011,retirada_condensado_grupo@L4_L5,"{""retirada_cond_corr_ltp@L4_L5"": 1100.0, ""retirada_cond_corr_lth@L4_L5"": 79.89999999999999, ""hes@L4"": ""1 By pass"", ""hes@L5"": ""Normal"", ""desconto_retirada_41d@L4_L5"": 47.0, ""desconto_retirada_41c@L4_L5"": 47.0}","('VALUE', -1987.2)","('VALUE', -1987.2)",True,True
equation,EQ16011,retirada_condensado_grupo@L4_L5,"{""retirada_cond_corr_ltp@L4_L5"": 3.0, ""retirada_cond_corr_lth@L4_L5"": 79.89999999999999, ""hes@L4"": ""1 By pass"", ""hes@L5"": ""LC"", ""desconto_retirada_41d@L4_L5"": 3.0, ""desconto_retirada_41c@L4_L5"": 1e-09}","('VALUE', 200.92499999999998)","('VALUE', 200.92499999999998)",True,True
equation,EQ16011,retirada_condensado_grupo@L4_L5,"{""retirada_cond_corr_ltp@L4_L5"": 1100.0, ""retirada_cond_corr_lth@L4_L5"": 1e-09, ""hes@L4"": ""1 By pass"", ""hes@L5"": ""LC"", ""desconto_retirada_41d@L4_L5"": 1.7, ""desconto_retirada_41c@L4_L5"": 1100.0}","('VALUE', -1662.4999999984168)","('VALUE', -1662.4999999984168)",True,True
equation,EQ16011,retirada_condensado_grupo@L4_L5,"{""retirada_cond_corr_ltp@L4_L5"": 1000000.0, ""retirada_cond_corr_lth@L4_L5"": 47.0, ""hes@L4"": ""1 By pass"", ""hes@L5"": ""LC"", ""desconto_retirada_41d@L4_L5"": 0.001, ""desconto_retirada_41c@L4_L5"": 1.7000000000000001e-09}","('VALUE', -1583179.75)","('VALUE', -1583179.75)",True,True
equation,EQ16011,retirada_condensado_grupo@L4_L5,"{""retirada_cond_corr_ltp@L4_L5"": 48.0, ""retirada_cond_corr_lth@L4_L5"": 47.0, ""hes@L4"": ""1 By pass"", ""hes@L5"": ""Overhaul/Parada"", ""desconto_retirada_41d@L4_L5"": 1.0, ""desconto_retirada_41c@L4_L5"": 0.5}","('VALUE', 48.0)","('VALUE', 48.0)",True,True
equation,EQ16011,retirada_condensado_grupo@L4_L5,"{""retirada_cond_corr_ltp@L4_L5"": 1100.0, ""retirada_cond_corr_lth@L4_L5"": 1e-09, ""hes@L4"": ""1 By pass"", ""hes@L5"": ""Overhaul/Parada"", ""desconto_retirada_41d@L4_L5"": 1320.0, ""desconto_retirada_41c@L4_L5"": 47.0}","('VALUE', -2149.999999998)","('VALUE', -2149.999999998)",True,True
equation,EQ16011,retirada_condensado_grupo@L4_L5,"{""retirada_cond_corr_ltp@L4_L5"": 1320.0, ""retirada_cond_corr_lth@L4_L5"": 81.6, ""hes@L4"": ""1 By pass"", ""hes@L5"": ""Overhaul/Parada"", ""desconto_retirada_41d@L4_L5"": 1.7000000000000001e-09, ""desconto_retirada_41c@L4_L5"": 47.0}","('VALUE', -2426.8)","('VALUE', -2426.8)",True,True
equation,EQ16011,retirada_condensado_grupo@L4_L5,"{""retirada_cond_corr_ltp@L4_L5"": 1320.0, ""retirada_cond_corr_lth@L4_L5"": 48.0, ""hes@L4"": ""1 By pass"", ""hes@L5"": ""1 By pass"", ""desconto_retirada_41d@L4_L5"": 1000000.0, ""desconto_retirada_41c@L4_L5"": 1.87}","('VALUE', -1002444.0)","('VALUE', -1002444.0)",True,True
equation,EQ16011,retirada_condensado_grupo@L4_L5,"{""retirada_cond_corr_ltp@L4_L5"": 47.0, ""retirada_cond_corr_lth@L4_L5"": 1870.0, ""hes@L4"": ""1 By pass"", ""hes@L5"": ""1 By pass"", ""desconto_retirada_41d@L4_L5"": 1e-09, ""desconto_retirada_41c@L4_L5"": 970.0}","('VALUE', 3745.999999999)","('VALUE', 3745.999999999)",True,True
equation,EQ16011,retirada_condensado_grupo@L4_L5,"{""retirada_cond_corr_ltp@L4_L5"": 1870.0, ""retirada_cond_corr_lth@L4_L5"": 5.1, ""hes@L4"": ""1 By pass"", ""hes@L5"": ""1 By pass"", ""desconto_retirada_41d@L4_L5"": 0.001, ""desconto_retirada_41c@L4_L5"": 1100.0}","('VALUE', -3629.8010000000004)","('VALUE', -3629.8010000000004)",True,True
equation,EQ16011,retirada_condensado_grupo@L4_L5,"{""retirada_cond_corr_ltp@L4_L5"": 79.89999999999999, ""retirada_cond_corr_lth@L4_L5"": 1000000.0, ""hes@L4"": ""1 By pass"", ""hes@L5"": ""1 By pass e LC"", ""desconto_retirada_41d@L4_L5"": 0.85, ""desconto_retirada_41c@L4_L5"": 1320.0}","('VALUE', 1999939.3499999999)","('VALUE', 1999939.3499999999)",True,True
equation,EQ16011,retirada_condensado_grupo@L4_L5,"{""retirada_cond_corr_ltp@L4_L5"": 0.001, ""retirada_cond_corr_lth@L4_L5"": 0.001, ""hes@L4"": ""1 By pass"", ""hes@L5"": ""1 By pass e LC"", ""desconto_retirada_41d@L4_L5"": 1.0, ""desconto_retirada_41c@L4_L5"": 0.5}","('VALUE', 99.0)","('VALUE', 99.0)",True,True
equation,EQ16011,retirada_condensado_grupo@L4_L5,"{""retirada_cond_corr_ltp@L4_L5"": 47.0, ""retirada_cond_corr_lth@L4_L5"": 3.0, ""hes@L4"": ""1 By pass"", ""hes@L5"": ""1 By pass e LC"", ""desconto_retirada_41d@L4_L5"": 81.6, ""desconto_retirada_41c@L4_L5"": 1320.0}","('VALUE', -69.6)","('VALUE', -69.6)",True,True
equation,EQ16011,retirada_condensado_grupo@L4_L5,"{""retirada_cond_corr_ltp@L4_L5"": 48.0, ""retirada_cond_corr_lth@L4_L5"": 0.5, ""hes@L4"": ""1 By pass e LC"", ""hes@L5"": ""Normal"", ""desconto_retirada_41d@L4_L5"": 5.1, ""desconto_retirada_41c@L4_L5"": 48.0}","('STATE', ('NO_APPLICABLE_RULE', None, None))","('STATE', ('NO_APPLICABLE_RULE', None, None))",True,True
equation,EQ16011,retirada_condensado_grupo@L4_L5,"{""retirada_cond_corr_ltp@L4_L5"": 1e-09, ""retirada_cond_corr_lth@L4_L5"": 1320.0, ""hes@L4"": ""1 By pass e LC"", ""hes@L5"": ""Normal"", ""desconto_retirada_41d@L4_L5"": 1700000.0, ""desconto_retirada_41c@L4_L5"": 1320.0}","('STATE', ('NO_APPLICABLE_RULE', None, None))","('STATE', ('NO_APPLICABLE_RULE', None, None))",True,True
equation,EQ16011,retirada_condensado_grupo@L4_L5,"{""retirada_cond_corr_ltp@L4_L5"": 1e-09, ""retirada_cond_corr_lth@L4_L5"": 0.5, ""hes@L4"": ""1 By pass e LC"", ""hes@L5"": ""Normal"", ""desconto_retirada_41d@L4_L5"": 0.5, ""desconto_retirada_41c@L4_L5"": 1100.0}","('STATE', ('NO_APPLICABLE_RULE', None, None))","('STATE', ('NO_APPLICABLE_RULE', None, None))",True,True
equation,EQ16011,retirada_condensado_grupo@L4_L5,"{""retirada_cond_corr_ltp@L4_L5"": 1320.0, ""retirada_cond_corr_lth@L4_L5"": 5.1, ""hes@L4"": ""1 By pass e LC"", ""hes@L5"": ""LC"", ""desconto_retirada_41d@L4_L5"": 1e-09, ""desconto_retirada_41c@L4_L5"": 1000000.0}","('VALUE', -2002.7583333333334)","('VALUE', -2002.7583333333334)",True,True
equation,EQ16011,retirada_condensado_grupo@L4_L5,"{""retirada_cond_corr_ltp@L4_L5"": 3.0, ""retirada_cond_corr_lth@L4_L5"": 0.85, ""hes@L4"": ""1 By pass e LC"", ""hes@L5"": ""LC"", ""desconto_retirada_41d@L4_L5"": 1.0, ""desconto_retirada_41c@L4_L5"": 970.0}","('VALUE', 75.7625)","('VALUE', 75.7625)",True,True
equation,EQ16011,retirada_condensado_grupo@L4_L5,"{""retirada_cond_corr_ltp@L4_L5"": 47.0, ""retirada_cond_corr_lth@L4_L5"": 1649.0, ""hes@L4"": ""1 By pass e LC"", ""hes@L5"": ""LC"", ""desconto_retirada_41d@L4_L5"": 1e-09, ""desconto_retirada_41c@L4_L5"": 48.0}","('VALUE', 2615.6666666666665)","('VALUE', 2615.6666666666665)",True,True
equation,EQ16011,retirada_condensado_grupo@L4_L5,"{""retirada_cond_corr_ltp@L4_L5"": 47.0, ""retirada_cond_corr_lth@L4_L5"": 1100.0, ""hes@L4"": ""1 By pass e LC"", ""hes@L5"": ""Overhaul/Parada"", ""desconto_retirada_41d@L4_L5"": 0.001, ""desconto_retirada_41c@L4_L5"": 1.1}","('VALUE', 2156.0)","('VALUE', 2156.0)",True,True
equation,EQ16011,retirada_condensado_grupo@L4_L5,"{""retirada_cond_corr_ltp@L4_L5"": 1100.0, ""retirada_cond_corr_lth@L4_L5"": 970.0, ""hes@L4"": ""1 By pass e LC"", ""hes@L5"": ""Overhaul/Parada"", ""desconto_retirada_41d@L4_L5"": 3.0, ""desconto_retirada_41c@L4_L5"": 48.0}","('VALUE', -210.0)","('VALUE', -210.0)",True,True
equation,EQ16011,retirada_condensado_grupo@L4_L5,"{""retirada_cond_corr_ltp@L4_L5"": 48.0, ""retirada_cond_corr_lth@L4_L5"": 47.0, ""hes@L4"": ""1 By pass e LC"", ""hes@L5"": ""Overhaul/Parada"", ""desconto_retirada_41d@L4_L5"": 1.87, ""desconto_retirada_41c@L4_L5"": 1.1}","('VALUE', 48.0)","('VALUE', 48.0)",True,True
equation,EQ16011,retirada_condensado_grupo@L4_L5,"{""retirada_cond_corr_ltp@L4_L5"": 47.0, ""retirada_cond_corr_lth@L4_L5"": 79.89999999999999, ""hes@L4"": ""1 By pass e LC"", ""hes@L5"": ""1 By pass"", ""desconto_retirada_41d@L4_L5"": 81.6, ""desconto_retirada_41c@L4_L5"": 1.1}","('VALUE', 84.19999999999999)","('VALUE', 84.19999999999999)",True,True
equation,EQ16011,retirada_condensado_grupo@L4_L5,"{""retirada_cond_corr_ltp@L4_L5"": 1000000.0, ""retirada_cond_corr_lth@L4_L5"": 5.1, ""hes@L4"": ""1 By pass e LC"", ""hes@L5"": ""1 By pass"", ""desconto_retirada_41d@L4_L5"": 79.89999999999999, ""desconto_retirada_41c@L4_L5"": 47.0}","('VALUE', -1999969.7)","('VALUE', -1999969.7)",True,True
equation,EQ16011,retirada_condensado_grupo@L4_L5,"{""retirada_cond_corr_ltp@L4_L5"": 0.85, ""retirada_cond_corr_lth@L4_L5"": 47.0, ""hes@L4"": ""1 By pass e LC"", ""hes@L5"": ""1 By pass"", ""desconto_retirada_41d@L4_L5"": 1.0, ""desconto_retirada_41c@L4_L5"": 1.1}","('VALUE', 191.3)","('VALUE', 191.3)",True,True
equation,EQ16011,retirada_condensado_grupo@L4_L5,"{""retirada_cond_corr_ltp@L4_L5"": 970.0, ""retirada_cond_corr_lth@L4_L5"": 79.89999999999999, ""hes@L4"": ""1 By pass e LC"", ""hes@L5"": ""1 By pass e LC"", ""desconto_retirada_41d@L4_L5"": 1e-09, ""desconto_retirada_41c@L4_L5"": 970.0}","('VALUE', -1532.2416666666668)","('VALUE', -1532.2416666666668)",True,True
equation,EQ16011,retirada_condensado_grupo@L4_L5,"{""retirada_cond_corr_ltp@L4_L5"": 0.001, ""retirada_cond_corr_lth@L4_L5"": 1649.0, ""hes@L4"": ""1 By pass e LC"", ""hes@L5"": ""1 By pass e LC"", ""desconto_retirada_41d@L4_L5"": 1e-09, ""desconto_retirada_41c@L4_L5"": 81.6}","('VALUE', 2673.08175)","('VALUE', 2673.08175)",True,True
equation,EQ16011,retirada_condensado_grupo@L4_L5,"{""retirada_cond_corr_ltp@L4_L5"": 0.5, ""retirada_cond_corr_lth@L4_L5"": 1e-09, ""hes@L4"": ""1 By pass e LC"", ""hes@L5"": ""1 By pass e LC"", ""desconto_retirada_41d@L4_L5"": 48.0, ""desconto_retirada_41c@L4_L5"": 1e-09}","('VALUE', 78.375000001375)","('VALUE', 78.375000001375)",True,True
equation,EQ16012,retirada_condensado_grupo@L6_L7,"{""retirada_cond_corr_ltp@L6_L7"": 1000000.0, ""retirada_cond_corr_lth@L6_L7"": 79.89999999999999, ""hes@L6"": ""Normal"", ""hes@L7"": ""Normal"", ""desconto_retirada_41c@L6_L7"": 1649.0}","('VALUE', -1999740.2)","('VALUE', -1999740.2)",True,True
equation,EQ16012,retirada_condensado_grupo@L6_L7,"{""retirada_cond_corr_ltp@L6_L7"": 0.001, ""retirada_cond_corr_lth@L6_L7"": 1000000.0, ""hes@L6"": ""Normal"", ""hes@L7"": ""Normal"", ""desconto_retirada_41c@L6_L7"": 970.0}","('VALUE', 2000099.998)","('VALUE', 2000099.998)",True,True
equation,EQ16012,retirada_condensado_grupo@L6_L7,"{""retirada_cond_corr_ltp@L6_L7"": 970.0, ""retirada_cond_corr_lth@L6_L7"": 1e-09, ""hes@L6"": ""Normal"", ""hes@L7"": ""Normal"", ""desconto_retirada_41c@L6_L7"": 970.0}","('VALUE', -1839.999999998)","('VALUE', -1839.999999998)",True,True
equation,EQ16012,retirada_condensado_grupo@L6_L7,"{""retirada_cond_corr_ltp@L6_L7"": 1700000.0, ""retirada_cond_corr_lth@L6_L7"": 5.1, ""hes@L6"": ""Normal"", ""hes@L7"": ""LC"", ""desconto_retirada_41c@L6_L7"": 1100.0}","('VALUE', -2691579.425)","('VALUE', -2691579.425)",True,True
equation,EQ16012,retirada_condensado_grupo@L6_L7,"{""retirada_cond_corr_ltp@L6_L7"": 1700000.0, ""retirada_cond_corr_lth@L6_L7"": 0.001, ""hes@L6"": ""Normal"", ""hes@L7"": ""LC"", ""desconto_retirada_41c@L6_L7"": 1.0}","('VALUE', -2691587.498416667)","('VALUE', -2691587.498416667)",True,True
equation,EQ16012,retirada_condensado_grupo@L6_L7,"{""retirada_cond_corr_ltp@L6_L7"": 1649.0, ""retirada_cond_corr_lth@L6_L7"": 970.0, ""hes@L6"": ""Normal"", ""hes@L7"": ""LC"", ""desconto_retirada_41c@L6_L7"": 1000000.0}","('VALUE', -995.9166666666666)","('VALUE', -995.9166666666666)",True,True
equation,EQ16012,retirada_condensado_grupo@L6_L7,"{""retirada_cond_corr_ltp@L6_L7"": 1.0, ""retirada_cond_corr_lth@L6_L7"": 48.0, ""hes@L6"": ""Normal"", ""hes@L7"": ""Overhaul/Parada"", ""desconto_retirada_41c@L6_L7"": 48.0}","('VALUE', 144.0)","('VALUE', 144.0)",True,True
equation,EQ16012,retirada_condensado_grupo@L6_L7,"{""retirada_cond_corr_ltp@L6_L7"": 0.5, ""retirada_cond_corr_lth@L6_L7"": 0.5, ""hes@L6"": ""Normal"", ""hes@L7"": ""Overhaul/Parada"", ""desconto_retirada_41c@L6_L7"": 1.1}","('VALUE', 50.0)","('VALUE', 50.0)",True,True
equation,EQ16012,retirada_condensado_grupo@L6_L7,"{""retirada_cond_corr_ltp@L6_L7"": 48.0, ""retirada_cond_corr_lth@L6_L7"": 3.0, ""hes@L6"": ""Normal"", ""hes@L7"": ""Overhaul/Parada"", ""desconto_retirada_41c@L6_L7"": 48.0}","('VALUE', -40.0)","('VALUE', -40.0)",True,True
equation,EQ16012,retirada_condensado_grupo@L6_L7,"{""retirada_cond_corr_ltp@L6_L7"": 1320.0, ""retirada_cond_corr_lth@L6_L7"": 47.0, ""hes@L6"": ""Normal"", ""hes@L7"": ""1 By pass"", ""desconto_retirada_41c@L6_L7"": 0.5}","('VALUE', -2446.5)","('VALUE', -2446.5)",True,True
equation,EQ16012,retirada_condensado_grupo@L6_L7,"{""retirada_cond_corr_ltp@L6_L7"": 2244.0, ""retirada_cond_corr_lth@L6_L7"": 1e-09, ""hes@L6"": ""Normal"", ""hes@L7"": ""1 By pass"", ""desconto_retirada_41c@L6_L7"": 2244.0}","('VALUE', -6631.999999998)","('VALUE', -6631.999999998)",True,True
equation,EQ16012,retirada_condensado_grupo@L6_L7,"{""retirada_cond_corr_ltp@L6_L7"": 79.89999999999999, ""retirada_cond_corr_lth@L6_L7"": 79.89999999999999, ""hes@L6"": ""Normal"", ""hes@L7"": ""1 By pass"", ""desconto_retirada_41c@L6_L7"": 1649.0}","('VALUE', -1549.0)","('VALUE', -1549.0)",True,True
equation,EQ16012,retirada_condensado_grupo@L6_L7,"{""retirada_cond_corr_ltp@L6_L7"": 48.0, ""retirada_cond_corr_lth@L6_L7"": 1320.0, ""hes@L6"": ""Normal"", ""hes@L7"": ""1 By pass e LC"", ""desconto_retirada_41c@L6_L7"": 0.85}","('STATE', ('NO_APPLICABLE_RULE', None, None))","('STATE', ('NO_APPLICABLE_RULE', None, None))",True,True
equation,EQ16012,retirada_condensado_grupo@L6_L7,"{""retirada_cond_corr_ltp@L6_L7"": 1320.0, ""retirada_cond_corr_lth@L6_L7"": 1e-09, ""hes@L6"": ""Normal"", ""hes@L7"": ""1 By pass e LC"", ""desconto_retirada_41c@L6_L7"": 48.0}","('STATE', ('NO_APPLICABLE_RULE', None, None))","('STATE', ('NO_APPLICABLE_RULE', None, None))",True,True
equation,EQ16012,retirada_condensado_grupo@L6_L7,"{""retirada_cond_corr_ltp@L6_L7"": 1.0, ""retirada_cond_corr_lth@L6_L7"": 3.0, ""hes@L6"": ""Normal"", ""hes@L7"": ""1 By pass e LC"", ""desconto_retirada_41c@L6_L7"": 1000000.0}","('STATE', ('NO_APPLICABLE_RULE', None, None))","('STATE', ('NO_APPLICABLE_RULE', None, None))",True,True
equation,EQ16012,retirada_condensado_grupo@L6_L7,"{""retirada_cond_corr_ltp@L6_L7"": 1.0, ""retirada_cond_corr_lth@L6_L7"": 0.001, ""hes@L6"": ""LC"", ""hes@L7"": ""Normal"", ""desconto_retirada_41c@L6_L7"": 1000000.0}","('VALUE', 77.58491666666667)","('VALUE', 77.58491666666667)",True,True
equation,EQ16012,retirada_condensado_grupo@L6_L7,"{""retirada_cond_corr_ltp@L6_L7"": 1320.0, ""retirada_cond_corr_lth@L6_L7"": 1e-09, ""hes@L6"": ""LC"", ""hes@L7"": ""Normal"", ""desconto_retirada_41c@L6_L7"": 1100.0}","('VALUE', -2010.8333333317503)","('VALUE', -2010.8333333317503)",True,True
equation,EQ16012,retirada_condensado_grupo@L6_L7,"{""retirada_cond_corr_ltp@L6_L7"": 1.0, ""retirada_cond_corr_lth@L6_L7"": 0.001, ""hes@L6"": ""LC"", ""hes@L7"": ""Normal"", ""desconto_retirada_41c@L6_L7"": 1320.0}","('VALUE', 77.58491666666667)","('VALUE', 77.58491666666667)",True,True
equation,EQ16012,retirada_condensado_grupo@L6_L7,"{""retirada_cond_corr_ltp@L6_L7"": 47.0, ""retirada_cond_corr_lth@L6_L7"": 1870.0, ""hes@L6"": ""LC"", ""hes@L7"": ""LC"", ""desconto_retirada_41c@L6_L7"": 79.89999999999999}","('VALUE', 2965.5833333333335)","('VALUE', 2965.5833333333335)",True,True
equation,EQ16012,retirada_condensado_grupo@L6_L7,"{""retirada_cond_corr_ltp@L6_L7"": 1000000.0, ""retirada_cond_corr_lth@L6_L7"": 3.0, ""hes@L6"": ""LC"", ""hes@L7"": ""LC"", ""desconto_retirada_41c@L6_L7"": 1870.0}","('VALUE', -1583249.4166666667)","('VALUE', -1583249.4166666667)",True,True
equation,EQ16012,retirada_condensado_grupo@L6_L7,"{""retirada_cond_corr_ltp@L6_L7"": 0.001, ""retirada_cond_corr_lth@L6_L7"": 970.0, ""hes@L6"": ""LC"", ""hes@L7"": ""LC"", ""desconto_retirada_41c@L6_L7"": 970.0}","('VALUE', 1614.9984166666666)","('VALUE', 1614.9984166666666)",True,True
equation,EQ16012,retirada_condensado_grupo@L6_L7,"{""retirada_cond_corr_ltp@L6_L7"": 2244.0, ""retirada_cond_corr_lth@L6_L7"": 0.5, ""hes@L6"": ""LC"", ""hes@L7"": ""Overhaul/Parada"", ""desconto_retirada_41c@L6_L7"": 0.001}","('VALUE', -3473.0416666666665)","('VALUE', -3473.0416666666665)",True,True
equation,EQ16012,retirada_condensado_grupo@L6_L7,"{""retirada_cond_corr_ltp@L6_L7"": 0.001, ""retirada_cond_corr_lth@L6_L7"": 0.001, ""hes@L6"": ""LC"", ""hes@L7"": ""Overhaul/Parada"", ""desconto_retirada_41c@L6_L7"": 1e-09}","('VALUE', 79.16666666666667)","('VALUE', 79.16666666666667)",True,True
equation,EQ16012,retirada_condensado_grupo@L6_L7,"{""retirada_cond_corr_ltp@L6_L7"": 48.0, ""retirada_cond_corr_lth@L6_L7"": 1320.0, ""hes@L6"": ""LC"", ""hes@L7"": ""Overhaul/Parada"", ""desconto_retirada_41c@L6_L7"": 1320.0}","('VALUE', 2093.1666666666665)","('VALUE', 2093.1666666666665)",True,True
equation,EQ16012,retirada_condensado_grupo@L6_L7,"{""retirada_cond_corr_ltp@L6_L7"": 1649.0, ""retirada_cond_corr_lth@L6_L7"": 1649.0, ""hes@L6"": ""LC"", ""hes@L7"": ""1 By pass"", ""desconto_retirada_41c@L6_L7"": 1.1}","('VALUE', 79.16666666666667)","('VALUE', 79.16666666666667)",True,True
equation,EQ16012,retirada_condensado_grupo@L6_L7,"{""retirada_cond_corr_ltp@L6_L7"": 1100.0, ""retirada_cond_corr_lth@L6_L7"": 79.89999999999999, ""hes@L6"": ""LC"", ""hes@L7"": ""1 By pass"", ""desconto_retirada_41c@L6_L7"": 1320.0}","('VALUE', -1535.9916666666668)","('VALUE', -1535.9916666666668)",True,True
equation,EQ16012,retirada_condensado_grupo@L6_L7,"{""retirada_cond_corr_ltp@L6_L7"": 970.0, ""retirada_cond_corr_lth@L6_L7"": 1700000.0, ""hes@L6"": ""LC"", ""hes@L7"": ""1 By pass"", ""desconto_retirada_41c@L6_L7"": 0.5}","('VALUE', 2690210.0)","('VALUE', 2690210.0)",True,True
equation,EQ16012,retirada_condensado_grupo@L6_L7,"{""retirada_cond_corr_ltp@L6_L7"": 1.1, ""retirada_cond_corr_lth@L6_L7"": 47.0, ""hes@L6"": ""LC"", ""hes@L7"": ""1 By pass e LC"", ""desconto_retirada_41c@L6_L7"": 1700000.0}","('VALUE', 151.84166666666667)","('VALUE', 151.84166666666667)",True,True
equation,EQ16012,retirada_condensado_grupo@L6_L7,"{""retirada_cond_corr_ltp@L6_L7"": 2244.0, ""retirada_cond_corr_lth@L6_L7"": 2244.0, ""hes@L6"": ""LC"", ""hes@L7"": ""1 By pass e LC"", ""desconto_retirada_41c@L6_L7"": 48.0}","('VALUE', 79.16666666666667)","('VALUE', 79.16666666666667)",True,True
equation,EQ16012,retirada_condensado_grupo@L6_L7,"{""retirada_cond_corr_ltp@L6_L7"": 1100.0, ""retirada_cond_corr_lth@L6_L7"": 0.5, ""hes@L6"": ""LC"", ""hes@L7"": ""1 By pass e LC"", ""desconto_retirada_41c@L6_L7"": 1e-09}","('VALUE', -1661.7083333333333)","('VALUE', -1661.7083333333333)",True,True
equation,EQ16012,retirada_condensado_grupo@L6_L7,"{""retirada_cond_corr_ltp@L6_L7"": 1700000.0, ""retirada_cond_corr_lth@L6_L7"": 970.0, ""hes@L6"": ""Overhaul/Parada"", ""hes@L7"": ""Normal"", ""desconto_retirada_41c@L6_L7"": 47.0}","('VALUE', -3398010.0)","('VALUE', -3398010.0)",True,True
equation,EQ16012,retirada_condensado_grupo@L6_L7,"{""retirada_cond_corr_ltp@L6_L7"": 1100.0, ""retirada_cond_corr_lth@L6_L7"": 0.85, ""hes@L6"": ""Overhaul/Parada"", ""hes@L7"": ""Normal"", ""desconto_retirada_41c@L6_L7"": 48.0}","('VALUE', -2148.3)","('VALUE', -2148.3)",True,True
equation,EQ16012,retirada_condensado_grupo@L6_L7,"{""retirada_cond_corr_ltp@L6_L7"": 0.85, ""retirada_cond_corr_lth@L6_L7"": 1.0, ""hes@L6"": ""Overhaul/Parada"", ""hes@L7"": ""Normal"", ""desconto_retirada_41c@L6_L7"": 1000000.0}","('VALUE', 50.3)","('VALUE', 50.3)",True,True
equation,EQ16012,retirada_condensado_grupo@L6_L7,"{""retirada_cond_corr_ltp@L6_L7"": 0.001, ""retirada_cond_corr_lth@L6_L7"": 2244.0, ""hes@L6"": ""Overhaul/Parada"", ""hes@L7"": ""LC"", ""desconto_retirada_41c@L6_L7"": 1870.0}","('VALUE', 3632.1650833333333)","('VALUE', 3632.1650833333333)",True,True
equation,EQ16012,retirada_condensado_grupo@L6_L7,"{""retirada_cond_corr_ltp@L6_L7"": 48.0, ""retirada_cond_corr_lth@L6_L7"": 0.001, ""hes@L6"": ""Overhaul/Parada"", ""hes@L7"": ""LC"", ""desconto_retirada_41c@L6_L7"": 1320.0}","('VALUE', 3.1682499999999965)","('VALUE', 3.1682499999999965)",True,True
equation,EQ16012,retirada_condensado_grupo@L6_L7,"{""retirada_cond_corr_ltp@L6_L7"": 1.1, ""retirada_cond_corr_lth@L6_L7"": 0.5, ""hes@L6"": ""Overhaul/Parada"", ""hes@L7"": ""LC"", ""desconto_retirada_41c@L6_L7"": 3.0}","('VALUE', 78.21666666666667)","('VALUE', 78.21666666666667)",True,True
equation,EQ16012,retirada_condensado_grupo@L6_L7,"{""retirada_cond_corr_ltp@L6_L7"": 1320.0, ""retirada_cond_corr_lth@L6_L7"": 1e-09, ""hes@L6"": ""Overhaul/Parada"", ""hes@L7"": ""Overhaul/Parada"", ""desconto_retirada_41c@L6_L7"": 47.0}","('VALUE', -2589.999999998)","('VALUE', -2589.999999998)",True,True
equation,EQ16012,retirada_condensado_grupo@L6_L7,"{""retirada_cond_corr_ltp@L6_L7"": 0.001, ""retirada_cond_corr_lth@L6_L7"": 1.0, ""hes@L6"": ""Overhaul/Parada"", ""hes@L7"": ""Overhaul/Parada"", ""desconto_retirada_41c@L6_L7"": 1100.0}","('VALUE', 51.998)","('VALUE', 51.998)",True,True
equation,EQ16012,retirada_condensado_grupo@L6_L7,"{""retirada_cond_corr_ltp@L6_L7"": 0.0017, ""retirada_cond_corr_lth@L6_L7"": 970.0, ""hes@L6"": ""Overhaul/Parada"", ""hes@L7"": ""Overhaul/Parada"", ""desconto_retirada_41c@L6_L7"": 1870.0}","('VALUE', 1989.9966)","('VALUE', 1989.9966)",True,True
equation,EQ16012,retirada_condensado_grupo@L6_L7,"{""retirada_cond_corr_ltp@L6_L7"": 48.0, ""retirada_cond_corr_lth@L6_L7"": 1320.0, ""hes@L6"": ""Overhaul/Parada"", ""hes@L7"": ""1 By pass"", ""desconto_retirada_41c@L6_L7"": 47.0}","('VALUE', 2594.0)","('VALUE', 2594.0)",True,True
equation,EQ16012,retirada_condensado_grupo@L6_L7,"{""retirada_cond_corr_ltp@L6_L7"": 1.1, ""retirada_cond_corr_lth@L6_L7"": 1.0, ""hes@L6"": ""Overhaul/Parada"", ""hes@L7"": ""1 By pass"", ""desconto_retirada_41c@L6_L7"": 1700000.0}","('VALUE', 49.8)","('VALUE', 49.8)",True,True
equation,EQ16012,retirada_condensado_grupo@L6_L7,"{""retirada_cond_corr_ltp@L6_L7"": 3.0, ""retirada_cond_corr_lth@L6_L7"": 0.0017, ""hes@L6"": ""Overhaul/Parada"", ""hes@L7"": ""1 By pass"", ""desconto_retirada_41c@L6_L7"": 0.001}","('VALUE', 44.0034)","('VALUE', 44.0034)",True,True
equation,EQ16012,retirada_condensado_grupo@L6_L7,"{""retirada_cond_corr_ltp@L6_L7"": 47.0, ""retirada_cond_corr_lth@L6_L7"": 2244.0, ""hes@L6"": ""Overhaul/Parada"", ""hes@L7"": ""1 By pass e LC"", ""desconto_retirada_41c@L6_L7"": 81.6}","('VALUE', 4444.0)","('VALUE', 4444.0)",True,True
equation,EQ16012,retirada_condensado_grupo@L6_L7,"{""retirada_cond_corr_ltp@L6_L7"": 48.0, ""retirada_cond_corr_lth@L6_L7"": 1e-09, ""hes@L6"": ""Overhaul/Parada"", ""hes@L7"": ""1 By pass e LC"", ""desconto_retirada_41c@L6_L7"": 1.87}","('VALUE', -45.99999999800001)","('VALUE', -45.99999999800001)",True,True
equation,EQ16012,retirada_condensado_grupo@L6_L7,"{""retirada_cond_corr_ltp@L6_L7"": 79.89999999999999, ""retirada_cond_corr_lth@L6_L7"": 1649.0, ""hes@L6"": ""Overhaul/Parada"", ""hes@L7"": ""1 By pass e LC"", ""desconto_retirada_41c@L6_L7"": 3.0}","('VALUE', 3188.2)","('VALUE', 3188.2)",True,True
equation,EQ16012,retirada_condensado_grupo@L6_L7,"{""retirada_cond_corr_ltp@L6_L7"": 1649.0, ""retirada_cond_corr_lth@L6_L7"": 81.6, ""hes@L6"": ""1 By pass"", ""hes@L7"": ""Normal"", ""desconto_retirada_41c@L6_L7"": 1.0}","('VALUE', -3035.8)","('VALUE', -3035.8)",True,True
equation,EQ16012,retirada_condensado_grupo@L6_L7,"{""retirada_cond_corr_ltp@L6_L7"": 970.0, ""retirada_cond_corr_lth@L6_L7"": 1100.0, ""hes@L6"": ""1 By pass"", ""hes@L7"": ""Normal"", ""desconto_retirada_41c@L6_L7"": 1000000.0}","('VALUE', -999640.0)","('VALUE', -999640.0)",True,True
equation,EQ16012,retirada_condensado_grupo@L6_L7,"{""retirada_cond_corr_ltp@L6_L7"": 970.0, ""retirada_cond_corr_lth@L6_L7"": 1.7000000000000001e-09, ""hes@L6"": ""1 By pass"", ""hes@L7"": ""Normal"", ""desconto_retirada_41c@L6_L7"": 47.0}","('VALUE', -1886.9999999966)","('VALUE', -1886.9999999966)",True,True
equation,EQ16012,retirada_condensado_grupo@L6_L7,"{""retirada_cond_corr_ltp@L6_L7"": 1100.0, ""retirada_cond_corr_lth@L6_L7"": 0.001, ""hes@L6"": ""1 By pass"", ""hes@L7"": ""LC"", ""desconto_retirada_41c@L6_L7"": 1e-09}","('VALUE', -1662.4984166666666)","('VALUE', -1662.4984166666666)",True,True
equation,EQ16012,retirada_condensado_grupo@L6_L7,"{""retirada_cond_corr_ltp@L6_L7"": 1649.0, ""retirada_cond_corr_lth@L6_L7"": 0.5, ""hes@L6"": ""1 By pass"", ""hes@L7"": ""LC"", ""desconto_retirada_41c@L6_L7"": 1e-09}","('VALUE', -2530.9583333333335)","('VALUE', -2530.9583333333335)",True,True
equation,EQ16012,retirada_condensado_grupo@L6_L7,"{""retirada_cond_corr_ltp@L6_L7"": 0.5, ""retirada_cond_corr_lth@L6_L7"": 1.1, ""hes@L6"": ""1 By pass"", ""hes@L7"": ""LC"", ""desconto_retirada_41c@L6_L7"": 47.0}","('VALUE', 80.11666666666666)","('VALUE', 80.11666666666666)",True,True
equation,EQ16012,retirada_condensado_grupo@L6_L7,"{""retirada_cond_corr_ltp@L6_L7"": 79.89999999999999, ""retirada_cond_corr_lth@L6_L7"": 1e-09, ""hes@L6"": ""1 By pass"", ""hes@L7"": ""Overhaul/Parada"", ""desconto_retirada_41c@L6_L7"": 0.0017}","('VALUE', -109.79999999799998)","('VALUE', -109.79999999799998)",True,True
equation,EQ16012,retirada_condensado_grupo@L6_L7,"{""retirada_cond_corr_ltp@L6_L7"": 0.5, ""retirada_cond_corr_lth@L6_L7"": 1.1, ""hes@L6"": ""1 By pass"", ""hes@L7"": ""Overhaul/Parada"", ""desconto_retirada_41c@L6_L7"": 970.0}","('VALUE', 51.2)","('VALUE', 51.2)",True,True
equation,EQ16012,retirada_condensado_grupo@L6_L7,"{""retirada_cond_corr_ltp@L6_L7"": 1.0, ""retirada_cond_corr_lth@L6_L7"": 1870.0, ""hes@L6"": ""1 By pass"", ""hes@L7"": ""Overhaul/Parada"", ""desconto_retirada_41c@L6_L7"": 48.0}","('VALUE', 3788.0)","('VALUE', 3788.0)",True,True
equation,EQ16012,retirada_condensado_grupo@L6_L7,"{""retirada_cond_corr_ltp@L6_L7"": 1.0, ""retirada_cond_corr_lth@L6_L7"": 0.5, ""hes@L6"": ""1 By pass"", ""hes@L7"": ""1 By pass"", ""desconto_retirada_41c@L6_L7"": 1.87}","('VALUE', 97.13)","('VALUE', 97.13)",True,True
equation,EQ16012,retirada_condensado_grupo@L6_L7,"{""retirada_cond_corr_ltp@L6_L7"": 970.0, ""retirada_cond_corr_lth@L6_L7"": 0.5, ""hes@L6"": ""1 By pass"", ""hes@L7"": ""1 By pass"", ""desconto_retirada_41c@L6_L7"": 1.1}","('VALUE', -1840.1)","('VALUE', -1840.1)",True,True
equation,EQ16012,retirada_condensado_grupo@L6_L7,"{""retirada_cond_corr_ltp@L6_L7"": 1.0, ""retirada_cond_corr_lth@L6_L7"": 5.1, ""hes@L6"": ""1 By pass"", ""hes@L7"": ""1 By pass"", ""desconto_retirada_41c@L6_L7"": 3.0}","('VALUE', 105.2)","('VALUE', 105.2)",True,True
equation,EQ16012,retirada_condensado_grupo@L6_L7,"{""retirada_cond_corr_ltp@L6_L7"": 0.001, ""retirada_cond_corr_lth@L6_L7"": 3.0, ""hes@L6"": ""1 By pass"", ""hes@L7"": ""1 By pass e LC"", ""desconto_retirada_41c@L6_L7"": 1e-09}","('VALUE', 105.997999999)","('VALUE', 105.997999999)",True,True
equation,EQ16012,retirada_condensado_grupo@L6_L7,"{""retirada_cond_corr_ltp@L6_L7"": 48.0, ""retirada_cond_corr_lth@L6_L7"": 3.0, ""hes@L6"": ""1 By pass"", ""hes@L7"": ""1 By pass e LC"", ""desconto_retirada_41c@L6_L7"": 3.0}","('VALUE', 7.0)","('VALUE', 7.0)",True,True
equation,EQ16012,retirada_condensado_grupo@L6_L7,"{""retirada_cond_corr_ltp@L6_L7"": 0.0017, ""retirada_cond_corr_lth@L6_L7"": 1.0, ""hes@L6"": ""1 By pass"", ""hes@L7"": ""1 By pass e LC"", ""desconto_retirada_41c@L6_L7"": 1.0}","('VALUE', 100.9966)","('VALUE', 100.9966)",True,True
equation,EQ16012,retirada_condensado_grupo@L6_L7,"{""retirada_cond_corr_ltp@L6_L7"": 1e-09, ""retirada_cond_corr_lth@L6_L7"": 48.0, ""hes@L6"": ""1 By pass e LC"", ""hes@L7"": ""Normal"", ""desconto_retirada_41c@L6_L7"": 1100.0}","('STATE', ('NO_APPLICABLE_RULE', None, None))","('STATE', ('NO_APPLICABLE_RULE', None, None))",True,True
equation,EQ16012,retirada_condensado_grupo@L6_L7,"{""retirada_cond_corr_ltp@L6_L7"": 79.89999999999999, ""retirada_cond_corr_lth@L6_L7"": 48.0, ""hes@L6"": ""1 By pass e LC"", ""hes@L7"": ""Normal"", ""desconto_retirada_41c@L6_L7"": 0.5}","('STATE', ('NO_APPLICABLE_RULE', None, None))","('STATE', ('NO_APPLICABLE_RULE', None, None))",True,True
equation,EQ16012,retirada_condensado_grupo@L6_L7,"{""retirada_cond_corr_ltp@L6_L7"": 2244.0, ""retirada_cond_corr_lth@L6_L7"": 3.0, ""hes@L6"": ""1 By pass e LC"", ""hes@L7"": ""Normal"", ""desconto_retirada_41c@L6_L7"": 1.0}","('STATE', ('NO_APPLICABLE_RULE', None, None))","('STATE', ('NO_APPLICABLE_RULE', None, None))",True,True
equation,EQ16012,retirada_condensado_grupo@L6_L7,"{""retirada_cond_corr_ltp@L6_L7"": 970.0, ""retirada_cond_corr_lth@L6_L7"": 970.0, ""hes@L6"": ""1 By pass e LC"", ""hes@L7"": ""LC"", ""desconto_retirada_41c@L6_L7"": 0.0017}","('VALUE', 79.16666666666667)","('VALUE', 79.16666666666667)",True,True
equation,EQ16012,retirada_condensado_grupo@L6_L7,"{""retirada_cond_corr_ltp@L6_L7"": 79.89999999999999, ""retirada_cond_corr_lth@L6_L7"": 1000000.0, ""hes@L6"": ""1 By pass e LC"", ""hes@L7"": ""LC"", ""desconto_retirada_41c@L6_L7"": 1649.0}","('VALUE', 1583285.9916666665)","('VALUE', 1583285.9916666665)",True,True
equation,EQ16012,retirada_condensado_grupo@L6_L7,"{""retirada_cond_corr_ltp@L6_L7"": 47.0, ""retirada_cond_corr_lth@L6_L7"": 0.001, ""hes@L6"": ""1 By pass e LC"", ""hes@L7"": ""LC"", ""desconto_retirada_41c@L6_L7"": 1320.0}","('VALUE', 4.75158333333333)","('VALUE', 4.75158333333333)",True,True
equation,EQ16012,retirada_condensado_grupo@L6_L7,"{""retirada_cond_corr_ltp@L6_L7"": 3.0, ""retirada_cond_corr_lth@L6_L7"": 3.0, ""hes@L6"": ""1 By pass e LC"", ""hes@L7"": ""Overhaul/Parada"", ""desconto_retirada_41c@L6_L7"": 1320.0}","('VALUE', 50.0)","('VALUE', 50.0)",True,True
equation,EQ16012,retirada_condensado_grupo@L6_L7,"{""retirada_cond_corr_ltp@L6_L7"": 0.001, ""retirada_cond_corr_lth@L6_L7"": 48.0, ""hes@L6"": ""1 By pass e LC"", ""hes@L7"": ""Overhaul/Parada"", ""desconto_retirada_41c@L6_L7"": 1100.0}","('VALUE', 145.998)","('VALUE', 145.998)",True,True
equation,EQ16012,retirada_condensado_grupo@L6_L7,"{""retirada_cond_corr_ltp@L6_L7"": 47.0, ""retirada_cond_corr_lth@L6_L7"": 1100.0, ""hes@L6"": ""1 By pass e LC"", ""hes@L7"": ""Overhaul/Parada"", ""desconto_retirada_41c@L6_L7"": 970.0}","('VALUE', 2156.0)","('VALUE', 2156.0)",True,True
equation,EQ16012,retirada_condensado_grupo@L6_L7,"{""retirada_cond_corr_ltp@L6_L7"": 47.0, ""retirada_cond_corr_lth@L6_L7"": 0.5, ""hes@L6"": ""1 By pass e LC"", ""hes@L7"": ""1 By pass"", ""desconto_retirada_41c@L6_L7"": 1e-09}","('VALUE', 6.999999999)","('VALUE', 6.999999999)",True,True
equation,EQ16012,retirada_condensado_grupo@L6_L7,"{""retirada_cond_corr_ltp@L6_L7"": 1.7000000000000001e-09, ""retirada_cond_corr_lth@L6_L7"": 47.0, ""hes@L6"": ""1 By pass e LC"", ""hes@L7"": ""1 By pass"", ""desconto_retirada_41c@L6_L7"": 48.0}","('VALUE', 145.9999999966)","('VALUE', 145.9999999966)",True,True
equation,EQ16012,retirada_condensado_grupo@L6_L7,"{""retirada_cond_corr_ltp@L6_L7"": 970.0, ""retirada_cond_corr_lth@L6_L7"": 5.1, ""hes@L6"": ""1 By pass e LC"", ""hes@L7"": ""1 By pass"", ""desconto_retirada_41c@L6_L7"": 3.0}","('VALUE', -1832.8)","('VALUE', -1832.8)",True,True
equation,EQ16012,retirada_condensado_grupo@L6_L7,"{""retirada_cond_corr_ltp@L6_L7"": 1000000.0, ""retirada_cond_corr_lth@L6_L7"": 1.87, ""hes@L6"": ""1 By pass e LC"", ""hes@L7"": ""1 By pass e LC"", ""desconto_retirada_41c@L6_L7"": 0.001}","('VALUE', -1583251.2060416667)","('VALUE', -1583251.2060416667)",True,True
equation,EQ16012,retirada_condensado_grupo@L6_L7,"{""retirada_cond_corr_ltp@L6_L7"": 1000000.0, ""retirada_cond_corr_lth@L6_L7"": 970.0, ""hes@L6"": ""1 By pass e LC"", ""hes@L7"": ""1 By pass e LC"", ""desconto_retirada_41c@L6_L7"": 1649.0}","('VALUE', -1582061.875)","('VALUE', -1582061.875)",True,True
equation,EQ16012,retirada_condensado_grupo@L6_L7,"{""retirada_cond_corr_ltp@L6_L7"": 1649.0, ""retirada_cond_corr_lth@L6_L7"": 1.0, ""hes@L6"": ""1 By pass e LC"", ""hes@L7"": ""1 By pass e LC"", ""desconto_retirada_41c@L6_L7"": 3.0}","('VALUE', -2530.7916666666665)","('VALUE', -2530.7916666666665)",True,True
equation,EQ16013,retirada_condensado_linha@L1,"{""retirada_condensado_grupo@L1_L3"": 0.0017, ""lth@L1"": 1100.0, ""lth@L2"": 1870.0, ""lth@L3"": 1100.0}","('VALUE', 0.0004594594594594594)","('VALUE', 0.0004594594594594594)",True,True
equation,EQ16013,retirada_condensado_linha@L1,"{""retirada_condensado_grupo@L1_L3"": 1.87, ""lth@L1"": 1100.0, ""lth@L2"": 1.7000000000000001e-09, ""lth@L3"": 1e-09}","('VALUE', 1.86999999999541)","('VALUE', 1.86999999999541)",True,True
equation,EQ16013,retirada_condensado_linha@L1,"{""retirada_condensado_grupo@L1_L3"": 47.0, ""lth@L1"": 1100.0, ""lth@L2"": 0.001, ""lth@L3"": 1.1}","('VALUE', 46.953004311139495)","('VALUE', 46.953004311139495)",True,True
equation,EQ16013,retirada_condensado_linha@L1,"{""retirada_condensado_grupo@L1_L3"": 47.0, ""lth@L1"": 1e-09, ""lth@L2"": 81.6, ""lth@L3"": 1100.0}","('VALUE', 3.977657413673005e-11)","('VALUE', 3.977657413673005e-11)",True,True
equation,EQ16013,retirada_condensado_linha@L1,"{""retirada_condensado_grupo@L1_L3"": 1100.0, ""lth@L1"": 3.0, ""lth@L2"": 48.0, ""lth@L3"": 1.0}","('VALUE', 63.46153846153846)","('VALUE', 63.46153846153846)",True,True
equation,EQ16013,retirada_condensado_linha@L1,"{""retirada_condensado_grupo@L1_L3"": 970.0, ""lth@L1"": 1.0, ""lth@L2"": 1870.0, ""lth@L3"": 3.0}","('VALUE', 0.5176093916755603)","('VALUE', 0.5176093916755603)",True,True
equation,EQ16013,retirada_condensado_linha@L1,"{""retirada_condensado_grupo@L1_L3"": 1.7, ""lth@L1"": 1.1, ""lth@L2"": 48.0, ""lth@L3"": 1100.0}","('VALUE', 0.0016273605430336788)","('VALUE', 0.0016273605430336788)",True,True
equation,EQ16013,retirada_condensado_linha@L1,"{""retirada_condensado_grupo@L1_L3"": 1320.0, ""lth@L1"": 0.0017, ""lth@L2"": 3.0, ""lth@L3"": 1e-09}","('VALUE', 0.7475763731393621)","('VALUE', 0.7475763731393621)",True,True
equation,EQ16013,retirada_condensado_linha@L1,"{""retirada_condensado_grupo@L1_L3"": 1.7000000000000001e-09, ""lth@L1"": 47.0, ""lth@L2"": 3.0, ""lth@L3"": 5.1}","('VALUE', 1.4500907441016335e-09)","('VALUE', 1.4500907441016335e-09)",True,True
equation,EQ16013,retirada_condensado_linha@L1,"{""retirada_condensado_grupo@L1_L3"": 47.0, ""lth@L1"": 970.0, ""lth@L2"": 3.0, ""lth@L3"": 1.0}","('VALUE', 46.80698151950719)","('VALUE', 46.80698151950719)",True,True
equation,EQ16013,retirada_condensado_linha@L1,"{""retirada_condensado_grupo@L1_L3"": 3.0, ""lth@L1"": 1e-09, ""lth@L2"": 1700000.0, ""lth@L3"": 0.001}","('VALUE', 1.7647058813148783e-15)","('VALUE', 1.7647058813148783e-15)",True,True
equation,EQ16013,retirada_condensado_linha@L1,"{""retirada_condensado_grupo@L1_L3"": 0.001, ""lth@L1"": 0.0017, ""lth@L2"": 0.5, ""lth@L3"": 5.1}","('VALUE', 3.034793009265045e-07)","('VALUE', 3.034793009265045e-07)",True,True
equation,EQ16013,retirada_condensado_linha@L1,"{""retirada_condensado_grupo@L1_L3"": 970.0, ""lth@L1"": 970.0, ""lth@L2"": 1100.0, ""lth@L3"": 1320.0}","('VALUE', 277.55162241887905)","('VALUE', 277.55162241887905)",True,True
equation,EQ16013,retirada_condensado_linha@L1,"{""retirada_condensado_grupo@L1_L3"": 970.0, ""lth@L1"": 0.001, ""lth@L2"": 0.5, ""lth@L3"": 1e-09}","('VALUE', 1.9361277406464517)","('VALUE', 1.9361277406464517)",True,True
equation,EQ16013,retirada_condensado_linha@L1,"{""retirada_condensado_grupo@L1_L3"": 970.0, ""lth@L1"": 1649.0, ""lth@L2"": 81.6, ""lth@L3"": 79.89999999999999}","('VALUE', 883.4741784037559)","('VALUE', 883.4741784037559)",True,True
equation,EQ16013,retirada_condensado_linha@L1,"{""retirada_condensado_grupo@L1_L3"": 0.5, ""lth@L1"": 1000000.0, ""lth@L2"": 0.001, ""lth@L3"": 1.7}","('VALUE', 0.4999991495014467)","('VALUE', 0.4999991495014467)",True,True
equation,EQ16013,retirada_condensado_linha@L1,"{""retirada_condensado_grupo@L1_L3"": 1.7, ""lth@L1"": 1100.0, ""lth@L2"": 1320.0, ""lth@L3"": 48.0}","('VALUE', 0.7576985413290114)","('VALUE', 0.7576985413290114)",True,True
equation,EQ16013,retirada_condensado_linha@L1,"{""retirada_condensado_grupo@L1_L3"": 1e-09, ""lth@L1"": 1e-09, ""lth@L2"": 1.1, ""lth@L3"": 1.7}","('VALUE', 3.5714285701530615e-19)","('VALUE', 3.5714285701530615e-19)",True,True
equation,EQ16013,retirada_condensado_linha@L1,"{""retirada_condensado_grupo@L1_L3"": 0.001, ""lth@L1"": 1000000.0, ""lth@L2"": 79.89999999999999, ""lth@L3"": 970.0}","('VALUE', 0.0009989512011339295)","('VALUE', 0.0009989512011339295)",True,True
equation,EQ16013,retirada_condensado_linha@L1,"{""retirada_condensado_grupo@L1_L3"": 1.7, ""lth@L1"": 1700000.0, ""lth@L2"": 0.001, ""lth@L3"": 1320.0}","('VALUE', 1.6986810231475085)","('VALUE', 1.6986810231475085)",True,True
equation,EQ16013,retirada_condensado_linha@L1,"{""retirada_condensado_grupo@L1_L3"": 970.0, ""lth@L1"": 2244.0, ""lth@L2"": 1.0, ""lth@L3"": 48.0}","('VALUE', 949.2716964675099)","('VALUE', 949.2716964675099)",True,True
equation,EQ16013,retirada_condensado_linha@L1,"{""retirada_condensado_grupo@L1_L3"": 0.0017, ""lth@L1"": 0.0017, ""lth@L2"": 1.0, ""lth@L3"": 1.7000000000000001e-09}","('VALUE', 2.8850953330291884e-06)","('VALUE', 2.8850953330291884e-06)",True,True
equation,EQ16013,retirada_condensado_linha@L1,"{""retirada_condensado_grupo@L1_L3"": 48.0, ""lth@L1"": 1000000.0, ""lth@L2"": 79.89999999999999, ""lth@L3"": 0.5}","('VALUE', 47.99614111025473)","('VALUE', 47.99614111025473)",True,True
equation,EQ16013,retirada_condensado_linha@L1,"{""retirada_condensado_grupo@L1_L3"": 1.7000000000000001e-09, ""lth@L1"": 1100.0, ""lth@L2"": 0.5, ""lth@L3"": 1e-09}","('VALUE', 1.6992276238058163e-09)","('VALUE', 1.6992276238058163e-09)",True,True
equation,EQ16013,retirada_condensado_linha@L1,"{""retirada_condensado_grupo@L1_L3"": 1.0, ""lth@L1"": 0.85, ""lth@L2"": 1.0, ""lth@L3"": 48.0}","('VALUE', 0.017051153460381142)","('VALUE', 0.017051153460381142)",True,True
equation,EQ16013,retirada_condensado_linha@L1,"{""retirada_condensado_grupo@L1_L3"": 79.89999999999999, ""lth@L1"": 0.0017, ""lth@L2"": 1.0, ""lth@L3"": 1e-09}","('VALUE', 0.13559948074713035)","('VALUE', 0.13559948074713035)",True,True
equation,EQ16013,retirada_condensado_linha@L1,"{""retirada_condensado_grupo@L1_L3"": 3.0, ""lth@L1"": 1320.0, ""lth@L2"": 48.0, ""lth@L3"": 1.0}","('VALUE', 2.8926223520818115)","('VALUE', 2.8926223520818115)",True,True
equation,EQ16013,retirada_condensado_linha@L1,"{""retirada_condensado_grupo@L1_L3"": 1.1, ""lth@L1"": 48.0, ""lth@L2"": 1320.0, ""lth@L3"": 47.0}","('VALUE', 0.03731448763250884)","('VALUE', 0.03731448763250884)",True,True
equation,EQ16013,retirada_condensado_linha@L1,"{""retirada_condensado_grupo@L1_L3"": 79.89999999999999, ""lth@L1"": 1700000.0, ""lth@L2"": 0.5, ""lth@L3"": 1700000.0}","('VALUE', 39.94999412500086)","('VALUE', 39.94999412500086)",True,True
equation,EQ16013,retirada_condensado_linha@L1,"{""retirada_condensado_grupo@L1_L3"": 47.0, ""lth@L1"": 5.1, ""lth@L2"": 0.001, ""lth@L3"": 1e-09}","('VALUE', 46.99078611115648)","('VALUE', 46.99078611115648)",True,True
equation,EQ16013,retirada_condensado_linha@L1,"{""retirada_condensado_grupo@L1_L3"": 0.85, ""lth@L1"": 1.7000000000000001e-09, ""lth@L2"": 1.87, ""lth@L3"": 0.001}","('VALUE', 7.723142697418845e-10)","('VALUE', 7.723142697418845e-10)",True,True
equation,EQ16013,retirada_condensado_linha@L1,"{""retirada_condensado_grupo@L1_L3"": 3.0, ""lth@L1"": 0.001, ""lth@L2"": 0.001, ""lth@L3"": 81.6}","('VALUE', 3.6763804808705675e-05)","('VALUE', 3.6763804808705675e-05)",True,True
equation,EQ16013,retirada_condensado_linha@L1,"{""retirada_condensado_grupo@L1_L3"": 1700000.0, ""lth@L1"": 1000000.0, ""lth@L2"": 48.0, ""lth@L3"": 0.5}","('VALUE', 1699917.553998631)","('VALUE', 1699917.553998631)",True,True
equation,EQ16013,retirada_condensado_linha@L1,"{""retirada_condensado_grupo@L1_L3"": 0.001, ""lth@L1"": 970.0, ""lth@L2"": 1700000.0, ""lth@L3"": 1700000.0}","('VALUE', 2.8521274812774e-07)","('VALUE', 2.8521274812774e-07)",True,True
equation,EQ16013,retirada_condensado_linha@L1,"{""retirada_condensado_grupo@L1_L3"": 1100.0, ""lth@L1"": 0.5, ""lth@L2"": 0.5, ""lth@L3"": 1320.0}","('VALUE', 0.41635124905374715)","('VALUE', 0.41635124905374715)",True,True
equation,EQ16013,retirada_condensado_linha@L1,"{""retirada_condensado_grupo@L1_L3"": 3.0, ""lth@L1"": 1.0, ""lth@L2"": 1320.0, ""lth@L3"": 1.1}","('VALUE', 0.002269117313365101)","('VALUE', 0.002269117313365101)",True,True
equation,EQ16013,retirada_condensado_linha@L1,"{""retirada_condensado_grupo@L1_L3"": 970.0, ""lth@L1"": 1.0, ""lth@L2"": 48.0, ""lth@L3"": 48.0}","('VALUE', 10.0)","('VALUE', 10.0)",True,True
equation,EQ16013,retirada_condensado_linha@L1,"{""retirada_condensado_grupo@L1_L3"": 0.001, ""lth@L1"": 47.0, ""lth@L2"": 1.1, ""lth@L3"": 1.87}","('VALUE', 0.000940564338603162)","('VALUE', 0.000940564338603162)",True,True
equation,EQ16013,retirada_condensado_linha@L1,"{""retirada_condensado_grupo@L1_L3"": 0.0017, ""lth@L1"": 970.0, ""lth@L2"": 48.0, ""lth@L3"": 1320.0}","('VALUE', 0.0007053036783575705)","('VALUE', 0.0007053036783575705)",True,True
equation,EQ16013,retirada_condensado_linha@L1,"{""retirada_condensado_grupo@L1_L3"": 970.0, ""lth@L1"": 2244.0, ""lth@L2"": 1.7000000000000001e-09, ""lth@L3"": 970.0}","('VALUE', 677.24953329149)","('VALUE', 677.24953329149)",True,True
equation,EQ16013,retirada_condensado_linha@L1,"{""retirada_condensado_grupo@L1_L3"": 10.0, ""lth@L1"": 0.0, ""lth@L2"": 0.0, ""lth@L3"": 0.0}","('FAILURE', 'DIVISION_BY_ZERO')","('FAILURE', 'DIVISION_BY_ZERO')",True,True
equation,EQ16013,retirada_condensado_linha@L1,"{""retirada_condensado_grupo@L1_L3"": 10.0, ""lth@L1"": 5.0, ""lth@L2"": -2.0, ""lth@L3"": -3.0}","('FAILURE', 'DIVISION_BY_ZERO')","('FAILURE', 'DIVISION_BY_ZERO')",True,True
equation,EQ16014,retirada_condensado_linha@L2,"{""retirada_condensado_grupo@L1_L3"": 1320.0, ""lth@L2"": 0.85, ""lth@L1"": 1700000.0, ""lth@L3"": 79.89999999999999}","('VALUE', 0.0006599686514890543)","('VALUE', 0.0006599686514890543)",True,True
equation,EQ16014,retirada_condensado_linha@L2,"{""retirada_condensado_grupo@L1_L3"": 1100.0, ""lth@L2"": 1.87, ""lth@L1"": 1e-09, ""lth@L3"": 1.0}","('VALUE', 716.7247384262282)","('VALUE', 716.7247384262282)",True,True
equation,EQ16014,retirada_condensado_linha@L2,"{""retirada_condensado_grupo@L1_L3"": 1700000.0, ""lth@L2"": 1.87, ""lth@L1"": 3.0, ""lth@L3"": 1e-09}","('VALUE', 652772.0737879318)","('VALUE', 652772.0737879318)",True,True
equation,EQ16014,retirada_condensado_linha@L2,"{""retirada_condensado_grupo@L1_L3"": 1.0, ""lth@L2"": 1100.0, ""lth@L1"": 1.0, ""lth@L3"": 1.0}","('VALUE', 0.9981851179673321)","('VALUE', 0.9981851179673321)",True,True
equation,EQ16014,retirada_condensado_linha@L2,"{""retirada_condensado_grupo@L1_L3"": 1.87, ""lth@L2"": 0.001, ""lth@L1"": 3.0, ""lth@L3"": 1320.0}","('VALUE', 1.4134532022273605e-06)","('VALUE', 1.4134532022273605e-06)",True,True
equation,EQ16014,retirada_condensado_linha@L2,"{""retirada_condensado_grupo@L1_L3"": 0.5, ""lth@L2"": 1100.0, ""lth@L1"": 48.0, ""lth@L3"": 0.001}","('VALUE', 0.4790936593260807)","('VALUE', 0.4790936593260807)",True,True
equation,EQ16014,retirada_condensado_linha@L2,"{""retirada_condensado_grupo@L1_L3"": 1e-09, ""lth@L2"": 81.6, ""lth@L1"": 81.6, ""lth@L3"": 3.0}","('VALUE', 4.909747292418773e-10)","('VALUE', 4.909747292418773e-10)",True,True
equation,EQ16014,retirada_condensado_linha@L2,"{""retirada_condensado_grupo@L1_L3"": 970.0, ""lth@L2"": 0.5, ""lth@L1"": 0.5, ""lth@L3"": 0.001}","('VALUE', 484.51548451548456)","('VALUE', 484.51548451548456)",True,True
equation,EQ16014,retirada_condensado_linha@L2,"{""retirada_condensado_grupo@L1_L3"": 1.0, ""lth@L2"": 0.5, ""lth@L1"": 0.5, ""lth@L3"": 1.87}","('VALUE', 0.17421602787456444)","('VALUE', 0.17421602787456444)",True,True
equation,EQ16014,retirada_condensado_linha@L2,"{""retirada_condensado_grupo@L1_L3"": 0.001, ""lth@L2"": 47.0, ""lth@L1"": 1320.0, ""lth@L3"": 1.0}","('VALUE', 3.435672514619883e-05)","('VALUE', 3.435672514619883e-05)",True,True
equation,EQ16014,retirada_condensado_linha@L2,"{""retirada_condensado_grupo@L1_L3"": 48.0, ""lth@L2"": 1000000.0, ""lth@L1"": 1870.0, ""lth@L3"": 970.0}","('VALUE', 47.864066052411154)","('VALUE', 47.864066052411154)",True,True
equation,EQ16014,retirada_condensado_linha@L2,"{""retirada_condensado_grupo@L1_L3"": 1320.0, ""lth@L2"": 5.1, ""lth@L1"": 1.87, ""lth@L3"": 2244.0}","('VALUE', 2.990710671399441)","('VALUE', 2.990710671399441)",True,True
equation,EQ16014,retirada_condensado_linha@L2,"{""retirada_condensado_grupo@L1_L3"": 1000000.0, ""lth@L2"": 1.7000000000000001e-09, ""lth@L1"": 1.1, ""lth@L3"": 0.5}","('VALUE', 0.0010624999988710939)","('VALUE', 0.0010624999988710939)",True,True
equation,EQ16014,retirada_condensado_linha@L2,"{""retirada_condensado_grupo@L1_L3"": 48.0, ""lth@L2"": 1.1, ""lth@L1"": 1649.0, ""lth@L3"": 47.0}","('VALUE', 0.03111189676506983)","('VALUE', 0.03111189676506983)",True,True
equation,EQ16014,retirada_condensado_linha@L2,"{""retirada_condensado_grupo@L1_L3"": 2244.0, ""lth@L2"": 1.7, ""lth@L1"": 1.1, ""lth@L3"": 1000000.0}","('VALUE', 0.0038147893185899073)","('VALUE', 0.0038147893185899073)",True,True
equation,EQ16014,retirada_condensado_linha@L2,"{""retirada_condensado_grupo@L1_L3"": 1.1, ""lth@L2"": 970.0, ""lth@L1"": 3.0, ""lth@L3"": 1320.0}","('VALUE', 0.4653292629742695)","('VALUE', 0.4653292629742695)",True,True
equation,EQ16014,retirada_condensado_linha@L2,"{""retirada_condensado_grupo@L1_L3"": 1.1, ""lth@L2"": 0.85, ""lth@L1"": 1320.0, ""lth@L3"": 0.0017}","('VALUE', 0.0007078765920504172)","('VALUE', 0.0007078765920504172)",True,True
equation,EQ16014,retirada_condensado_linha@L2,"{""retirada_condensado_grupo@L1_L3"": 0.85, ""lth@L2"": 1100.0, ""lth@L1"": 1320.0, ""lth@L3"": 3.0}","('VALUE', 0.38588526619892694)","('VALUE', 0.38588526619892694)",True,True
equation,EQ16014,retirada_condensado_linha@L2,"{""retirada_condensado_grupo@L1_L3"": 0.5, ""lth@L2"": 1.0, ""lth@L1"": 1100.0, ""lth@L3"": 1.1}","('VALUE', 0.0004536793394428818)","('VALUE', 0.0004536793394428818)",True,True
equation,EQ16014,retirada_condensado_linha@L2,"{""retirada_condensado_grupo@L1_L3"": 1870.0, ""lth@L2"": 0.85, ""lth@L1"": 3.0, ""lth@L3"": 970.0}","('VALUE', 1.6321815474662422)","('VALUE', 1.6321815474662422)",True,True
equation,EQ16014,retirada_condensado_linha@L2,"{""retirada_condensado_grupo@L1_L3"": 47.0, ""lth@L2"": 3.0, ""lth@L1"": 0.0017, ""lth@L3"": 3.0}","('VALUE', 23.493343552660082)","('VALUE', 23.493343552660082)",True,True
equation,EQ16014,retirada_condensado_linha@L2,"{""retirada_condensado_grupo@L1_L3"": 48.0, ""lth@L2"": 3.0, ""lth@L1"": 1.1, ""lth@L3"": 0.001}","('VALUE', 35.11338697878566)","('VALUE', 35.11338697878566)",True,True
equation,EQ16014,retirada_condensado_linha@L2,"{""retirada_condensado_grupo@L1_L3"": 1870.0, ""lth@L2"": 0.85, ""lth@L1"": 81.6, ""lth@L3"": 0.5}","('VALUE', 19.162145871006633)","('VALUE', 19.162145871006633)",True,True
equation,EQ16014,retirada_condensado_linha@L2,"{""retirada_condensado_grupo@L1_L3"": 79.89999999999999, ""lth@L2"": 2244.0, ""lth@L1"": 47.0, ""lth@L3"": 1.1}","('VALUE', 78.22328868723004)","('VALUE', 78.22328868723004)",True,True
equation,EQ16014,retirada_condensado_linha@L2,"{""retirada_condensado_grupo@L1_L3"": 0.5, ""lth@L2"": 1.7, ""lth@L1"": 0.85, ""lth@L3"": 1000000.0}","('VALUE', 8.49997832505527e-07)","('VALUE', 8.49997832505527e-07)",True,True
equation,EQ16014,retirada_condensado_linha@L2,"{""retirada_condensado_grupo@L1_L3"": 0.001, ""lth@L2"": 3.0, ""lth@L1"": 1e-09, ""lth@L3"": 1100.0}","('VALUE', 2.7198549410673437e-06)","('VALUE', 2.7198549410673437e-06)",True,True
equation,EQ16014,retirada_condensado_linha@L2,"{""retirada_condensado_grupo@L1_L3"": 970.0, ""lth@L2"": 1700000.0, ""lth@L1"": 1e-09, ""lth@L3"": 1.1}","('VALUE', 969.9993723533468)","('VALUE', 969.9993723533468)",True,True
equation,EQ16014,retirada_condensado_linha@L2,"{""retirada_condensado_grupo@L1_L3"": 1.0, ""lth@L2"": 1870.0, ""lth@L1"": 1000000.0, ""lth@L3"": 1000000.0}","('VALUE', 0.0009341265916368196)","('VALUE', 0.0009341265916368196)",True,True
equation,EQ16014,retirada_condensado_linha@L2,"{""retirada_condensado_grupo@L1_L3"": 0.0017, ""lth@L2"": 2244.0, ""lth@L1"": 970.0, ""lth@L3"": 1.87}","('VALUE', 0.0011862419811746122)","('VALUE', 0.0011862419811746122)",True,True
equation,EQ16014,retirada_condensado_linha@L2,"{""retirada_condensado_grupo@L1_L3"": 5.1, ""lth@L2"": 5.1, ""lth@L1"": 1e-09, ""lth@L3"": 1000000.0}","('VALUE', 2.6009867349676488e-05)","('VALUE', 2.6009867349676488e-05)",True,True
equation,EQ16014,retirada_condensado_linha@L2,"{""retirada_condensado_grupo@L1_L3"": 0.5, ""lth@L2"": 1100.0, ""lth@L1"": 1100.0, ""lth@L3"": 1000000.0}","('VALUE', 0.0005487926561564558)","('VALUE', 0.0005487926561564558)",True,True
equation,EQ16014,retirada_condensado_linha@L2,"{""retirada_condensado_grupo@L1_L3"": 81.6, ""lth@L2"": 81.6, ""lth@L1"": 1.1, ""lth@L3"": 1320.0}","('VALUE', 4.7469594353746345)","('VALUE', 4.7469594353746345)",True,True
equation,EQ16014,retirada_condensado_linha@L2,"{""retirada_condensado_grupo@L1_L3"": 0.001, ""lth@L2"": 0.001, ""lth@L1"": 48.0, ""lth@L3"": 0.001}","('VALUE', 2.0832465313945255e-08)","('VALUE', 2.0832465313945255e-08)",True,True
equation,EQ16014,retirada_condensado_linha@L2,"{""retirada_condensado_grupo@L1_L3"": 2244.0, ""lth@L2"": 1870.0, ""lth@L1"": 0.5, ""lth@L3"": 970.0}","('VALUE', 1477.303291674001)","('VALUE', 1477.303291674001)",True,True
equation,EQ16014,retirada_condensado_linha@L2,"{""retirada_condensado_grupo@L1_L3"": 0.5, ""lth@L2"": 1.0, ""lth@L1"": 1870.0, ""lth@L3"": 1.7}","('VALUE', 0.0002669941795268863)","('VALUE', 0.0002669941795268863)",True,True
equation,EQ16014,retirada_condensado_linha@L2,"{""retirada_condensado_grupo@L1_L3"": 1320.0, ""lth@L2"": 1.1, ""lth@L1"": 1e-09, ""lth@L3"": 970.0}","('VALUE', 1.495211615692004)","('VALUE', 1.495211615692004)",True,True
equation,EQ16014,retirada_condensado_linha@L2,"{""retirada_condensado_grupo@L1_L3"": 3.0, ""lth@L2"": 1.7000000000000001e-09, ""lth@L1"": 5.1, ""lth@L3"": 970.0}","('VALUE', 5.230232796627125e-12)","('VALUE', 5.230232796627125e-12)",True,True
equation,EQ16014,retirada_condensado_linha@L2,"{""retirada_condensado_grupo@L1_L3"": 970.0, ""lth@L2"": 1e-09, ""lth@L1"": 81.6, ""lth@L3"": 1.0}","('VALUE', 1.1743341404216184e-08)","('VALUE', 1.1743341404216184e-08)",True,True
equation,EQ16014,retirada_condensado_linha@L2,"{""retirada_condensado_grupo@L1_L3"": 79.89999999999999, ""lth@L2"": 5.1, ""lth@L1"": 1.0, ""lth@L3"": 1100.0}","('VALUE', 0.3684024952535937)","('VALUE', 0.3684024952535937)",True,True
equation,EQ16014,retirada_condensado_linha@L2,"{""retirada_condensado_grupo@L1_L3"": 79.89999999999999, ""lth@L2"": 0.5, ""lth@L1"": 48.0, ""lth@L3"": 970.0}","('VALUE', 0.03922434953362788)","('VALUE', 0.03922434953362788)",True,True
equation,EQ16014,retirada_condensado_linha@L2,"{""retirada_condensado_grupo@L1_L3"": 10.0, ""lth@L2"": 0.0, ""lth@L1"": 0.0, ""lth@L3"": 0.0}","('FAILURE', 'DIVISION_BY_ZERO')","('FAILURE', 'DIVISION_BY_ZERO')",True,True
equation,EQ16014,retirada_condensado_linha@L2,"{""retirada_condensado_grupo@L1_L3"": 10.0, ""lth@L2"": -2.0, ""lth@L1"": 5.0, ""lth@L3"": -3.0}","('FAILURE', 'DIVISION_BY_ZERO')","('FAILURE', 'DIVISION_BY_ZERO')",True,True
equation,EQ16015,retirada_condensado_linha@L3,"{""retirada_condensado_grupo@L1_L3"": 0.0017, ""lth@L3"": 2244.0, ""lth@L1"": 1.1, ""lth@L2"": 970.0}","('VALUE', 0.0011865260800597182)","('VALUE', 0.0011865260800597182)",True,True
equation,EQ16015,retirada_condensado_linha@L3,"{""retirada_condensado_grupo@L1_L3"": 0.85, ""lth@L3"": 1.0, ""lth@L1"": 1000000.0, ""lth@L2"": 48.0}","('VALUE', 8.499583520407499e-07)","('VALUE', 8.499583520407499e-07)",True,True
equation,EQ16015,retirada_condensado_linha@L3,"{""retirada_condensado_grupo@L1_L3"": 2244.0, ""lth@L3"": 1100.0, ""lth@L1"": 0.001, ""lth@L2"": 970.0}","('VALUE', 1192.463192046767)","('VALUE', 1192.463192046767)",True,True
equation,EQ16015,retirada_condensado_linha@L3,"{""retirada_condensado_grupo@L1_L3"": 970.0, ""lth@L3"": 0.5, ""lth@L1"": 1100.0, ""lth@L2"": 0.001}","('VALUE', 0.44070836827953813)","('VALUE', 0.44070836827953813)",True,True
equation,EQ16015,retirada_condensado_linha@L3,"{""retirada_condensado_grupo@L1_L3"": 1000000.0, ""lth@L3"": 47.0, ""lth@L1"": 3.0, ""lth@L2"": 1.87}","('VALUE', 906111.4324272219)","('VALUE', 906111.4324272219)",True,True
equation,EQ16015,retirada_condensado_linha@L3,"{""retirada_condensado_grupo@L1_L3"": 0.001, ""lth@L3"": 47.0, ""lth@L1"": 1.1, ""lth@L2"": 1000000.0}","('VALUE', 4.699773940873444e-08)","('VALUE', 4.699773940873444e-08)",True,True
equation,EQ16015,retirada_condensado_linha@L3,"{""retirada_condensado_grupo@L1_L3"": 0.5, ""lth@L3"": 1320.0, ""lth@L1"": 0.001, ""lth@L2"": 1.0}","('VALUE', 0.4996211206501736)","('VALUE', 0.4996211206501736)",True,True
equation,EQ16015,retirada_condensado_linha@L3,"{""retirada_condensado_grupo@L1_L3"": 1100.0, ""lth@L3"": 1000000.0, ""lth@L1"": 1000000.0, ""lth@L2"": 1e-09}","('VALUE', 549.9999999999998)","('VALUE', 549.9999999999998)",True,True
equation,EQ16015,retirada_condensado_linha@L3,"{""retirada_condensado_grupo@L1_L3"": 1.87, ""lth@L3"": 970.0, ""lth@L1"": 1.7, ""lth@L2"": 0.5}","('VALUE', 1.8657683604196666)","('VALUE', 1.8657683604196666)",True,True
equation,EQ16015,retirada_condensado_linha@L3,"{""retirada_condensado_grupo@L1_L3"": 1320.0, ""lth@L3"": 48.0, ""lth@L1"": 1100.0, ""lth@L2"": 0.0017}","('VALUE', 55.19155590100607)","('VALUE', 55.19155590100607)",True,True
equation,EQ16015,retirada_condensado_linha@L3,"{""retirada_condensado_grupo@L1_L3"": 0.0017, ""lth@L3"": 1e-09, ""lth@L1"": 1649.0, ""lth@L2"": 0.5}","('VALUE', 1.0306153379805816e-15)","('VALUE', 1.0306153379805816e-15)",True,True
equation,EQ16015,retirada_condensado_linha@L3,"{""retirada_condensado_grupo@L1_L3"": 1000000.0, ""lth@L3"": 3.0, ""lth@L1"": 0.5, ""lth@L2"": 1.1}","('VALUE', 652173.9130434783)","('VALUE', 652173.9130434783)",True,True
equation,EQ16015,retirada_condensado_linha@L3,"{""retirada_condensado_grupo@L1_L3"": 1320.0, ""lth@L3"": 1e-09, ""lth@L1"": 1870.0, ""lth@L2"": 0.001}","('VALUE', 7.058819754638068e-10)","('VALUE', 7.058819754638068e-10)",True,True
equation,EQ16015,retirada_condensado_linha@L3,"{""retirada_condensado_grupo@L1_L3"": 1.7, ""lth@L3"": 1320.0, ""lth@L1"": 1.7, ""lth@L2"": 3.0}","('VALUE', 1.6939684456858155)","('VALUE', 1.6939684456858155)",True,True
equation,EQ16015,retirada_condensado_linha@L3,"{""retirada_condensado_grupo@L1_L3"": 1e-09, ""lth@L3"": 1000000.0, ""lth@L1"": 5.1, ""lth@L2"": 1000000.0}","('VALUE', 4.999987250032513e-10)","('VALUE', 4.999987250032513e-10)",True,True
equation,EQ16015,retirada_condensado_linha@L3,"{""retirada_condensado_grupo@L1_L3"": 1000000.0, ""lth@L3"": 47.0, ""lth@L1"": 79.89999999999999, ""lth@L2"": 3.0}","('VALUE', 361816.7821401078)","('VALUE', 361816.7821401078)",True,True
equation,EQ16015,retirada_condensado_linha@L3,"{""retirada_condensado_grupo@L1_L3"": 1.87, ""lth@L3"": 47.0, ""lth@L1"": 3.0, ""lth@L2"": 1.7}","('VALUE', 1.7)","('VALUE', 1.7)",True,True
equation,EQ16015,retirada_condensado_linha@L3,"{""retirada_condensado_grupo@L1_L3"": 1e-09, ""lth@L3"": 0.5, ""lth@L1"": 3.0, ""lth@L2"": 2244.0}","('VALUE', 2.224694104560623e-13)","('VALUE', 2.224694104560623e-13)",True,True
equation,EQ16015,retirada_condensado_linha@L3,"{""retirada_condensado_grupo@L1_L3"": 48.0, ""lth@L3"": 1000000.0, ""lth@L1"": 47.0, ""lth@L2"": 1320.0}","('VALUE', 47.93447357462349)","('VALUE', 47.93447357462349)",True,True
equation,EQ16015,retirada_condensado_linha@L3,"{""retirada_condensado_grupo@L1_L3"": 47.0, ""lth@L3"": 1700000.0, ""lth@L1"": 0.5, ""lth@L2"": 1.7000000000000001e-09}","('VALUE', 46.99998617647461)","('VALUE', 46.99998617647461)",True,True
equation,EQ16015,retirada_condensado_linha@L3,"{""retirada_condensado_grupo@L1_L3"": 1000000.0, ""lth@L3"": 1870.0, ""lth@L1"": 48.0, ""lth@L2"": 1.0}","('VALUE', 974465.8676393955)","('VALUE', 974465.8676393955)",True,True
equation,EQ16015,retirada_condensado_linha@L3,"{""retirada_condensado_grupo@L1_L3"": 970.0, ""lth@L3"": 1000000.0, ""lth@L1"": 1.7000000000000001e-09, ""lth@L2"": 1e-09}","('VALUE', 969.9999999999974)","('VALUE', 969.9999999999974)",True,True
equation,EQ16015,retirada_condensado_linha@L3,"{""retirada_condensado_grupo@L1_L3"": 1000000.0, ""lth@L3"": 1870.0, ""lth@L1"": 0.5, ""lth@L2"": 5.1}","('VALUE', 997014.2887609298)","('VALUE', 997014.2887609298)",True,True
equation,EQ16015,retirada_condensado_linha@L3,"{""retirada_condensado_grupo@L1_L3"": 1.0, ""lth@L3"": 1.0, ""lth@L1"": 0.5, ""lth@L2"": 1649.0}","('VALUE', 0.0006058770069675856)","('VALUE', 0.0006058770069675856)",True,True
equation,EQ16015,retirada_condensado_linha@L3,"{""retirada_condensado_grupo@L1_L3"": 970.0, ""lth@L3"": 1.0, ""lth@L1"": 81.6, ""lth@L2"": 1649.0}","('VALUE', 0.5601755601755602)","('VALUE', 0.5601755601755602)",True,True
equation,EQ16015,retirada_condensado_linha@L3,"{""retirada_condensado_grupo@L1_L3"": 1100.0, ""lth@L3"": 5.1, ""lth@L1"": 0.85, ""lth@L2"": 0.0017}","('VALUE', 942.5878320479864)","('VALUE', 942.5878320479864)",True,True
equation,EQ16015,retirada_condensado_linha@L3,"{""retirada_condensado_grupo@L1_L3"": 0.0017, ""lth@L3"": 48.0, ""lth@L1"": 1320.0, ""lth@L2"": 1320.0}","('VALUE', 3.0357142857142854e-05)","('VALUE', 3.0357142857142854e-05)",True,True
equation,EQ16015,retirada_condensado_linha@L3,"{""retirada_condensado_grupo@L1_L3"": 1320.0, ""lth@L3"": 1.0, ""lth@L1"": 79.89999999999999, ""lth@L2"": 1320.0}","('VALUE', 0.9422514098079805)","('VALUE', 0.9422514098079805)",True,True
equation,EQ16015,retirada_condensado_linha@L3,"{""retirada_condensado_grupo@L1_L3"": 1000000.0, ""lth@L3"": 970.0, ""lth@L1"": 1.1, ""lth@L2"": 0.0017}","('VALUE', 998865.5153214127)","('VALUE', 998865.5153214127)",True,True
equation,EQ16015,retirada_condensado_linha@L3,"{""retirada_condensado_grupo@L1_L3"": 1e-09, ""lth@L3"": 0.001, ""lth@L1"": 1000000.0, ""lth@L2"": 1000000.0}","('VALUE', 4.999999997500001e-19)","('VALUE', 4.999999997500001e-19)",True,True
equation,EQ16015,retirada_condensado_linha@L3,"{""retirada_condensado_grupo@L1_L3"": 47.0, ""lth@L3"": 79.89999999999999, ""lth@L1"": 970.0, ""lth@L2"": 1100.0}","('VALUE', 1.7467324061584257)","('VALUE', 1.7467324061584257)",True,True
equation,EQ16015,retirada_condensado_linha@L3,"{""retirada_condensado_grupo@L1_L3"": 0.5, ""lth@L3"": 1.1, ""lth@L1"": 1.1, ""lth@L2"": 1.7000000000000001e-09}","('VALUE', 0.24999999980681817)","('VALUE', 0.24999999980681817)",True,True
equation,EQ16015,retirada_condensado_linha@L3,"{""retirada_condensado_grupo@L1_L3"": 47.0, ""lth@L3"": 1.1, ""lth@L1"": 81.6, ""lth@L2"": 48.0}","('VALUE', 0.3955623565416986)","('VALUE', 0.3955623565416986)",True,True
equation,EQ16015,retirada_condensado_linha@L3,"{""retirada_condensado_grupo@L1_L3"": 5.1, ""lth@L3"": 0.5, ""lth@L1"": 81.6, ""lth@L2"": 3.0}","('VALUE', 0.029964747356051705)","('VALUE', 0.029964747356051705)",True,True
equation,EQ16015,retirada_condensado_linha@L3,"{""retirada_condensado_grupo@L1_L3"": 47.0, ""lth@L3"": 1100.0, ""lth@L1"": 1100.0, ""lth@L2"": 1100.0}","('VALUE', 15.666666666666666)","('VALUE', 15.666666666666666)",True,True
equation,EQ16015,retirada_condensado_linha@L3,"{""retirada_condensado_grupo@L1_L3"": 1.0, ""lth@L3"": 970.0, ""lth@L1"": 79.89999999999999, ""lth@L2"": 1.87}","('VALUE', 0.9222548656074998)","('VALUE', 0.9222548656074998)",True,True
equation,EQ16015,retirada_condensado_linha@L3,"{""retirada_condensado_grupo@L1_L3"": 0.0017, ""lth@L3"": 970.0, ""lth@L1"": 1100.0, ""lth@L2"": 0.5}","('VALUE', 0.0007964259840618208)","('VALUE', 0.0007964259840618208)",True,True
equation,EQ16015,retirada_condensado_linha@L3,"{""retirada_condensado_grupo@L1_L3"": 970.0, ""lth@L3"": 0.001, ""lth@L1"": 0.5, ""lth@L2"": 1.7}","('VALUE', 0.4407087687414811)","('VALUE', 0.4407087687414811)",True,True
equation,EQ16015,retirada_condensado_linha@L3,"{""retirada_condensado_grupo@L1_L3"": 48.0, ""lth@L3"": 1320.0, ""lth@L1"": 1.1, ""lth@L2"": 1870.0}","('VALUE', 19.85522233712513)","('VALUE', 19.85522233712513)",True,True
equation,EQ16015,retirada_condensado_linha@L3,"{""retirada_condensado_grupo@L1_L3"": 3.0, ""lth@L3"": 79.89999999999999, ""lth@L1"": 1.1, ""lth@L2"": 1700000.0}","('VALUE', 0.00014099328208479477)","('VALUE', 0.00014099328208479477)",True,True
equation,EQ16015,retirada_condensado_linha@L3,"{""retirada_condensado_grupo@L1_L3"": 10.0, ""lth@L3"": 0.0, ""lth@L1"": 0.0, ""lth@L2"": 0.0}","('FAILURE', 'DIVISION_BY_ZERO')","('FAILURE', 'DIVISION_BY_ZERO')",True,True
equation,EQ16015,retirada_condensado_linha@L3,"{""retirada_condensado_grupo@L1_L3"": 10.0, ""lth@L3"": -3.0, ""lth@L1"": 5.0, ""lth@L2"": -2.0}","('FAILURE', 'DIVISION_BY_ZERO')","('FAILURE', 'DIVISION_BY_ZERO')",True,True
equation,EQ16016,retirada_condensado_linha@L4,"{""retirada_condensado_grupo@L4_L5"": 3.0, ""lth@L4"": 48.0, ""lth@L5"": 1.0}","('VALUE', 2.938775510204082)","('VALUE', 2.938775510204082)",True,True
equation,EQ16016,retirada_condensado_linha@L4,"{""retirada_condensado_grupo@L4_L5"": 0.5, ""lth@L4"": 0.001, ""lth@L5"": 1000000.0}","('VALUE', 4.999999995e-10)","('VALUE', 4.999999995e-10)",True,True
equation,EQ16016,retirada_condensado_linha@L4,"{""retirada_condensado_grupo@L4_L5"": 0.001, ""lth@L4"": 3.0, ""lth@L5"": 1649.0}","('VALUE', 1.8159806295399515e-06)","('VALUE', 1.8159806295399515e-06)",True,True
equation,EQ16016,retirada_condensado_linha@L4,"{""retirada_condensado_grupo@L4_L5"": 3.0, ""lth@L4"": 1000000.0, ""lth@L5"": 970.0}","('VALUE', 2.9970928199646343)","('VALUE', 2.9970928199646343)",True,True
equation,EQ16016,retirada_condensado_linha@L4,"{""retirada_condensado_grupo@L4_L5"": 1.1, ""lth@L4"": 1.0, ""lth@L5"": 0.0017}","('VALUE', 1.0981331736048718)","('VALUE', 1.0981331736048718)",True,True
equation,EQ16016,retirada_condensado_linha@L4,"{""retirada_condensado_grupo@L4_L5"": 3.0, ""lth@L4"": 1320.0, ""lth@L5"": 1320.0}","('VALUE', 1.5)","('VALUE', 1.5)",True,True
equation,EQ16016,retirada_condensado_linha@L4,"{""retirada_condensado_grupo@L4_L5"": 1320.0, ""lth@L4"": 0.001, ""lth@L5"": 5.1}","('VALUE', 0.25877278964908845)","('VALUE', 0.25877278964908845)",True,True
equation,EQ16016,retirada_condensado_linha@L4,"{""retirada_condensado_grupo@L4_L5"": 1100.0, ""lth@L4"": 1320.0, ""lth@L5"": 48.0}","('VALUE', 1061.4035087719299)","('VALUE', 1061.4035087719299)",True,True
equation,EQ16016,retirada_condensado_linha@L4,"{""retirada_condensado_grupo@L4_L5"": 3.0, ""lth@L4"": 1.0, ""lth@L5"": 47.0}","('VALUE', 0.0625)","('VALUE', 0.0625)",True,True
equation,EQ16016,retirada_condensado_linha@L4,"{""retirada_condensado_grupo@L4_L5"": 0.5, ""lth@L4"": 3.0, ""lth@L5"": 1.0}","('VALUE', 0.375)","('VALUE', 0.375)",True,True
equation,EQ16016,retirada_condensado_linha@L4,"{""retirada_condensado_grupo@L4_L5"": 3.0, ""lth@L4"": 47.0, ""lth@L5"": 81.6}","('VALUE', 1.0964230171073095)","('VALUE', 1.0964230171073095)",True,True
equation,EQ16016,retirada_condensado_linha@L4,"{""retirada_condensado_grupo@L4_L5"": 3.0, ""lth@L4"": 81.6, ""lth@L5"": 81.6}","('VALUE', 1.5)","('VALUE', 1.5)",True,True
equation,EQ16016,retirada_condensado_linha@L4,"{""retirada_condensado_grupo@L4_L5"": 3.0, ""lth@L4"": 1.7, ""lth@L5"": 0.5}","('VALUE', 2.318181818181818)","('VALUE', 2.318181818181818)",True,True
equation,EQ16016,retirada_condensado_linha@L4,"{""retirada_condensado_grupo@L4_L5"": 1100.0, ""lth@L4"": 1320.0, ""lth@L5"": 48.0}","('VALUE', 1061.4035087719299)","('VALUE', 1061.4035087719299)",True,True
equation,EQ16016,retirada_condensado_linha@L4,"{""retirada_condensado_grupo@L4_L5"": 3.0, ""lth@L4"": 2244.0, ""lth@L5"": 0.001}","('VALUE', 2.9999986631022)","('VALUE', 2.9999986631022)",True,True
equation,EQ16016,retirada_condensado_linha@L4,"{""retirada_condensado_grupo@L4_L5"": 3.0, ""lth@L4"": 1.1, ""lth@L5"": 0.001}","('VALUE', 2.9972752043596733)","('VALUE', 2.9972752043596733)",True,True
equation,EQ16016,retirada_condensado_linha@L4,"{""retirada_condensado_grupo@L4_L5"": 3.0, ""lth@L4"": 1.87, ""lth@L5"": 0.5}","('VALUE', 2.367088607594937)","('VALUE', 2.367088607594937)",True,True
equation,EQ16016,retirada_condensado_linha@L4,"{""retirada_condensado_grupo@L4_L5"": 0.001, ""lth@L4"": 1.0, ""lth@L5"": 1.7}","('VALUE', 0.00037037037037037035)","('VALUE', 0.00037037037037037035)",True,True
equation,EQ16016,retirada_condensado_linha@L4,"{""retirada_condensado_grupo@L4_L5"": 1.1, ""lth@L4"": 1e-09, ""lth@L5"": 0.001}","('VALUE', 1.0999989000011002e-06)","('VALUE', 1.0999989000011002e-06)",True,True
equation,EQ16016,retirada_condensado_linha@L4,"{""retirada_condensado_grupo@L4_L5"": 2244.0, ""lth@L4"": 1.1, ""lth@L5"": 1000000.0}","('VALUE', 0.002468397284762987)","('VALUE', 0.002468397284762987)",True,True
equation,EQ16016,retirada_condensado_linha@L4,"{""retirada_condensado_grupo@L4_L5"": 1.0, ""lth@L4"": 970.0, ""lth@L5"": 0.001}","('VALUE', 0.9999989690732278)","('VALUE', 0.9999989690732278)",True,True
equation,EQ16016,retirada_condensado_linha@L4,"{""retirada_condensado_grupo@L4_L5"": 1000000.0, ""lth@L4"": 1e-09, ""lth@L5"": 48.0}","('VALUE', 2.0833333332899306e-05)","('VALUE', 2.0833333332899306e-05)",True,True
equation,EQ16016,retirada_condensado_linha@L4,"{""retirada_condensado_grupo@L4_L5"": 1e-09, ""lth@L4"": 2244.0, ""lth@L5"": 0.5}","('VALUE', 9.99777233236801e-10)","('VALUE', 9.99777233236801e-10)",True,True
equation,EQ16016,retirada_condensado_linha@L4,"{""retirada_condensado_grupo@L4_L5"": 1320.0, ""lth@L4"": 0.0017, ""lth@L5"": 47.0}","('VALUE', 0.04774295397826036)","('VALUE', 0.04774295397826036)",True,True
equation,EQ16016,retirada_condensado_linha@L4,"{""retirada_condensado_grupo@L4_L5"": 1870.0, ""lth@L4"": 1.87, ""lth@L5"": 48.0}","('VALUE', 70.12031281331463)","('VALUE', 70.12031281331463)",True,True
equation,EQ16016,retirada_condensado_linha@L4,"{""retirada_condensado_grupo@L4_L5"": 3.0, ""lth@L4"": 48.0, ""lth@L5"": 0.5}","('VALUE', 2.9690721649484537)","('VALUE', 2.9690721649484537)",True,True
equation,EQ16016,retirada_condensado_linha@L4,"{""retirada_condensado_grupo@L4_L5"": 81.6, ""lth@L4"": 1700000.0, ""lth@L5"": 1320.0}","('VALUE', 81.53668915900595)","('VALUE', 81.53668915900595)",True,True
equation,EQ16016,retirada_condensado_linha@L4,"{""retirada_condensado_grupo@L4_L5"": 0.001, ""lth@L4"": 1.1, ""lth@L5"": 1e-09}","('VALUE', 0.000999999999090909)","('VALUE', 0.000999999999090909)",True,True
equation,EQ16016,retirada_condensado_linha@L4,"{""retirada_condensado_grupo@L4_L5"": 1000000.0, ""lth@L4"": 1.7000000000000001e-09, ""lth@L5"": 5.1}","('VALUE', 0.0003333333332222223)","('VALUE', 0.0003333333332222223)",True,True
equation,EQ16016,retirada_condensado_linha@L4,"{""retirada_condensado_grupo@L4_L5"": 0.0017, ""lth@L4"": 1e-09, ""lth@L5"": 1100.0}","('VALUE', 1.5454545454531405e-15)","('VALUE', 1.5454545454531405e-15)",True,True
equation,EQ16016,retirada_condensado_linha@L4,"{""retirada_condensado_grupo@L4_L5"": 2244.0, ""lth@L4"": 1000000.0, ""lth@L5"": 970.0}","('VALUE', 2241.8254293335463)","('VALUE', 2241.8254293335463)",True,True
equation,EQ16016,retirada_condensado_linha@L4,"{""retirada_condensado_grupo@L4_L5"": 1100.0, ""lth@L4"": 1.7000000000000001e-09, ""lth@L5"": 1100.0}","('VALUE', 1.6999999999973728e-09)","('VALUE', 1.6999999999973728e-09)",True,True
equation,EQ16016,retirada_condensado_linha@L4,"{""retirada_condensado_grupo@L4_L5"": 1e-09, ""lth@L4"": 81.6, ""lth@L5"": 1.0}","('VALUE', 9.878934624697337e-10)","('VALUE', 9.878934624697337e-10)",True,True
equation,EQ16016,retirada_condensado_linha@L4,"{""retirada_condensado_grupo@L4_L5"": 3.0, ""lth@L4"": 1000000.0, ""lth@L5"": 1.0}","('VALUE', 2.999997000003)","('VALUE', 2.999997000003)",True,True
equation,EQ16016,retirada_condensado_linha@L4,"{""retirada_condensado_grupo@L4_L5"": 1.7000000000000001e-09, ""lth@L4"": 1.7, ""lth@L5"": 5.1}","('VALUE', 4.2500000000000003e-10)","('VALUE', 4.2500000000000003e-10)",True,True
equation,EQ16016,retirada_condensado_linha@L4,"{""retirada_condensado_grupo@L4_L5"": 1320.0, ""lth@L4"": 1700000.0, ""lth@L5"": 48.0}","('VALUE', 1319.962730464081)","('VALUE', 1319.962730464081)",True,True
equation,EQ16016,retirada_condensado_linha@L4,"{""retirada_condensado_grupo@L4_L5"": 1700000.0, ""lth@L4"": 0.001, ""lth@L5"": 48.0}","('VALUE', 35.415928834815944)","('VALUE', 35.415928834815944)",True,True
equation,EQ16016,retirada_condensado_linha@L4,"{""retirada_condensado_grupo@L4_L5"": 1320.0, ""lth@L4"": 1.0, ""lth@L5"": 3.0}","('VALUE', 330.0)","('VALUE', 330.0)",True,True
equation,EQ16016,retirada_condensado_linha@L4,"{""retirada_condensado_grupo@L4_L5"": 1.0, ""lth@L4"": 0.85, ""lth@L5"": 0.001}","('VALUE', 0.9988249118683902)","('VALUE', 0.9988249118683902)",True,True
equation,EQ16016,retirada_condensado_linha@L4,"{""retirada_condensado_grupo@L4_L5"": 48.0, ""lth@L4"": 47.0, ""lth@L5"": 79.89999999999999}","('VALUE', 17.77777777777778)","('VALUE', 17.77777777777778)",True,True
equation,EQ16016,retirada_condensado_linha@L4,"{""retirada_condensado_grupo@L4_L5"": 10.0, ""lth@L4"": 0.0, ""lth@L5"": 0.0}","('FAILURE', 'DIVISION_BY_ZERO')","('FAILURE', 'DIVISION_BY_ZERO')",True,True
equation,EQ16016,retirada_condensado_linha@L4,"{""retirada_condensado_grupo@L4_L5"": 10.0, ""lth@L4"": 5.0, ""lth@L5"": -5.0}","('FAILURE', 'DIVISION_BY_ZERO')","('FAILURE', 'DIVISION_BY_ZERO')",True,True
equation,EQ16017,retirada_condensado_linha@L5,"{""retirada_condensado_grupo@L4_L5"": 47.0, ""lth@L5"": 1100.0, ""lth@L4"": 970.0}","('VALUE', 24.97584541062802)","('VALUE', 24.97584541062802)",True,True
equation,EQ16017,retirada_condensado_linha@L5,"{""retirada_condensado_grupo@L4_L5"": 1e-09, ""lth@L5"": 1320.0, ""lth@L4"": 3.0}","('VALUE', 9.97732426303855e-10)","('VALUE', 9.97732426303855e-10)",True,True
equation,EQ16017,retirada_condensado_linha@L5,"{""retirada_condensado_grupo@L4_L5"": 48.0, ""lth@L5"": 48.0, ""lth@L4"": 1e-09}","('VALUE', 47.999999999)","('VALUE', 47.999999999)",True,True
equation,EQ16017,retirada_condensado_linha@L5,"{""retirada_condensado_grupo@L4_L5"": 1100.0, ""lth@L5"": 1.87, ""lth@L4"": 0.5}","('VALUE', 867.9324894514767)","('VALUE', 867.9324894514767)",True,True
equation,EQ16017,retirada_condensado_linha@L5,"{""retirada_condensado_grupo@L4_L5"": 1.1, ""lth@L5"": 1320.0, ""lth@L4"": 0.001}","('VALUE', 1.0999991666672981)","('VALUE', 1.0999991666672981)",True,True
equation,EQ16017,retirada_condensado_linha@L5,"{""retirada_condensado_grupo@L4_L5"": 1e-09, ""lth@L5"": 1e-09, ""lth@L4"": 1000000.0}","('VALUE', 9.99999999999999e-25)","('VALUE', 9.99999999999999e-25)",True,True
equation,EQ16017,retirada_condensado_linha@L5,"{""retirada_condensado_grupo@L4_L5"": 1.7000000000000001e-09, ""lth@L5"": 0.85, ""lth@L4"": 1.87}","('VALUE', 5.3125e-10)","('VALUE', 5.3125e-10)",True,True
equation,EQ16017,retirada_condensado_linha@L5,"{""retirada_condensado_grupo@L4_L5"": 1870.0, ""lth@L5"": 3.0, ""lth@L4"": 2244.0}","('VALUE', 2.4966622162883847)","('VALUE', 2.4966622162883847)",True,True
equation,EQ16017,retirada_condensado_linha@L5,"{""retirada_condensado_grupo@L4_L5"": 0.5, ""lth@L5"": 1e-09, ""lth@L4"": 1000000.0}","('VALUE', 4.999999999999995e-16)","('VALUE', 4.999999999999995e-16)",True,True
equation,EQ16017,retirada_condensado_linha@L5,"{""retirada_condensado_grupo@L4_L5"": 3.0, ""lth@L5"": 1.0, ""lth@L4"": 1.1}","('VALUE', 1.4285714285714286)","('VALUE', 1.4285714285714286)",True,True
equation,EQ16017,retirada_condensado_linha@L5,"{""retirada_condensado_grupo@L4_L5"": 1320.0, ""lth@L5"": 1100.0, ""lth@L4"": 1.87}","('VALUE', 1317.7598083258463)","('VALUE', 1317.7598083258463)",True,True
equation,EQ16017,retirada_condensado_linha@L5,"{""retirada_condensado_grupo@L4_L5"": 48.0, ""lth@L5"": 79.89999999999999, ""lth@L4"": 0.5}","('VALUE', 47.701492537313435)","('VALUE', 47.701492537313435)",True,True
equation,EQ16017,retirada_condensado_linha@L5,"{""retirada_condensado_grupo@L4_L5"": 0.001, ""lth@L5"": 1320.0, ""lth@L4"": 1870.0}","('VALUE', 0.0004137931034482759)","('VALUE', 0.0004137931034482759)",True,True
equation,EQ16017,retirada_condensado_linha@L5,"{""retirada_condensado_grupo@L4_L5"": 0.5, ""lth@L5"": 47.0, ""lth@L4"": 1.7}","('VALUE', 0.48254620123203285)","('VALUE', 0.48254620123203285)",True,True
equation,EQ16017,retirada_condensado_linha@L5,"{""retirada_condensado_grupo@L4_L5"": 1.87, ""lth@L5"": 3.0, ""lth@L4"": 0.0017}","('VALUE', 1.8689409334710332)","('VALUE', 1.8689409334710332)",True,True
equation,EQ16017,retirada_condensado_linha@L5,"{""retirada_condensado_grupo@L4_L5"": 3.0, ""lth@L5"": 1e-09, ""lth@L4"": 2244.0}","('VALUE', 1.3368983957213295e-12)","('VALUE', 1.3368983957213295e-12)",True,True
equation,EQ16017,retirada_condensado_linha@L5,"{""retirada_condensado_grupo@L4_L5"": 1100.0, ""lth@L5"": 47.0, ""lth@L4"": 1.0}","('VALUE', 1077.0833333333333)","('VALUE', 1077.0833333333333)",True,True
equation,EQ16017,retirada_condensado_linha@L5,"{""retirada_condensado_grupo@L4_L5"": 1320.0, ""lth@L5"": 47.0, ""lth@L4"": 0.0017}","('VALUE', 1319.9522570460217)","('VALUE', 1319.9522570460217)",True,True
equation,EQ16017,retirada_condensado_linha@L5,"{""retirada_condensado_grupo@L4_L5"": 3.0, ""lth@L5"": 47.0, ""lth@L4"": 0.5}","('VALUE', 2.968421052631579)","('VALUE', 2.968421052631579)",True,True
equation,EQ16017,retirada_condensado_linha@L5,"{""retirada_condensado_grupo@L4_L5"": 1.7000000000000001e-09, ""lth@L5"": 3.0, ""lth@L4"": 1.1}","('VALUE', 1.2439024390243904e-09)","('VALUE', 1.2439024390243904e-09)",True,True
equation,EQ16017,retirada_condensado_linha@L5,"{""retirada_condensado_grupo@L4_L5"": 1000000.0, ""lth@L5"": 0.85, ""lth@L4"": 1320.0}","('VALUE', 643.5250028390809)","('VALUE', 643.5250028390809)",True,True
equation,EQ16017,retirada_condensado_linha@L5,"{""retirada_condensado_grupo@L4_L5"": 48.0, ""lth@L5"": 1320.0, ""lth@L4"": 0.001}","('VALUE', 47.999963636391186)","('VALUE', 47.999963636391186)",True,True
equation,EQ16017,retirada_condensado_linha@L5,"{""retirada_condensado_grupo@L4_L5"": 1.1, ""lth@L5"": 3.0, ""lth@L4"": 1e-09}","('VALUE', 1.0999999996333334)","('VALUE', 1.0999999996333334)",True,True
equation,EQ16017,retirada_condensado_linha@L5,"{""retirada_condensado_grupo@L4_L5"": 47.0, ""lth@L5"": 81.6, ""lth@L4"": 1.1}","('VALUE', 46.374848851269654)","('VALUE', 46.374848851269654)",True,True
equation,EQ16017,retirada_condensado_linha@L5,"{""retirada_condensado_grupo@L4_L5"": 0.0017, ""lth@L5"": 1870.0, ""lth@L4"": 0.85}","('VALUE', 0.0016992276238073604)","('VALUE', 0.0016992276238073604)",True,True
equation,EQ16017,retirada_condensado_linha@L5,"{""retirada_condensado_grupo@L4_L5"": 1.1, ""lth@L5"": 1.1, ""lth@L4"": 1870.0}","('VALUE', 0.0006466784244562023)","('VALUE', 0.0006466784244562023)",True,True
equation,EQ16017,retirada_condensado_linha@L5,"{""retirada_condensado_grupo@L4_L5"": 81.6, ""lth@L5"": 47.0, ""lth@L4"": 1870.0}","('VALUE', 2.000625978090767)","('VALUE', 2.000625978090767)",True,True
equation,EQ16017,retirada_condensado_linha@L5,"{""retirada_condensado_grupo@L4_L5"": 1.1, ""lth@L5"": 48.0, ""lth@L4"": 970.0}","('VALUE', 0.051866404715127705)","('VALUE', 0.051866404715127705)",True,True
equation,EQ16017,retirada_condensado_linha@L5,"{""retirada_condensado_grupo@L4_L5"": 1.0, ""lth@L5"": 0.85, ""lth@L4"": 47.0}","('VALUE', 0.017763845350052244)","('VALUE', 0.017763845350052244)",True,True
equation,EQ16017,retirada_condensado_linha@L5,"{""retirada_condensado_grupo@L4_L5"": 3.0, ""lth@L5"": 970.0, ""lth@L4"": 47.0}","('VALUE', 2.8613569321533925)","('VALUE', 2.8613569321533925)",True,True
equation,EQ16017,retirada_condensado_linha@L5,"{""retirada_condensado_grupo@L4_L5"": 2244.0, ""lth@L5"": 0.5, ""lth@L4"": 47.0}","('VALUE', 23.621052631578948)","('VALUE', 23.621052631578948)",True,True
equation,EQ16017,retirada_condensado_linha@L5,"{""retirada_condensado_grupo@L4_L5"": 47.0, ""lth@L5"": 79.89999999999999, ""lth@L4"": 1000000.0}","('VALUE', 0.003754999975501957)","('VALUE', 0.003754999975501957)",True,True
equation,EQ16017,retirada_condensado_linha@L5,"{""retirada_condensado_grupo@L4_L5"": 0.0017, ""lth@L5"": 0.0017, ""lth@L4"": 970.0}","('VALUE', 2.979376221711776e-09)","('VALUE', 2.979376221711776e-09)",True,True
equation,EQ16017,retirada_condensado_linha@L5,"{""retirada_condensado_grupo@L4_L5"": 1100.0, ""lth@L5"": 1649.0, ""lth@L4"": 2244.0}","('VALUE', 465.93886462882097)","('VALUE', 465.93886462882097)",True,True
equation,EQ16017,retirada_condensado_linha@L5,"{""retirada_condensado_grupo@L4_L5"": 1649.0, ""lth@L5"": 1100.0, ""lth@L4"": 1100.0}","('VALUE', 824.5)","('VALUE', 824.5)",True,True
equation,EQ16017,retirada_condensado_linha@L5,"{""retirada_condensado_grupo@L4_L5"": 1.1, ""lth@L5"": 1e-09, ""lth@L4"": 970.0}","('VALUE', 1.1340206185555322e-12)","('VALUE', 1.1340206185555322e-12)",True,True
equation,EQ16017,retirada_condensado_linha@L5,"{""retirada_condensado_grupo@L4_L5"": 1e-09, ""lth@L5"": 1.1, ""lth@L4"": 1.87}","('VALUE', 3.703703703703704e-10)","('VALUE', 3.703703703703704e-10)",True,True
equation,EQ16017,retirada_condensado_linha@L5,"{""retirada_condensado_grupo@L4_L5"": 1.7000000000000001e-09, ""lth@L5"": 79.89999999999999, ""lth@L4"": 1.1}","('VALUE', 1.6769135802469138e-09)","('VALUE', 1.6769135802469138e-09)",True,True
equation,EQ16017,retirada_condensado_linha@L5,"{""retirada_condensado_grupo@L4_L5"": 79.89999999999999, ""lth@L5"": 5.1, ""lth@L4"": 79.89999999999999}","('VALUE', 4.7940000000000005)","('VALUE', 4.7940000000000005)",True,True
equation,EQ16017,retirada_condensado_linha@L5,"{""retirada_condensado_grupo@L4_L5"": 1.1, ""lth@L5"": 3.0, ""lth@L4"": 1320.0}","('VALUE', 0.0024943310657596376)","('VALUE', 0.0024943310657596376)",True,True
equation,EQ16017,retirada_condensado_linha@L5,"{""retirada_condensado_grupo@L4_L5"": 10.0, ""lth@L5"": 0.0, ""lth@L4"": 0.0}","('FAILURE', 'DIVISION_BY_ZERO')","('FAILURE', 'DIVISION_BY_ZERO')",True,True
equation,EQ16017,retirada_condensado_linha@L5,"{""retirada_condensado_grupo@L4_L5"": 10.0, ""lth@L5"": -5.0, ""lth@L4"": 5.0}","('FAILURE', 'DIVISION_BY_ZERO')","('FAILURE', 'DIVISION_BY_ZERO')",True,True
equation,EQ16018,retirada_condensado_linha@L6,"{""retirada_condensado_grupo@L6_L7"": 0.001, ""lth@L6"": 48.0, ""lth@L7"": 0.001}","('VALUE', 0.0009999791671006855)","('VALUE', 0.0009999791671006855)",True,True
equation,EQ16018,retirada_condensado_linha@L6,"{""retirada_condensado_grupo@L6_L7"": 2244.0, ""lth@L6"": 0.5, ""lth@L7"": 1.0}","('VALUE', 748.0)","('VALUE', 748.0)",True,True
equation,EQ16018,retirada_condensado_linha@L6,"{""retirada_condensado_grupo@L6_L7"": 0.001, ""lth@L6"": 1.0, ""lth@L7"": 1e-09}","('VALUE', 0.000999999999)","('VALUE', 0.000999999999)",True,True
equation,EQ16018,retirada_condensado_linha@L6,"{""retirada_condensado_grupo@L6_L7"": 1100.0, ""lth@L6"": 1870.0, ""lth@L7"": 1.0}","('VALUE', 1099.4120791020844)","('VALUE', 1099.4120791020844)",True,True
equation,EQ16018,retirada_condensado_linha@L6,"{""retirada_condensado_grupo@L6_L7"": 1.7000000000000001e-09, ""lth@L6"": 1100.0, ""lth@L7"": 3.0}","('VALUE', 1.6953762466001814e-09)","('VALUE', 1.6953762466001814e-09)",True,True
equation,EQ16018,retirada_condensado_linha@L6,"{""retirada_condensado_grupo@L6_L7"": 1000000.0, ""lth@L6"": 47.0, ""lth@L7"": 1.0}","('VALUE', 979166.6666666666)","('VALUE', 979166.6666666666)",True,True
equation,EQ16018,retirada_condensado_linha@L6,"{""retirada_condensado_grupo@L6_L7"": 0.001, ""lth@L6"": 1000000.0, ""lth@L7"": 1e-09}","('VALUE', 0.000999999999999999)","('VALUE', 0.000999999999999999)",True,True
equation,EQ16018,retirada_condensado_linha@L6,"{""retirada_condensado_grupo@L6_L7"": 1.0, ""lth@L6"": 1.7, ""lth@L7"": 5.1}","('VALUE', 0.25)","('VALUE', 0.25)",True,True
equation,EQ16018,retirada_condensado_linha@L6,"{""retirada_condensado_grupo@L6_L7"": 0.001, ""lth@L6"": 0.85, ""lth@L7"": 47.0}","('VALUE', 1.7763845350052246e-05)","('VALUE', 1.7763845350052246e-05)",True,True
equation,EQ16018,retirada_condensado_linha@L6,"{""retirada_condensado_grupo@L6_L7"": 0.5, ""lth@L6"": 5.1, ""lth@L7"": 3.0}","('VALUE', 0.3148148148148148)","('VALUE', 0.3148148148148148)",True,True
equation,EQ16018,retirada_condensado_linha@L6,"{""retirada_condensado_grupo@L6_L7"": 1000000.0, ""lth@L6"": 1e-09, ""lth@L7"": 3.0}","('VALUE', 0.0003333333332222222)","('VALUE', 0.0003333333332222222)",True,True
equation,EQ16018,retirada_condensado_linha@L6,"{""retirada_condensado_grupo@L6_L7"": 48.0, ""lth@L6"": 48.0, ""lth@L7"": 1100.0}","('VALUE', 2.0069686411149825)","('VALUE', 2.0069686411149825)",True,True
equation,EQ16018,retirada_condensado_linha@L6,"{""retirada_condensado_grupo@L6_L7"": 1000000.0, ""lth@L6"": 970.0, ""lth@L7"": 1.0}","('VALUE', 998970.1338825952)","('VALUE', 998970.1338825952)",True,True
equation,EQ16018,retirada_condensado_linha@L6,"{""retirada_condensado_grupo@L6_L7"": 1100.0, ""lth@L6"": 1.1, ""lth@L7"": 1.0}","('VALUE', 576.1904761904761)","('VALUE', 576.1904761904761)",True,True
equation,EQ16018,retirada_condensado_linha@L6,"{""retirada_condensado_grupo@L6_L7"": 3.0, ""lth@L6"": 1.1, ""lth@L7"": 1e-09}","('VALUE', 2.999999997272727)","('VALUE', 2.999999997272727)",True,True
equation,EQ16018,retirada_condensado_linha@L6,"{""retirada_condensado_grupo@L6_L7"": 47.0, ""lth@L6"": 970.0, ""lth@L7"": 1e-09}","('VALUE', 46.99999999995155)","('VALUE', 46.99999999995155)",True,True
equation,EQ16018,retirada_condensado_linha@L6,"{""retirada_condensado_grupo@L6_L7"": 3.0, ""lth@L6"": 1e-09, ""lth@L7"": 1.1}","('VALUE', 2.7272727247933883e-09)","('VALUE', 2.7272727247933883e-09)",True,True
equation,EQ16018,retirada_condensado_linha@L6,"{""retirada_condensado_grupo@L6_L7"": 1.1, ""lth@L6"": 81.6, ""lth@L7"": 3.0}","('VALUE', 1.0609929078014186)","('VALUE', 1.0609929078014186)",True,True
equation,EQ16018,retirada_condensado_linha@L6,"{""retirada_condensado_grupo@L6_L7"": 47.0, ""lth@L6"": 48.0, ""lth@L7"": 1649.0}","('VALUE', 1.3294048320565703)","('VALUE', 1.3294048320565703)",True,True
equation,EQ16018,retirada_condensado_linha@L6,"{""retirada_condensado_grupo@L6_L7"": 0.5, ""lth@L6"": 1320.0, ""lth@L7"": 1.7}","('VALUE', 0.49935688885526214)","('VALUE', 0.49935688885526214)",True,True
equation,EQ16018,retirada_condensado_linha@L6,"{""retirada_condensado_grupo@L6_L7"": 1.1, ""lth@L6"": 970.0, ""lth@L7"": 1.7000000000000001e-09}","('VALUE', 1.0999999999980723)","('VALUE', 1.0999999999980723)",True,True
equation,EQ16018,retirada_condensado_linha@L6,"{""retirada_condensado_grupo@L6_L7"": 1.7, ""lth@L6"": 1649.0, ""lth@L7"": 1.87}","('VALUE', 1.6980743486767582)","('VALUE', 1.6980743486767582)",True,True
equation,EQ16018,retirada_condensado_linha@L6,"{""retirada_condensado_grupo@L6_L7"": 47.0, ""lth@L6"": 1320.0, ""lth@L7"": 5.1}","('VALUE', 46.81910799184968)","('VALUE', 46.81910799184968)",True,True
equation,EQ16018,retirada_condensado_linha@L6,"{""retirada_condensado_grupo@L6_L7"": 1700000.0, ""lth@L6"": 5.1, ""lth@L7"": 1700000.0}","('VALUE', 5.0999847000458995)","('VALUE', 5.0999847000458995)",True,True
equation,EQ16018,retirada_condensado_linha@L6,"{""retirada_condensado_grupo@L6_L7"": 970.0, ""lth@L6"": 0.5, ""lth@L7"": 1649.0}","('VALUE', 0.2940284934828736)","('VALUE', 0.2940284934828736)",True,True
equation,EQ16018,retirada_condensado_linha@L6,"{""retirada_condensado_grupo@L6_L7"": 48.0, ""lth@L6"": 0.5, ""lth@L7"": 48.0}","('VALUE', 0.4948453608247423)","('VALUE', 0.4948453608247423)",True,True
equation,EQ16018,retirada_condensado_linha@L6,"{""retirada_condensado_grupo@L6_L7"": 1.0, ""lth@L6"": 0.85, ""lth@L7"": 47.0}","('VALUE', 0.017763845350052244)","('VALUE', 0.017763845350052244)",True,True
equation,EQ16018,retirada_condensado_linha@L6,"{""retirada_condensado_grupo@L6_L7"": 47.0, ""lth@L6"": 0.85, ""lth@L7"": 47.0}","('VALUE', 0.8349007314524555)","('VALUE', 0.8349007314524555)",True,True
equation,EQ16018,retirada_condensado_linha@L6,"{""retirada_condensado_grupo@L6_L7"": 970.0, ""lth@L6"": 0.001, ""lth@L7"": 0.001}","('VALUE', 485.0)","('VALUE', 485.0)",True,True
equation,EQ16018,retirada_condensado_linha@L6,"{""retirada_condensado_grupo@L6_L7"": 1.1, ""lth@L6"": 3.0, ""lth@L7"": 1320.0}","('VALUE', 0.0024943310657596376)","('VALUE', 0.0024943310657596376)",True,True
equation,EQ16018,retirada_condensado_linha@L6,"{""retirada_condensado_grupo@L6_L7"": 970.0, ""lth@L6"": 1000000.0, ""lth@L7"": 1.0}","('VALUE', 969.99903000097)","('VALUE', 969.99903000097)",True,True
equation,EQ16018,retirada_condensado_linha@L6,"{""retirada_condensado_grupo@L6_L7"": 1700000.0, ""lth@L6"": 1.1, ""lth@L7"": 1100.0}","('VALUE', 1698.3016983016987)","('VALUE', 1698.3016983016987)",True,True
equation,EQ16018,retirada_condensado_linha@L6,"{""retirada_condensado_grupo@L6_L7"": 47.0, ""lth@L6"": 0.001, ""lth@L7"": 47.0}","('VALUE', 0.0009999787238569393)","('VALUE', 0.0009999787238569393)",True,True
equation,EQ16018,retirada_condensado_linha@L6,"{""retirada_condensado_grupo@L6_L7"": 0.0017, ""lth@L6"": 1000000.0, ""lth@L7"": 1100.0}","('VALUE', 0.0016981320547397863)","('VALUE', 0.0016981320547397863)",True,True
equation,EQ16018,retirada_condensado_linha@L6,"{""retirada_condensado_grupo@L6_L7"": 1100.0, ""lth@L6"": 1700000.0, ""lth@L7"": 1320.0}","('VALUE', 1099.1465450356195)","('VALUE', 1099.1465450356195)",True,True
equation,EQ16018,retirada_condensado_linha@L6,"{""retirada_condensado_grupo@L6_L7"": 1.1, ""lth@L6"": 3.0, ""lth@L7"": 1100.0}","('VALUE', 0.002991840435176791)","('VALUE', 0.002991840435176791)",True,True
equation,EQ16018,retirada_condensado_linha@L6,"{""retirada_condensado_grupo@L6_L7"": 1.0, ""lth@L6"": 1100.0, ""lth@L7"": 3.0}","('VALUE', 0.9972801450589301)","('VALUE', 0.9972801450589301)",True,True
equation,EQ16018,retirada_condensado_linha@L6,"{""retirada_condensado_grupo@L6_L7"": 79.89999999999999, ""lth@L6"": 48.0, ""lth@L7"": 0.001}","('VALUE', 79.89833545134476)","('VALUE', 79.89833545134476)",True,True
equation,EQ16018,retirada_condensado_linha@L6,"{""retirada_condensado_grupo@L6_L7"": 79.89999999999999, ""lth@L6"": 1.87, ""lth@L7"": 47.0}","('VALUE', 3.057356251278903)","('VALUE', 3.057356251278903)",True,True
equation,EQ16018,retirada_condensado_linha@L6,"{""retirada_condensado_grupo@L6_L7"": 1.0, ""lth@L6"": 47.0, ""lth@L7"": 0.001}","('VALUE', 0.9999787238569393)","('VALUE', 0.9999787238569393)",True,True
equation,EQ16018,retirada_condensado_linha@L6,"{""retirada_condensado_grupo@L6_L7"": 10.0, ""lth@L6"": 0.0, ""lth@L7"": 0.0}","('FAILURE', 'DIVISION_BY_ZERO')","('FAILURE', 'DIVISION_BY_ZERO')",True,True
equation,EQ16018,retirada_condensado_linha@L6,"{""retirada_condensado_grupo@L6_L7"": 10.0, ""lth@L6"": 5.0, ""lth@L7"": -5.0}","('FAILURE', 'DIVISION_BY_ZERO')","('FAILURE', 'DIVISION_BY_ZERO')",True,True
equation,EQ16019,retirada_condensado_linha@L7,"{""retirada_condensado_grupo@L6_L7"": 1.1, ""lth@L7"": 79.89999999999999, ""lth@L6"": 970.0}","('VALUE', 0.08371273454614725)","('VALUE', 0.08371273454614725)",True,True
equation,EQ16019,retirada_condensado_linha@L7,"{""retirada_condensado_grupo@L6_L7"": 1.0, ""lth@L7"": 1870.0, ""lth@L6"": 81.6}","('VALUE', 0.9581881533101045)","('VALUE', 0.9581881533101045)",True,True
equation,EQ16019,retirada_condensado_linha@L7,"{""retirada_condensado_grupo@L6_L7"": 79.89999999999999, ""lth@L7"": 1100.0, ""lth@L6"": 1e-09}","('VALUE', 79.89999999992735)","('VALUE', 79.89999999992735)",True,True
equation,EQ16019,retirada_condensado_linha@L7,"{""retirada_condensado_grupo@L6_L7"": 0.5, ""lth@L7"": 1.0, ""lth@L6"": 79.89999999999999}","('VALUE', 0.006180469715698394)","('VALUE', 0.006180469715698394)",True,True
equation,EQ16019,retirada_condensado_linha@L7,"{""retirada_condensado_grupo@L6_L7"": 47.0, ""lth@L7"": 1649.0, ""lth@L6"": 1e-09}","('VALUE', 46.9999999999715)","('VALUE', 46.9999999999715)",True,True
equation,EQ16019,retirada_condensado_linha@L7,"{""retirada_condensado_grupo@L6_L7"": 0.0017, ""lth@L7"": 0.0017, ""lth@L6"": 3.0}","('VALUE', 9.627877536062897e-07)","('VALUE', 9.627877536062897e-07)",True,True
equation,EQ16019,retirada_condensado_linha@L7,"{""retirada_condensado_grupo@L6_L7"": 1.7, ""lth@L7"": 0.5, ""lth@L6"": 1700000.0}","('VALUE', 4.999998529412197e-07)","('VALUE', 4.999998529412197e-07)",True,True
equation,EQ16019,retirada_condensado_linha@L7,"{""retirada_condensado_grupo@L6_L7"": 0.85, ""lth@L7"": 1870.0, ""lth@L6"": 81.6}","('VALUE', 0.8144599303135889)","('VALUE', 0.8144599303135889)",True,True
equation,EQ16019,retirada_condensado_linha@L7,"{""retirada_condensado_grupo@L6_L7"": 1e-09, ""lth@L7"": 1649.0, ""lth@L6"": 0.5}","('VALUE', 9.996968778417703e-10)","('VALUE', 9.996968778417703e-10)",True,True
equation,EQ16019,retirada_condensado_linha@L7,"{""retirada_condensado_grupo@L6_L7"": 48.0, ""lth@L7"": 0.85, ""lth@L6"": 1.87}","('VALUE', 14.999999999999998)","('VALUE', 14.999999999999998)",True,True
equation,EQ16019,retirada_condensado_linha@L7,"{""retirada_condensado_grupo@L6_L7"": 970.0, ""lth@L7"": 0.5, ""lth@L6"": 0.001}","('VALUE', 968.0638722554891)","('VALUE', 968.0638722554891)",True,True
equation,EQ16019,retirada_condensado_linha@L7,"{""retirada_condensado_grupo@L6_L7"": 0.001, ""lth@L7"": 1e-09, ""lth@L6"": 1e-09}","('VALUE', 0.0005)","('VALUE', 0.0005)",True,True
equation,EQ16019,retirada_condensado_linha@L7,"{""retirada_condensado_grupo@L6_L7"": 1700000.0, ""lth@L7"": 5.1, ""lth@L6"": 0.001}","('VALUE', 1699666.7320133308)","('VALUE', 1699666.7320133308)",True,True
equation,EQ16019,retirada_condensado_linha@L7,"{""retirada_condensado_grupo@L6_L7"": 0.5, ""lth@L7"": 1e-09, ""lth@L6"": 1700000.0}","('VALUE', 2.941176470588234e-16)","('VALUE', 2.941176470588234e-16)",True,True
equation,EQ16019,retirada_condensado_linha@L7,"{""retirada_condensado_grupo@L6_L7"": 1.7000000000000001e-09, ""lth@L7"": 3.0, ""lth@L6"": 48.0}","('VALUE', 1e-10)","('VALUE', 1e-10)",True,True
equation,EQ16019,retirada_condensado_linha@L7,"{""retirada_condensado_grupo@L6_L7"": 48.0, ""lth@L7"": 1.1, ""lth@L6"": 1e-09}","('VALUE', 47.99999995636363)","('VALUE', 47.99999995636363)",True,True
equation,EQ16019,retirada_condensado_linha@L7,"{""retirada_condensado_grupo@L6_L7"": 1000000.0, ""lth@L7"": 0.5, ""lth@L6"": 1.7000000000000001e-09}","('VALUE', 999999.9966)","('VALUE', 999999.9966)",True,True
equation,EQ16019,retirada_condensado_linha@L7,"{""retirada_condensado_grupo@L6_L7"": 1870.0, ""lth@L7"": 3.0, ""lth@L6"": 3.0}","('VALUE', 935.0)","('VALUE', 935.0)",True,True
equation,EQ16019,retirada_condensado_linha@L7,"{""retirada_condensado_grupo@L6_L7"": 3.0, ""lth@L7"": 1e-09, ""lth@L6"": 0.5}","('VALUE', 5.9999999880000015e-09)","('VALUE', 5.9999999880000015e-09)",True,True
equation,EQ16019,retirada_condensado_linha@L7,"{""retirada_condensado_grupo@L6_L7"": 1.1, ""lth@L7"": 1100.0, ""lth@L6"": 0.0017}","('VALUE', 1.0999983000026272)","('VALUE', 1.0999983000026272)",True,True
equation,EQ16019,retirada_condensado_linha@L7,"{""retirada_condensado_grupo@L6_L7"": 1e-09, ""lth@L7"": 1.0, ""lth@L6"": 1e-09}","('VALUE', 9.99999999e-10)","('VALUE', 9.99999999e-10)",True,True
equation,EQ16019,retirada_condensado_linha@L7,"{""retirada_condensado_grupo@L6_L7"": 81.6, ""lth@L7"": 1870.0, ""lth@L6"": 1000000.0}","('VALUE', 0.1523071855629972)","('VALUE', 0.1523071855629972)",True,True
equation,EQ16019,retirada_condensado_linha@L7,"{""retirada_condensado_grupo@L6_L7"": 0.001, ""lth@L7"": 0.001, ""lth@L6"": 47.0}","('VALUE', 2.127614306078594e-08)","('VALUE', 2.127614306078594e-08)",True,True
equation,EQ16019,retirada_condensado_linha@L7,"{""retirada_condensado_grupo@L6_L7"": 3.0, ""lth@L7"": 1000000.0, ""lth@L6"": 1.7000000000000001e-09}","('VALUE', 2.9999999999999947)","('VALUE', 2.9999999999999947)",True,True
equation,EQ16019,retirada_condensado_linha@L7,"{""retirada_condensado_grupo@L6_L7"": 970.0, ""lth@L7"": 1649.0, ""lth@L6"": 47.0}","('VALUE', 943.1191037735849)","('VALUE', 943.1191037735849)",True,True
equation,EQ16019,retirada_condensado_linha@L7,"{""retirada_condensado_grupo@L6_L7"": 5.1, ""lth@L7"": 47.0, ""lth@L6"": 970.0}","('VALUE', 0.23569321533923301)","('VALUE', 0.23569321533923301)",True,True
equation,EQ16019,retirada_condensado_linha@L7,"{""retirada_condensado_grupo@L6_L7"": 3.0, ""lth@L7"": 1000000.0, ""lth@L6"": 47.0}","('VALUE', 2.9998590066266884)","('VALUE', 2.9998590066266884)",True,True
equation,EQ16019,retirada_condensado_linha@L7,"{""retirada_condensado_grupo@L6_L7"": 81.6, ""lth@L7"": 0.001, ""lth@L6"": 1100.0}","('VALUE', 7.418175074386295e-05)","('VALUE', 7.418175074386295e-05)",True,True
equation,EQ16019,retirada_condensado_linha@L7,"{""retirada_condensado_grupo@L6_L7"": 1.1, ""lth@L7"": 1100.0, ""lth@L6"": 1e-09}","('VALUE', 1.099999999999)","('VALUE', 1.099999999999)",True,True
equation,EQ16019,retirada_condensado_linha@L7,"{""retirada_condensado_grupo@L6_L7"": 970.0, ""lth@L7"": 47.0, ""lth@L6"": 1000000.0}","('VALUE', 0.045587857370703574)","('VALUE', 0.045587857370703574)",True,True
equation,EQ16019,retirada_condensado_linha@L7,"{""retirada_condensado_grupo@L6_L7"": 0.5, ""lth@L7"": 47.0, ""lth@L6"": 1870.0}","('VALUE', 0.012258737610850287)","('VALUE', 0.012258737610850287)",True,True
equation,EQ16019,retirada_condensado_linha@L7,"{""retirada_condensado_grupo@L6_L7"": 0.001, ""lth@L7"": 1.7000000000000001e-09, ""lth@L6"": 1100.0}","('VALUE', 1.5454545454521572e-15)","('VALUE', 1.5454545454521572e-15)",True,True
equation,EQ16019,retirada_condensado_linha@L7,"{""retirada_condensado_grupo@L6_L7"": 0.001, ""lth@L7"": 1.0, ""lth@L6"": 1700000.0}","('VALUE', 5.882349480970894e-10)","('VALUE', 5.882349480970894e-10)",True,True
equation,EQ16019,retirada_condensado_linha@L7,"{""retirada_condensado_grupo@L6_L7"": 1.0, ""lth@L7"": 1100.0, ""lth@L6"": 1100.0}","('VALUE', 0.5)","('VALUE', 0.5)",True,True
equation,EQ16019,retirada_condensado_linha@L7,"{""retirada_condensado_grupo@L6_L7"": 2244.0, ""lth@L7"": 970.0, ""lth@L6"": 1.0}","('VALUE', 2241.6889804325438)","('VALUE', 2241.6889804325438)",True,True
equation,EQ16019,retirada_condensado_linha@L7,"{""retirada_condensado_grupo@L6_L7"": 970.0, ""lth@L7"": 1000000.0, ""lth@L6"": 1649.0}","('VALUE', 968.4031032826869)","('VALUE', 968.4031032826869)",True,True
equation,EQ16019,retirada_condensado_linha@L7,"{""retirada_condensado_grupo@L6_L7"": 1100.0, ""lth@L7"": 1320.0, ""lth@L6"": 47.0}","('VALUE', 1062.1799561082662)","('VALUE', 1062.1799561082662)",True,True
equation,EQ16019,retirada_condensado_linha@L7,"{""retirada_condensado_grupo@L6_L7"": 1.7, ""lth@L7"": 1320.0, ""lth@L6"": 1000000.0}","('VALUE', 0.0022410418247912757)","('VALUE', 0.0022410418247912757)",True,True
equation,EQ16019,retirada_condensado_linha@L7,"{""retirada_condensado_grupo@L6_L7"": 1320.0, ""lth@L7"": 1320.0, ""lth@L6"": 47.0}","('VALUE', 1274.6159473299194)","('VALUE', 1274.6159473299194)",True,True
equation,EQ16019,retirada_condensado_linha@L7,"{""retirada_condensado_grupo@L6_L7"": 0.5, ""lth@L7"": 1320.0, ""lth@L6"": 1.1}","('VALUE', 0.4995836802664447)","('VALUE', 0.4995836802664447)",True,True
equation,EQ16019,retirada_condensado_linha@L7,"{""retirada_condensado_grupo@L6_L7"": 10.0, ""lth@L7"": 0.0, ""lth@L6"": 0.0}","('FAILURE', 'DIVISION_BY_ZERO')","('FAILURE', 'DIVISION_BY_ZERO')",True,True
equation,EQ16019,retirada_condensado_linha@L7,"{""retirada_condensado_grupo@L6_L7"": 10.0, ""lth@L7"": -5.0, ""lth@L6"": 5.0}","('FAILURE', 'DIVISION_BY_ZERO')","('FAILURE', 'DIVISION_BY_ZERO')",True,True
equation,EQ16020,retirada_condensado_total@L1_L7,"{""retirada_condensado_grupo@L1_L3"": 1320.0, ""retirada_condensado_grupo@L4_L5"": 1320.0, ""retirada_condensado_grupo@L6_L7"": 1649.0}","('VALUE', 4289.0)","('VALUE', 4289.0)",True,True
equation,EQ16020,retirada_condensado_total@L1_L7,"{""retirada_condensado_grupo@L1_L3"": 1.1, ""retirada_condensado_grupo@L4_L5"": 1.1, ""retirada_condensado_grupo@L6_L7"": 48.0}","('VALUE', 50.2)","('VALUE', 50.2)",True,True
equation,EQ16020,retirada_condensado_total@L1_L7,"{""retirada_condensado_grupo@L1_L3"": 1.1, ""retirada_condensado_grupo@L4_L5"": 1100.0, ""retirada_condensado_grupo@L6_L7"": 1.7}","('VALUE', 1102.8)","('VALUE', 1102.8)",True,True
equation,EQ16020,retirada_condensado_total@L1_L7,"{""retirada_condensado_grupo@L1_L3"": 0.001, ""retirada_condensado_grupo@L4_L5"": 47.0, ""retirada_condensado_grupo@L6_L7"": 1e-09}","('VALUE', 47.001000000999994)","('VALUE', 47.001000000999994)",True,True
equation,EQ16020,retirada_condensado_total@L1_L7,"{""retirada_condensado_grupo@L1_L3"": 0.0017, ""retirada_condensado_grupo@L4_L5"": 0.5, ""retirada_condensado_grupo@L6_L7"": 970.0}","('VALUE', 970.5017)","('VALUE', 970.5017)",True,True
equation,EQ16020,retirada_condensado_total@L1_L7,"{""retirada_condensado_grupo@L1_L3"": 48.0, ""retirada_condensado_grupo@L4_L5"": 0.0017, ""retirada_condensado_grupo@L6_L7"": 48.0}","('VALUE', 96.0017)","('VALUE', 96.0017)",True,True
equation,EQ16020,retirada_condensado_total@L1_L7,"{""retirada_condensado_grupo@L1_L3"": 1649.0, ""retirada_condensado_grupo@L4_L5"": 1320.0, ""retirada_condensado_grupo@L6_L7"": 1870.0}","('VALUE', 4839.0)","('VALUE', 4839.0)",True,True
equation,EQ16020,retirada_condensado_total@L1_L7,"{""retirada_condensado_grupo@L1_L3"": 1.7, ""retirada_condensado_grupo@L4_L5"": 0.001, ""retirada_condensado_grupo@L6_L7"": 3.0}","('VALUE', 4.701)","('VALUE', 4.701)",True,True
equation,EQ16020,retirada_condensado_total@L1_L7,"{""retirada_condensado_grupo@L1_L3"": 5.1, ""retirada_condensado_grupo@L4_L5"": 1e-09, ""retirada_condensado_grupo@L6_L7"": 1100.0}","('VALUE', 1105.100000001)","('VALUE', 1105.100000001)",True,True
equation,EQ16020,retirada_condensado_total@L1_L7,"{""retirada_condensado_grupo@L1_L3"": 3.0, ""retirada_condensado_grupo@L4_L5"": 1000000.0, ""retirada_condensado_grupo@L6_L7"": 48.0}","('VALUE', 1000051.0)","('VALUE', 1000051.0)",True,True
equation,EQ16020,retirada_condensado_total@L1_L7,"{""retirada_condensado_grupo@L1_L3"": 970.0, ""retirada_condensado_grupo@L4_L5"": 1.0, ""retirada_condensado_grupo@L6_L7"": 47.0}","('VALUE', 1018.0)","('VALUE', 1018.0)",True,True
equation,EQ16020,retirada_condensado_total@L1_L7,"{""retirada_condensado_grupo@L1_L3"": 1649.0, ""retirada_condensado_grupo@L4_L5"": 1.1, ""retirada_condensado_grupo@L6_L7"": 47.0}","('VALUE', 1697.1)","('VALUE', 1697.1)",True,True
equation,EQ16020,retirada_condensado_total@L1_L7,"{""retirada_condensado_grupo@L1_L3"": 0.85, ""retirada_condensado_grupo@L4_L5"": 1649.0, ""retirada_condensado_grupo@L6_L7"": 3.0}","('VALUE', 1652.85)","('VALUE', 1652.85)",True,True
equation,EQ16020,retirada_condensado_total@L1_L7,"{""retirada_condensado_grupo@L1_L3"": 970.0, ""retirada_condensado_grupo@L4_L5"": 1649.0, ""retirada_condensado_grupo@L6_L7"": 1000000.0}","('VALUE', 1002619.0)","('VALUE', 1002619.0)",True,True
equation,EQ16020,retirada_condensado_total@L1_L7,"{""retirada_condensado_grupo@L1_L3"": 0.001, ""retirada_condensado_grupo@L4_L5"": 1.7000000000000001e-09, ""retirada_condensado_grupo@L6_L7"": 970.0}","('VALUE', 970.0010000017)","('VALUE', 970.0010000017)",True,True
equation,EQ16020,retirada_condensado_total@L1_L7,"{""retirada_condensado_grupo@L1_L3"": 3.0, ""retirada_condensado_grupo@L4_L5"": 1.0, ""retirada_condensado_grupo@L6_L7"": 1100.0}","('VALUE', 1104.0)","('VALUE', 1104.0)",True,True
equation,EQ16020,retirada_condensado_total@L1_L7,"{""retirada_condensado_grupo@L1_L3"": 3.0, ""retirada_condensado_grupo@L4_L5"": 47.0, ""retirada_condensado_grupo@L6_L7"": 48.0}","('VALUE', 98.0)","('VALUE', 98.0)",True,True
equation,EQ16020,retirada_condensado_total@L1_L7,"{""retirada_condensado_grupo@L1_L3"": 1320.0, ""retirada_condensado_grupo@L4_L5"": 1000000.0, ""retirada_condensado_grupo@L6_L7"": 970.0}","('VALUE', 1002290.0)","('VALUE', 1002290.0)",True,True
equation,EQ16020,retirada_condensado_total@L1_L7,"{""retirada_condensado_grupo@L1_L3"": 1000000.0, ""retirada_condensado_grupo@L4_L5"": 48.0, ""retirada_condensado_grupo@L6_L7"": 1e-09}","('VALUE', 1000048.000000001)","('VALUE', 1000048.000000001)",True,True
equation,EQ16020,retirada_condensado_total@L1_L7,"{""retirada_condensado_grupo@L1_L3"": 1100.0, ""retirada_condensado_grupo@L4_L5"": 1.1, ""retirada_condensado_grupo@L6_L7"": 48.0}","('VALUE', 1149.1)","('VALUE', 1149.1)",True,True
equation,EQ16020,retirada_condensado_total@L1_L7,"{""retirada_condensado_grupo@L1_L3"": 1320.0, ""retirada_condensado_grupo@L4_L5"": 1.7000000000000001e-09, ""retirada_condensado_grupo@L6_L7"": 1000000.0}","('VALUE', 1001320.0000000017)","('VALUE', 1001320.0000000017)",True,True
equation,EQ16020,retirada_condensado_total@L1_L7,"{""retirada_condensado_grupo@L1_L3"": 48.0, ""retirada_condensado_grupo@L4_L5"": 81.6, ""retirada_condensado_grupo@L6_L7"": 0.0017}","('VALUE', 129.6017)","('VALUE', 129.6017)",True,True
equation,EQ16020,retirada_condensado_total@L1_L7,"{""retirada_condensado_grupo@L1_L3"": 1e-09, ""retirada_condensado_grupo@L4_L5"": 1.1, ""retirada_condensado_grupo@L6_L7"": 1320.0}","('VALUE', 1321.100000001)","('VALUE', 1321.100000001)",True,True
equation,EQ16020,retirada_condensado_total@L1_L7,"{""retirada_condensado_grupo@L1_L3"": 0.001, ""retirada_condensado_grupo@L4_L5"": 970.0, ""retirada_condensado_grupo@L6_L7"": 970.0}","('VALUE', 1940.001)","('VALUE', 1940.001)",True,True
equation,EQ16020,retirada_condensado_total@L1_L7,"{""retirada_condensado_grupo@L1_L3"": 3.0, ""retirada_condensado_grupo@L4_L5"": 1000000.0, ""retirada_condensado_grupo@L6_L7"": 0.5}","('VALUE', 1000003.5)","('VALUE', 1000003.5)",True,True
equation,EQ16020,retirada_condensado_total@L1_L7,"{""retirada_condensado_grupo@L1_L3"": 3.0, ""retirada_condensado_grupo@L4_L5"": 47.0, ""retirada_condensado_grupo@L6_L7"": 1.0}","('VALUE', 51.0)","('VALUE', 51.0)",True,True
equation,EQ16020,retirada_condensado_total@L1_L7,"{""retirada_condensado_grupo@L1_L3"": 3.0, ""retirada_condensado_grupo@L4_L5"": 0.001, ""retirada_condensado_grupo@L6_L7"": 970.0}","('VALUE', 973.001)","('VALUE', 973.001)",True,True
equation,EQ16020,retirada_condensado_total@L1_L7,"{""retirada_condensado_grupo@L1_L3"": 970.0, ""retirada_condensado_grupo@L4_L5"": 0.5, ""retirada_condensado_grupo@L6_L7"": 1.0}","('VALUE', 971.5)","('VALUE', 971.5)",True,True
equation,EQ16020,retirada_condensado_total@L1_L7,"{""retirada_condensado_grupo@L1_L3"": 1.7000000000000001e-09, ""retirada_condensado_grupo@L4_L5"": 5.1, ""retirada_condensado_grupo@L6_L7"": 1100.0}","('VALUE', 1105.1000000017)","('VALUE', 1105.1000000017)",True,True
equation,EQ16020,retirada_condensado_total@L1_L7,"{""retirada_condensado_grupo@L1_L3"": 1.0, ""retirada_condensado_grupo@L4_L5"": 5.1, ""retirada_condensado_grupo@L6_L7"": 1.7}","('VALUE', 7.8)","('VALUE', 7.8)",True,True
equation,EQ16020,retirada_condensado_total@L1_L7,"{""retirada_condensado_grupo@L1_L3"": 2244.0, ""retirada_condensado_grupo@L4_L5"": 970.0, ""retirada_condensado_grupo@L6_L7"": 47.0}","('VALUE', 3261.0)","('VALUE', 3261.0)",True,True
equation,EQ16020,retirada_condensado_total@L1_L7,"{""retirada_condensado_grupo@L1_L3"": 1320.0, ""retirada_condensado_grupo@L4_L5"": 1.0, ""retirada_condensado_grupo@L6_L7"": 1.7000000000000001e-09}","('VALUE', 1321.0000000017)","('VALUE', 1321.0000000017)",True,True
equation,EQ16020,retirada_condensado_total@L1_L7,"{""retirada_condensado_grupo@L1_L3"": 79.89999999999999, ""retirada_condensado_grupo@L4_L5"": 1e-09, ""retirada_condensado_grupo@L6_L7"": 1.1}","('VALUE', 81.00000000099999)","('VALUE', 81.00000000099999)",True,True
equation,EQ16020,retirada_condensado_total@L1_L7,"{""retirada_condensado_grupo@L1_L3"": 47.0, ""retirada_condensado_grupo@L4_L5"": 1.87, ""retirada_condensado_grupo@L6_L7"": 0.5}","('VALUE', 49.37)","('VALUE', 49.37)",True,True
equation,EQ16020,retirada_condensado_total@L1_L7,"{""retirada_condensado_grupo@L1_L3"": 1320.0, ""retirada_condensado_grupo@L4_L5"": 48.0, ""retirada_condensado_grupo@L6_L7"": 2244.0}","('VALUE', 3612.0)","('VALUE', 3612.0)",True,True
equation,EQ16020,retirada_condensado_total@L1_L7,"{""retirada_condensado_grupo@L1_L3"": 1.1, ""retirada_condensado_grupo@L4_L5"": 0.5, ""retirada_condensado_grupo@L6_L7"": 0.5}","('VALUE', 2.1)","('VALUE', 2.1)",True,True
equation,EQ16020,retirada_condensado_total@L1_L7,"{""retirada_condensado_grupo@L1_L3"": 48.0, ""retirada_condensado_grupo@L4_L5"": 0.5, ""retirada_condensado_grupo@L6_L7"": 3.0}","('VALUE', 51.5)","('VALUE', 51.5)",True,True
equation,EQ16020,retirada_condensado_total@L1_L7,"{""retirada_condensado_grupo@L1_L3"": 0.001, ""retirada_condensado_grupo@L4_L5"": 0.001, ""retirada_condensado_grupo@L6_L7"": 0.001}","('VALUE', 0.003)","('VALUE', 0.003)",True,True
equation,EQ16020,retirada_condensado_total@L1_L7,"{""retirada_condensado_grupo@L1_L3"": 1.0, ""retirada_condensado_grupo@L4_L5"": 0.85, ""retirada_condensado_grupo@L6_L7"": 1320.0}","('VALUE', 1321.85)","('VALUE', 1321.85)",True,True
equation,EQ16020,retirada_condensado_total@L1_L7,"{""retirada_condensado_grupo@L1_L3"": 1.0, ""retirada_condensado_grupo@L4_L5"": 0.85, ""retirada_condensado_grupo@L6_L7"": 1.7}","('VALUE', 3.55)","('VALUE', 3.55)",True,True
chain,grid,retirada_cond_corr_ltp@L1_L3,"{""hes"": {""L4"": ""Normal"", ""L5"": ""Normal"", ""L6"": ""Normal"", ""L7"": ""Normal""}}","('VALUE', 183.05806811635424)","('VALUE', 183.05806811635424)",True,True
chain,grid,retirada_cond_corr_ltp@L4_L5,"{""hes"": {""L4"": ""Normal"", ""L5"": ""Normal"", ""L6"": ""Normal"", ""L7"": ""Normal""}}","('VALUE', -11.017375456696598)","('VALUE', -11.017375456696598)",True,True
chain,grid,retirada_cond_corr_ltp@L6_L7,"{""hes"": {""L4"": ""Normal"", ""L5"": ""Normal"", ""L6"": ""Normal"", ""L7"": ""Normal""}}","('VALUE', 47.936340992412426)","('VALUE', 47.936340992412426)",True,True
chain,grid,lth_grupo@L1_L3,"{""hes"": {""L4"": ""Normal"", ""L5"": ""Normal"", ""L6"": ""Normal"", ""L7"": ""Normal""}}","('VALUE', 647.0)","('VALUE', 647.0)",True,True
chain,grid,lth_grupo@L4_L5,"{""hes"": {""L4"": ""Normal"", ""L5"": ""Normal"", ""L6"": ""Normal"", ""L7"": ""Normal""}}","('VALUE', 0.001)","('VALUE', 0.001)",True,True
chain,grid,lth_grupo@L6_L7,"{""hes"": {""L4"": ""Normal"", ""L5"": ""Normal"", ""L6"": ""Normal"", ""L7"": ""Normal""}}","('VALUE', 50000.0005)","('VALUE', 50000.0005)",True,True
chain,grid,retirada_cond_corr_lth@L1_L3,"{""hes"": {""L4"": ""Normal"", ""L5"": ""Normal"", ""L6"": ""Normal"", ""L7"": ""Normal""}}","('VALUE', 41.90610983709429)","('VALUE', 41.90610983709429)",True,True
chain,grid,retirada_cond_corr_lth@L4_L5,"{""hes"": {""L4"": ""Normal"", ""L5"": ""Normal"", ""L6"": ""Normal"", ""L7"": ""Normal""}}","('VALUE', -217.8056702304209)","('VALUE', -217.8056702304209)",True,True
chain,grid,retirada_cond_corr_lth@L6_L7,"{""hes"": {""L4"": ""Normal"", ""L5"": ""Normal"", ""L6"": ""Normal"", ""L7"": ""Normal""}}","('VALUE', 126.5723480353295)","('VALUE', 126.5723480353295)",True,True
chain,grid,retirada_condensado_grupo@L1_L3,"{""hes"": {""L4"": ""Normal"", ""L5"": ""Normal"", ""L6"": ""Normal"", ""L7"": ""Normal""}}","('VALUE', -328.4558748377798)","('VALUE', -328.4558748377798)",True,True
chain,grid,retirada_condensado_grupo@L4_L5,"{""hes"": {""L4"": ""Normal"", ""L5"": ""Normal"", ""L6"": ""Normal"", ""L7"": ""Normal""}}","('VALUE', -313.57658954744863)","('VALUE', -313.57658954744863)",True,True
chain,grid,retirada_condensado_grupo@L6_L7,"{""hes"": {""L4"": ""Normal"", ""L5"": ""Normal"", ""L6"": ""Normal"", ""L7"": ""Normal""}}","('VALUE', 257.27201408583414)","('VALUE', 257.27201408583414)",True,True
chain,grid,retirada_condensado_linha@L1,"{""hes"": {""L4"": ""Normal"", ""L5"": ""Normal"", ""L6"": ""Normal"", ""L7"": ""Normal""}}","('VALUE', -0.16921992521266346)","('VALUE', -0.16921992521266346)",True,True
chain,grid,retirada_condensado_linha@L2,"{""hes"": {""L4"": ""Normal"", ""L5"": ""Normal"", ""L6"": ""Normal"", ""L7"": ""Normal""}}","('VALUE', -164.14332745628357)","('VALUE', -164.14332745628357)",True,True
chain,grid,retirada_condensado_linha@L3,"{""hes"": {""L4"": ""Normal"", ""L5"": ""Normal"", ""L6"": ""Normal"", ""L7"": ""Normal""}}","('VALUE', -164.14332745628357)","('VALUE', -164.14332745628357)",True,True
chain,grid,retirada_condensado_linha@L4,"{""hes"": {""L4"": ""Normal"", ""L5"": ""Normal"", ""L6"": ""Normal"", ""L7"": ""Normal""}}","('VALUE', -156.78829477372432)","('VALUE', -156.78829477372432)",True,True
chain,grid,retirada_condensado_linha@L5,"{""hes"": {""L4"": ""Normal"", ""L5"": ""Normal"", ""L6"": ""Normal"", ""L7"": ""Normal""}}","('VALUE', -156.78829477372432)","('VALUE', -156.78829477372432)",True,True
chain,grid,retirada_condensado_linha@L6,"{""hes"": {""L4"": ""Normal"", ""L5"": ""Normal"", ""L6"": ""Normal"", ""L7"": ""Normal""}}","('VALUE', 2.5727201151311404e-06)","('VALUE', 2.5727201151311404e-06)",True,True
chain,grid,retirada_condensado_linha@L7,"{""hes"": {""L4"": ""Normal"", ""L5"": ""Normal"", ""L6"": ""Normal"", ""L7"": ""Normal""}}","('VALUE', 257.272011513114)","('VALUE', 257.272011513114)",True,True
chain,grid,retirada_condensado_total@L1_L7,"{""hes"": {""L4"": ""Normal"", ""L5"": ""Normal"", ""L6"": ""Normal"", ""L7"": ""Normal""}}","('VALUE', -384.7604502993943)","('VALUE', -384.7604502993943)",True,True
chain,grid,retirada_cond_corr_ltp@L1_L3,"{""hes"": {""L4"": ""Normal"", ""L5"": ""Normal"", ""L6"": ""Normal"", ""L7"": ""Normal""}}","('VALUE', -11.017375456696598)","('VALUE', -11.017375456696598)",True,True
chain,grid,retirada_cond_corr_ltp@L4_L5,"{""hes"": {""L4"": ""Normal"", ""L5"": ""Normal"", ""L6"": ""Normal"", ""L7"": ""Normal""}}","('VALUE', -99.49804134140493)","('VALUE', -99.49804134140493)",True,True
chain,grid,retirada_cond_corr_ltp@L6_L7,"{""hes"": {""L4"": ""Normal"", ""L5"": ""Normal"", ""L6"": ""Normal"", ""L7"": ""Normal""}}","('VALUE', 47.936340992412426)","('VALUE', 47.936340992412426)",True,True
chain,grid,lth_grupo@L1_L3,"{""hes"": {""L4"": ""Normal"", ""L5"": ""Normal"", ""L6"": ""Normal"", ""L7"": ""Normal""}}","('VALUE', 33700.333333333336)","('VALUE', 33700.333333333336)",True,True
chain,grid,lth_grupo@L4_L5,"{""hes"": {""L4"": ""Normal"", ""L5"": ""Normal"", ""L6"": ""Normal"", ""L7"": ""Normal""}}","('VALUE', 485.5)","('VALUE', 485.5)",True,True
chain,grid,lth_grupo@L6_L7,"{""hes"": {""L4"": ""Normal"", ""L5"": ""Normal"", ""L6"": ""Normal"", ""L7"": ""Normal""}}","('VALUE', 1.0)","('VALUE', 1.0)",True,True
chain,grid,retirada_cond_corr_lth@L1_L3,"{""hes"": {""L4"": ""Normal"", ""L5"": ""Normal"", ""L6"": ""Normal"", ""L7"": ""Normal""}}","('VALUE', -17.495536987341097)","('VALUE', -17.495536987341097)",True,True
chain,grid,retirada_cond_corr_lth@L4_L5,"{""hes"": {""L4"": ""Normal"", ""L5"": ""Normal"", ""L6"": ""Normal"", ""L7"": ""Normal""}}","('VALUE', 37.179230456324845)","('VALUE', 37.179230456324845)",True,True
chain,grid,retirada_cond_corr_lth@L6_L7,"{""hes"": {""L4"": ""Normal"", ""L5"": ""Normal"", ""L6"": ""Normal"", ""L7"": ""Normal""}}","('VALUE', -220.5275340581771)","('VALUE', -220.5275340581771)",True,True
chain,grid,retirada_condensado_grupo@L1_L3,"{""hes"": {""L4"": ""Normal"", ""L5"": ""Normal"", ""L6"": ""Normal"", ""L7"": ""Normal""}}","('VALUE', 123.5655154080665)","('VALUE', 123.5655154080665)",True,True
chain,grid,retirada_condensado_grupo@L4_L5,"{""hes"": {""L4"": ""Normal"", ""L5"": ""Normal"", ""L6"": ""Normal"", ""L7"": ""Normal""}}","('VALUE', 373.3545435954595)","('VALUE', 373.3545435954595)",True,True
chain,grid,retirada_condensado_grupo@L6_L7,"{""hes"": {""L4"": ""Normal"", ""L5"": ""Normal"", ""L6"": ""Normal"", ""L7"": ""Normal""}}","('VALUE', -436.9277501011791)","('VALUE', -436.9277501011791)",True,True
chain,grid,retirada_condensado_linha@L1,"{""hes"": {""L4"": ""Normal"", ""L5"": ""Normal"", ""L6"": ""Normal"", ""L7"": ""Normal""}}","('VALUE', 122.21987458884334)","('VALUE', 122.21987458884334)",True,True
chain,grid,retirada_condensado_linha@L2,"{""hes"": {""L4"": ""Normal"", ""L5"": ""Normal"", ""L6"": ""Normal"", ""L7"": ""Normal""}}","('VALUE', 0.0012221987458884333)","('VALUE', 0.0012221987458884333)",True,True
chain,grid,retirada_condensado_linha@L3,"{""hes"": {""L4"": ""Normal"", ""L5"": ""Normal"", ""L6"": ""Normal"", ""L7"": ""Normal""}}","('VALUE', 1.3444186204772768)","('VALUE', 1.3444186204772768)",True,True
chain,grid,retirada_condensado_linha@L4,"{""hes"": {""L4"": ""Normal"", ""L5"": ""Normal"", ""L6"": ""Normal"", ""L7"": ""Normal""}}","('VALUE', 372.9700384012314)","('VALUE', 372.9700384012314)",True,True
chain,grid,retirada_condensado_linha@L5,"{""hes"": {""L4"": ""Normal"", ""L5"": ""Normal"", ""L6"": ""Normal"", ""L7"": ""Normal""}}","('VALUE', 0.38450519422807367)","('VALUE', 0.38450519422807367)",True,True
chain,grid,retirada_condensado_linha@L6,"{""hes"": {""L4"": ""Normal"", ""L5"": ""Normal"", ""L6"": ""Normal"", ""L7"": ""Normal""}}","('VALUE', -218.46387505058954)","('VALUE', -218.46387505058954)",True,True
chain,grid,retirada_condensado_linha@L7,"{""hes"": {""L4"": ""Normal"", ""L5"": ""Normal"", ""L6"": ""Normal"", ""L7"": ""Normal""}}","('VALUE', -218.46387505058954)","('VALUE', -218.46387505058954)",True,True
chain,grid,retirada_condensado_total@L1_L7,"{""hes"": {""L4"": ""Normal"", ""L5"": ""Normal"", ""L6"": ""Normal"", ""L7"": ""Normal""}}","('VALUE', 59.99230890234696)","('VALUE', 59.99230890234696)",True,True
chain,grid,retirada_cond_corr_ltp@L1_L3,"{""hes"": {""L4"": ""Normal"", ""L5"": ""Normal"", ""L6"": ""Normal"", ""L7"": ""Normal""}}","('VALUE', -99.49804134140493)","('VALUE', -99.49804134140493)",True,True
chain,grid,retirada_cond_corr_ltp@L4_L5,"{""hes"": {""L4"": ""Normal"", ""L5"": ""Normal"", ""L6"": ""Normal"", ""L7"": ""Normal""}}","('VALUE', 183.05806811635424)","('VALUE', 183.05806811635424)",True,True
chain,grid,retirada_cond_corr_ltp@L6_L7,"{""hes"": {""L4"": ""Normal"", ""L5"": ""Normal"", ""L6"": ""Normal"", ""L7"": ""Normal""}}","('VALUE', -99.49804134140493)","('VALUE', -99.49804134140493)",True,True
chain,grid,lth_grupo@L1_L3,"{""hes"": {""L4"": ""Normal"", ""L5"": ""Normal"", ""L6"": ""Normal"", ""L7"": ""Normal""}}","('VALUE', 33700.333333333336)","('VALUE', 33700.333333333336)",True,True
chain,grid,lth_grupo@L4_L5,"{""hes"": {""L4"": ""Normal"", ""L5"": ""Normal"", ""L6"": ""Normal"", ""L7"": ""Normal""}}","('VALUE', 50550.0)","('VALUE', 50550.0)",True,True
chain,grid,lth_grupo@L6_L7,"{""hes"": {""L4"": ""Normal"", ""L5"": ""Normal"", ""L6"": ""Normal"", ""L7"": ""Normal""}}","('VALUE', 485.0005)","('VALUE', 485.0005)",True,True
chain,grid,retirada_cond_corr_lth@L1_L3,"{""hes"": {""L4"": ""Normal"", ""L5"": ""Normal"", ""L6"": ""Normal"", ""L7"": ""Normal""}}","('VALUE', 119.75486089859226)","('VALUE', 119.75486089859226)",True,True
chain,grid,retirada_cond_corr_lth@L4_L5,"{""hes"": {""L4"": ""Normal"", ""L5"": ""Normal"", ""L6"": ""Normal"", ""L7"": ""Normal""}}","('VALUE', 126.78540317282608)","('VALUE', 126.78540317282608)",True,True
chain,grid,retirada_cond_corr_lth@L6_L7,"{""hes"": {""L4"": ""Normal"", ""L5"": ""Normal"", ""L6"": ""Normal"", ""L7"": ""Normal""}}","('VALUE', -100.09121432986039)","('VALUE', -100.09121432986039)",True,True
chain,grid,retirada_condensado_grupo@L1_L3,"{""hes"": {""L4"": ""Normal"", ""L5"": ""Normal"", ""L6"": ""Normal"", ""L7"": ""Normal""}}","('VALUE', 752.7587067199916)","('VALUE', 752.7587067199916)",True,True
chain,grid,retirada_condensado_grupo@L4_L5,"{""hes"": {""L4"": ""Normal"", ""L5"": ""Normal"", ""L6"": ""Normal"", ""L7"": ""Normal""}}","('VALUE', -12.545329887056312)","('VALUE', -12.545329887056312)",True,True
chain,grid,retirada_condensado_grupo@L6_L7,"{""hes"": {""L4"": ""Normal"", ""L5"": ""Normal"", ""L6"": ""Normal"", ""L7"": ""Normal""}}","('VALUE', 98.81365402308907)","('VALUE', 98.81365402308907)",True,True
chain,grid,retirada_condensado_linha@L1,"{""hes"": {""L4"": ""Normal"", ""L5"": ""Normal"", ""L6"": ""Normal"", ""L7"": ""Normal""}}","('VALUE', 8.190171980415531)","('VALUE', 8.190171980415531)",True,True
chain,grid,retirada_condensado_linha@L2,"{""hes"": {""L4"": ""Normal"", ""L5"": ""Normal"", ""L6"": ""Normal"", ""L7"": ""Normal""}}","('VALUE', 744.5610891286848)","('VALUE', 744.5610891286848)",True,True
chain,grid,retirada_condensado_linha@L3,"{""hes"": {""L4"": ""Normal"", ""L5"": ""Normal"", ""L6"": ""Normal"", ""L7"": ""Normal""}}","('VALUE', 0.007445610891286847)","('VALUE', 0.007445610891286847)",True,True
chain,grid,retirada_condensado_linha@L4,"{""hes"": {""L4"": ""Normal"", ""L5"": ""Normal"", ""L6"": ""Normal"", ""L7"": ""Normal""}}","('VALUE', -0.13649715999764533)","('VALUE', -0.13649715999764533)",True,True
chain,grid,retirada_condensado_linha@L5,"{""hes"": {""L4"": ""Normal"", ""L5"": ""Normal"", ""L6"": ""Normal"", ""L7"": ""Normal""}}","('VALUE', -12.408832727058666)","('VALUE', -12.408832727058666)",True,True
chain,grid,retirada_condensado_linha@L6,"{""hes"": {""L4"": ""Normal"", ""L5"": ""Normal"", ""L6"": ""Normal"", ""L7"": ""Normal""}}","('VALUE', 98.81355215344769)","('VALUE', 98.81355215344769)",True,True
chain,grid,retirada_condensado_linha@L7,"{""hes"": {""L4"": ""Normal"", ""L5"": ""Normal"", ""L6"": ""Normal"", ""L7"": ""Normal""}}","('VALUE', 0.00010186964139530689)","('VALUE', 0.00010186964139530689)",True,True
chain,grid,retirada_condensado_total@L1_L7,"{""hes"": {""L4"": ""Normal"", ""L5"": ""Normal"", ""L6"": ""Normal"", ""L7"": ""Normal""}}","('VALUE', 839.0270308560242)","('VALUE', 839.0270308560242)",True,True
chain,grid,retirada_cond_corr_ltp@L1_L3,"{""hes"": {""L4"": ""Normal"", ""L5"": ""Normal"", ""L6"": ""Normal"", ""L7"": ""Normal""}}","('VALUE', -99.49804134140493)","('VALUE', -99.49804134140493)",True,True
chain,grid,retirada_cond_corr_ltp@L4_L5,"{""hes"": {""L4"": ""Normal"", ""L5"": ""Normal"", ""L6"": ""Normal"", ""L7"": ""Normal""}}","('VALUE', 53.93641212842863)","('VALUE', 53.93641212842863)",True,True
chain,grid,retirada_cond_corr_ltp@L6_L7,"{""hes"": {""L4"": ""Normal"", ""L5"": ""Normal"", ""L6"": ""Normal"", ""L7"": ""Normal""}}","('VALUE', -99.49804134140493)","('VALUE', -99.49804134140493)",True,True
chain,grid,lth_grupo@L1_L3,"{""hes"": {""L4"": ""Normal"", ""L5"": ""Normal"", ""L6"": ""Normal"", ""L7"": ""Normal""}}","('VALUE', 34023.333333333336)","('VALUE', 34023.333333333336)",True,True
chain,grid,lth_grupo@L4_L5,"{""hes"": {""L4"": ""Normal"", ""L5"": ""Normal"", ""L6"": ""Normal"", ""L7"": ""Normal""}}","('VALUE', 0.5005)","('VALUE', 0.5005)",True,True
chain,grid,lth_grupo@L6_L7,"{""hes"": {""L4"": ""Normal"", ""L5"": ""Normal"", ""L6"": ""Normal"", ""L7"": ""Normal""}}","('VALUE', 50000.5)","('VALUE', 50000.5)",True,True
chain,grid,retirada_cond_corr_lth@L1_L3,"{""hes"": {""L4"": ""Normal"", ""L5"": ""Normal"", ""L6"": ""Normal"", ""L7"": ""Normal""}}","('VALUE', 119.94062971491195)","('VALUE', 119.94062971491195)",True,True
chain,grid,retirada_cond_corr_lth@L4_L5,"{""hes"": {""L4"": ""Normal"", ""L5"": ""Normal"", ""L6"": ""Normal"", ""L7"": ""Normal""}}","('VALUE', -96.75671224466191)","('VALUE', -96.75671224466191)",True,True
chain,grid,retirada_cond_corr_lth@L6_L7,"{""hes"": {""L4"": ""Normal"", ""L5"": ""Normal"", ""L6"": ""Normal"", ""L7"": ""Normal""}}","('VALUE', -9.812157220260588)","('VALUE', -9.812157220260588)",True,True
chain,grid,retirada_condensado_grupo@L1_L3,"{""hes"": {""L4"": ""Normal"", ""L5"": ""Normal"", ""L6"": ""Normal"", ""L7"": ""Normal""}}","('VALUE', 20706.31601316895)","('VALUE', 20706.31601316895)",True,True
chain,grid,retirada_condensado_grupo@L4_L5,"{""hes"": {""L4"": ""Normal"", ""L5"": ""Normal"", ""L6"": ""Normal"", ""L7"": ""Normal""}}","('VALUE', -201.38624874618108)","('VALUE', -201.38624874618108)",True,True
chain,grid,retirada_condensado_grupo@L6_L7,"{""hes"": {""L4"": ""Normal"", ""L5"": ""Normal"", ""L6"": ""Normal"", ""L7"": ""Normal""}}","('VALUE', 279.3717682422887)","('VALUE', 279.3717682422887)",True,True
chain,grid,retirada_condensado_linha@L1,"{""hes"": {""L4"": ""Normal"", ""L5"": ""Normal"", ""L6"": ""Normal"", ""L7"": ""Normal""}}","('VALUE', 223.15026564598654)","('VALUE', 223.15026564598654)",True,True
chain,grid,retirada_condensado_linha@L2,"{""hes"": {""L4"": ""Normal"", ""L5"": ""Normal"", ""L6"": ""Normal"", ""L7"": ""Normal""}}","('VALUE', 196.77796152418813)","('VALUE', 196.77796152418813)",True,True
chain,grid,retirada_condensado_linha@L3,"{""hes"": {""L4"": ""Normal"", ""L5"": ""Normal"", ""L6"": ""Normal"", ""L7"": ""Normal""}}","('VALUE', 20286.387785998777)","('VALUE', 20286.387785998777)",True,True
chain,grid,retirada_condensado_linha@L4,"{""hes"": {""L4"": ""Normal"", ""L5"": ""Normal"", ""L6"": ""Normal"", ""L7"": ""Normal""}}","('VALUE', -201.1850636824986)","('VALUE', -201.1850636824986)",True,True
chain,grid,retirada_condensado_linha@L5,"{""hes"": {""L4"": ""Normal"", ""L5"": ""Normal"", ""L6"": ""Normal"", ""L7"": ""Normal""}}","('VALUE', -0.2011850636824986)","('VALUE', -0.2011850636824986)",True,True
chain,grid,retirada_condensado_linha@L6,"{""hes"": {""L4"": ""Normal"", ""L5"": ""Normal"", ""L6"": ""Normal"", ""L7"": ""Normal""}}","('VALUE', 279.36897455254314)","('VALUE', 279.36897455254314)",True,True
chain,grid,retirada_condensado_linha@L7,"{""hes"": {""L4"": ""Normal"", ""L5"": ""Normal"", ""L6"": ""Normal"", ""L7"": ""Normal""}}","('VALUE', 0.0027936897455254316)","('VALUE', 0.0027936897455254316)",True,True
chain,grid,retirada_condensado_total@L1_L7,"{""hes"": {""L4"": ""Normal"", ""L5"": ""Normal"", ""L6"": ""Normal"", ""L7"": ""Normal""}}","('VALUE', 20784.30153266506)","('VALUE', 20784.30153266506)",True,True
chain,grid,retirada_cond_corr_ltp@L1_L3,"{""hes"": {""L4"": ""Normal"", ""L5"": ""Normal"", ""L6"": ""Normal"", ""L7"": ""Normal""}}","('VALUE', 183.05806811635424)","('VALUE', 183.05806811635424)",True,True
chain,grid,retirada_cond_corr_ltp@L4_L5,"{""hes"": {""L4"": ""Normal"", ""L5"": ""Normal"", ""L6"": ""Normal"", ""L7"": ""Normal""}}","('VALUE', -99.49804134140493)","('VALUE', -99.49804134140493)",True,True
chain,grid,retirada_cond_corr_ltp@L6_L7,"{""hes"": {""L4"": ""Normal"", ""L5"": ""Normal"", ""L6"": ""Normal"", ""L7"": ""Normal""}}","('VALUE', 53.93641212842863)","('VALUE', 53.93641212842863)",True,True
chain,grid,lth_grupo@L1_L3,"{""hes"": {""L4"": ""Normal"", ""L5"": ""Normal"", ""L6"": ""Normal"", ""L7"": ""Normal""}}","('VALUE', 33700.00033333334)","('VALUE', 33700.00033333334)",True,True
chain,grid,lth_grupo@L4_L5,"{""hes"": {""L4"": ""Normal"", ""L5"": ""Normal"", ""L6"": ""Normal"", ""L7"": ""Normal""}}","('VALUE', 970.0)","('VALUE', 970.0)",True,True
chain,grid,lth_grupo@L6_L7,"{""hes"": {""L4"": ""Normal"", ""L5"": ""Normal"", ""L6"": ""Normal"", ""L7"": ""Normal""}}","('VALUE', 1100.0)","('VALUE', 1100.0)",True,True
chain,grid,retirada_cond_corr_lth@L1_L3,"{""hes"": {""L4"": ""Normal"", ""L5"": ""Normal"", ""L6"": ""Normal"", ""L7"": ""Normal""}}","('VALUE', -17.49572942481572)","('VALUE', -17.49572942481572)",True,True
chain,grid,retirada_cond_corr_lth@L4_L5,"{""hes"": {""L4"": ""Normal"", ""L5"": ""Normal"", ""L6"": ""Normal"", ""L7"": ""Normal""}}","('VALUE', -86.59219306576469)","('VALUE', -86.59219306576469)",True,True
chain,grid,retirada_cond_corr_lth@L6_L7,"{""hes"": {""L4"": ""Normal"", ""L5"": ""Normal"", ""L6"": ""Normal"", ""L7"": ""Normal""}}","('VALUE', 53.107563637622576)","('VALUE', 53.107563637622576)",True,True
chain,grid,retirada_condensado_grupo@L1_L3,"{""hes"": {""L4"": ""Normal"", ""L5"": ""Normal"", ""L6"": ""Normal"", ""L7"": ""Normal""}}","('VALUE', 9446.33860737649)","('VALUE', 9446.33860737649)",True,True
chain,grid,retirada_condensado_grupo@L4_L5,"{""hes"": {""L4"": ""Normal"", ""L5"": ""Normal"", ""L6"": ""Normal"", ""L7"": ""Normal""}}","('VALUE', 125.81169655128048)","('VALUE', 125.81169655128048)",True,True
chain,grid,retirada_condensado_grupo@L6_L7,"{""hes"": {""L4"": ""Normal"", ""L5"": ""Normal"", ""L6"": ""Normal"", ""L7"": ""Normal""}}","('VALUE', 98.3423030183879)","('VALUE', 98.3423030183879)",True,True
chain,grid,retirada_condensado_linha@L1,"{""hes"": {""L4"": ""Normal"", ""L5"": ""Normal"", ""L6"": ""Normal"", ""L7"": ""Normal""}}","('VALUE', 9343.559360970225)","('VALUE', 9343.559360970225)",True,True
chain,grid,retirada_condensado_linha@L2,"{""hes"": {""L4"": ""Normal"", ""L5"": ""Normal"", ""L6"": ""Normal"", ""L7"": ""Normal""}}","('VALUE', 9.343559360970225e-05)","('VALUE', 9.343559360970225e-05)",True,True
chain,grid,retirada_condensado_linha@L3,"{""hes"": {""L4"": ""Normal"", ""L5"": ""Normal"", ""L6"": ""Normal"", ""L7"": ""Normal""}}","('VALUE', 102.77915297067247)","('VALUE', 102.77915297067247)",True,True
chain,grid,retirada_condensado_linha@L4,"{""hes"": {""L4"": ""Normal"", ""L5"": ""Normal"", ""L6"": ""Normal"", ""L7"": ""Normal""}}","('VALUE', 62.90584827564024)","('VALUE', 62.90584827564024)",True,True
chain,grid,retirada_condensado_linha@L5,"{""hes"": {""L4"": ""Normal"", ""L5"": ""Normal"", ""L6"": ""Normal"", ""L7"": ""Normal""}}","('VALUE', 62.90584827564024)","('VALUE', 62.90584827564024)",True,True
chain,grid,retirada_condensado_linha@L6,"{""hes"": {""L4"": ""Normal"", ""L5"": ""Normal"", ""L6"": ""Normal"", ""L7"": ""Normal""}}","('VALUE', 49.17115150919395)","('VALUE', 49.17115150919395)",True,True
chain,grid,retirada_condensado_linha@L7,"{""hes"": {""L4"": ""Normal"", ""L5"": ""Normal"", ""L6"": ""Normal"", ""L7"": ""Normal""}}","('VALUE', 49.17115150919395)","('VALUE', 49.17115150919395)",True,True
chain,grid,retirada_condensado_total@L1_L7,"{""hes"": {""L4"": ""Normal"", ""L5"": ""Normal"", ""L6"": ""Normal"", ""L7"": ""Normal""}}","('VALUE', 9670.492606946158)","('VALUE', 9670.492606946158)",True,True
chain,grid,retirada_cond_corr_ltp@L1_L3,"{""hes"": {""L4"": ""Normal"", ""L5"": ""Normal"", ""L6"": ""Normal"", ""L7"": ""Normal""}}","('VALUE', -99.49804134140493)","('VALUE', -99.49804134140493)",True,True
chain,grid,retirada_cond_corr_ltp@L4_L5,"{""hes"": {""L4"": ""Normal"", ""L5"": ""Normal"", ""L6"": ""Normal"", ""L7"": ""Normal""}}","('VALUE', 53.93641212842863)","('VALUE', 53.93641212842863)",True,True
chain,grid,retirada_cond_corr_ltp@L6_L7,"{""hes"": {""L4"": ""Normal"", ""L5"": ""Normal"", ""L6"": ""Normal"", ""L7"": ""Normal""}}","('VALUE', 47.936340992412426)","('VALUE', 47.936340992412426)",True,True
chain,grid,lth_grupo@L1_L3,"{""hes"": {""L4"": ""Normal"", ""L5"": ""Normal"", ""L6"": ""Normal"", ""L7"": ""Normal""}}","('VALUE', 0.001)","('VALUE', 0.001)",True,True
chain,grid,lth_grupo@L4_L5,"{""hes"": {""L4"": ""Normal"", ""L5"": ""Normal"", ""L6"": ""Normal"", ""L7"": ""Normal""}}","('VALUE', 485.0005)","('VALUE', 485.0005)",True,True
chain,grid,lth_grupo@L6_L7,"{""hes"": {""L4"": ""Normal"", ""L5"": ""Normal"", ""L6"": ""Normal"", ""L7"": ""Normal""}}","('VALUE', 485.5)","('VALUE', 485.5)",True,True
chain,grid,retirada_cond_corr_lth@L1_L3,"{""hes"": {""L4"": ""Normal"", ""L5"": ""Normal"", ""L6"": ""Normal"", ""L7"": ""Normal""}}","('VALUE', -218.6713683064879)","('VALUE', -218.6713683064879)",True,True
chain,grid,retirada_cond_corr_lth@L4_L5,"{""hes"": {""L4"": ""Normal"", ""L5"": ""Normal"", ""L6"": ""Normal"", ""L7"": ""Normal""}}","('VALUE', 55.83279405012817)","('VALUE', 55.83279405012817)",True,True
chain,grid,retirada_cond_corr_lth@L6_L7,"{""hes"": {""L4"": ""Normal"", ""L5"": ""Normal"", ""L6"": ""Normal"", ""L7"": ""Normal""}}","('VALUE', 36.313532380257854)","('VALUE', 36.313532380257854)",True,True
chain,grid,retirada_condensado_grupo@L1_L3,"{""hes"": {""L4"": ""Normal"", ""L5"": ""Normal"", ""L6"": ""Normal"", ""L7"": ""Normal""}}","('VALUE', -215.51998089524886)","('VALUE', -215.51998089524886)",True,True
chain,grid,retirada_condensado_grupo@L4_L5,"{""hes"": {""L4"": ""Normal"", ""L5"": ""Normal"", ""L6"": ""Normal"", ""L7"": ""Normal""}}","('VALUE', 103.79276384339909)","('VALUE', 103.79276384339909)",True,True
chain,grid,retirada_condensado_grupo@L6_L7,"{""hes"": {""L4"": ""Normal"", ""L5"": ""Normal"", ""L6"": ""Normal"", ""L7"": ""Normal""}}","('VALUE', 76.75438277569086)","('VALUE', 76.75438277569086)",True,True
chain,grid,retirada_condensado_linha@L1,"{""hes"": {""L4"": ""Normal"", ""L5"": ""Normal"", ""L6"": ""Normal"", ""L7"": ""Normal""}}","('VALUE', -71.83999363174962)","('VALUE', -71.83999363174962)",True,True
chain,grid,retirada_condensado_linha@L2,"{""hes"": {""L4"": ""Normal"", ""L5"": ""Normal"", ""L6"": ""Normal"", ""L7"": ""Normal""}}","('VALUE', -71.83999363174962)","('VALUE', -71.83999363174962)",True,True
chain,grid,retirada_condensado_linha@L3,"{""hes"": {""L4"": ""Normal"", ""L5"": ""Normal"", ""L6"": ""Normal"", ""L7"": ""Normal""}}","('VALUE', -71.83999363174962)","('VALUE', -71.83999363174962)",True,True
chain,grid,retirada_condensado_linha@L4,"{""hes"": {""L4"": ""Normal"", ""L5"": ""Normal"", ""L6"": ""Normal"", ""L7"": ""Normal""}}","('VALUE', 0.00010700273901098976)","('VALUE', 0.00010700273901098976)",True,True
chain,grid,retirada_condensado_linha@L5,"{""hes"": {""L4"": ""Normal"", ""L5"": ""Normal"", ""L6"": ""Normal"", ""L7"": ""Normal""}}","('VALUE', 103.79265684066007)","('VALUE', 103.79265684066007)",True,True
chain,grid,retirada_condensado_linha@L6,"{""hes"": {""L4"": ""Normal"", ""L5"": ""Normal"", ""L6"": ""Normal"", ""L7"": ""Normal""}}","('VALUE', 0.07904673818299779)","('VALUE', 0.07904673818299779)",True,True
chain,grid,retirada_condensado_linha@L7,"{""hes"": {""L4"": ""Normal"", ""L5"": ""Normal"", ""L6"": ""Normal"", ""L7"": ""Normal""}}","('VALUE', 76.67533603750786)","('VALUE', 76.67533603750786)",True,True
chain,grid,retirada_condensado_total@L1_L7,"{""hes"": {""L4"": ""Normal"", ""L5"": ""Normal"", ""L6"": ""Normal"", ""L7"": ""Normal""}}","('VALUE', -34.97283427615892)","('VALUE', -34.97283427615892)",True,True
chain,grid,retirada_cond_corr_ltp@L1_L3,"{""hes"": {""L4"": ""Normal"", ""L5"": ""Normal"", ""L6"": ""Normal"", ""L7"": ""Normal""}}","('VALUE', 183.05806811635424)","('VALUE', 183.05806811635424)",True,True
chain,grid,retirada_cond_corr_ltp@L4_L5,"{""hes"": {""L4"": ""Normal"", ""L5"": ""Normal"", ""L6"": ""Normal"", ""L7"": ""Normal""}}","('VALUE', 53.93641212842863)","('VALUE', 53.93641212842863)",True,True
chain,grid,retirada_cond_corr_ltp@L6_L7,"{""hes"": {""L4"": ""Normal"", ""L5"": ""Normal"", ""L6"": ""Normal"", ""L7"": ""Normal""}}","('VALUE', -99.49804134140493)","('VALUE', -99.49804134140493)",True,True
chain,grid,lth_grupo@L1_L3,"{""hes"": {""L4"": ""Normal"", ""L5"": ""Normal"", ""L6"": ""Normal"", ""L7"": ""Normal""}}","('VALUE', 323.667)","('VALUE', 323.667)",True,True
chain,grid,lth_grupo@L4_L5,"{""hes"": {""L4"": ""Normal"", ""L5"": ""Normal"", ""L6"": ""Normal"", ""L7"": ""Normal""}}","('VALUE', 50000.0005)","('VALUE', 50000.0005)",True,True
chain,grid,lth_grupo@L6_L7,"{""hes"": {""L4"": ""Normal"", ""L5"": ""Normal"", ""L6"": ""Normal"", ""L7"": ""Normal""}}","('VALUE', 1.0)","('VALUE', 1.0)",True,True
chain,grid,retirada_cond_corr_lth@L1_L3,"{""hes"": {""L4"": ""Normal"", ""L5"": ""Normal"", ""L6"": ""Normal"", ""L7"": ""Normal""}}","('VALUE', 28.417119456483675)","('VALUE', 28.417119456483675)",True,True
chain,grid,retirada_cond_corr_lth@L4_L5,"{""hes"": {""L4"": ""Normal"", ""L5"": ""Normal"", ""L6"": ""Normal"", ""L7"": ""Normal""}}","('VALUE', 127.43804611139649)","('VALUE', 127.43804611139649)",True,True
chain,grid,retirada_cond_corr_lth@L6_L7,"{""hes"": {""L4"": ""Normal"", ""L5"": ""Normal"", ""L6"": ""Normal"", ""L7"": ""Normal""}}","('VALUE', -220.5275340581771)","('VALUE', -220.5275340581771)",True,True
chain,grid,retirada_condensado_grupo@L1_L3,"{""hes"": {""L4"": ""Normal"", ""L5"": ""Normal"", ""L6"": ""Normal"", ""L7"": ""Normal""}}","('VALUE', 9584.077154020388)","('VALUE', 9584.077154020388)",True,True
chain,grid,retirada_condensado_grupo@L4_L5,"{""hes"": {""L4"": ""Normal"", ""L5"": ""Normal"", ""L6"": ""Normal"", ""L7"": ""Normal""}}","('VALUE', 247.00326796593572)","('VALUE', 247.00326796593572)",True,True
chain,grid,retirada_condensado_grupo@L6_L7,"{""hes"": {""L4"": ""Normal"", ""L5"": ""Normal"", ""L6"": ""Normal"", ""L7"": ""Normal""}}","('VALUE', -142.05898543354436)","('VALUE', -142.05898543354436)",True,True
chain,grid,retirada_condensado_linha@L1,"{""hes"": {""L4"": ""Normal"", ""L5"": ""Normal"", ""L6"": ""Normal"", ""L7"": ""Normal""}}","('VALUE', 9574.196977551801)","('VALUE', 9574.196977551801)",True,True
chain,grid,retirada_condensado_linha@L2,"{""hes"": {""L4"": ""Normal"", ""L5"": ""Normal"", ""L6"": ""Normal"", ""L7"": ""Normal""}}","('VALUE', 0.009870306162424538)","('VALUE', 0.009870306162424538)",True,True
chain,grid,retirada_condensado_linha@L3,"{""hes"": {""L4"": ""Normal"", ""L5"": ""Normal"", ""L6"": ""Normal"", ""L7"": ""Normal""}}","('VALUE', 9.870306162424537)","('VALUE', 9.870306162424537)",True,True
chain,grid,retirada_condensado_linha@L4,"{""hes"": {""L4"": ""Normal"", ""L5"": ""Normal"", ""L6"": ""Normal"", ""L7"": ""Normal""}}","('VALUE', 2.4700326549590308e-06)","('VALUE', 2.4700326549590308e-06)",True,True
chain,grid,retirada_condensado_linha@L5,"{""hes"": {""L4"": ""Normal"", ""L5"": ""Normal"", ""L6"": ""Normal"", ""L7"": ""Normal""}}","('VALUE', 247.00326549590307)","('VALUE', 247.00326549590307)",True,True
chain,grid,retirada_condensado_linha@L6,"{""hes"": {""L4"": ""Normal"", ""L5"": ""Normal"", ""L6"": ""Normal"", ""L7"": ""Normal""}}","('VALUE', -71.02949271677218)","('VALUE', -71.02949271677218)",True,True
chain,grid,retirada_condensado_linha@L7,"{""hes"": {""L4"": ""Normal"", ""L5"": ""Normal"", ""L6"": ""Normal"", ""L7"": ""Normal""}}","('VALUE', -71.02949271677218)","('VALUE', -71.02949271677218)",True,True
chain,grid,retirada_condensado_total@L1_L7,"{""hes"": {""L4"": ""Normal"", ""L5"": ""Normal"", ""L6"": ""Normal"", ""L7"": ""Normal""}}","('VALUE', 9689.021436552779)","('VALUE', 9689.021436552779)",True,True
chain,grid,retirada_cond_corr_ltp@L1_L3,"{""hes"": {""L4"": ""Normal"", ""L5"": ""Normal"", ""L6"": ""Normal"", ""L7"": ""Normal""}}","('VALUE', -99.49804134140493)","('VALUE', -99.49804134140493)",True,True
chain,grid,retirada_cond_corr_ltp@L4_L5,"{""hes"": {""L4"": ""Normal"", ""L5"": ""Normal"", ""L6"": ""Normal"", ""L7"": ""Normal""}}","('VALUE', 183.05806811635424)","('VALUE', 183.05806811635424)",True,True
chain,grid,retirada_cond_corr_ltp@L6_L7,"{""hes"": {""L4"": ""Normal"", ""L5"": ""Normal"", ""L6"": ""Normal"", ""L7"": ""Normal""}}","('VALUE', 47.936340992412426)","('VALUE', 47.936340992412426)",True,True
chain,grid,lth_grupo@L1_L3,"{""hes"": {""L4"": ""Normal"", ""L5"": ""Normal"", ""L6"": ""Normal"", ""L7"": ""Normal""}}","('VALUE', 367.00033333333334)","('VALUE', 367.00033333333334)",True,True
chain,grid,lth_grupo@L4_L5,"{""hes"": {""L4"": ""Normal"", ""L5"": ""Normal"", ""L6"": ""Normal"", ""L7"": ""Normal""}}","('VALUE', 550.5)","('VALUE', 550.5)",True,True
chain,grid,lth_grupo@L6_L7,"{""hes"": {""L4"": ""Normal"", ""L5"": ""Normal"", ""L6"": ""Normal"", ""L7"": ""Normal""}}","('VALUE', 485.5)","('VALUE', 485.5)",True,True
chain,grid,retirada_cond_corr_lth@L1_L3,"{""hes"": {""L4"": ""Normal"", ""L5"": ""Normal"", ""L6"": ""Normal"", ""L7"": ""Normal""}}","('VALUE', -105.52059437885735)","('VALUE', -105.52059437885735)",True,True
chain,grid,retirada_cond_corr_lth@L4_L5,"{""hes"": {""L4"": ""Normal"", ""L5"": ""Normal"", ""L6"": ""Normal"", ""L7"": ""Normal""}}","('VALUE', 38.7605207229585)","('VALUE', 38.7605207229585)",True,True
chain,grid,retirada_cond_corr_lth@L6_L7,"{""hes"": {""L4"": ""Normal"", ""L5"": ""Normal"", ""L6"": ""Normal"", ""L7"": ""Normal""}}","('VALUE', 36.313532380257854)","('VALUE', 36.313532380257854)",True,True
chain,grid,retirada_condensado_grupo@L1_L3,"{""hes"": {""L4"": ""Normal"", ""L5"": ""Normal"", ""L6"": ""Normal"", ""L7"": ""Normal""}}","('VALUE', 10028.932340887643)","('VALUE', 10028.932340887643)",True,True
chain,grid,retirada_condensado_grupo@L4_L5,"{""hes"": {""L4"": ""Normal"", ""L5"": ""Normal"", ""L6"": ""Normal"", ""L7"": ""Normal""}}","('VALUE', -188.5950947867915)","('VALUE', -188.5950947867915)",True,True
chain,grid,retirada_condensado_grupo@L6_L7,"{""hes"": {""L4"": ""Normal"", ""L5"": ""Normal"", ""L6"": ""Normal"", ""L7"": ""Normal""}}","('VALUE', 76.75438277569086)","('VALUE', 76.75438277569086)",True,True
chain,grid,retirada_condensado_linha@L1,"{""hes"": {""L4"": ""Normal"", ""L5"": ""Normal"", ""L6"": ""Normal"", ""L7"": ""Normal""}}","('VALUE', 10019.814309865666)","('VALUE', 10019.814309865666)",True,True
chain,grid,retirada_condensado_linha@L2,"{""hes"": {""L4"": ""Normal"", ""L5"": ""Normal"", ""L6"": ""Normal"", ""L7"": ""Normal""}}","('VALUE', 9.108922099877878)","('VALUE', 9.108922099877878)",True,True
chain,grid,retirada_condensado_linha@L3,"{""hes"": {""L4"": ""Normal"", ""L5"": ""Normal"", ""L6"": ""Normal"", ""L7"": ""Normal""}}","('VALUE', 0.009108922099877877)","('VALUE', 0.009108922099877877)",True,True
chain,grid,retirada_condensado_linha@L4,"{""hes"": {""L4"": ""Normal"", ""L5"": ""Normal"", ""L6"": ""Normal"", ""L7"": ""Normal""}}","('VALUE', -188.4238004227708)","('VALUE', -188.4238004227708)",True,True
chain,grid,retirada_condensado_linha@L5,"{""hes"": {""L4"": ""Normal"", ""L5"": ""Normal"", ""L6"": ""Normal"", ""L7"": ""Normal""}}","('VALUE', -0.17129436402070072)","('VALUE', -0.17129436402070072)",True,True
chain,grid,retirada_condensado_linha@L6,"{""hes"": {""L4"": ""Normal"", ""L5"": ""Normal"", ""L6"": ""Normal"", ""L7"": ""Normal""}}","('VALUE', 76.67533603750786)","('VALUE', 76.67533603750786)",True,True
chain,grid,retirada_condensado_linha@L7,"{""hes"": {""L4"": ""Normal"", ""L5"": ""Normal"", ""L6"": ""Normal"", ""L7"": ""Normal""}}","('VALUE', 0.07904673818299779)","('VALUE', 0.07904673818299779)",True,True
chain,grid,retirada_condensado_total@L1_L7,"{""hes"": {""L4"": ""Normal"", ""L5"": ""Normal"", ""L6"": ""Normal"", ""L7"": ""Normal""}}","('VALUE', 9917.091628876542)","('VALUE', 9917.091628876542)",True,True
chain,grid,retirada_cond_corr_ltp@L1_L3,"{""hes"": {""L4"": ""Normal"", ""L5"": ""Normal"", ""L6"": ""Normal"", ""L7"": ""Normal""}}","('VALUE', 183.05806811635424)","('VALUE', 183.05806811635424)",True,True
chain,grid,retirada_cond_corr_ltp@L4_L5,"{""hes"": {""L4"": ""Normal"", ""L5"": ""Normal"", ""L6"": ""Normal"", ""L7"": ""Normal""}}","('VALUE', 53.93641212842863)","('VALUE', 53.93641212842863)",True,True
chain,grid,retirada_cond_corr_ltp@L6_L7,"{""hes"": {""L4"": ""Normal"", ""L5"": ""Normal"", ""L6"": ""Normal"", ""L7"": ""Normal""}}","('VALUE', -11.017375456696598)","('VALUE', -11.017375456696598)",True,True
chain,grid,lth_grupo@L1_L3,"{""hes"": {""L4"": ""Normal"", ""L5"": ""Normal"", ""L6"": ""Normal"", ""L7"": ""Normal""}}","('VALUE', 367.00033333333334)","('VALUE', 367.00033333333334)",True,True
chain,grid,lth_grupo@L4_L5,"{""hes"": {""L4"": ""Normal"", ""L5"": ""Normal"", ""L6"": ""Normal"", ""L7"": ""Normal""}}","('VALUE', 485.0005)","('VALUE', 485.0005)",True,True
chain,grid,lth_grupo@L6_L7,"{""hes"": {""L4"": ""Normal"", ""L5"": ""Normal"", ""L6"": ""Normal"", ""L7"": ""Normal""}}","('VALUE', 100000.0)","('VALUE', 100000.0)",True,True
chain,grid,retirada_cond_corr_lth@L1_L3,"{""hes"": {""L4"": ""Normal"", ""L5"": ""Normal"", ""L6"": ""Normal"", ""L7"": ""Normal""}}","('VALUE', 31.729803507075985)","('VALUE', 31.729803507075985)",True,True
chain,grid,retirada_cond_corr_lth@L4_L5,"{""hes"": {""L4"": ""Normal"", ""L5"": ""Normal"", ""L6"": ""Normal"", ""L7"": ""Normal""}}","('VALUE', -100.09121432986039)","('VALUE', -100.09121432986039)",True,True
chain,grid,retirada_cond_corr_lth@L6_L7,"{""hes"": {""L4"": ""Normal"", ""L5"": ""Normal"", ""L6"": ""Normal"", ""L7"": ""Normal""}}","('VALUE', 140.07138918198447)","('VALUE', 140.07138918198447)",True,True
chain,grid,retirada_condensado_grupo@L1_L3,"{""hes"": {""L4"": ""Normal"", ""L5"": ""Normal"", ""L6"": ""Normal"", ""L7"": ""Normal""}}","('VALUE', -357.9847938278348)","('VALUE', -357.9847938278348)",True,True
chain,grid,retirada_condensado_grupo@L4_L5,"{""hes"": {""L4"": ""Normal"", ""L5"": ""Normal"", ""L6"": ""Normal"", ""L7"": ""Normal""}}","('VALUE', -208.05525291657807)","('VALUE', -208.05525291657807)",True,True
chain,grid,retirada_condensado_grupo@L6_L7,"{""hes"": {""L4"": ""Normal"", ""L5"": ""Normal"", ""L6"": ""Normal"", ""L7"": ""Normal""}}","('VALUE', 402.17752927736217)","('VALUE', 402.17752927736217)",True,True
chain,grid,retirada_condensado_linha@L1,"{""hes"": {""L4"": ""Normal"", ""L5"": ""Normal"", ""L6"": ""Normal"", ""L7"": ""Normal""}}","('VALUE', -0.3251448398573978)","('VALUE', -0.3251448398573978)",True,True
chain,grid,retirada_condensado_linha@L2,"{""hes"": {""L4"": ""Normal"", ""L5"": ""Normal"", ""L6"": ""Normal"", ""L7"": ""Normal""}}","('VALUE', -357.6593238431375)","('VALUE', -357.6593238431375)",True,True
chain,grid,retirada_condensado_linha@L3,"{""hes"": {""L4"": ""Normal"", ""L5"": ""Normal"", ""L6"": ""Normal"", ""L7"": ""Normal""}}","('VALUE', -0.00032514483985739774)","('VALUE', -0.00032514483985739774)",True,True
chain,grid,retirada_condensado_linha@L4,"{""hes"": {""L4"": ""Normal"", ""L5"": ""Normal"", ""L6"": ""Normal"", ""L7"": ""Normal""}}","('VALUE', -0.00021448973033695644)","('VALUE', -0.00021448973033695644)",True,True
chain,grid,retirada_condensado_linha@L5,"{""hes"": {""L4"": ""Normal"", ""L5"": ""Normal"", ""L6"": ""Normal"", ""L7"": ""Normal""}}","('VALUE', -208.05503842684774)","('VALUE', -208.05503842684774)",True,True
chain,grid,retirada_condensado_linha@L6,"{""hes"": {""L4"": ""Normal"", ""L5"": ""Normal"", ""L6"": ""Normal"", ""L7"": ""Normal""}}","('VALUE', 201.08876463868108)","('VALUE', 201.08876463868108)",True,True
chain,grid,retirada_condensado_linha@L7,"{""hes"": {""L4"": ""Normal"", ""L5"": ""Normal"", ""L6"": ""Normal"", ""L7"": ""Normal""}}","('VALUE', 201.08876463868108)","('VALUE', 201.08876463868108)",True,True
chain,grid,retirada_condensado_total@L1_L7,"{""hes"": {""L4"": ""Normal"", ""L5"": ""Normal"", ""L6"": ""Normal"", ""L7"": ""Normal""}}","('VALUE', -163.86251746705068)","('VALUE', -163.86251746705068)",True,True
chain,grid,retirada_cond_corr_ltp@L1_L3,"{""hes"": {""L4"": ""Normal"", ""L5"": ""Normal"", ""L6"": ""Normal"", ""L7"": ""Normal""}}","('VALUE', 53.93641212842863)","('VALUE', 53.93641212842863)",True,True
chain,grid,retirada_cond_corr_ltp@L4_L5,"{""hes"": {""L4"": ""Normal"", ""L5"": ""Normal"", ""L6"": ""Normal"", ""L7"": ""Normal""}}","('VALUE', -11.017375456696598)","('VALUE', -11.017375456696598)",True,True
chain,grid,retirada_cond_corr_ltp@L6_L7,"{""hes"": {""L4"": ""Normal"", ""L5"": ""Normal"", ""L6"": ""Normal"", ""L7"": ""Normal""}}","('VALUE', -99.49804134140493)","('VALUE', -99.49804134140493)",True,True
chain,grid,lth_grupo@L1_L3,"{""hes"": {""L4"": ""Normal"", ""L5"": ""Normal"", ""L6"": ""Normal"", ""L7"": ""Normal""}}","('VALUE', 324.0)","('VALUE', 324.0)",True,True
chain,grid,lth_grupo@L4_L5,"{""hes"": {""L4"": ""Normal"", ""L5"": ""Normal"", ""L6"": ""Normal"", ""L7"": ""Normal""}}","('VALUE', 485.0005)","('VALUE', 485.0005)",True,True
chain,grid,lth_grupo@L6_L7,"{""hes"": {""L4"": ""Normal"", ""L5"": ""Normal"", ""L6"": ""Normal"", ""L7"": ""Normal""}}","('VALUE', 485.0005)","('VALUE', 485.0005)",True,True
chain,grid,retirada_cond_corr_lth@L1_L3,"{""hes"": {""L4"": ""Normal"", ""L5"": ""Normal"", ""L6"": ""Normal"", ""L7"": ""Normal""}}","('VALUE', 47.97645429186707)","('VALUE', 47.97645429186707)",True,True
chain,grid,retirada_cond_corr_lth@L4_L5,"{""hes"": {""L4"": ""Normal"", ""L5"": ""Normal"", ""L6"": ""Normal"", ""L7"": ""Normal""}}","('VALUE', 55.83279405012817)","('VALUE', 55.83279405012817)",True,True
chain,grid,retirada_cond_corr_lth@L6_L7,"{""hes"": {""L4"": ""Normal"", ""L5"": ""Normal"", ""L6"": ""Normal"", ""L7"": ""Normal""}}","('VALUE', 37.159183556072946)","('VALUE', 37.159183556072946)",True,True
chain,grid,retirada_condensado_grupo@L1_L3,"{""hes"": {""L4"": ""Normal"", ""L5"": ""Normal"", ""L6"": ""Normal"", ""L7"": ""Normal""}}","('VALUE', 10076.120126490316)","('VALUE', 10076.120126490316)",True,True
chain,grid,retirada_condensado_grupo@L4_L5,"{""hes"": {""L4"": ""Normal"", ""L5"": ""Normal"", ""L6"": ""Normal"", ""L7"": ""Normal""}}","('VALUE', 233.70033901364954)","('VALUE', 233.70033901364954)",True,True
chain,grid,retirada_condensado_grupo@L6_L7,"{""hes"": {""L4"": ""Normal"", ""L5"": ""Normal"", ""L6"": ""Normal"", ""L7"": ""Normal""}}","('VALUE', 373.31444979495575)","('VALUE', 373.31444979495575)",True,True
chain,grid,retirada_condensado_linha@L1,"{""hes"": {""L4"": ""Normal"", ""L5"": ""Normal"", ""L6"": ""Normal"", ""L7"": ""Normal""}}","('VALUE', 10.366378730957114)","('VALUE', 10.366378730957114)",True,True
chain,grid,retirada_condensado_linha@L2,"{""hes"": {""L4"": ""Normal"", ""L5"": ""Normal"", ""L6"": ""Normal"", ""L7"": ""Normal""}}","('VALUE', 10055.387369028402)","('VALUE', 10055.387369028402)",True,True
chain,grid,retirada_condensado_linha@L3,"{""hes"": {""L4"": ""Normal"", ""L5"": ""Normal"", ""L6"": ""Normal"", ""L7"": ""Normal""}}","('VALUE', 10.366378730957114)","('VALUE', 10.366378730957114)",True,True
chain,grid,retirada_condensado_linha@L4,"{""hes"": {""L4"": ""Normal"", ""L5"": ""Normal"", ""L6"": ""Normal"", ""L7"": ""Normal""}}","('VALUE', 233.70009808571336)","('VALUE', 233.70009808571336)",True,True
chain,grid,retirada_condensado_linha@L5,"{""hes"": {""L4"": ""Normal"", ""L5"": ""Normal"", ""L6"": ""Normal"", ""L7"": ""Normal""}}","('VALUE', 0.00024092793617083852)","('VALUE', 0.00024092793617083852)",True,True
chain,grid,retirada_condensado_linha@L6,"{""hes"": {""L4"": ""Normal"", ""L5"": ""Normal"", ""L6"": ""Normal"", ""L7"": ""Normal""}}","('VALUE', 0.0003848598607578299)","('VALUE', 0.0003848598607578299)",True,True
chain,grid,retirada_condensado_linha@L7,"{""hes"": {""L4"": ""Normal"", ""L5"": ""Normal"", ""L6"": ""Normal"", ""L7"": ""Normal""}}","('VALUE', 373.314064935095)","('VALUE', 373.314064935095)",True,True
chain,grid,retirada_condensado_total@L1_L7,"{""hes"": {""L4"": ""Normal"", ""L5"": ""Normal"", ""L6"": ""Normal"", ""L7"": ""Normal""}}","('VALUE', 10683.13491529892)","('VALUE', 10683.13491529892)",True,True
chain,grid,retirada_cond_corr_ltp@L1_L3,"{""hes"": {""L4"": ""Normal"", ""L5"": ""Normal"", ""L6"": ""Normal"", ""L7"": ""Normal""}}","('VALUE', 47.936340992412426)","('VALUE', 47.936340992412426)",True,True
chain,grid,retirada_cond_corr_ltp@L4_L5,"{""hes"": {""L4"": ""Normal"", ""L5"": ""Normal"", ""L6"": ""Normal"", ""L7"": ""Normal""}}","('VALUE', 47.936340992412426)","('VALUE', 47.936340992412426)",True,True
chain,grid,retirada_cond_corr_ltp@L6_L7,"{""hes"": {""L4"": ""Normal"", ""L5"": ""Normal"", ""L6"": ""Normal"", ""L7"": ""Normal""}}","('VALUE', 183.05806811635424)","('VALUE', 183.05806811635424)",True,True
chain,grid,lth_grupo@L1_L3,"{""hes"": {""L4"": ""Normal"", ""L5"": ""Normal"", ""L6"": ""Normal"", ""L7"": ""Normal""}}","('VALUE', 367.00033333333334)","('VALUE', 367.00033333333334)",True,True
chain,grid,lth_grupo@L4_L5,"{""hes"": {""L4"": ""Normal"", ""L5"": ""Normal"", ""L6"": ""Normal"", ""L7"": ""Normal""}}","('VALUE', 550.0005)","('VALUE', 550.0005)",True,True
chain,grid,lth_grupo@L6_L7,"{""hes"": {""L4"": ""Normal"", ""L5"": ""Normal"", ""L6"": ""Normal"", ""L7"": ""Normal""}}","('VALUE', 550.5)","('VALUE', 550.5)",True,True
chain,grid,retirada_cond_corr_lth@L1_L3,"{""hes"": {""L4"": ""Normal"", ""L5"": ""Normal"", ""L6"": ""Normal"", ""L7"": ""Normal""}}","('VALUE', 50.40341400113121)","('VALUE', 50.40341400113121)",True,True
chain,grid,retirada_cond_corr_lth@L4_L5,"{""hes"": {""L4"": ""Normal"", ""L5"": ""Normal"", ""L6"": ""Normal"", ""L7"": ""Normal""}}","('VALUE', 38.74284192468805)","('VALUE', 38.74284192468805)",True,True
chain,grid,retirada_cond_corr_lth@L6_L7,"{""hes"": {""L4"": ""Normal"", ""L5"": ""Normal"", ""L6"": ""Normal"", ""L7"": ""Normal""}}","('VALUE', 58.299829293080705)","('VALUE', 58.299829293080705)",True,True
chain,grid,retirada_condensado_grupo@L1_L3,"{""hes"": {""L4"": ""Normal"", ""L5"": ""Normal"", ""L6"": ""Normal"", ""L7"": ""Normal""}}","('VALUE', 30007.401219026156)","('VALUE', 30007.401219026156)",True,True
chain,grid,retirada_condensado_grupo@L4_L5,"{""hes"": {""L4"": ""Normal"", ""L5"": ""Normal"", ""L6"": ""Normal"", ""L7"": ""Normal""}}","('VALUE', 81.61300186455125)","('VALUE', 81.61300186455125)",True,True
chain,grid,retirada_condensado_grupo@L6_L7,"{""hes"": {""L4"": ""Normal"", ""L5"": ""Normal"", ""L6"": ""Normal"", ""L7"": ""Normal""}}","('VALUE', -149.51647764654706)","('VALUE', -149.51647764654706)",True,True
chain,grid,retirada_condensado_linha@L1,"{""hes"": {""L4"": ""Normal"", ""L5"": ""Normal"", ""L6"": ""Normal"", ""L7"": ""Normal""}}","('VALUE', 27.254653918594222)","('VALUE', 27.254653918594222)",True,True
chain,grid,retirada_condensado_linha@L2,"{""hes"": {""L4"": ""Normal"", ""L5"": ""Normal"", ""L6"": ""Normal"", ""L7"": ""Normal""}}","('VALUE', 29980.119310453643)","('VALUE', 29980.119310453643)",True,True
chain,grid,retirada_condensado_linha@L3,"{""hes"": {""L4"": ""Normal"", ""L5"": ""Normal"", ""L6"": ""Normal"", ""L7"": ""Normal""}}","('VALUE', 0.02725465391859422)","('VALUE', 0.02725465391859422)",True,True
chain,grid,retirada_condensado_linha@L4,"{""hes"": {""L4"": ""Normal"", ""L5"": ""Normal"", ""L6"": ""Normal"", ""L7"": ""Normal""}}","('VALUE', 81.61292767098064)","('VALUE', 81.61292767098064)",True,True
chain,grid,retirada_condensado_linha@L5,"{""hes"": {""L4"": ""Normal"", ""L5"": ""Normal"", ""L6"": ""Normal"", ""L7"": ""Normal""}}","('VALUE', 7.41935706099824e-05)","('VALUE', 7.41935706099824e-05)",True,True
chain,grid,retirada_condensado_linha@L6,"{""hes"": {""L4"": ""Normal"", ""L5"": ""Normal"", ""L6"": ""Normal"", ""L7"": ""Normal""}}","('VALUE', -149.38067703106427)","('VALUE', -149.38067703106427)",True,True
chain,grid,retirada_condensado_linha@L7,"{""hes"": {""L4"": ""Normal"", ""L5"": ""Normal"", ""L6"": ""Normal"", ""L7"": ""Normal""}}","('VALUE', -0.1358006154827857)","('VALUE', -0.1358006154827857)",True,True
chain,grid,retirada_condensado_total@L1_L7,"{""hes"": {""L4"": ""Normal"", ""L5"": ""Normal"", ""L6"": ""Normal"", ""L7"": ""Normal""}}","('VALUE', 29939.497743244163)","('VALUE', 29939.497743244163)",True,True
chain,grid,retirada_cond_corr_ltp@L1_L3,"{""hes"": {""L4"": ""Normal"", ""L5"": ""Normal"", ""L6"": ""Normal"", ""L7"": ""Normal""}}","('VALUE', -11.017375456696598)","('VALUE', -11.017375456696598)",True,True
chain,grid,retirada_cond_corr_ltp@L4_L5,"{""hes"": {""L4"": ""Normal"", ""L5"": ""Normal"", ""L6"": ""Normal"", ""L7"": ""Normal""}}","('VALUE', -11.017375456696598)","('VALUE', -11.017375456696598)",True,True
chain,grid,retirada_cond_corr_ltp@L6_L7,"{""hes"": {""L4"": ""Normal"", ""L5"": ""Normal"", ""L6"": ""Normal"", ""L7"": ""Normal""}}","('VALUE', -11.017375456696598)","('VALUE', -11.017375456696598)",True,True
chain,grid,lth_grupo@L1_L3,"{""hes"": {""L4"": ""Normal"", ""L5"": ""Normal"", ""L6"": ""Normal"", ""L7"": ""Normal""}}","('VALUE', 33657.0)","('VALUE', 33657.0)",True,True
chain,grid,lth_grupo@L4_L5,"{""hes"": {""L4"": ""Normal"", ""L5"": ""Normal"", ""L6"": ""Normal"", ""L7"": ""Normal""}}","('VALUE', 485.5)","('VALUE', 485.5)",True,True
chain,grid,lth_grupo@L6_L7,"{""hes"": {""L4"": ""Normal"", ""L5"": ""Normal"", ""L6"": ""Normal"", ""L7"": ""Normal""}}","('VALUE', 50000.5)","('VALUE', 50000.5)",True,True
chain,grid,retirada_cond_corr_lth@L1_L3,"{""hes"": {""L4"": ""Normal"", ""L5"": ""Normal"", ""L6"": ""Normal"", ""L7"": ""Normal""}}","('VALUE', 119.72980299498084)","('VALUE', 119.72980299498084)",True,True
chain,grid,retirada_cond_corr_lth@L4_L5,"{""hes"": {""L4"": ""Normal"", ""L5"": ""Normal"", ""L6"": ""Normal"", ""L7"": ""Normal""}}","('VALUE', 37.179230456324845)","('VALUE', 37.179230456324845)",True,True
chain,grid,retirada_cond_corr_lth@L6_L7,"{""hes"": {""L4"": ""Normal"", ""L5"": ""Normal"", ""L6"": ""Normal"", ""L7"": ""Normal""}}","('VALUE', 127.43824066567274)","('VALUE', 127.43824066567274)",True,True
chain,grid,retirada_condensado_grupo@L1_L3,"{""hes"": {""L4"": ""Normal"", ""L5"": ""Normal"", ""L6"": ""Normal"", ""L7"": ""Normal""}}","('VALUE', 20439.24153535503)","('VALUE', 20439.24153535503)",True,True
chain,grid,retirada_condensado_grupo@L4_L5,"{""hes"": {""L4"": ""Normal"", ""L5"": ""Normal"", ""L6"": ""Normal"", ""L7"": ""Normal""}}","('VALUE', 196.3932118260429)","('VALUE', 196.3932118260429)",True,True
chain,grid,retirada_condensado_grupo@L6_L7,"{""hes"": {""L4"": ""Normal"", ""L5"": ""Normal"", ""L6"": ""Normal"", ""L7"": ""Normal""}}","('VALUE', 376.9112322447387)","('VALUE', 376.9112322447387)",True,True
chain,grid,retirada_condensado_linha@L1,"{""hes"": {""L4"": ""Normal"", ""L5"": ""Normal"", ""L6"": ""Normal"", ""L7"": ""Normal""}}","('VALUE', 0.20242685063389518)","('VALUE', 0.20242685063389518)",True,True
chain,grid,retirada_condensado_linha@L2,"{""hes"": {""L4"": ""Normal"", ""L5"": ""Normal"", ""L6"": ""Normal"", ""L7"": ""Normal""}}","('VALUE', 20242.68506338952)","('VALUE', 20242.68506338952)",True,True
chain,grid,retirada_condensado_linha@L3,"{""hes"": {""L4"": ""Normal"", ""L5"": ""Normal"", ""L6"": ""Normal"", ""L7"": ""Normal""}}","('VALUE', 196.35404511487835)","('VALUE', 196.35404511487835)",True,True
chain,grid,retirada_condensado_linha@L4,"{""hes"": {""L4"": ""Normal"", ""L5"": ""Normal"", ""L6"": ""Normal"", ""L7"": ""Normal""}}","('VALUE', 196.19095311149496)","('VALUE', 196.19095311149496)",True,True
chain,grid,retirada_condensado_linha@L5,"{""hes"": {""L4"": ""Normal"", ""L5"": ""Normal"", ""L6"": ""Normal"", ""L7"": ""Normal""}}","('VALUE', 0.20225871454793296)","('VALUE', 0.20225871454793296)",True,True
chain,grid,retirada_condensado_linha@L6,"{""hes"": {""L4"": ""Normal"", ""L5"": ""Normal"", ""L6"": ""Normal"", ""L7"": ""Normal""}}","('VALUE', 0.00376907463170107)","('VALUE', 0.00376907463170107)",True,True
chain,grid,retirada_condensado_linha@L7,"{""hes"": {""L4"": ""Normal"", ""L5"": ""Normal"", ""L6"": ""Normal"", ""L7"": ""Normal""}}","('VALUE', 376.907463170107)","('VALUE', 376.907463170107)",True,True
chain,grid,retirada_condensado_total@L1_L7,"{""hes"": {""L4"": ""Normal"", ""L5"": ""Normal"", ""L6"": ""Normal"", ""L7"": ""Normal""}}","('VALUE', 21012.545979425813)","('VALUE', 21012.545979425813)",True,True
chain,grid,retirada_cond_corr_ltp@L1_L3,"{""hes"": {""L4"": ""Normal"", ""L5"": ""Normal"", ""L6"": ""Normal"", ""L7"": ""Normal""}}","('VALUE', 183.05806811635424)","('VALUE', 183.05806811635424)",True,True
chain,grid,retirada_cond_corr_ltp@L4_L5,"{""hes"": {""L4"": ""Normal"", ""L5"": ""Normal"", ""L6"": ""Normal"", ""L7"": ""Normal""}}","('VALUE', 53.93641212842863)","('VALUE', 53.93641212842863)",True,True
chain,grid,retirada_cond_corr_ltp@L6_L7,"{""hes"": {""L4"": ""Normal"", ""L5"": ""Normal"", ""L6"": ""Normal"", ""L7"": ""Normal""}}","('VALUE', -99.49804134140493)","('VALUE', -99.49804134140493)",True,True
chain,grid,lth_grupo@L1_L3,"{""hes"": {""L4"": ""Normal"", ""L5"": ""Normal"", ""L6"": ""Normal"", ""L7"": ""Normal""}}","('VALUE', 34023.333333333336)","('VALUE', 34023.333333333336)",True,True
chain,grid,lth_grupo@L4_L5,"{""hes"": {""L4"": ""Normal"", ""L5"": ""Normal"", ""L6"": ""Normal"", ""L7"": ""Normal""}}","('VALUE', 550.5)","('VALUE', 550.5)",True,True
chain,grid,lth_grupo@L6_L7,"{""hes"": {""L4"": ""Normal"", ""L5"": ""Normal"", ""L6"": ""Normal"", ""L7"": ""Normal""}}","('VALUE', 50550.0)","('VALUE', 50550.0)",True,True
chain,grid,retirada_cond_corr_lth@L1_L3,"{""hes"": {""L4"": ""Normal"", ""L5"": ""Normal"", ""L6"": ""Normal"", ""L7"": ""Normal""}}","('VALUE', 119.07493163884496)","('VALUE', 119.07493163884496)",True,True
chain,grid,retirada_cond_corr_lth@L4_L5,"{""hes"": {""L4"": ""Normal"", ""L5"": ""Normal"", ""L6"": ""Normal"", ""L7"": ""Normal""}}","('VALUE', -97.62417908690786)","('VALUE', -97.62417908690786)",True,True
chain,grid,retirada_cond_corr_lth@L6_L7,"{""hes"": {""L4"": ""Normal"", ""L5"": ""Normal"", ""L6"": ""Normal"", ""L7"": ""Normal""}}","('VALUE', -9.599296637040283)","('VALUE', -9.599296637040283)",True,True
chain,grid,retirada_condensado_grupo@L1_L3,"{""hes"": {""L4"": ""Normal"", ""L5"": ""Normal"", ""L6"": ""Normal"", ""L7"": ""Normal""}}","('VALUE', 9856.050590567473)","('VALUE', 9856.050590567473)",True,True
chain,grid,retirada_condensado_grupo@L4_L5,"{""hes"": {""L4"": ""Normal"", ""L5"": ""Normal"", ""L6"": ""Normal"", ""L7"": ""Normal""}}","('VALUE', -203.121182430673)","('VALUE', -203.121182430673)",True,True
chain,grid,retirada_condensado_grupo@L6_L7,"{""hes"": {""L4"": ""Normal"", ""L5"": ""Normal"", ""L6"": ""Normal"", ""L7"": ""Normal""}}","('VALUE', 279.7974894087293)","('VALUE', 279.7974894087293)",True,True
chain,grid,retirada_condensado_linha@L1,"{""hes"": {""L4"": ""Normal"", ""L5"": ""Normal"", ""L6"": ""Normal"", ""L7"": ""Normal""}}","('VALUE', 9656.16791473251)","('VALUE', 9656.16791473251)",True,True
chain,grid,retirada_condensado_linha@L2,"{""hes"": {""L4"": ""Normal"", ""L5"": ""Normal"", ""L6"": ""Normal"", ""L7"": ""Normal""}}","('VALUE', 106.2178470620576)","('VALUE', 106.2178470620576)",True,True
chain,grid,retirada_condensado_linha@L3,"{""hes"": {""L4"": ""Normal"", ""L5"": ""Normal"", ""L6"": ""Normal"", ""L7"": ""Normal""}}","('VALUE', 93.66482877290535)","('VALUE', 93.66482877290535)",True,True
chain,grid,retirada_condensado_linha@L4,"{""hes"": {""L4"": ""Normal"", ""L5"": ""Normal"", ""L6"": ""Normal"", ""L7"": ""Normal""}}","('VALUE', -0.18448790411505267)","('VALUE', -0.18448790411505267)",True,True
chain,grid,retirada_condensado_linha@L5,"{""hes"": {""L4"": ""Normal"", ""L5"": ""Normal"", ""L6"": ""Normal"", ""L7"": ""Normal""}}","('VALUE', -202.93669452655794)","('VALUE', -202.93669452655794)",True,True
chain,grid,retirada_condensado_linha@L6,"{""hes"": {""L4"": ""Normal"", ""L5"": ""Normal"", ""L6"": ""Normal"", ""L7"": ""Normal""}}","('VALUE', 276.753204162937)","('VALUE', 276.753204162937)",True,True
chain,grid,retirada_condensado_linha@L7,"{""hes"": {""L4"": ""Normal"", ""L5"": ""Normal"", ""L6"": ""Normal"", ""L7"": ""Normal""}}","('VALUE', 3.044285245792307)","('VALUE', 3.044285245792307)",True,True
chain,grid,retirada_condensado_total@L1_L7,"{""hes"": {""L4"": ""Normal"", ""L5"": ""Normal"", ""L6"": ""Normal"", ""L7"": ""Normal""}}","('VALUE', 9932.726897545528)","('VALUE', 9932.726897545528)",True,True
chain,grid,retirada_cond_corr_ltp@L1_L3,"{""hes"": {""L4"": ""Normal"", ""L5"": ""Normal"", ""L6"": ""Normal"", ""L7"": ""Normal""}}","('VALUE', 47.936340992412426)","('VALUE', 47.936340992412426)",True,True
chain,grid,retirada_cond_corr_ltp@L4_L5,"{""hes"": {""L4"": ""Normal"", ""L5"": ""Normal"", ""L6"": ""Normal"", ""L7"": ""Normal""}}","('VALUE', 183.05806811635424)","('VALUE', 183.05806811635424)",True,True
chain,grid,retirada_cond_corr_ltp@L6_L7,"{""hes"": {""L4"": ""Normal"", ""L5"": ""Normal"", ""L6"": ""Normal"", ""L7"": ""Normal""}}","('VALUE', 53.93641212842863)","('VALUE', 53.93641212842863)",True,True
chain,grid,lth_grupo@L1_L3,"{""hes"": {""L4"": ""Normal"", ""L5"": ""Normal"", ""L6"": ""Normal"", ""L7"": ""Normal""}}","('VALUE', 34023.333333333336)","('VALUE', 34023.333333333336)",True,True
chain,grid,lth_grupo@L4_L5,"{""hes"": {""L4"": ""Normal"", ""L5"": ""Normal"", ""L6"": ""Normal"", ""L7"": ""Normal""}}","('VALUE', 50485.0)","('VALUE', 50485.0)",True,True
chain,grid,lth_grupo@L6_L7,"{""hes"": {""L4"": ""Normal"", ""L5"": ""Normal"", ""L6"": ""Normal"", ""L7"": ""Normal""}}","('VALUE', 1.0)","('VALUE', 1.0)",True,True
chain,grid,retirada_cond_corr_lth@L1_L3,"{""hes"": {""L4"": ""Normal"", ""L5"": ""Normal"", ""L6"": ""Normal"", ""L7"": ""Normal""}}","('VALUE', 138.6142402089672)","('VALUE', 138.6142402089672)",True,True
chain,grid,retirada_cond_corr_lth@L4_L5,"{""hes"": {""L4"": ""Normal"", ""L5"": ""Normal"", ""L6"": ""Normal"", ""L7"": ""Normal""}}","('VALUE', 127.6260430972695)","('VALUE', 127.6260430972695)",True,True
chain,grid,retirada_cond_corr_lth@L6_L7,"{""hes"": {""L4"": ""Normal"", ""L5"": ""Normal"", ""L6"": ""Normal"", ""L7"": ""Normal""}}","('VALUE', -64.60352567818856)","('VALUE', -64.60352567818856)",True,True
chain,grid,retirada_condensado_grupo@L1_L3,"{""hes"": {""L4"": ""Normal"", ""L5"": ""Normal"", ""L6"": ""Normal"", ""L7"": ""Normal""}}","('VALUE', 366.0336976496643)","('VALUE', 366.0336976496643)",True,True
chain,grid,retirada_condensado_grupo@L4_L5,"{""hes"": {""L4"": ""Normal"", ""L5"": ""Normal"", ""L6"": ""Normal"", ""L7"": ""Normal""}}","('VALUE', -10.864050038169466)","('VALUE', -10.864050038169466)",True,True
chain,grid,retirada_condensado_grupo@L6_L7,"{""hes"": {""L4"": ""Normal"", ""L5"": ""Normal"", ""L6"": ""Normal"", ""L7"": ""Normal""}}","('VALUE', -137.07987561323438)","('VALUE', -137.07987561323438)",True,True
chain,grid,retirada_condensado_linha@L1,"{""hes"": {""L4"": ""Normal"", ""L5"": ""Normal"", ""L6"": ""Normal"", ""L7"": ""Normal""}}","('VALUE', 358.61046110479504)","('VALUE', 358.61046110479504)",True,True
chain,grid,retirada_condensado_linha@L2,"{""hes"": {""L4"": ""Normal"", ""L5"": ""Normal"", ""L6"": ""Normal"", ""L7"": ""Normal""}}","('VALUE', 3.478521472716512)","('VALUE', 3.478521472716512)",True,True
chain,grid,retirada_condensado_linha@L3,"{""hes"": {""L4"": ""Normal"", ""L5"": ""Normal"", ""L6"": ""Normal"", ""L7"": ""Normal""}}","('VALUE', 3.9447150721527455)","('VALUE', 3.9447150721527455)",True,True
chain,grid,retirada_condensado_linha@L4,"{""hes"": {""L4"": ""Normal"", ""L5"": ""Normal"", ""L6"": ""Normal"", ""L7"": ""Normal""}}","('VALUE', -10.759681131196857)","('VALUE', -10.759681131196857)",True,True
chain,grid,retirada_condensado_linha@L5,"{""hes"": {""L4"": ""Normal"", ""L5"": ""Normal"", ""L6"": ""Normal"", ""L7"": ""Normal""}}","('VALUE', -0.1043689069726095)","('VALUE', -0.1043689069726095)",True,True
chain,grid,retirada_condensado_linha@L6,"{""hes"": {""L4"": ""Normal"", ""L5"": ""Normal"", ""L6"": ""Normal"", ""L7"": ""Normal""}}","('VALUE', -68.53993780661719)","('VALUE', -68.53993780661719)",True,True
chain,grid,retirada_condensado_linha@L7,"{""hes"": {""L4"": ""Normal"", ""L5"": ""Normal"", ""L6"": ""Normal"", ""L7"": ""Normal""}}","('VALUE', -68.53993780661719)","('VALUE', -68.53993780661719)",True,True
chain,grid,retirada_condensado_total@L1_L7,"{""hes"": {""L4"": ""Normal"", ""L5"": ""Normal"", ""L6"": ""Normal"", ""L7"": ""Normal""}}","('VALUE', 218.08977199826046)","('VALUE', 218.08977199826046)",True,True
chain,grid,retirada_cond_corr_ltp@L1_L3,"{""hes"": {""L4"": ""Normal"", ""L5"": ""Normal"", ""L6"": ""Normal"", ""L7"": ""Normal""}}","('VALUE', 53.93641212842863)","('VALUE', 53.93641212842863)",True,True
chain,grid,retirada_cond_corr_ltp@L4_L5,"{""hes"": {""L4"": ""Normal"", ""L5"": ""Normal"", ""L6"": ""Normal"", ""L7"": ""Normal""}}","('VALUE', 47.936340992412426)","('VALUE', 47.936340992412426)",True,True
chain,grid,retirada_cond_corr_ltp@L6_L7,"{""hes"": {""L4"": ""Normal"", ""L5"": ""Normal"", ""L6"": ""Normal"", ""L7"": ""Normal""}}","('VALUE', 47.936340992412426)","('VALUE', 47.936340992412426)",True,True
chain,grid,lth_grupo@L1_L3,"{""hes"": {""L4"": ""Normal"", ""L5"": ""Normal"", ""L6"": ""Normal"", ""L7"": ""Normal""}}","('VALUE', 367.00033333333334)","('VALUE', 367.00033333333334)",True,True
chain,grid,lth_grupo@L4_L5,"{""hes"": {""L4"": ""Normal"", ""L5"": ""Normal"", ""L6"": ""Normal"", ""L7"": ""Normal""}}","('VALUE', 1.0)","('VALUE', 1.0)",True,True
chain,grid,lth_grupo@L6_L7,"{""hes"": {""L4"": ""Normal"", ""L5"": ""Normal"", ""L6"": ""Normal"", ""L7"": ""Normal""}}","('VALUE', 100000.0)","('VALUE', 100000.0)",True,True
chain,grid,retirada_cond_corr_lth@L1_L3,"{""hes"": {""L4"": ""Normal"", ""L5"": ""Normal"", ""L6"": ""Normal"", ""L7"": ""Normal""}}","('VALUE', 31.729803507075985)","('VALUE', 31.729803507075985)",True,True
chain,grid,retirada_cond_corr_lth@L4_L5,"{""hes"": {""L4"": ""Normal"", ""L5"": ""Normal"", ""L6"": ""Normal"", ""L7"": ""Normal""}}","('VALUE', -84.14283424831076)","('VALUE', -84.14283424831076)",True,True
chain,grid,retirada_cond_corr_lth@L6_L7,"{""hes"": {""L4"": ""Normal"", ""L5"": ""Normal"", ""L6"": ""Normal"", ""L7"": ""Normal""}}","('VALUE', 3.6866893721180958)","('VALUE', 3.6866893721180958)",True,True
chain,grid,retirada_condensado_grupo@L1_L3,"{""hes"": {""L4"": ""Normal"", ""L5"": ""Normal"", ""L6"": ""Normal"", ""L7"": ""Normal""}}","('VALUE', 10029.380174135942)","('VALUE', 10029.380174135942)",True,True
chain,grid,retirada_condensado_grupo@L4_L5,"{""hes"": {""L4"": ""Normal"", ""L5"": ""Normal"", ""L6"": ""Normal"", ""L7"": ""Normal""}}","('VALUE', -164.1583504814464)","('VALUE', -164.1583504814464)",True,True
chain,grid,retirada_condensado_grupo@L6_L7,"{""hes"": {""L4"": ""Normal"", ""L5"": ""Normal"", ""L6"": ""Normal"", ""L7"": ""Normal""}}","('VALUE', 11.50069675941134)","('VALUE', 11.50069675941134)",True,True
chain,grid,retirada_condensado_linha@L1,"{""hes"": {""L4"": ""Normal"", ""L5"": ""Normal"", ""L6"": ""Normal"", ""L7"": ""Normal""}}","('VALUE', 10020.261735956221)","('VALUE', 10020.261735956221)",True,True
chain,grid,retirada_condensado_linha@L2,"{""hes"": {""L4"": ""Normal"", ""L5"": ""Normal"", ""L6"": ""Normal"", ""L7"": ""Normal""}}","('VALUE', 0.009109328850869293)","('VALUE', 0.009109328850869293)",True,True
chain,grid,retirada_condensado_linha@L3,"{""hes"": {""L4"": ""Normal"", ""L5"": ""Normal"", ""L6"": ""Normal"", ""L7"": ""Normal""}}","('VALUE', 9.109328850869293)","('VALUE', 9.109328850869293)",True,True
chain,grid,retirada_condensado_linha@L4,"{""hes"": {""L4"": ""Normal"", ""L5"": ""Normal"", ""L6"": ""Normal"", ""L7"": ""Normal""}}","('VALUE', -82.0791752407232)","('VALUE', -82.0791752407232)",True,True
chain,grid,retirada_condensado_linha@L5,"{""hes"": {""L4"": ""Normal"", ""L5"": ""Normal"", ""L6"": ""Normal"", ""L7"": ""Normal""}}","('VALUE', -82.0791752407232)","('VALUE', -82.0791752407232)",True,True
chain,grid,retirada_condensado_linha@L6,"{""hes"": {""L4"": ""Normal"", ""L5"": ""Normal"", ""L6"": ""Normal"", ""L7"": ""Normal""}}","('VALUE', 5.75034837970567)","('VALUE', 5.75034837970567)",True,True
chain,grid,retirada_condensado_linha@L7,"{""hes"": {""L4"": ""Normal"", ""L5"": ""Normal"", ""L6"": ""Normal"", ""L7"": ""Normal""}}","('VALUE', 5.75034837970567)","('VALUE', 5.75034837970567)",True,True
chain,grid,retirada_condensado_total@L1_L7,"{""hes"": {""L4"": ""Normal"", ""L5"": ""Normal"", ""L6"": ""Normal"", ""L7"": ""Normal""}}","('VALUE', 9876.722520413907)","('VALUE', 9876.722520413907)",True,True
chain,grid,retirada_cond_corr_ltp@L1_L3,"{""hes"": {""L4"": ""Normal"", ""L5"": ""Normal"", ""L6"": ""Normal"", ""L7"": ""Normal""}}","('VALUE', 53.93641212842863)","('VALUE', 53.93641212842863)",True,True
chain,grid,retirada_cond_corr_ltp@L4_L5,"{""hes"": {""L4"": ""Normal"", ""L5"": ""Normal"", ""L6"": ""Normal"", ""L7"": ""Normal""}}","('VALUE', 53.93641212842863)","('VALUE', 53.93641212842863)",True,True
chain,grid,retirada_cond_corr_ltp@L6_L7,"{""hes"": {""L4"": ""Normal"", ""L5"": ""Normal"", ""L6"": ""Normal"", ""L7"": ""Normal""}}","('VALUE', -11.017375456696598)","('VALUE', -11.017375456696598)",True,True
chain,grid,lth_grupo@L1_L3,"{""hes"": {""L4"": ""Normal"", ""L5"": ""Normal"", ""L6"": ""Normal"", ""L7"": ""Normal""}}","('VALUE', 367.3333333333333)","('VALUE', 367.3333333333333)",True,True
chain,grid,lth_grupo@L4_L5,"{""hes"": {""L4"": ""Normal"", ""L5"": ""Normal"", ""L6"": ""Normal"", ""L7"": ""Normal""}}","('VALUE', 50485.0)","('VALUE', 50485.0)",True,True
chain,grid,lth_grupo@L6_L7,"{""hes"": {""L4"": ""Normal"", ""L5"": ""Normal"", ""L6"": ""Normal"", ""L7"": ""Normal""}}","('VALUE', 550.5)","('VALUE', 550.5)",True,True
chain,grid,retirada_cond_corr_lth@L1_L3,"{""hes"": {""L4"": ""Normal"", ""L5"": ""Normal"", ""L6"": ""Normal"", ""L7"": ""Normal""}}","('VALUE', -105.50293163033061)","('VALUE', -105.50293163033061)",True,True
chain,grid,retirada_cond_corr_lth@L4_L5,"{""hes"": {""L4"": ""Normal"", ""L5"": ""Normal"", ""L6"": ""Normal"", ""L7"": ""Normal""}}","('VALUE', 146.29965359132473)","('VALUE', 146.29965359132473)",True,True
chain,grid,retirada_cond_corr_lth@L6_L7,"{""hes"": {""L4"": ""Normal"", ""L5"": ""Normal"", ""L6"": ""Normal"", ""L7"": ""Normal""}}","('VALUE', 38.7605207229585)","('VALUE', 38.7605207229585)",True,True
chain,grid,retirada_condensado_grupo@L1_L3,"{""hes"": {""L4"": ""Normal"", ""L5"": ""Normal"", ""L6"": ""Normal"", ""L7"": ""Normal""}}","('VALUE', -383.3180312762777)","('VALUE', -383.3180312762777)",True,True
chain,grid,retirada_condensado_grupo@L4_L5,"{""hes"": {""L4"": ""Normal"", ""L5"": ""Normal"", ""L6"": ""Normal"", ""L7"": ""Normal""}}","('VALUE', 284.7264829257922)","('VALUE', 284.7264829257922)",True,True
chain,grid,retirada_condensado_grupo@L6_L7,"{""hes"": {""L4"": ""Normal"", ""L5"": ""Normal"", ""L6"": ""Normal"", ""L7"": ""Normal""}}","('VALUE', 199.5557923593102)","('VALUE', 199.5557923593102)",True,True
chain,grid,retirada_condensado_linha@L1,"{""hes"": {""L4"": ""Normal"", ""L5"": ""Normal"", ""L6"": ""Normal"", ""L7"": ""Normal""}}","('VALUE', -0.3478385038804698)","('VALUE', -0.3478385038804698)",True,True
chain,grid,retirada_condensado_linha@L2,"{""hes"": {""L4"": ""Normal"", ""L5"": ""Normal"", ""L6"": ""Normal"", ""L7"": ""Normal""}}","('VALUE', -382.62235426851674)","('VALUE', -382.62235426851674)",True,True
chain,grid,retirada_condensado_linha@L3,"{""hes"": {""L4"": ""Normal"", ""L5"": ""Normal"", ""L6"": ""Normal"", ""L7"": ""Normal""}}","('VALUE', -0.3478385038804698)","('VALUE', -0.3478385038804698)",True,True
chain,grid,retirada_condensado_linha@L4,"{""hes"": {""L4"": ""Normal"", ""L5"": ""Normal"", ""L6"": ""Normal"", ""L7"": ""Normal""}}","('VALUE', 2.7353143353275073)","('VALUE', 2.7353143353275073)",True,True
chain,grid,retirada_condensado_linha@L5,"{""hes"": {""L4"": ""Normal"", ""L5"": ""Normal"", ""L6"": ""Normal"", ""L7"": ""Normal""}}","('VALUE', 281.99116859046467)","('VALUE', 281.99116859046467)",True,True
chain,grid,retirada_condensado_linha@L6,"{""hes"": {""L4"": ""Normal"", ""L5"": ""Normal"", ""L6"": ""Normal"", ""L7"": ""Normal""}}","('VALUE', 0.1812495843408812)","('VALUE', 0.1812495843408812)",True,True
chain,grid,retirada_condensado_linha@L7,"{""hes"": {""L4"": ""Normal"", ""L5"": ""Normal"", ""L6"": ""Normal"", ""L7"": ""Normal""}}","('VALUE', 199.3745427749693)","('VALUE', 199.3745427749693)",True,True
chain,grid,retirada_condensado_total@L1_L7,"{""hes"": {""L4"": ""Normal"", ""L5"": ""Normal"", ""L6"": ""Normal"", ""L7"": ""Normal""}}","('VALUE', 100.96424400882472)","('VALUE', 100.96424400882472)",True,True
chain,grid,retirada_cond_corr_ltp@L1_L3,"{""hes"": {""L4"": ""Normal"", ""L5"": ""Normal"", ""L6"": ""Normal"", ""L7"": ""Normal""}}","('VALUE', 47.936340992412426)","('VALUE', 47.936340992412426)",True,True
chain,grid,retirada_cond_corr_ltp@L4_L5,"{""hes"": {""L4"": ""Normal"", ""L5"": ""Normal"", ""L6"": ""Normal"", ""L7"": ""Normal""}}","('VALUE', -99.49804134140493)","('VALUE', -99.49804134140493)",True,True
chain,grid,retirada_cond_corr_ltp@L6_L7,"{""hes"": {""L4"": ""Normal"", ""L5"": ""Normal"", ""L6"": ""Normal"", ""L7"": ""Normal""}}","('VALUE', -99.49804134140493)","('VALUE', -99.49804134140493)",True,True
chain,grid,lth_grupo@L1_L3,"{""hes"": {""L4"": ""Normal"", ""L5"": ""Normal"", ""L6"": ""Normal"", ""L7"": ""Normal""}}","('VALUE', 324.0)","('VALUE', 324.0)",True,True
chain,grid,lth_grupo@L4_L5,"{""hes"": {""L4"": ""Normal"", ""L5"": ""Normal"", ""L6"": ""Normal"", ""L7"": ""Normal""}}","('VALUE', 50485.0)","('VALUE', 50485.0)",True,True
chain,grid,lth_grupo@L6_L7,"{""hes"": {""L4"": ""Normal"", ""L5"": ""Normal"", ""L6"": ""Normal"", ""L7"": ""Normal""}}","('VALUE', 550.0005)","('VALUE', 550.0005)",True,True
chain,grid,retirada_cond_corr_lth@L1_L3,"{""hes"": {""L4"": ""Normal"", ""L5"": ""Normal"", ""L6"": ""Normal"", ""L7"": ""Normal""}}","('VALUE', -107.9475540881215)","('VALUE', -107.9475540881215)",True,True
chain,grid,retirada_cond_corr_lth@L4_L5,"{""hes"": {""L4"": ""Normal"", ""L5"": ""Normal"", ""L6"": ""Normal"", ""L7"": ""Normal""}}","('VALUE', 146.29965359132473)","('VALUE', 146.29965359132473)",True,True
chain,grid,retirada_cond_corr_lth@L6_L7,"{""hes"": {""L4"": ""Normal"", ""L5"": ""Normal"", ""L6"": ""Normal"", ""L7"": ""Normal""}}","('VALUE', -97.6418578851783)","('VALUE', -97.6418578851783)",True,True
chain,grid,retirada_condensado_grupo@L1_L3,"{""hes"": {""L4"": ""Normal"", ""L5"": ""Normal"", ""L6"": ""Normal"", ""L7"": ""Normal""}}","('VALUE', 9580.348314758397)","('VALUE', 9580.348314758397)",True,True
chain,grid,retirada_condensado_grupo@L4_L5,"{""hes"": {""L4"": ""Normal"", ""L5"": ""Normal"", ""L6"": ""Normal"", ""L7"": ""Normal""}}","('VALUE', 591.5953898654593)","('VALUE', 591.5953898654593)",True,True
chain,grid,retirada_condensado_grupo@L6_L7,"{""hes"": {""L4"": ""Normal"", ""L5"": ""Normal"", ""L6"": ""Normal"", ""L7"": ""Normal""}}","('VALUE', 103.71236691245326)","('VALUE', 103.71236691245326)",True,True
chain,grid,retirada_condensado_linha@L1,"{""hes"": {""L4"": ""Normal"", ""L5"": ""Normal"", ""L6"": ""Normal"", ""L7"": ""Normal""}}","('VALUE', 9.85632542670617)","('VALUE', 9.85632542670617)",True,True
chain,grid,retirada_condensado_linha@L2,"{""hes"": {""L4"": ""Normal"", ""L5"": ""Normal"", ""L6"": ""Normal"", ""L7"": ""Normal""}}","('VALUE', 9.85632542670617)","('VALUE', 9.85632542670617)",True,True
chain,grid,retirada_condensado_linha@L3,"{""hes"": {""L4"": ""Normal"", ""L5"": ""Normal"", ""L6"": ""Normal"", ""L7"": ""Normal""}}","('VALUE', 9560.635663904986)","('VALUE', 9560.635663904986)",True,True
chain,grid,retirada_condensado_linha@L4,"{""hes"": {""L4"": ""Normal"", ""L5"": ""Normal"", ""L6"": ""Normal"", ""L7"": ""Normal""}}","('VALUE', 5.683346817564579)","('VALUE', 5.683346817564579)",True,True
chain,grid,retirada_condensado_linha@L5,"{""hes"": {""L4"": ""Normal"", ""L5"": ""Normal"", ""L6"": ""Normal"", ""L7"": ""Normal""}}","('VALUE', 585.9120430478947)","('VALUE', 585.9120430478947)",True,True
chain,grid,retirada_condensado_linha@L6,"{""hes"": {""L4"": ""Normal"", ""L5"": ""Normal"", ""L6"": ""Normal"", ""L7"": ""Normal""}}","('VALUE', 103.71227262856905)","('VALUE', 103.71227262856905)",True,True
chain,grid,retirada_condensado_linha@L7,"{""hes"": {""L4"": ""Normal"", ""L5"": ""Normal"", ""L6"": ""Normal"", ""L7"": ""Normal""}}","('VALUE', 9.428388420779005e-05)","('VALUE', 9.428388420779005e-05)",True,True
chain,grid,retirada_condensado_total@L1_L7,"{""hes"": {""L4"": ""Normal"", ""L5"": ""Normal"", ""L6"": ""Normal"", ""L7"": ""Normal""}}","('VALUE', 10275.65607153631)","('VALUE', 10275.65607153631)",True,True
chain,grid,retirada_cond_corr_ltp@L1_L3,"{""hes"": {""L4"": ""Normal"", ""L5"": ""Normal"", ""L6"": ""Normal"", ""L7"": ""Normal""}}","('VALUE', -99.49804134140493)","('VALUE', -99.49804134140493)",True,True
chain,grid,retirada_cond_corr_ltp@L4_L5,"{""hes"": {""L4"": ""Normal"", ""L5"": ""Normal"", ""L6"": ""Normal"", ""L7"": ""Normal""}}","('VALUE', 47.936340992412426)","('VALUE', 47.936340992412426)",True,True
chain,grid,retirada_cond_corr_ltp@L6_L7,"{""hes"": {""L4"": ""Normal"", ""L5"": ""Normal"", ""L6"": ""Normal"", ""L7"": ""Normal""}}","('VALUE', 53.93641212842863)","('VALUE', 53.93641212842863)",True,True
chain,grid,lth_grupo@L1_L3,"{""hes"": {""L4"": ""Normal"", ""L5"": ""Normal"", ""L6"": ""Normal"", ""L7"": ""Normal""}}","('VALUE', 66667.0)","('VALUE', 66667.0)",True,True
chain,grid,lth_grupo@L4_L5,"{""hes"": {""L4"": ""Normal"", ""L5"": ""Normal"", ""L6"": ""Normal"", ""L7"": ""Normal""}}","('VALUE', 1035.0)","('VALUE', 1035.0)",True,True
chain,grid,lth_grupo@L6_L7,"{""hes"": {""L4"": ""Normal"", ""L5"": ""Normal"", ""L6"": ""Normal"", ""L7"": ""Normal""}}","('VALUE', 50000.0005)","('VALUE', 50000.0005)",True,True
chain,grid,retirada_cond_corr_lth@L1_L3,"{""hes"": {""L4"": ""Normal"", ""L5"": ""Normal"", ""L6"": ""Normal"", ""L7"": ""Normal""}}","('VALUE', 133.04075165240147)","('VALUE', 133.04075165240147)",True,True
chain,grid,retirada_cond_corr_lth@L4_L5,"{""hes"": {""L4"": ""Normal"", ""L5"": ""Normal"", ""L6"": ""Normal"", ""L7"": ""Normal""}}","('VALUE', 51.05566759518641)","('VALUE', 51.05566759518641)",True,True
chain,grid,retirada_cond_corr_lth@L6_L7,"{""hes"": {""L4"": ""Normal"", ""L5"": ""Normal"", ""L6"": ""Normal"", ""L7"": ""Normal""}}","('VALUE', 126.5723480353295)","('VALUE', 126.5723480353295)",True,True
chain,grid,retirada_condensado_grupo@L1_L3,"{""hes"": {""L4"": ""Normal"", ""L5"": ""Normal"", ""L6"": ""Normal"", ""L7"": ""Normal""}}","('VALUE', 10745.61637898142)","('VALUE', 10745.61637898142)",True,True
chain,grid,retirada_condensado_grupo@L4_L5,"{""hes"": {""L4"": ""Normal"", ""L5"": ""Normal"", ""L6"": ""Normal"", ""L7"": ""Normal""}}","('VALUE', 106.23865320554796)","('VALUE', 106.23865320554796)",True,True
chain,grid,retirada_condensado_grupo@L6_L7,"{""hes"": {""L4"": ""Normal"", ""L5"": ""Normal"", ""L6"": ""Normal"", ""L7"": ""Normal""}}","('VALUE', 245.27187181380174)","('VALUE', 245.27187181380174)",True,True
chain,grid,retirada_condensado_linha@L1,"{""hes"": {""L4"": ""Normal"", ""L5"": ""Normal"", ""L6"": ""Normal"", ""L7"": ""Normal""}}","('VALUE', 0.05372781325584082)","('VALUE', 0.05372781325584082)",True,True
chain,grid,retirada_condensado_linha@L2,"{""hes"": {""L4"": ""Normal"", ""L5"": ""Normal"", ""L6"": ""Normal"", ""L7"": ""Normal""}}","('VALUE', 5372.781325584083)","('VALUE', 5372.781325584083)",True,True
chain,grid,retirada_condensado_linha@L3,"{""hes"": {""L4"": ""Normal"", ""L5"": ""Normal"", ""L6"": ""Normal"", ""L7"": ""Normal""}}","('VALUE', 5372.781325584083)","('VALUE', 5372.781325584083)",True,True
chain,grid,retirada_condensado_linha@L4,"{""hes"": {""L4"": ""Normal"", ""L5"": ""Normal"", ""L6"": ""Normal"", ""L7"": ""Normal""}}","('VALUE', 56.45532295946993)","('VALUE', 56.45532295946993)",True,True
chain,grid,retirada_condensado_linha@L5,"{""hes"": {""L4"": ""Normal"", ""L5"": ""Normal"", ""L6"": ""Normal"", ""L7"": ""Normal""}}","('VALUE', 49.78333024607803)","('VALUE', 49.78333024607803)",True,True
chain,grid,retirada_condensado_linha@L6,"{""hes"": {""L4"": ""Normal"", ""L5"": ""Normal"", ""L6"": ""Normal"", ""L7"": ""Normal""}}","('VALUE', 2.4527186936108304e-06)","('VALUE', 2.4527186936108304e-06)",True,True
chain,grid,retirada_condensado_linha@L7,"{""hes"": {""L4"": ""Normal"", ""L5"": ""Normal"", ""L6"": ""Normal"", ""L7"": ""Normal""}}","('VALUE', 245.27186936108305)","('VALUE', 245.27186936108305)",True,True
chain,grid,retirada_condensado_total@L1_L7,"{""hes"": {""L4"": ""Normal"", ""L5"": ""Normal"", ""L6"": ""Normal"", ""L7"": ""Normal""}}","('VALUE', 11097.12690400077)","('VALUE', 11097.12690400077)",True,True
chain,grid,retirada_cond_corr_ltp@L1_L3,"{""hes"": {""L4"": ""Normal"", ""L5"": ""Normal"", ""L6"": ""Normal"", ""L7"": ""Normal""}}","('VALUE', 53.93641212842863)","('VALUE', 53.93641212842863)",True,True
chain,grid,retirada_cond_corr_ltp@L4_L5,"{""hes"": {""L4"": ""Normal"", ""L5"": ""Normal"", ""L6"": ""Normal"", ""L7"": ""Normal""}}","('VALUE', 53.93641212842863)","('VALUE', 53.93641212842863)",True,True
chain,grid,retirada_cond_corr_ltp@L6_L7,"{""hes"": {""L4"": ""Normal"", ""L5"": ""Normal"", ""L6"": ""Normal"", ""L7"": ""Normal""}}","('VALUE', -99.49804134140493)","('VALUE', -99.49804134140493)",True,True
chain,grid,lth_grupo@L1_L3,"{""hes"": {""L4"": ""Normal"", ""L5"": ""Normal"", ""L6"": ""Normal"", ""L7"": ""Normal""}}","('VALUE', 34023.333333333336)","('VALUE', 34023.333333333336)",True,True
chain,grid,lth_grupo@L4_L5,"{""hes"": {""L4"": ""Normal"", ""L5"": ""Normal"", ""L6"": ""Normal"", ""L7"": ""Normal""}}","('VALUE', 0.5005)","('VALUE', 0.5005)",True,True
chain,grid,lth_grupo@L6_L7,"{""hes"": {""L4"": ""Normal"", ""L5"": ""Normal"", ""L6"": ""Normal"", ""L7"": ""Normal""}}","('VALUE', 485.5)","('VALUE', 485.5)",True,True
chain,grid,retirada_cond_corr_lth@L1_L3,"{""hes"": {""L4"": ""Normal"", ""L5"": ""Normal"", ""L6"": ""Normal"", ""L7"": ""Normal""}}","('VALUE', 138.6142402089672)","('VALUE', 138.6142402089672)",True,True
chain,grid,retirada_cond_corr_lth@L4_L5,"{""hes"": {""L4"": ""Normal"", ""L5"": ""Normal"", ""L6"": ""Normal"", ""L7"": ""Normal""}}","('VALUE', -78.08310175060669)","('VALUE', -78.08310175060669)",True,True
chain,grid,retirada_cond_corr_lth@L6_L7,"{""hes"": {""L4"": ""Normal"", ""L5"": ""Normal"", ""L6"": ""Normal"", ""L7"": ""Normal""}}","('VALUE', 37.179230456324845)","('VALUE', 37.179230456324845)",True,True
chain,grid,retirada_condensado_grupo@L1_L3,"{""hes"": {""L4"": ""Normal"", ""L5"": ""Normal"", ""L6"": ""Normal"", ""L7"": ""Normal""}}","('VALUE', 395.0334842416157)","('VALUE', 395.0334842416157)",True,True
chain,grid,retirada_condensado_grupo@L4_L5,"{""hes"": {""L4"": ""Normal"", ""L5"": ""Normal"", ""L6"": ""Normal"", ""L7"": ""Normal""}}","('VALUE', -164.03902775807063)","('VALUE', -164.03902775807063)",True,True
chain,grid,retirada_condensado_grupo@L6_L7,"{""hes"": {""L4"": ""Normal"", ""L5"": ""Normal"", ""L6"": ""Normal"", ""L7"": ""Normal""}}","('VALUE', 373.3545435954595)","('VALUE', 373.3545435954595)",True,True
chain,grid,retirada_condensado_linha@L1,"{""hes"": {""L4"": ""Normal"", ""L5"": ""Normal"", ""L6"": ""Normal"", ""L7"": ""Normal""}}","('VALUE', 3.7541146244182153)","('VALUE', 3.7541146244182153)",True,True
chain,grid,retirada_condensado_linha@L2,"{""hes"": {""L4"": ""Normal"", ""L5"": ""Normal"", ""L6"": ""Normal"", ""L7"": ""Normal""}}","('VALUE', 387.02212622868205)","('VALUE', 387.02212622868205)",True,True
chain,grid,retirada_condensado_linha@L3,"{""hes"": {""L4"": ""Normal"", ""L5"": ""Normal"", ""L6"": ""Normal"", ""L7"": ""Normal""}}","('VALUE', 4.257243388515502)","('VALUE', 4.257243388515502)",True,True
chain,grid,retirada_condensado_linha@L4,"{""hes"": {""L4"": ""Normal"", ""L5"": ""Normal"", ""L6"": ""Normal"", ""L7"": ""Normal""}}","('VALUE', -0.1638751526054652)","('VALUE', -0.1638751526054652)",True,True
chain,grid,retirada_condensado_linha@L5,"{""hes"": {""L4"": ""Normal"", ""L5"": ""Normal"", ""L6"": ""Normal"", ""L7"": ""Normal""}}","('VALUE', -163.8751526054652)","('VALUE', -163.8751526054652)",True,True
chain,grid,retirada_condensado_linha@L6,"{""hes"": {""L4"": ""Normal"", ""L5"": ""Normal"", ""L6"": ""Normal"", ""L7"": ""Normal""}}","('VALUE', 372.9700384012314)","('VALUE', 372.9700384012314)",True,True
chain,grid,retirada_condensado_linha@L7,"{""hes"": {""L4"": ""Normal"", ""L5"": ""Normal"", ""L6"": ""Normal"", ""L7"": ""Normal""}}","('VALUE', 0.38450519422807367)","('VALUE', 0.38450519422807367)",True,True
chain,grid,retirada_condensado_total@L1_L7,"{""hes"": {""L4"": ""Normal"", ""L5"": ""Normal"", ""L6"": ""Normal"", ""L7"": ""Normal""}}","('VALUE', 604.3490000790046)","('VALUE', 604.3490000790046)",True,True
chain,grid,retirada_cond_corr_ltp@L1_L3,"{""hes"": {""L4"": ""Normal"", ""L5"": ""Normal"", ""L6"": ""Normal"", ""L7"": ""Normal""}}","('VALUE', 47.936340992412426)","('VALUE', 47.936340992412426)",True,True
chain,grid,retirada_cond_corr_ltp@L4_L5,"{""hes"": {""L4"": ""Normal"", ""L5"": ""Normal"", ""L6"": ""Normal"", ""L7"": ""Normal""}}","('VALUE', 53.93641212842863)","('VALUE', 53.93641212842863)",True,True
chain,grid,retirada_cond_corr_ltp@L6_L7,"{""hes"": {""L4"": ""Normal"", ""L5"": ""Normal"", ""L6"": ""Normal"", ""L7"": ""Normal""}}","('VALUE', -11.017375456696598)","('VALUE', -11.017375456696598)",True,True
chain,grid,lth_grupo@L1_L3,"{""hes"": {""L4"": ""Normal"", ""L5"": ""Normal"", ""L6"": ""Normal"", ""L7"": ""Normal""}}","('VALUE', 33980.0)","('VALUE', 33980.0)",True,True
chain,grid,lth_grupo@L4_L5,"{""hes"": {""L4"": ""Normal"", ""L5"": ""Normal"", ""L6"": ""Normal"", ""L7"": ""Normal""}}","('VALUE', 50000.5)","('VALUE', 50000.5)",True,True
chain,grid,lth_grupo@L6_L7,"{""hes"": {""L4"": ""Normal"", ""L5"": ""Normal"", ""L6"": ""Normal"", ""L7"": ""Normal""}}","('VALUE', 485.0005)","('VALUE', 485.0005)",True,True
chain,grid,retirada_cond_corr_lth@L1_L3,"{""hes"": {""L4"": ""Normal"", ""L5"": ""Normal"", ""L6"": ""Normal"", ""L7"": ""Normal""}}","('VALUE', 119.05011177371412)","('VALUE', 119.05011177371412)",True,True
chain,grid,retirada_cond_corr_lth@L4_L5,"{""hes"": {""L4"": ""Normal"", ""L5"": ""Normal"", ""L6"": ""Normal"", ""L7"": ""Normal""}}","('VALUE', 146.11185115972796)","('VALUE', 146.11185115972796)",True,True
chain,grid,retirada_cond_corr_lth@L6_L7,"{""hes"": {""L4"": ""Normal"", ""L5"": ""Normal"", ""L6"": ""Normal"", ""L7"": ""Normal""}}","('VALUE', 36.293485480005955)","('VALUE', 36.293485480005955)",True,True
chain,grid,retirada_condensado_grupo@L1_L3,"{""hes"": {""L4"": ""Normal"", ""L5"": ""Normal"", ""L6"": ""Normal"", ""L7"": ""Normal""}}","('VALUE', 261.3413123439051)","('VALUE', 261.3413123439051)",True,True
chain,grid,retirada_condensado_grupo@L4_L5,"{""hes"": {""L4"": ""Normal"", ""L5"": ""Normal"", ""L6"": ""Normal"", ""L7"": ""Normal""}}","('VALUE', 284.35087806259867)","('VALUE', 284.35087806259867)",True,True
chain,grid,retirada_condensado_grupo@L6_L7,"{""hes"": {""L4"": ""Normal"", ""L5"": ""Normal"", ""L6"": ""Normal"", ""L7"": ""Normal""}}","('VALUE', 194.6217218734051)","('VALUE', 194.6217218734051)",True,True
chain,grid,retirada_condensado_linha@L1,"{""hes"": {""L4"": ""Normal"", ""L5"": ""Normal"", ""L6"": ""Normal"", ""L7"": ""Normal""}}","('VALUE', 2.4867674413732384)","('VALUE', 2.4867674413732384)",True,True
chain,grid,retirada_condensado_linha@L2,"{""hes"": {""L4"": ""Normal"", ""L5"": ""Normal"", ""L6"": ""Normal"", ""L7"": ""Normal""}}","('VALUE', 2.4867674413732384)","('VALUE', 2.4867674413732384)",True,True
chain,grid,retirada_condensado_linha@L3,"{""hes"": {""L4"": ""Normal"", ""L5"": ""Normal"", ""L6"": ""Normal"", ""L7"": ""Normal""}}","('VALUE', 256.3677774611586)","('VALUE', 256.3677774611586)",True,True
chain,grid,retirada_condensado_linha@L4,"{""hes"": {""L4"": ""Normal"", ""L5"": ""Normal"", ""L6"": ""Normal"", ""L7"": ""Normal""}}","('VALUE', 0.0028434803458225284)","('VALUE', 0.0028434803458225284)",True,True
chain,grid,retirada_condensado_linha@L5,"{""hes"": {""L4"": ""Normal"", ""L5"": ""Normal"", ""L6"": ""Normal"", ""L7"": ""Normal""}}","('VALUE', 284.34803458225286)","('VALUE', 284.34803458225286)",True,True
chain,grid,retirada_condensado_linha@L6,"{""hes"": {""L4"": ""Normal"", ""L5"": ""Normal"", ""L6"": ""Normal"", ""L7"": ""Normal""}}","('VALUE', 194.62152123266156)","('VALUE', 194.62152123266156)",True,True
chain,grid,retirada_condensado_linha@L7,"{""hes"": {""L4"": ""Normal"", ""L5"": ""Normal"", ""L6"": ""Normal"", ""L7"": ""Normal""}}","('VALUE', 0.00020064074353882638)","('VALUE', 0.00020064074353882638)",True,True
chain,grid,retirada_condensado_total@L1_L7,"{""hes"": {""L4"": ""Normal"", ""L5"": ""Normal"", ""L6"": ""Normal"", ""L7"": ""Normal""}}","('VALUE', 740.3139122799089)","('VALUE', 740.3139122799089)",True,True
chain,grid,retirada_cond_corr_ltp@L1_L3,"{""hes"": {""L4"": ""Normal"", ""L5"": ""Normal"", ""L6"": ""Normal"", ""L7"": ""Normal""}}","('VALUE', 53.93641212842863)","('VALUE', 53.93641212842863)",True,True
chain,grid,retirada_cond_corr_ltp@L4_L5,"{""hes"": {""L4"": ""Normal"", ""L5"": ""Normal"", ""L6"": ""Normal"", ""L7"": ""Normal""}}","('VALUE', 53.93641212842863)","('VALUE', 53.93641212842863)",True,True
chain,grid,retirada_cond_corr_ltp@L6_L7,"{""hes"": {""L4"": ""Normal"", ""L5"": ""Normal"", ""L6"": ""Normal"", ""L7"": ""Normal""}}","('VALUE', 47.936340992412426)","('VALUE', 47.936340992412426)",True,True
chain,grid,lth_grupo@L1_L3,"{""hes"": {""L4"": ""Normal"", ""L5"": ""Normal"", ""L6"": ""Normal"", ""L7"": ""Normal""}}","('VALUE', 34023.333333333336)","('VALUE', 34023.333333333336)",True,True
chain,grid,lth_grupo@L4_L5,"{""hes"": {""L4"": ""Normal"", ""L5"": ""Normal"", ""L6"": ""Normal"", ""L7"": ""Normal""}}","('VALUE', 485.5)","('VALUE', 485.5)",True,True
chain,grid,lth_grupo@L6_L7,"{""hes"": {""L4"": ""Normal"", ""L5"": ""Normal"", ""L6"": ""Normal"", ""L7"": ""Normal""}}","('VALUE', 1.0)","('VALUE', 1.0)",True,True
chain,grid,retirada_cond_corr_lth@L1_L3,"{""hes"": {""L4"": ""Normal"", ""L5"": ""Normal"", ""L6"": ""Normal"", ""L7"": ""Normal""}}","('VALUE', 119.94062971491195)","('VALUE', 119.94062971491195)",True,True
chain,grid,retirada_cond_corr_lth@L4_L5,"{""hes"": {""L4"": ""Normal"", ""L5"": ""Normal"", ""L6"": ""Normal"", ""L7"": ""Normal""}}","('VALUE', -100.0711674296085)","('VALUE', -100.0711674296085)",True,True
chain,grid,retirada_cond_corr_lth@L6_L7,"{""hes"": {""L4"": ""Normal"", ""L5"": ""Normal"", ""L6"": ""Normal"", ""L7"": ""Normal""}}","('VALUE', -64.60352567818856)","('VALUE', -64.60352567818856)",True,True
chain,grid,retirada_condensado_grupo@L1_L3,"{""hes"": {""L4"": ""Normal"", ""L5"": ""Normal"", ""L6"": ""Normal"", ""L7"": ""Normal""}}","('VALUE', 10245.01265275945)","('VALUE', 10245.01265275945)",True,True
chain,grid,retirada_condensado_grupo@L4_L5,"{""hes"": {""L4"": ""Normal"", ""L5"": ""Normal"", ""L6"": ""Normal"", ""L7"": ""Normal""}}","('VALUE', -208.01515911607424)","('VALUE', -208.01515911607424)",True,True
chain,grid,retirada_condensado_grupo@L6_L7,"{""hes"": {""L4"": ""Normal"", ""L5"": ""Normal"", ""L6"": ""Normal"", ""L7"": ""Normal""}}","('VALUE', -125.07973334120197)","('VALUE', -125.07973334120197)",True,True
chain,grid,retirada_condensado_linha@L1,"{""hes"": {""L4"": ""Normal"", ""L5"": ""Normal"", ""L6"": ""Normal"", ""L7"": ""Normal""}}","('VALUE', 10037.24174856417)","('VALUE', 10037.24174856417)",True,True
chain,grid,retirada_condensado_linha@L2,"{""hes"": {""L4"": ""Normal"", ""L5"": ""Normal"", ""L6"": ""Normal"", ""L7"": ""Normal""}}","('VALUE', 97.36124496107246)","('VALUE', 97.36124496107246)",True,True
chain,grid,retirada_condensado_linha@L3,"{""hes"": {""L4"": ""Normal"", ""L5"": ""Normal"", ""L6"": ""Normal"", ""L7"": ""Normal""}}","('VALUE', 110.40965923420588)","('VALUE', 110.40965923420588)",True,True
chain,grid,retirada_condensado_linha@L4,"{""hes"": {""L4"": ""Normal"", ""L5"": ""Normal"", ""L6"": ""Normal"", ""L7"": ""Normal""}}","('VALUE', -0.21422776428020004)","('VALUE', -0.21422776428020004)",True,True
chain,grid,retirada_condensado_linha@L5,"{""hes"": {""L4"": ""Normal"", ""L5"": ""Normal"", ""L6"": ""Normal"", ""L7"": ""Normal""}}","('VALUE', -207.80093135179405)","('VALUE', -207.80093135179405)",True,True
chain,grid,retirada_condensado_linha@L6,"{""hes"": {""L4"": ""Normal"", ""L5"": ""Normal"", ""L6"": ""Normal"", ""L7"": ""Normal""}}","('VALUE', -62.539866670600986)","('VALUE', -62.539866670600986)",True,True
chain,grid,retirada_condensado_linha@L7,"{""hes"": {""L4"": ""Normal"", ""L5"": ""Normal"", ""L6"": ""Normal"", ""L7"": ""Normal""}}","('VALUE', -62.539866670600986)","('VALUE', -62.539866670600986)",True,True
chain,grid,retirada_condensado_total@L1_L7,"{""hes"": {""L4"": ""Normal"", ""L5"": ""Normal"", ""L6"": ""Normal"", ""L7"": ""Normal""}}","('VALUE', 9911.917760302174)","('VALUE', 9911.917760302174)",True,True
chain,grid,retirada_cond_corr_ltp@L1_L3,"{""hes"": {""L4"": ""Normal"", ""L5"": ""Normal"", ""L6"": ""Normal"", ""L7"": ""Normal""}}","('VALUE', 183.05806811635424)","('VALUE', 183.05806811635424)",True,True
chain,grid,retirada_cond_corr_ltp@L4_L5,"{""hes"": {""L4"": ""Normal"", ""L5"": ""Normal"", ""L6"": ""Normal"", ""L7"": ""Normal""}}","('VALUE', -11.017375456696598)","('VALUE', -11.017375456696598)",True,True
chain,grid,retirada_cond_corr_ltp@L6_L7,"{""hes"": {""L4"": ""Normal"", ""L5"": ""Normal"", ""L6"": ""Normal"", ""L7"": ""Normal""}}","('VALUE', 47.936340992412426)","('VALUE', 47.936340992412426)",True,True
chain,grid,lth_grupo@L1_L3,"{""hes"": {""L4"": ""Normal"", ""L5"": ""Normal"", ""L6"": ""Normal"", ""L7"": ""Normal""}}","('VALUE', 0.6669999999999999)","('VALUE', 0.6669999999999999)",True,True
chain,grid,lth_grupo@L4_L5,"{""hes"": {""L4"": ""Normal"", ""L5"": ""Normal"", ""L6"": ""Normal"", ""L7"": ""Normal""}}","('VALUE', 1035.0)","('VALUE', 1035.0)",True,True
chain,grid,lth_grupo@L6_L7,"{""hes"": {""L4"": ""Normal"", ""L5"": ""Normal"", ""L6"": ""Normal"", ""L7"": ""Normal""}}","('VALUE', 0.5005)","('VALUE', 0.5005)",True,True
chain,grid,retirada_cond_corr_lth@L1_L3,"{""hes"": {""L4"": ""Normal"", ""L5"": ""Normal"", ""L6"": ""Normal"", ""L7"": ""Normal""}}","('VALUE', -72.49022359215891)","('VALUE', -72.49022359215891)",True,True
chain,grid,retirada_cond_corr_lth@L4_L5,"{""hes"": {""L4"": ""Normal"", ""L5"": ""Normal"", ""L6"": ""Normal"", ""L7"": ""Normal""}}","('VALUE', -85.32903221467996)","('VALUE', -85.32903221467996)",True,True
chain,grid,retirada_cond_corr_lth@L6_L7,"{""hes"": {""L4"": ""Normal"", ""L5"": ""Normal"", ""L6"": ""Normal"", ""L7"": ""Normal""}}","('VALUE', -96.75671224466191)","('VALUE', -96.75671224466191)",True,True
chain,grid,retirada_condensado_grupo@L1_L3,"{""hes"": {""L4"": ""Normal"", ""L5"": ""Normal"", ""L6"": ""Normal"", ""L7"": ""Normal""}}","('VALUE', 9329.35512487446)","('VALUE', 9329.35512487446)",True,True
chain,grid,retirada_condensado_grupo@L4_L5,"{""hes"": {""L4"": ""Normal"", ""L5"": ""Normal"", ""L6"": ""Normal"", ""L7"": ""Normal""}}","('VALUE', -48.623313515966714)","('VALUE', -48.623313515966714)",True,True
chain,grid,retirada_condensado_grupo@L6_L7,"{""hes"": {""L4"": ""Normal"", ""L5"": ""Normal"", ""L6"": ""Normal"", ""L7"": ""Normal""}}","('VALUE', -189.38610647414868)","('VALUE', -189.38610647414868)",True,True
chain,grid,retirada_condensado_linha@L1,"{""hes"": {""L4"": ""Normal"", ""L5"": ""Normal"", ""L6"": ""Normal"", ""L7"": ""Normal""}}","('VALUE', 4.662346389242609)","('VALUE', 4.662346389242609)",True,True
chain,grid,retirada_condensado_linha@L2,"{""hes"": {""L4"": ""Normal"", ""L5"": ""Normal"", ""L6"": ""Normal"", ""L7"": ""Normal""}}","('VALUE', 4662.346389242609)","('VALUE', 4662.346389242609)",True,True
chain,grid,retirada_condensado_linha@L3,"{""hes"": {""L4"": ""Normal"", ""L5"": ""Normal"", ""L6"": ""Normal"", ""L7"": ""Normal""}}","('VALUE', 4662.346389242609)","('VALUE', 4662.346389242609)",True,True
chain,grid,retirada_condensado_linha@L4,"{""hes"": {""L4"": ""Normal"", ""L5"": ""Normal"", ""L6"": ""Normal"", ""L7"": ""Normal""}}","('VALUE', -22.784837734535124)","('VALUE', -22.784837734535124)",True,True
chain,grid,retirada_condensado_linha@L5,"{""hes"": {""L4"": ""Normal"", ""L5"": ""Normal"", ""L6"": ""Normal"", ""L7"": ""Normal""}}","('VALUE', -25.838475781431587)","('VALUE', -25.838475781431587)",True,True
chain,grid,retirada_condensado_linha@L6,"{""hes"": {""L4"": ""Normal"", ""L5"": ""Normal"", ""L6"": ""Normal"", ""L7"": ""Normal""}}","('VALUE', -0.18919690956458413)","('VALUE', -0.18919690956458413)",True,True
chain,grid,retirada_condensado_linha@L7,"{""hes"": {""L4"": ""Normal"", ""L5"": ""Normal"", ""L6"": ""Normal"", ""L7"": ""Normal""}}","('VALUE', -189.1969095645841)","('VALUE', -189.1969095645841)",True,True
chain,grid,retirada_condensado_total@L1_L7,"{""hes"": {""L4"": ""Normal"", ""L5"": ""Normal"", ""L6"": ""Normal"", ""L7"": ""Normal""}}","('VALUE', 9091.345704884345)","('VALUE', 9091.345704884345)",True,True
chain,grid,retirada_cond_corr_ltp@L1_L3,"{""hes"": {""L4"": ""Normal"", ""L5"": ""Normal"", ""L6"": ""Normal"", ""L7"": ""Normal""}}","('VALUE', -11.017375456696598)","('VALUE', -11.017375456696598)",True,True
chain,grid,retirada_cond_corr_ltp@L4_L5,"{""hes"": {""L4"": ""Normal"", ""L5"": ""Normal"", ""L6"": ""Normal"", ""L7"": ""Normal""}}","('VALUE', 53.93641212842863)","('VALUE', 53.93641212842863)",True,True
chain,grid,retirada_cond_corr_ltp@L6_L7,"{""hes"": {""L4"": ""Normal"", ""L5"": ""Normal"", ""L6"": ""Normal"", ""L7"": ""Normal""}}","('VALUE', 47.936340992412426)","('VALUE', 47.936340992412426)",True,True
chain,grid,lth_grupo@L1_L3,"{""hes"": {""L4"": ""Normal"", ""L5"": ""Normal"", ""L6"": ""Normal"", ""L7"": ""Normal""}}","('VALUE', 690.0003333333334)","('VALUE', 690.0003333333334)",True,True
chain,grid,lth_grupo@L4_L5,"{""hes"": {""L4"": ""Normal"", ""L5"": ""Normal"", ""L6"": ""Normal"", ""L7"": ""Normal""}}","('VALUE', 550.5)","('VALUE', 550.5)",True,True
chain,grid,lth_grupo@L6_L7,"{""hes"": {""L4"": ""Normal"", ""L5"": ""Normal"", ""L6"": ""Normal"", ""L7"": ""Normal""}}","('VALUE', 485.0005)","('VALUE', 485.0005)",True,True
chain,grid,retirada_cond_corr_lth@L1_L3,"{""hes"": {""L4"": ""Normal"", ""L5"": ""Normal"", ""L6"": ""Normal"", ""L7"": ""Normal""}}","('VALUE', -93.22545578687615)","('VALUE', -93.22545578687615)",True,True
chain,grid,retirada_cond_corr_lth@L4_L5,"{""hes"": {""L4"": ""Normal"", ""L5"": ""Normal"", ""L6"": ""Normal"", ""L7"": ""Normal""}}","('VALUE', 39.626218799025494)","('VALUE', 39.626218799025494)",True,True
chain,grid,retirada_cond_corr_lth@L6_L7,"{""hes"": {""L4"": ""Normal"", ""L5"": ""Normal"", ""L6"": ""Normal"", ""L7"": ""Normal""}}","('VALUE', 55.83279405012817)","('VALUE', 55.83279405012817)",True,True
chain,grid,retirada_condensado_grupo@L1_L3,"{""hes"": {""L4"": ""Normal"", ""L5"": ""Normal"", ""L6"": ""Normal"", ""L7"": ""Normal""}}","('VALUE', -152.62424099053868)","('VALUE', -152.62424099053868)",True,True
chain,grid,retirada_condensado_grupo@L4_L5,"{""hes"": {""L4"": ""Normal"", ""L5"": ""Normal"", ""L6"": ""Normal"", ""L7"": ""Normal""}}","('VALUE', 71.37961334119373)","('VALUE', 71.37961334119373)",True,True
chain,grid,retirada_condensado_grupo@L6_L7,"{""hes"": {""L4"": ""Normal"", ""L5"": ""Normal"", ""L6"": ""Normal"", ""L7"": ""Normal""}}","('VALUE', 115.79290611543149)","('VALUE', 115.79290611543149)",True,True
chain,grid,retirada_condensado_linha@L1,"{""hes"": {""L4"": ""Normal"", ""L5"": ""Normal"", ""L6"": ""Normal"", ""L7"": ""Normal""}}","('VALUE', -7.373148176766033e-05)","('VALUE', -7.373148176766033e-05)",True,True
chain,grid,retirada_condensado_linha@L2,"{""hes"": {""L4"": ""Normal"", ""L5"": ""Normal"", ""L6"": ""Normal"", ""L7"": ""Normal""}}","('VALUE', -71.51953731463054)","('VALUE', -71.51953731463054)",True,True
chain,grid,retirada_condensado_linha@L3,"{""hes"": {""L4"": ""Normal"", ""L5"": ""Normal"", ""L6"": ""Normal"", ""L7"": ""Normal""}}","('VALUE', -81.10462994442636)","('VALUE', -81.10462994442636)",True,True
chain,grid,retirada_condensado_linha@L4,"{""hes"": {""L4"": ""Normal"", ""L5"": ""Normal"", ""L6"": ""Normal"", ""L7"": ""Normal""}}","('VALUE', 0.06483161974676997)","('VALUE', 0.06483161974676997)",True,True
chain,grid,retirada_condensado_linha@L5,"{""hes"": {""L4"": ""Normal"", ""L5"": ""Normal"", ""L6"": ""Normal"", ""L7"": ""Normal""}}","('VALUE', 71.31478172144696)","('VALUE', 71.31478172144696)",True,True
chain,grid,retirada_condensado_linha@L6,"{""hes"": {""L4"": ""Normal"", ""L5"": ""Normal"", ""L6"": ""Normal"", ""L7"": ""Normal""}}","('VALUE', 115.79278674142455)","('VALUE', 115.79278674142455)",True,True
chain,grid,retirada_condensado_linha@L7,"{""hes"": {""L4"": ""Normal"", ""L5"": ""Normal"", ""L6"": ""Normal"", ""L7"": ""Normal""}}","('VALUE', 0.00011937400694992222)","('VALUE', 0.00011937400694992222)",True,True
chain,grid,retirada_condensado_total@L1_L7,"{""hes"": {""L4"": ""Normal"", ""L5"": ""Normal"", ""L6"": ""Normal"", ""L7"": ""Normal""}}","('VALUE', 34.54827846608654)","('VALUE', 34.54827846608654)",True,True
chain,grid,retirada_cond_corr_ltp@L1_L3,"{""hes"": {""L4"": ""Normal"", ""L5"": ""Normal"", ""L6"": ""Normal"", ""L7"": ""Normal""}}","('VALUE', 183.05806811635424)","('VALUE', 183.05806811635424)",True,True
chain,grid,retirada_cond_corr_ltp@L4_L5,"{""hes"": {""L4"": ""Normal"", ""L5"": ""Normal"", ""L6"": ""Normal"", ""L7"": ""Normal""}}","('VALUE', -99.49804134140493)","('VALUE', -99.49804134140493)",True,True
chain,grid,retirada_cond_corr_ltp@L6_L7,"{""hes"": {""L4"": ""Normal"", ""L5"": ""Normal"", ""L6"": ""Normal"", ""L7"": ""Normal""}}","('VALUE', -99.49804134140493)","('VALUE', -99.49804134140493)",True,True
chain,grid,lth_grupo@L1_L3,"{""hes"": {""L4"": ""Normal"", ""L5"": ""Normal"", ""L6"": ""Normal"", ""L7"": ""Normal""}}","('VALUE', 690.0003333333334)","('VALUE', 690.0003333333334)",True,True
chain,grid,lth_grupo@L4_L5,"{""hes"": {""L4"": ""Normal"", ""L5"": ""Normal"", ""L6"": ""Normal"", ""L7"": ""Normal""}}","('VALUE', 0.001)","('VALUE', 0.001)",True,True
chain,grid,lth_grupo@L6_L7,"{""hes"": {""L4"": ""Normal"", ""L5"": ""Normal"", ""L6"": ""Normal"", ""L7"": ""Normal""}}","('VALUE', 485.0005)","('VALUE', 485.0005)",True,True
chain,grid,retirada_cond_corr_lth@L1_L3,"{""hes"": {""L4"": ""Normal"", ""L5"": ""Normal"", ""L6"": ""Normal"", ""L7"": ""Normal""}}","('VALUE', 44.0249420990572)","('VALUE', 44.0249420990572)",True,True
chain,grid,retirada_cond_corr_lth@L4_L5,"{""hes"": {""L4"": ""Normal"", ""L5"": ""Normal"", ""L6"": ""Normal"", ""L7"": ""Normal""}}","('VALUE', -199.1320597363657)","('VALUE', -199.1320597363657)",True,True
chain,grid,retirada_cond_corr_lth@L6_L7,"{""hes"": {""L4"": ""Normal"", ""L5"": ""Normal"", ""L6"": ""Normal"", ""L7"": ""Normal""}}","('VALUE', 37.159183556072946)","('VALUE', 37.159183556072946)",True,True
chain,grid,retirada_condensado_grupo@L1_L3,"{""hes"": {""L4"": ""Normal"", ""L5"": ""Normal"", ""L6"": ""Normal"", ""L7"": ""Normal""}}","('VALUE', 9629.900621948109)","('VALUE', 9629.900621948109)",True,True
chain,grid,retirada_condensado_grupo@L4_L5,"{""hes"": {""L4"": ""Normal"", ""L5"": ""Normal"", ""L6"": ""Normal"", ""L7"": ""Normal""}}","('VALUE', -99.26803678992155)","('VALUE', -99.26803678992155)",True,True
chain,grid,retirada_condensado_grupo@L6_L7,"{""hes"": {""L4"": ""Normal"", ""L5"": ""Normal"", ""L6"": ""Normal"", ""L7"": ""Normal""}}","('VALUE', 373.31444979495575)","('VALUE', 373.31444979495575)",True,True
chain,grid,retirada_condensado_linha@L1,"{""hes"": {""L4"": ""Normal"", ""L5"": ""Normal"", ""L6"": ""Normal"", ""L7"": ""Normal""}}","('VALUE', 0.004652123656920025)","('VALUE', 0.004652123656920025)",True,True
chain,grid,retirada_condensado_linha@L2,"{""hes"": {""L4"": ""Normal"", ""L5"": ""Normal"", ""L6"": ""Normal"", ""L7"": ""Normal""}}","('VALUE', 5117.336022612027)","('VALUE', 5117.336022612027)",True,True
chain,grid,retirada_condensado_linha@L3,"{""hes"": {""L4"": ""Normal"", ""L5"": ""Normal"", ""L6"": ""Normal"", ""L7"": ""Normal""}}","('VALUE', 4512.559947212424)","('VALUE', 4512.559947212424)",True,True
chain,grid,retirada_condensado_linha@L4,"{""hes"": {""L4"": ""Normal"", ""L5"": ""Normal"", ""L6"": ""Normal"", ""L7"": ""Normal""}}","('VALUE', -49.634018394960776)","('VALUE', -49.634018394960776)",True,True
chain,grid,retirada_condensado_linha@L5,"{""hes"": {""L4"": ""Normal"", ""L5"": ""Normal"", ""L6"": ""Normal"", ""L7"": ""Normal""}}","('VALUE', -49.634018394960776)","('VALUE', -49.634018394960776)",True,True
chain,grid,retirada_condensado_linha@L6,"{""hes"": {""L4"": ""Normal"", ""L5"": ""Normal"", ""L6"": ""Normal"", ""L7"": ""Normal""}}","('VALUE', 0.0003848598607578299)","('VALUE', 0.0003848598607578299)",True,True
chain,grid,retirada_condensado_linha@L7,"{""hes"": {""L4"": ""Normal"", ""L5"": ""Normal"", ""L6"": ""Normal"", ""L7"": ""Normal""}}","('VALUE', 373.314064935095)","('VALUE', 373.314064935095)",True,True
chain,grid,retirada_condensado_total@L1_L7,"{""hes"": {""L4"": ""Normal"", ""L5"": ""Normal"", ""L6"": ""Normal"", ""L7"": ""Normal""}}","('VALUE', 9903.947034953144)","('VALUE', 9903.947034953144)",True,True
chain,grid,retirada_cond_corr_ltp@L1_L3,"{""hes"": {""L4"": ""Normal"", ""L5"": ""Normal"", ""L6"": ""Normal"", ""L7"": ""Normal""}}","('VALUE', 53.93641212842863)","('VALUE', 53.93641212842863)",True,True
chain,grid,retirada_cond_corr_ltp@L4_L5,"{""hes"": {""L4"": ""Normal"", ""L5"": ""Normal"", ""L6"": ""Normal"", ""L7"": ""Normal""}}","('VALUE', -11.017375456696598)","('VALUE', -11.017375456696598)",True,True
chain,grid,retirada_cond_corr_ltp@L6_L7,"{""hes"": {""L4"": ""Normal"", ""L5"": ""Normal"", ""L6"": ""Normal"", ""L7"": ""Normal""}}","('VALUE', 53.93641212842863)","('VALUE', 53.93641212842863)",True,True
chain,grid,lth_grupo@L1_L3,"{""hes"": {""L4"": ""Normal"", ""L5"": ""Normal"", ""L6"": ""Normal"", ""L7"": ""Normal""}}","('VALUE', 33656.667)","('VALUE', 33656.667)",True,True
chain,grid,lth_grupo@L4_L5,"{""hes"": {""L4"": ""Normal"", ""L5"": ""Normal"", ""L6"": ""Normal"", ""L7"": ""Normal""}}","('VALUE', 0.5005)","('VALUE', 0.5005)",True,True
chain,grid,lth_grupo@L6_L7,"{""hes"": {""L4"": ""Normal"", ""L5"": ""Normal"", ""L6"": ""Normal"", ""L7"": ""Normal""}}","('VALUE', 550.0005)","('VALUE', 550.0005)",True,True
chain,grid,retirada_cond_corr_lth@L1_L3,"{""hes"": {""L4"": ""Normal"", ""L5"": ""Normal"", ""L6"": ""Normal"", ""L7"": ""Normal""}}","('VALUE', 119.72961030974207)","('VALUE', 119.72961030974207)",True,True
chain,grid,retirada_cond_corr_lth@L4_L5,"{""hes"": {""L4"": ""Normal"", ""L5"": ""Normal"", ""L6"": ""Normal"", ""L7"": ""Normal""}}","('VALUE', -97.6224103207289)","('VALUE', -97.6224103207289)",True,True
chain,grid,retirada_cond_corr_lth@L6_L7,"{""hes"": {""L4"": ""Normal"", ""L5"": ""Normal"", ""L6"": ""Normal"", ""L7"": ""Normal""}}","('VALUE', -97.6418578851783)","('VALUE', -97.6418578851783)",True,True
chain,grid,retirada_condensado_grupo@L1_L3,"{""hes"": {""L4"": ""Normal"", ""L5"": ""Normal"", ""L6"": ""Normal"", ""L7"": ""Normal""}}","('VALUE', 244.37959454394033)","('VALUE', 244.37959454394033)",True,True
chain,grid,retirada_condensado_grupo@L4_L5,"{""hes"": {""L4"": ""Normal"", ""L5"": ""Normal"", ""L6"": ""Normal"", ""L7"": ""Normal""}}","('VALUE', -73.21006972806461)","('VALUE', -73.21006972806461)",True,True
chain,grid,retirada_condensado_grupo@L6_L7,"{""hes"": {""L4"": ""Normal"", ""L5"": ""Normal"", ""L6"": ""Normal"", ""L7"": ""Normal""}}","('VALUE', -203.15654002721385)","('VALUE', -203.15654002721385)",True,True
chain,grid,retirada_condensado_linha@L1,"{""hes"": {""L4"": ""Normal"", ""L5"": ""Normal"", ""L6"": ""Normal"", ""L7"": ""Normal""}}","('VALUE', 2.4203188285988066e-06)","('VALUE', 2.4203188285988066e-06)",True,True
chain,grid,retirada_condensado_linha@L2,"{""hes"": {""L4"": ""Normal"", ""L5"": ""Normal"", ""L6"": ""Normal"", ""L7"": ""Normal""}}","('VALUE', 242.03188285988062)","('VALUE', 242.03188285988062)",True,True
chain,grid,retirada_condensado_linha@L3,"{""hes"": {""L4"": ""Normal"", ""L5"": ""Normal"", ""L6"": ""Normal"", ""L7"": ""Normal""}}","('VALUE', 2.3477092637408425)","('VALUE', 2.3477092637408425)",True,True
chain,grid,retirada_condensado_linha@L4,"{""hes"": {""L4"": ""Normal"", ""L5"": ""Normal"", ""L6"": ""Normal"", ""L7"": ""Normal""}}","('VALUE', -73.13693279526935)","('VALUE', -73.13693279526935)",True,True
chain,grid,retirada_condensado_linha@L5,"{""hes"": {""L4"": ""Normal"", ""L5"": ""Normal"", ""L6"": ""Normal"", ""L7"": ""Normal""}}","('VALUE', -0.07313693279526935)","('VALUE', -0.07313693279526935)",True,True
chain,grid,retirada_condensado_linha@L6,"{""hes"": {""L4"": ""Normal"", ""L5"": ""Normal"", ""L6"": ""Normal"", ""L7"": ""Normal""}}","('VALUE', -203.15635533961807)","('VALUE', -203.15635533961807)",True,True
chain,grid,retirada_condensado_linha@L7,"{""hes"": {""L4"": ""Normal"", ""L5"": ""Normal"", ""L6"": ""Normal"", ""L7"": ""Normal""}}","('VALUE', -0.00018468759576328918)","('VALUE', -0.00018468759576328918)",True,True
chain,grid,retirada_condensado_total@L1_L7,"{""hes"": {""L4"": ""Normal"", ""L5"": ""Normal"", ""L6"": ""Normal"", ""L7"": ""Normal""}}","('VALUE', -31.987015211338132)","('VALUE', -31.987015211338132)",True,True
chain,grid,retirada_cond_corr_ltp@L1_L3,"{""hes"": {""L4"": ""Normal"", ""L5"": ""Normal"", ""L6"": ""Normal"", ""L7"": ""Normal""}}","('VALUE', 53.93641212842863)","('VALUE', 53.93641212842863)",True,True
chain,grid,retirada_cond_corr_ltp@L4_L5,"{""hes"": {""L4"": ""Normal"", ""L5"": ""Normal"", ""L6"": ""Normal"", ""L7"": ""Normal""}}","('VALUE', -99.49804134140493)","('VALUE', -99.49804134140493)",True,True
chain,grid,retirada_cond_corr_ltp@L6_L7,"{""hes"": {""L4"": ""Normal"", ""L5"": ""Normal"", ""L6"": ""Normal"", ""L7"": ""Normal""}}","('VALUE', 53.93641212842863)","('VALUE', 53.93641212842863)",True,True
chain,grid,lth_grupo@L1_L3,"{""hes"": {""L4"": ""Normal"", ""L5"": ""Normal"", ""L6"": ""Normal"", ""L7"": ""Normal""}}","('VALUE', 66666.667)","('VALUE', 66666.667)",True,True
chain,grid,lth_grupo@L4_L5,"{""hes"": {""L4"": ""Normal"", ""L5"": ""Normal"", ""L6"": ""Normal"", ""L7"": ""Normal""}}","('VALUE', 485.5)","('VALUE', 485.5)",True,True
chain,grid,lth_grupo@L6_L7,"{""hes"": {""L4"": ""Normal"", ""L5"": ""Normal"", ""L6"": ""Normal"", ""L7"": ""Normal""}}","('VALUE', 485.0005)","('VALUE', 485.0005)",True,True
chain,grid,retirada_cond_corr_lth@L1_L3,"{""hes"": {""L4"": ""Normal"", ""L5"": ""Normal"", ""L6"": ""Normal"", ""L7"": ""Normal""}}","('VALUE', 133.04065437501993)","('VALUE', 133.04065437501993)",True,True
chain,grid,retirada_cond_corr_lth@L4_L5,"{""hes"": {""L4"": ""Normal"", ""L5"": ""Normal"", ""L6"": ""Normal"", ""L7"": ""Normal""}}","('VALUE', 55.852840950380056)","('VALUE', 55.852840950380056)",True,True
chain,grid,retirada_cond_corr_lth@L6_L7,"{""hes"": {""L4"": ""Normal"", ""L5"": ""Normal"", ""L6"": ""Normal"", ""L7"": ""Normal""}}","('VALUE', 55.83279405012817)","('VALUE', 55.83279405012817)",True,True
chain,grid,retirada_condensado_grupo@L1_L3,"{""hes"": {""L4"": ""Normal"", ""L5"": ""Normal"", ""L6"": ""Normal"", ""L7"": ""Normal""}}","('VALUE', 10333.312726739774)","('VALUE', 10333.312726739774)",True,True
chain,grid,retirada_condensado_grupo@L4_L5,"{""hes"": {""L4"": ""Normal"", ""L5"": ""Normal"", ""L6"": ""Normal"", ""L7"": ""Normal""}}","('VALUE', 410.70176458356997)","('VALUE', 410.70176458356997)",True,True
chain,grid,retirada_condensado_grupo@L6_L7,"{""hes"": {""L4"": ""Normal"", ""L5"": ""Normal"", ""L6"": ""Normal"", ""L7"": ""Normal""}}","('VALUE', 103.79276384339909)","('VALUE', 103.79276384339909)",True,True
chain,grid,retirada_condensado_linha@L1,"{""hes"": {""L4"": ""Normal"", ""L5"": ""Normal"", ""L6"": ""Normal"", ""L7"": ""Normal""}}","('VALUE', 5166.656337536606)","('VALUE', 5166.656337536606)",True,True
chain,grid,retirada_condensado_linha@L2,"{""hes"": {""L4"": ""Normal"", ""L5"": ""Normal"", ""L6"": ""Normal"", ""L7"": ""Normal""}}","('VALUE', 5.1666563375366055e-05)","('VALUE', 5.1666563375366055e-05)",True,True
chain,grid,retirada_condensado_linha@L3,"{""hes"": {""L4"": ""Normal"", ""L5"": ""Normal"", ""L6"": ""Normal"", ""L7"": ""Normal""}}","('VALUE', 5166.656337536606)","('VALUE', 5166.656337536606)",True,True
chain,grid,retirada_condensado_linha@L4,"{""hes"": {""L4"": ""Normal"", ""L5"": ""Normal"", ""L6"": ""Normal"", ""L7"": ""Normal""}}","('VALUE', 0.4229678317029557)","('VALUE', 0.4229678317029557)",True,True
chain,grid,retirada_condensado_linha@L5,"{""hes"": {""L4"": ""Normal"", ""L5"": ""Normal"", ""L6"": ""Normal"", ""L7"": ""Normal""}}","('VALUE', 410.278796751867)","('VALUE', 410.278796751867)",True,True
chain,grid,retirada_condensado_linha@L6,"{""hes"": {""L4"": ""Normal"", ""L5"": ""Normal"", ""L6"": ""Normal"", ""L7"": ""Normal""}}","('VALUE', 0.00010700273901098976)","('VALUE', 0.00010700273901098976)",True,True
chain,grid,retirada_condensado_linha@L7,"{""hes"": {""L4"": ""Normal"", ""L5"": ""Normal"", ""L6"": ""Normal"", ""L7"": ""Normal""}}","('VALUE', 103.79265684066007)","('VALUE', 103.79265684066007)",True,True
chain,grid,retirada_condensado_total@L1_L7,"{""hes"": {""L4"": ""Normal"", ""L5"": ""Normal"", ""L6"": ""Normal"", ""L7"": ""Normal""}}","('VALUE', 10847.807255166743)","('VALUE', 10847.807255166743)",True,True
chain,grid,retirada_cond_corr_ltp@L1_L3,"{""hes"": {""L4"": ""Normal"", ""L5"": ""Normal"", ""L6"": ""Normal"", ""L7"": ""Normal""}}","('VALUE', 47.936340992412426)","('VALUE', 47.936340992412426)",True,True
chain,grid,retirada_cond_corr_ltp@L4_L5,"{""hes"": {""L4"": ""Normal"", ""L5"": ""Normal"", ""L6"": ""Normal"", ""L7"": ""Normal""}}","('VALUE', -99.49804134140493)","('VALUE', -99.49804134140493)",True,True
chain,grid,retirada_cond_corr_ltp@L6_L7,"{""hes"": {""L4"": ""Normal"", ""L5"": ""Normal"", ""L6"": ""Normal"", ""L7"": ""Normal""}}","('VALUE', -99.49804134140493)","('VALUE', -99.49804134140493)",True,True
chain,grid,lth_grupo@L1_L3,"{""hes"": {""L4"": ""Normal"", ""L5"": ""Normal"", ""L6"": ""Normal"", ""L7"": ""Normal""}}","('VALUE', 1.0)","('VALUE', 1.0)",True,True
chain,grid,lth_grupo@L4_L5,"{""hes"": {""L4"": ""Normal"", ""L5"": ""Normal"", ""L6"": ""Normal"", ""L7"": ""Normal""}}","('VALUE', 1.0)","('VALUE', 1.0)",True,True
chain,grid,lth_grupo@L6_L7,"{""hes"": {""L4"": ""Normal"", ""L5"": ""Normal"", ""L6"": ""Normal"", ""L7"": ""Normal""}}","('VALUE', 50485.0)","('VALUE', 50485.0)",True,True
chain,grid,retirada_cond_corr_lth@L1_L3,"{""hes"": {""L4"": ""Normal"", ""L5"": ""Normal"", ""L6"": ""Normal"", ""L7"": ""Normal""}}","('VALUE', -220.5275340581771)","('VALUE', -220.5275340581771)",True,True
chain,grid,retirada_cond_corr_lth@L4_L5,"{""hes"": {""L4"": ""Normal"", ""L5"": ""Normal"", ""L6"": ""Normal"", ""L7"": ""Normal""}}","('VALUE', -64.60352567818856)","('VALUE', -64.60352567818856)",True,True
chain,grid,retirada_cond_corr_lth@L6_L7,"{""hes"": {""L4"": ""Normal"", ""L5"": ""Normal"", ""L6"": ""Normal"", ""L7"": ""Normal""}}","('VALUE', -9.624354788663851)","('VALUE', -9.624354788663851)",True,True
chain,grid,retirada_condensado_grupo@L1_L3,"{""hes"": {""L4"": ""Normal"", ""L5"": ""Normal"", ""L6"": ""Normal"", ""L7"": ""Normal""}}","('VALUE', 19194.60837484823)","('VALUE', 19194.60837484823)",True,True
chain,grid,retirada_condensado_grupo@L4_L5,"{""hes"": {""L4"": ""Normal"", ""L5"": ""Normal"", ""L6"": ""Normal"", ""L7"": ""Normal""}}","('VALUE', 169.78903132643273)","('VALUE', 169.78903132643273)",True,True
chain,grid,retirada_condensado_grupo@L6_L7,"{""hes"": {""L4"": ""Normal"", ""L5"": ""Normal"", ""L6"": ""Normal"", ""L7"": ""Normal""}}","('VALUE', 279.74737310548215)","('VALUE', 279.74737310548215)",True,True
chain,grid,retirada_condensado_linha@L1,"{""hes"": {""L4"": ""Normal"", ""L5"": ""Normal"", ""L6"": ""Normal"", ""L7"": ""Normal""}}","('VALUE', 6398.202791616077)","('VALUE', 6398.202791616077)",True,True
chain,grid,retirada_condensado_linha@L2,"{""hes"": {""L4"": ""Normal"", ""L5"": ""Normal"", ""L6"": ""Normal"", ""L7"": ""Normal""}}","('VALUE', 6398.202791616077)","('VALUE', 6398.202791616077)",True,True
chain,grid,retirada_condensado_linha@L3,"{""hes"": {""L4"": ""Normal"", ""L5"": ""Normal"", ""L6"": ""Normal"", ""L7"": ""Normal""}}","('VALUE', 6398.202791616077)","('VALUE', 6398.202791616077)",True,True
chain,grid,retirada_condensado_linha@L4,"{""hes"": {""L4"": ""Normal"", ""L5"": ""Normal"", ""L6"": ""Normal"", ""L7"": ""Normal""}}","('VALUE', 84.89451566321637)","('VALUE', 84.89451566321637)",True,True
chain,grid,retirada_condensado_linha@L5,"{""hes"": {""L4"": ""Normal"", ""L5"": ""Normal"", ""L6"": ""Normal"", ""L7"": ""Normal""}}","('VALUE', 84.89451566321637)","('VALUE', 84.89451566321637)",True,True
chain,grid,retirada_condensado_linha@L6,"{""hes"": {""L4"": ""Normal"", ""L5"": ""Normal"", ""L6"": ""Normal"", ""L7"": ""Normal""}}","('VALUE', 2.687480953870632)","('VALUE', 2.687480953870632)",True,True
chain,grid,retirada_condensado_linha@L7,"{""hes"": {""L4"": ""Normal"", ""L5"": ""Normal"", ""L6"": ""Normal"", ""L7"": ""Normal""}}","('VALUE', 277.0598921516115)","('VALUE', 277.0598921516115)",True,True
chain,grid,retirada_condensado_total@L1_L7,"{""hes"": {""L4"": ""Normal"", ""L5"": ""Normal"", ""L6"": ""Normal"", ""L7"": ""Normal""}}","('VALUE', 19644.144779280145)","('VALUE', 19644.144779280145)",True,True
chain,grid,retirada_cond_corr_ltp@L1_L3,"{""hes"": {""L4"": ""Normal"", ""L5"": ""Normal"", ""L6"": ""Normal"", ""L7"": ""Normal""}}","('VALUE', 183.05806811635424)","('VALUE', 183.05806811635424)",True,True
chain,grid,retirada_cond_corr_ltp@L4_L5,"{""hes"": {""L4"": ""Normal"", ""L5"": ""Normal"", ""L6"": ""Normal"", ""L7"": ""Normal""}}","('VALUE', -11.017375456696598)","('VALUE', -11.017375456696598)",True,True
chain,grid,retirada_cond_corr_ltp@L6_L7,"{""hes"": {""L4"": ""Normal"", ""L5"": ""Normal"", ""L6"": ""Normal"", ""L7"": ""Normal""}}","('VALUE', -99.49804134140493)","('VALUE', -99.49804134140493)",True,True
chain,grid,lth_grupo@L1_L3,"{""hes"": {""L4"": ""Normal"", ""L5"": ""Normal"", ""L6"": ""Normal"", ""L7"": ""Normal""}}","('VALUE', 1013.3333333333334)","('VALUE', 1013.3333333333334)",True,True
chain,grid,lth_grupo@L4_L5,"{""hes"": {""L4"": ""Normal"", ""L5"": ""Normal"", ""L6"": ""Normal"", ""L7"": ""Normal""}}","('VALUE', 485.5)","('VALUE', 485.5)",True,True
chain,grid,lth_grupo@L6_L7,"{""hes"": {""L4"": ""Normal"", ""L5"": ""Normal"", ""L6"": ""Normal"", ""L7"": ""Normal""}}","('VALUE', 100000.0)","('VALUE', 100000.0)",True,True
chain,grid,retirada_cond_corr_lth@L1_L3,"{""hes"": {""L4"": ""Normal"", ""L5"": ""Normal"", ""L6"": ""Normal"", ""L7"": ""Normal""}}","('VALUE', -85.74104920904334)","('VALUE', -85.74104920904334)",True,True
chain,grid,retirada_cond_corr_lth@L4_L5,"{""hes"": {""L4"": ""Normal"", ""L5"": ""Normal"", ""L6"": ""Normal"", ""L7"": ""Normal""}}","('VALUE', 55.852840950380056)","('VALUE', 55.852840950380056)",True,True
chain,grid,retirada_cond_corr_lth@L6_L7,"{""hes"": {""L4"": ""Normal"", ""L5"": ""Normal"", ""L6"": ""Normal"", ""L7"": ""Normal""}}","('VALUE', 140.07138918198447)","('VALUE', 140.07138918198447)",True,True
chain,grid,retirada_condensado_grupo@L1_L3,"{""hes"": {""L4"": ""Normal"", ""L5"": ""Normal"", ""L6"": ""Normal"", ""L7"": ""Normal""}}","('VALUE', 9240.602648023807)","('VALUE', 9240.602648023807)",True,True
chain,grid,retirada_condensado_grupo@L4_L5,"{""hes"": {""L4"": ""Normal"", ""L5"": ""Normal"", ""L6"": ""Normal"", ""L7"": ""Normal""}}","('VALUE', 233.7404328141533)","('VALUE', 233.7404328141533)",True,True
chain,grid,retirada_condensado_grupo@L6_L7,"{""hes"": {""L4"": ""Normal"", ""L5"": ""Normal"", ""L6"": ""Normal"", ""L7"": ""Normal""}}","('VALUE', 579.1388610467789)","('VALUE', 579.1388610467789)",True,True
chain,grid,retirada_condensado_linha@L1,"{""hes"": {""L4"": ""Normal"", ""L5"": ""Normal"", ""L6"": ""Normal"", ""L7"": ""Normal""}}","('VALUE', 3343.639116061246)","('VALUE', 3343.639116061246)",True,True
chain,grid,retirada_condensado_linha@L2,"{""hes"": {""L4"": ""Normal"", ""L5"": ""Normal"", ""L6"": ""Normal"", ""L7"": ""Normal""}}","('VALUE', 2948.4817659812807)","('VALUE', 2948.4817659812807)",True,True
chain,grid,retirada_condensado_linha@L3,"{""hes"": {""L4"": ""Normal"", ""L5"": ""Normal"", ""L6"": ""Normal"", ""L7"": ""Normal""}}","('VALUE', 2948.4817659812807)","('VALUE', 2948.4817659812807)",True,True
chain,grid,retirada_condensado_linha@L4,"{""hes"": {""L4"": ""Normal"", ""L5"": ""Normal"", ""L6"": ""Normal"", ""L7"": ""Normal""}}","('VALUE', 0.24072135202281494)","('VALUE', 0.24072135202281494)",True,True
chain,grid,retirada_condensado_linha@L5,"{""hes"": {""L4"": ""Normal"", ""L5"": ""Normal"", ""L6"": ""Normal"", ""L7"": ""Normal""}}","('VALUE', 233.4997114621305)","('VALUE', 233.4997114621305)",True,True
chain,grid,retirada_condensado_linha@L6,"{""hes"": {""L4"": ""Normal"", ""L5"": ""Normal"", ""L6"": ""Normal"", ""L7"": ""Normal""}}","('VALUE', 289.5694305233894)","('VALUE', 289.5694305233894)",True,True
chain,grid,retirada_condensado_linha@L7,"{""hes"": {""L4"": ""Normal"", ""L5"": ""Normal"", ""L6"": ""Normal"", ""L7"": ""Normal""}}","('VALUE', 289.5694305233894)","('VALUE', 289.5694305233894)",True,True
chain,grid,retirada_condensado_total@L1_L7,"{""hes"": {""L4"": ""Normal"", ""L5"": ""Normal"", ""L6"": ""Normal"", ""L7"": ""Normal""}}","('VALUE', 10053.481941884738)","('VALUE', 10053.481941884738)",True,True
chain,grid,retirada_cond_corr_ltp@L1_L3,"{""hes"": {""L4"": ""Normal"", ""L5"": ""Normal"", ""L6"": ""Normal"", ""L7"": ""Normal""}}","('VALUE', -11.017375456696598)","('VALUE', -11.017375456696598)",True,True
chain,grid,retirada_cond_corr_ltp@L4_L5,"{""hes"": {""L4"": ""Normal"", ""L5"": ""Normal"", ""L6"": ""Normal"", ""L7"": ""Normal""}}","('VALUE', 183.05806811635424)","('VALUE', 183.05806811635424)",True,True
chain,grid,retirada_cond_corr_ltp@L6_L7,"{""hes"": {""L4"": ""Normal"", ""L5"": ""Normal"", ""L6"": ""Normal"", ""L7"": ""Normal""}}","('VALUE', 47.936340992412426)","('VALUE', 47.936340992412426)",True,True
chain,grid,lth_grupo@L1_L3,"{""hes"": {""L4"": ""Normal"", ""L5"": ""Normal"", ""L6"": ""Normal"", ""L7"": ""Normal""}}","('VALUE', 0.6669999999999999)","('VALUE', 0.6669999999999999)",True,True
chain,grid,lth_grupo@L4_L5,"{""hes"": {""L4"": ""Normal"", ""L5"": ""Normal"", ""L6"": ""Normal"", ""L7"": ""Normal""}}","('VALUE', 50000.5)","('VALUE', 50000.5)",True,True
chain,grid,lth_grupo@L6_L7,"{""hes"": {""L4"": ""Normal"", ""L5"": ""Normal"", ""L6"": ""Normal"", ""L7"": ""Normal""}}","('VALUE', 100000.0)","('VALUE', 100000.0)",True,True
chain,grid,retirada_cond_corr_lth@L1_L3,"{""hes"": {""L4"": ""Normal"", ""L5"": ""Normal"", ""L6"": ""Normal"", ""L7"": ""Normal""}}","('VALUE', -72.49022359215891)","('VALUE', -72.49022359215891)",True,True
chain,grid,retirada_cond_corr_lth@L4_L5,"{""hes"": {""L4"": ""Normal"", ""L5"": ""Normal"", ""L6"": ""Normal"", ""L7"": ""Normal""}}","('VALUE', 126.57254258960575)","('VALUE', 126.57254258960575)",True,True
chain,grid,retirada_cond_corr_lth@L6_L7,"{""hes"": {""L4"": ""Normal"", ""L5"": ""Normal"", ""L6"": ""Normal"", ""L7"": ""Normal""}}","('VALUE', 3.6866893721180958)","('VALUE', 3.6866893721180958)",True,True
chain,grid,retirada_condensado_grupo@L1_L3,"{""hes"": {""L4"": ""Normal"", ""L5"": ""Normal"", ""L6"": ""Normal"", ""L7"": ""Normal""}}","('VALUE', 9909.581455593612)","('VALUE', 9909.581455593612)",True,True
chain,grid,retirada_condensado_grupo@L4_L5,"{""hes"": {""L4"": ""Normal"", ""L5"": ""Normal"", ""L6"": ""Normal"", ""L7"": ""Normal""}}","('VALUE', -12.971051053496979)","('VALUE', -12.971051053496979)",True,True
chain,grid,retirada_condensado_grupo@L6_L7,"{""hes"": {""L4"": ""Normal"", ""L5"": ""Normal"", ""L6"": ""Normal"", ""L7"": ""Normal""}}","('VALUE', 11.50069675941134)","('VALUE', 11.50069675941134)",True,True
chain,grid,retirada_condensado_linha@L1,"{""hes"": {""L4"": ""Normal"", ""L5"": ""Normal"", ""L6"": ""Normal"", ""L7"": ""Normal""}}","('VALUE', 4.95231457051155)","('VALUE', 4.95231457051155)",True,True
chain,grid,retirada_condensado_linha@L2,"{""hes"": {""L4"": ""Normal"", ""L5"": ""Normal"", ""L6"": ""Normal"", ""L7"": ""Normal""}}","('VALUE', 4952.31457051155)","('VALUE', 4952.31457051155)",True,True
chain,grid,retirada_condensado_linha@L3,"{""hes"": {""L4"": ""Normal"", ""L5"": ""Normal"", ""L6"": ""Normal"", ""L7"": ""Normal""}}","('VALUE', 4952.31457051155)","('VALUE', 4952.31457051155)",True,True
chain,grid,retirada_condensado_linha@L4,"{""hes"": {""L4"": ""Normal"", ""L5"": ""Normal"", ""L6"": ""Normal"", ""L7"": ""Normal""}}","('VALUE', -12.970921344283536)","('VALUE', -12.970921344283536)",True,True
chain,grid,retirada_condensado_linha@L5,"{""hes"": {""L4"": ""Normal"", ""L5"": ""Normal"", ""L6"": ""Normal"", ""L7"": ""Normal""}}","('VALUE', -0.00012970921344283536)","('VALUE', -0.00012970921344283536)",True,True
chain,grid,retirada_condensado_linha@L6,"{""hes"": {""L4"": ""Normal"", ""L5"": ""Normal"", ""L6"": ""Normal"", ""L7"": ""Normal""}}","('VALUE', 5.75034837970567)","('VALUE', 5.75034837970567)",True,True
chain,grid,retirada_condensado_linha@L7,"{""hes"": {""L4"": ""Normal"", ""L5"": ""Normal"", ""L6"": ""Normal"", ""L7"": ""Normal""}}","('VALUE', 5.75034837970567)","('VALUE', 5.75034837970567)",True,True
chain,grid,retirada_condensado_total@L1_L7,"{""hes"": {""L4"": ""Normal"", ""L5"": ""Normal"", ""L6"": ""Normal"", ""L7"": ""Normal""}}","('VALUE', 9908.111101299526)","('VALUE', 9908.111101299526)",True,True
chain,grid,retirada_cond_corr_ltp@L1_L3,"{""hes"": {""L4"": ""Normal"", ""L5"": ""Normal"", ""L6"": ""Normal"", ""L7"": ""Normal""}}","('VALUE', 53.93641212842863)","('VALUE', 53.93641212842863)",True,True
chain,grid,retirada_cond_corr_ltp@L4_L5,"{""hes"": {""L4"": ""Normal"", ""L5"": ""Normal"", ""L6"": ""Normal"", ""L7"": ""Normal""}}","('VALUE', 53.93641212842863)","('VALUE', 53.93641212842863)",True,True
chain,grid,retirada_cond_corr_ltp@L6_L7,"{""hes"": {""L4"": ""Normal"", ""L5"": ""Normal"", ""L6"": ""Normal"", ""L7"": ""Normal""}}","('VALUE', 47.936340992412426)","('VALUE', 47.936340992412426)",True,True
chain,grid,lth_grupo@L1_L3,"{""hes"": {""L4"": ""Normal"", ""L5"": ""Normal"", ""L6"": ""Normal"", ""L7"": ""Normal""}}","('VALUE', 690.3333333333334)","('VALUE', 690.3333333333334)",True,True
chain,grid,lth_grupo@L4_L5,"{""hes"": {""L4"": ""Normal"", ""L5"": ""Normal"", ""L6"": ""Normal"", ""L7"": ""Normal""}}","('VALUE', 50550.0)","('VALUE', 50550.0)",True,True
chain,grid,lth_grupo@L6_L7,"{""hes"": {""L4"": ""Normal"", ""L5"": ""Normal"", ""L6"": ""Normal"", ""L7"": ""Normal""}}","('VALUE', 550.5)","('VALUE', 550.5)",True,True
chain,grid,retirada_cond_corr_lth@L1_L3,"{""hes"": {""L4"": ""Normal"", ""L5"": ""Normal"", ""L6"": ""Normal"", ""L7"": ""Normal""}}","('VALUE', 44.0343386316238)","('VALUE', 44.0343386316238)",True,True
chain,grid,retirada_cond_corr_lth@L4_L5,"{""hes"": {""L4"": ""Normal"", ""L5"": ""Normal"", ""L6"": ""Normal"", ""L7"": ""Normal""}}","('VALUE', -9.599296637040283)","('VALUE', -9.599296637040283)",True,True
chain,grid,retirada_cond_corr_lth@L6_L7,"{""hes"": {""L4"": ""Normal"", ""L5"": ""Normal"", ""L6"": ""Normal"", ""L7"": ""Normal""}}","('VALUE', -97.62417908690786)","('VALUE', -97.62417908690786)",True,True
chain,grid,retirada_condensado_grupo@L1_L3,"{""hes"": {""L4"": ""Normal"", ""L5"": ""Normal"", ""L6"": ""Normal"", ""L7"": ""Normal""}}","('VALUE', 66.2937795095855)","('VALUE', 66.2937795095855)",True,True
chain,grid,retirada_condensado_grupo@L4_L5,"{""hes"": {""L4"": ""Normal"", ""L5"": ""Normal"", ""L6"": ""Normal"", ""L7"": ""Normal""}}","('VALUE', -27.071417530937822)","('VALUE', -27.071417530937822)",True,True
chain,grid,retirada_condensado_grupo@L6_L7,"{""hes"": {""L4"": ""Normal"", ""L5"": ""Normal"", ""L6"": ""Normal"", ""L7"": ""Normal""}}","('VALUE', -191.12104015864054)","('VALUE', -191.12104015864054)",True,True
chain,grid,retirada_condensado_linha@L1,"{""hes"": {""L4"": ""Normal"", ""L5"": ""Normal"", ""L6"": ""Normal"", ""L7"": ""Normal""}}","('VALUE', 35.211568064000026)","('VALUE', 35.211568064000026)",True,True
chain,grid,retirada_condensado_linha@L2,"{""hes"": {""L4"": ""Normal"", ""L5"": ""Normal"", ""L6"": ""Normal"", ""L7"": ""Normal""}}","('VALUE', 0.03201051642181821)","('VALUE', 0.03201051642181821)",True,True
chain,grid,retirada_condensado_linha@L3,"{""hes"": {""L4"": ""Normal"", ""L5"": ""Normal"", ""L6"": ""Normal"", ""L7"": ""Normal""}}","('VALUE', 31.050200929163662)","('VALUE', 31.050200929163662)",True,True
chain,grid,retirada_condensado_linha@L4,"{""hes"": {""L4"": ""Normal"", ""L5"": ""Normal"", ""L6"": ""Normal"", ""L7"": ""Normal""}}","('VALUE', -0.2945455913356242)","('VALUE', -0.2945455913356242)",True,True
chain,grid,retirada_condensado_linha@L5,"{""hes"": {""L4"": ""Normal"", ""L5"": ""Normal"", ""L6"": ""Normal"", ""L7"": ""Normal""}}","('VALUE', -26.7768719396022)","('VALUE', -26.7768719396022)",True,True
chain,grid,retirada_condensado_linha@L6,"{""hes"": {""L4"": ""Normal"", ""L5"": ""Normal"", ""L6"": ""Normal"", ""L7"": ""Normal""}}","('VALUE', -190.94745156630754)","('VALUE', -190.94745156630754)",True,True
chain,grid,retirada_condensado_linha@L7,"{""hes"": {""L4"": ""Normal"", ""L5"": ""Normal"", ""L6"": ""Normal"", ""L7"": ""Normal""}}","('VALUE', -0.17358859233300686)","('VALUE', -0.17358859233300686)",True,True
chain,grid,retirada_condensado_total@L1_L7,"{""hes"": {""L4"": ""Normal"", ""L5"": ""Normal"", ""L6"": ""Normal"", ""L7"": ""Normal""}}","('VALUE', -151.89867817999286)","('VALUE', -151.89867817999286)",True,True
chain,hes_L4_L5,retirada_cond_corr_ltp@L1_L3,"{""hes"": {""L4"": ""Normal"", ""L5"": ""Normal"", ""L6"": ""Normal"", ""L7"": ""Normal""}}","('VALUE', 183.05806811635424)","('VALUE', 183.05806811635424)",True,True
chain,hes_L4_L5,retirada_cond_corr_ltp@L4_L5,"{""hes"": {""L4"": ""Normal"", ""L5"": ""Normal"", ""L6"": ""Normal"", ""L7"": ""Normal""}}","('VALUE', -99.49804134140493)","('VALUE', -99.49804134140493)",True,True
chain,hes_L4_L5,retirada_cond_corr_ltp@L6_L7,"{""hes"": {""L4"": ""Normal"", ""L5"": ""Normal"", ""L6"": ""Normal"", ""L7"": ""Normal""}}","('VALUE', 183.05806811635424)","('VALUE', 183.05806811635424)",True,True
chain,hes_L4_L5,lth_grupo@L1_L3,"{""hes"": {""L4"": ""Normal"", ""L5"": ""Normal"", ""L6"": ""Normal"", ""L7"": ""Normal""}}","('VALUE', 690.3333333333334)","('VALUE', 690.3333333333334)",True,True
chain,hes_L4_L5,lth_grupo@L4_L5,"{""hes"": {""L4"": ""Normal"", ""L5"": ""Normal"", ""L6"": ""Normal"", ""L7"": ""Normal""}}","('VALUE', 550.0005)","('VALUE', 550.0005)",True,True
chain,hes_L4_L5,lth_grupo@L6_L7,"{""hes"": {""L4"": ""Normal"", ""L5"": ""Normal"", ""L6"": ""Normal"", ""L7"": ""Normal""}}","('VALUE', 1.0)","('VALUE', 1.0)",True,True
chain,hes_L4_L5,retirada_cond_corr_lth@L1_L3,"{""hes"": {""L4"": ""Normal"", ""L5"": ""Normal"", ""L6"": ""Normal"", ""L7"": ""Normal""}}","('VALUE', -93.21605925430956)","('VALUE', -93.21605925430956)",True,True
chain,hes_L4_L5,retirada_cond_corr_lth@L4_L5,"{""hes"": {""L4"": ""Normal"", ""L5"": ""Normal"", ""L6"": ""Normal"", ""L7"": ""Normal""}}","('VALUE', 39.60854000075504)","('VALUE', 39.60854000075504)",True,True
chain,hes_L4_L5,retirada_cond_corr_lth@L6_L7,"{""hes"": {""L4"": ""Normal"", ""L5"": ""Normal"", ""L6"": ""Normal"", ""L7"": ""Normal""}}","('VALUE', -64.60352567818856)","('VALUE', -64.60352567818856)",True,True
chain,hes_L4_L5,retirada_condensado_grupo@L1_L3,"{""hes"": {""L4"": ""Normal"", ""L5"": ""Normal"", ""L6"": ""Normal"", ""L7"": ""Normal""}}","('VALUE', -686.8223821119914)","('VALUE', -686.8223821119914)",True,True
chain,hes_L4_L5,retirada_condensado_grupo@L4_L5,"{""hes"": {""L4"": ""Normal"", ""L5"": ""Normal"", ""L6"": ""Normal"", ""L7"": ""Normal""}}","('VALUE', 378.21316268431997)","('VALUE', 378.21316268431997)",True,True
chain,hes_L4_L5,retirada_condensado_grupo@L6_L7,"{""hes"": {""L4"": ""Normal"", ""L5"": ""Normal"", ""L6"": ""Normal"", ""L7"": ""Normal""}}","('VALUE', -395.3231875890856)","('VALUE', -395.3231875890856)",True,True
chain,hes_L4_L5,retirada_condensado_linha@L1,"{""hes"": {""L4"": ""Normal"", ""L5"": ""Normal"", ""L6"": ""Normal"", ""L7"": ""Normal""}}","('VALUE', -0.3316380406141919)","('VALUE', -0.3316380406141919)",True,True
chain,hes_L4_L5,retirada_condensado_linha@L2,"{""hes"": {""L4"": ""Normal"", ""L5"": ""Normal"", ""L6"": ""Normal"", ""L7"": ""Normal""}}","('VALUE', -364.80184467561105)","('VALUE', -364.80184467561105)",True,True
chain,hes_L4_L5,retirada_condensado_linha@L3,"{""hes"": {""L4"": ""Normal"", ""L5"": ""Normal"", ""L6"": ""Normal"", ""L7"": ""Normal""}}","('VALUE', -321.68889939576616)","('VALUE', -321.68889939576616)",True,True
chain,hes_L4_L5,retirada_condensado_linha@L4,"{""hes"": {""L4"": ""Normal"", ""L5"": ""Normal"", ""L6"": ""Normal"", ""L7"": ""Normal""}}","('VALUE', 0.00034382983532225877)","('VALUE', 0.00034382983532225877)",True,True
chain,hes_L4_L5,retirada_condensado_linha@L5,"{""hes"": {""L4"": ""Normal"", ""L5"": ""Normal"", ""L6"": ""Normal"", ""L7"": ""Normal""}}","('VALUE', 378.2128188544846)","('VALUE', 378.2128188544846)",True,True
chain,hes_L4_L5,retirada_condensado_linha@L6,"{""hes"": {""L4"": ""Normal"", ""L5"": ""Normal"", ""L6"": ""Normal"", ""L7"": ""Normal""}}","('VALUE', -197.6615937945428)","('VALUE', -197.6615937945428)",True,True
chain,hes_L4_L5,retirada_condensado_linha@L7,"{""hes"": {""L4"": ""Normal"", ""L5"": ""Normal"", ""L6"": ""Normal"", ""L7"": ""Normal""}}","('VALUE', -197.6615937945428)","('VALUE', -197.6615937945428)",True,True
chain,hes_L4_L5,retirada_condensado_total@L1_L7,"{""hes"": {""L4"": ""Normal"", ""L5"": ""Normal"", ""L6"": ""Normal"", ""L7"": ""Normal""}}","('VALUE', -703.932407016757)","('VALUE', -703.932407016757)",True,True
chain,hes_L4_L5,retirada_cond_corr_ltp@L1_L3,"{""hes"": {""L4"": ""Normal"", ""L5"": ""Normal"", ""L6"": ""Normal"", ""L7"": ""Normal""}}","('VALUE', 183.05806811635424)","('VALUE', 183.05806811635424)",True,True
chain,hes_L4_L5,retirada_cond_corr_ltp@L4_L5,"{""hes"": {""L4"": ""Normal"", ""L5"": ""Normal"", ""L6"": ""Normal"", ""L7"": ""Normal""}}","('VALUE', 53.93641212842863)","('VALUE', 53.93641212842863)",True,True
chain,hes_L4_L5,retirada_cond_corr_ltp@L6_L7,"{""hes"": {""L4"": ""Normal"", ""L5"": ""Normal"", ""L6"": ""Normal"", ""L7"": ""Normal""}}","('VALUE', -11.017375456696598)","('VALUE', -11.017375456696598)",True,True
chain,hes_L4_L5,lth_grupo@L1_L3,"{""hes"": {""L4"": ""Normal"", ""L5"": ""Normal"", ""L6"": ""Normal"", ""L7"": ""Normal""}}","('VALUE', 690.0003333333334)","('VALUE', 690.0003333333334)",True,True
chain,hes_L4_L5,lth_grupo@L4_L5,"{""hes"": {""L4"": ""Normal"", ""L5"": ""Normal"", ""L6"": ""Normal"", ""L7"": ""Normal""}}","('VALUE', 50550.0)","('VALUE', 50550.0)",True,True
chain,hes_L4_L5,lth_grupo@L6_L7,"{""hes"": {""L4"": ""Normal"", ""L5"": ""Normal"", ""L6"": ""Normal"", ""L7"": ""Normal""}}","('VALUE', 50000.5)","('VALUE', 50000.5)",True,True
chain,hes_L4_L5,retirada_cond_corr_lth@L1_L3,"{""hes"": {""L4"": ""Normal"", ""L5"": ""Normal"", ""L6"": ""Normal"", ""L7"": ""Normal""}}","('VALUE', 43.15924402299021)","('VALUE', 43.15924402299021)",True,True
chain,hes_L4_L5,retirada_cond_corr_lth@L4_L5,"{""hes"": {""L4"": ""Normal"", ""L5"": ""Normal"", ""L6"": ""Normal"", ""L7"": ""Normal""}}","('VALUE', 146.3247117429483)","('VALUE', 146.3247117429483)",True,True
chain,hes_L4_L5,retirada_cond_corr_lth@L6_L7,"{""hes"": {""L4"": ""Normal"", ""L5"": ""Normal"", ""L6"": ""Normal"", ""L7"": ""Normal""}}","('VALUE', 126.57254258960575)","('VALUE', 126.57254258960575)",True,True
chain,hes_L4_L5,retirada_condensado_grupo@L1_L3,"{""hes"": {""L4"": ""Normal"", ""L5"": ""Normal"", ""L6"": ""Normal"", ""L7"": ""Normal""}}","('VALUE', 9580.303527719909)","('VALUE', 9580.303527719909)",True,True
chain,hes_L4_L5,retirada_condensado_grupo@L4_L5,"{""hes"": {""L4"": ""Normal"", ""L5"": ""Normal"", ""L6"": ""Normal"", ""L7"": ""Normal""}}","('VALUE', 284.77659922903933)","('VALUE', 284.77659922903933)",True,True
chain,hes_L4_L5,retirada_condensado_grupo@L6_L7,"{""hes"": {""L4"": ""Normal"", ""L5"": ""Normal"", ""L6"": ""Normal"", ""L7"": ""Normal""}}","('VALUE', 375.17983609260466)","('VALUE', 375.17983609260466)",True,True
chain,hes_L4_L5,retirada_condensado_linha@L1,"{""hes"": {""L4"": ""Normal"", ""L5"": ""Normal"", ""L6"": ""Normal"", ""L7"": ""Normal""}}","('VALUE', 0.004628163719592362)","('VALUE', 0.004628163719592362)",True,True
chain,hes_L4_L5,retirada_condensado_linha@L2,"{""hes"": {""L4"": ""Normal"", ""L5"": ""Normal"", ""L6"": ""Normal"", ""L7"": ""Normal""}}","('VALUE', 4489.318808004591)","('VALUE', 4489.318808004591)",True,True
chain,hes_L4_L5,retirada_condensado_linha@L3,"{""hes"": {""L4"": ""Normal"", ""L5"": ""Normal"", ""L6"": ""Normal"", ""L7"": ""Normal""}}","('VALUE', 5090.980091551597)","('VALUE', 5090.980091551597)",True,True
chain,hes_L4_L5,retirada_condensado_linha@L4,"{""hes"": {""L4"": ""Normal"", ""L5"": ""Normal"", ""L6"": ""Normal"", ""L7"": ""Normal""}}","('VALUE', 281.6781396924227)","('VALUE', 281.6781396924227)",True,True
chain,hes_L4_L5,retirada_condensado_linha@L5,"{""hes"": {""L4"": ""Normal"", ""L5"": ""Normal"", ""L6"": ""Normal"", ""L7"": ""Normal""}}","('VALUE', 3.0984595366166494)","('VALUE', 3.0984595366166494)",True,True
chain,hes_L4_L5,retirada_condensado_linha@L6,"{""hes"": {""L4"": ""Normal"", ""L5"": ""Normal"", ""L6"": ""Normal"", ""L7"": ""Normal""}}","('VALUE', 0.0037517608433176135)","('VALUE', 0.0037517608433176135)",True,True
chain,hes_L4_L5,retirada_condensado_linha@L7,"{""hes"": {""L4"": ""Normal"", ""L5"": ""Normal"", ""L6"": ""Normal"", ""L7"": ""Normal""}}","('VALUE', 375.1760843317614)","('VALUE', 375.1760843317614)",True,True
chain,hes_L4_L5,retirada_condensado_total@L1_L7,"{""hes"": {""L4"": ""Normal"", ""L5"": ""Normal"", ""L6"": ""Normal"", ""L7"": ""Normal""}}","('VALUE', 10240.259963041552)","('VALUE', 10240.259963041552)",True,True
chain,hes_L4_L5,retirada_cond_corr_ltp@L1_L3,"{""hes"": {""L4"": ""Normal"", ""L5"": ""LC"", ""L6"": ""Normal"", ""L7"": ""Normal""}}","('VALUE', 47.936340992412426)","('VALUE', 47.936340992412426)",True,True
chain,hes_L4_L5,retirada_cond_corr_ltp@L4_L5,"{""hes"": {""L4"": ""Normal"", ""L5"": ""LC"", ""L6"": ""Normal"", ""L7"": ""Normal""}}","('VALUE', 47.936340992412426)","('VALUE', 47.936340992412426)",True,True
chain,hes_L4_L5,retirada_cond_corr_ltp@L6_L7,"{""hes"": {""L4"": ""Normal"", ""L5"": ""LC"", ""L6"": ""Normal"", ""L7"": ""Normal""}}","('VALUE', -11.017375456696598)","('VALUE', -11.017375456696598)",True,True
chain,hes_L4_L5,lth_grupo@L1_L3,"{""hes"": {""L4"": ""Normal"", ""L5"": ""LC"", ""L6"": ""Normal"", ""L7"": ""Normal""}}","('VALUE', 690.0003333333334)","('VALUE', 690.0003333333334)",True,True
chain,hes_L4_L5,lth_grupo@L4_L5,"{""hes"": {""L4"": ""Normal"", ""L5"": ""LC"", ""L6"": ""Normal"", ""L7"": ""Normal""}}","('VALUE', 1035.0)","('VALUE', 1035.0)",True,True
chain,hes_L4_L5,lth_grupo@L6_L7,"{""hes"": {""L4"": ""Normal"", ""L5"": ""LC"", ""L6"": ""Normal"", ""L7"": ""Normal""}}","('VALUE', 485.5)","('VALUE', 485.5)",True,True
chain,hes_L4_L5,retirada_cond_corr_lth@L1_L3,"{""hes"": {""L4"": ""Normal"", ""L5"": ""LC"", ""L6"": ""Normal"", ""L7"": ""Normal""}}","('VALUE', -93.22545578687615)","('VALUE', -93.22545578687615)",True,True
chain,hes_L4_L5,retirada_cond_corr_lth@L4_L5,"{""hes"": {""L4"": ""Normal"", ""L5"": ""LC"", ""L6"": ""Normal"", ""L7"": ""Normal""}}","('VALUE', -85.32903221467996)","('VALUE', -85.32903221467996)",True,True
chain,hes_L4_L5,retirada_cond_corr_lth@L6_L7,"{""hes"": {""L4"": ""Normal"", ""L5"": ""LC"", ""L6"": ""Normal"", ""L7"": ""Normal""}}","('VALUE', 55.852840950380056)","('VALUE', 55.852840950380056)",True,True
chain,hes_L4_L5,retirada_condensado_grupo@L1_L3,"{""hes"": {""L4"": ""Normal"", ""L5"": ""LC"", ""L6"": ""Normal"", ""L7"": ""Normal""}}","('VALUE', 9576.514609662134)","('VALUE', 9576.514609662134)",True,True
chain,hes_L4_L5,retirada_condensado_grupo@L4_L5,"{""hes"": {""L4"": ""Normal"", ""L5"": ""LC"", ""L6"": ""Normal"", ""L7"": ""Normal""}}","('VALUE', -131.83684091122961)","('VALUE', -131.83684091122961)",True,True
chain,hes_L4_L5,retirada_condensado_grupo@L6_L7,"{""hes"": {""L4"": ""Normal"", ""L5"": ""LC"", ""L6"": ""Normal"", ""L7"": ""Normal""}}","('VALUE', 233.7404328141533)","('VALUE', 233.7404328141533)",True,True
chain,hes_L4_L5,retirada_condensado_linha@L1,"{""hes"": {""L4"": ""Normal"", ""L5"": ""LC"", ""L6"": ""Normal"", ""L7"": ""Normal""}}","('VALUE', 5088.9666578075785)","('VALUE', 5088.9666578075785)",True,True
chain,hes_L4_L5,retirada_condensado_linha@L2,"{""hes"": {""L4"": ""Normal"", ""L5"": ""LC"", ""L6"": ""Normal"", ""L7"": ""Normal""}}","('VALUE', 4487.543325521229)","('VALUE', 4487.543325521229)",True,True
chain,hes_L4_L5,retirada_condensado_linha@L3,"{""hes"": {""L4"": ""Normal"", ""L5"": ""LC"", ""L6"": ""Normal"", ""L7"": ""Normal""}}","('VALUE', 0.004626333325279617)","('VALUE', 0.004626333325279617)",True,True
chain,hes_L4_L5,retirada_condensado_linha@L4,"{""hes"": {""L4"": ""Normal"", ""L5"": ""LC"", ""L6"": ""Normal"", ""L7"": ""Normal""}}","('VALUE', -70.05822463881766)","('VALUE', -70.05822463881766)",True,True
chain,hes_L4_L5,retirada_condensado_linha@L5,"{""hes"": {""L4"": ""Normal"", ""L5"": ""LC"", ""L6"": ""Normal"", ""L7"": ""Normal""}}","('VALUE', -61.778616272411945)","('VALUE', -61.778616272411945)",True,True
chain,hes_L4_L5,retirada_condensado_linha@L6,"{""hes"": {""L4"": ""Normal"", ""L5"": ""LC"", ""L6"": ""Normal"", ""L7"": ""Normal""}}","('VALUE', 0.24072135202281494)","('VALUE', 0.24072135202281494)",True,True
chain,hes_L4_L5,retirada_condensado_linha@L7,"{""hes"": {""L4"": ""Normal"", ""L5"": ""LC"", ""L6"": ""Normal"", ""L7"": ""Normal""}}","('VALUE', 233.4997114621305)","('VALUE', 233.4997114621305)",True,True
chain,hes_L4_L5,retirada_condensado_total@L1_L7,"{""hes"": {""L4"": ""Normal"", ""L5"": ""LC"", ""L6"": ""Normal"", ""L7"": ""Normal""}}","('VALUE', 9678.418201565057)","('VALUE', 9678.418201565057)",True,True
chain,hes_L4_L5,retirada_cond_corr_ltp@L1_L3,"{""hes"": {""L4"": ""Normal"", ""L5"": ""LC"", ""L6"": ""Normal"", ""L7"": ""Normal""}}","('VALUE', 183.05806811635424)","('VALUE', 183.05806811635424)",True,True
chain,hes_L4_L5,retirada_cond_corr_ltp@L4_L5,"{""hes"": {""L4"": ""Normal"", ""L5"": ""LC"", ""L6"": ""Normal"", ""L7"": ""Normal""}}","('VALUE', 53.93641212842863)","('VALUE', 53.93641212842863)",True,True
chain,hes_L4_L5,retirada_cond_corr_ltp@L6_L7,"{""hes"": {""L4"": ""Normal"", ""L5"": ""LC"", ""L6"": ""Normal"", ""L7"": ""Normal""}}","('VALUE', 47.936340992412426)","('VALUE', 47.936340992412426)",True,True
chain,hes_L4_L5,lth_grupo@L1_L3,"{""hes"": {""L4"": ""Normal"", ""L5"": ""LC"", ""L6"": ""Normal"", ""L7"": ""Normal""}}","('VALUE', 690.0003333333334)","('VALUE', 690.0003333333334)",True,True
chain,hes_L4_L5,lth_grupo@L4_L5,"{""hes"": {""L4"": ""Normal"", ""L5"": ""LC"", ""L6"": ""Normal"", ""L7"": ""Normal""}}","('VALUE', 1035.0)","('VALUE', 1035.0)",True,True
chain,hes_L4_L5,lth_grupo@L6_L7,"{""hes"": {""L4"": ""Normal"", ""L5"": ""LC"", ""L6"": ""Normal"", ""L7"": ""Normal""}}","('VALUE', 50000.5)","('VALUE', 50000.5)",True,True
chain,hes_L4_L5,retirada_cond_corr_lth@L1_L3,"{""hes"": {""L4"": ""Normal"", ""L5"": ""LC"", ""L6"": ""Normal"", ""L7"": ""Normal""}}","('VALUE', 43.15924402299021)","('VALUE', 43.15924402299021)",True,True
chain,hes_L4_L5,retirada_cond_corr_lth@L4_L5,"{""hes"": {""L4"": ""Normal"", ""L5"": ""LC"", ""L6"": ""Normal"", ""L7"": ""Normal""}}","('VALUE', 70.5949761653086)","('VALUE', 70.5949761653086)",True,True
chain,hes_L4_L5,retirada_cond_corr_lth@L6_L7,"{""hes"": {""L4"": ""Normal"", ""L5"": ""LC"", ""L6"": ""Normal"", ""L7"": ""Normal""}}","('VALUE', -9.812157220260588)","('VALUE', -9.812157220260588)",True,True
chain,hes_L4_L5,retirada_condensado_grupo@L1_L3,"{""hes"": {""L4"": ""Normal"", ""L5"": ""LC"", ""L6"": ""Normal"", ""L7"": ""Normal""}}","('VALUE', 19628.30352771991)","('VALUE', 19628.30352771991)",True,True
chain,hes_L4_L5,retirada_condensado_grupo@L4_L5,"{""hes"": {""L4"": ""Normal"", ""L5"": ""LC"", ""L6"": ""Normal"", ""L7"": ""Normal""}}","('VALUE', 105.54272639172662)","('VALUE', 105.54272639172662)",True,True
chain,hes_L4_L5,retirada_condensado_grupo@L6_L7,"{""hes"": {""L4"": ""Normal"", ""L5"": ""LC"", ""L6"": ""Normal"", ""L7"": ""Normal""}}","('VALUE', -15.496996425346026)","('VALUE', -15.496996425346026)",True,True
chain,hes_L4_L5,retirada_condensado_linha@L1,"{""hes"": {""L4"": ""Normal"", ""L5"": ""LC"", ""L6"": ""Normal"", ""L7"": ""Normal""}}","('VALUE', 10430.494420288636)","('VALUE', 10430.494420288636)",True,True
chain,hes_L4_L5,retirada_condensado_linha@L2,"{""hes"": {""L4"": ""Normal"", ""L5"": ""LC"", ""L6"": ""Normal"", ""L7"": ""Normal""}}","('VALUE', 0.009482267654807851)","('VALUE', 0.009482267654807851)",True,True
chain,hes_L4_L5,retirada_condensado_linha@L3,"{""hes"": {""L4"": ""Normal"", ""L5"": ""LC"", ""L6"": ""Normal"", ""L7"": ""Normal""}}","('VALUE', 9197.799625163616)","('VALUE', 9197.799625163616)",True,True
chain,hes_L4_L5,retirada_condensado_linha@L4,"{""hes"": {""L4"": ""Normal"", ""L5"": ""LC"", ""L6"": ""Normal"", ""L7"": ""Normal""}}","('VALUE', 56.08550677821221)","('VALUE', 56.08550677821221)",True,True
chain,hes_L4_L5,retirada_condensado_linha@L5,"{""hes"": {""L4"": ""Normal"", ""L5"": ""LC"", ""L6"": ""Normal"", ""L7"": ""Normal""}}","('VALUE', 49.457219613514404)","('VALUE', 49.457219613514404)",True,True
chain,hes_L4_L5,retirada_condensado_linha@L6,"{""hes"": {""L4"": ""Normal"", ""L5"": ""LC"", ""L6"": ""Normal"", ""L7"": ""Normal""}}","('VALUE', -0.00015496841456931457)","('VALUE', -0.00015496841456931457)",True,True
chain,hes_L4_L5,retirada_condensado_linha@L7,"{""hes"": {""L4"": ""Normal"", ""L5"": ""LC"", ""L6"": ""Normal"", ""L7"": ""Normal""}}","('VALUE', -15.496841456931458)","('VALUE', -15.496841456931458)",True,True
chain,hes_L4_L5,retirada_condensado_total@L1_L7,"{""hes"": {""L4"": ""Normal"", ""L5"": ""LC"", ""L6"": ""Normal"", ""L7"": ""Normal""}}","('VALUE', 19718.34925768629)","('VALUE', 19718.34925768629)",True,True
chain,hes_L4_L5,retirada_cond_corr_ltp@L1_L3,"{""hes"": {""L4"": ""Normal"", ""L5"": ""Overhaul/Parada"", ""L6"": ""Normal"", ""L7"": ""Normal""}}","('VALUE', -11.017375456696598)","('VALUE', -11.017375456696598)",True,True
chain,hes_L4_L5,retirada_cond_corr_ltp@L4_L5,"{""hes"": {""L4"": ""Normal"", ""L5"": ""Overhaul/Parada"", ""L6"": ""Normal"", ""L7"": ""Normal""}}","('VALUE', 47.936340992412426)","('VALUE', 47.936340992412426)",True,True
chain,hes_L4_L5,retirada_cond_corr_ltp@L6_L7,"{""hes"": {""L4"": ""Normal"", ""L5"": ""Overhaul/Parada"", ""L6"": ""Normal"", ""L7"": ""Normal""}}","('VALUE', 183.05806811635424)","('VALUE', 183.05806811635424)",True,True
chain,hes_L4_L5,lth_grupo@L1_L3,"{""hes"": {""L4"": ""Normal"", ""L5"": ""Overhaul/Parada"", ""L6"": ""Normal"", ""L7"": ""Normal""}}","('VALUE', 323.334)","('VALUE', 323.334)",True,True
chain,hes_L4_L5,lth_grupo@L4_L5,"{""hes"": {""L4"": ""Normal"", ""L5"": ""Overhaul/Parada"", ""L6"": ""Normal"", ""L7"": ""Normal""}}","('VALUE', 100000.0)","('VALUE', 100000.0)",True,True
chain,hes_L4_L5,lth_grupo@L6_L7,"{""hes"": {""L4"": ""Normal"", ""L5"": ""Overhaul/Parada"", ""L6"": ""Normal"", ""L7"": ""Normal""}}","('VALUE', 50485.0)","('VALUE', 50485.0)",True,True
chain,hes_L4_L5,retirada_cond_corr_lth@L1_L3,"{""hes"": {""L4"": ""Normal"", ""L5"": ""Overhaul/Parada"", ""L6"": ""Normal"", ""L7"": ""Normal""}}","('VALUE', 29.262770652954984)","('VALUE', 29.262770652954984)",True,True
chain,hes_L4_L5,retirada_cond_corr_lth@L4_L5,"{""hes"": {""L4"": ""Normal"", ""L5"": ""Overhaul/Parada"", ""L6"": ""Normal"", ""L7"": ""Normal""}}","('VALUE', 140.07138918198447)","('VALUE', 140.07138918198447)",True,True
chain,hes_L4_L5,retirada_cond_corr_lth@L6_L7,"{""hes"": {""L4"": ""Normal"", ""L5"": ""Overhaul/Parada"", ""L6"": ""Normal"", ""L7"": ""Normal""}}","('VALUE', 146.29965359132473)","('VALUE', 146.29965359132473)",True,True
chain,hes_L4_L5,retirada_condensado_grupo@L1_L3,"{""hes"": {""L4"": ""Normal"", ""L5"": ""Overhaul/Parada"", ""L6"": ""Normal"", ""L7"": ""Normal""}}","('VALUE', 261.84043832895475)","('VALUE', 261.84043832895475)",True,True
chain,hes_L4_L5,retirada_condensado_grupo@L4_L5,"{""hes"": {""L4"": ""Normal"", ""L5"": ""Overhaul/Parada"", ""L6"": ""Normal"", ""L7"": ""Normal""}}","('VALUE', 234.2700963791441)","('VALUE', 234.2700963791441)",True,True
chain,hes_L4_L5,retirada_condensado_grupo@L6_L7,"{""hes"": {""L4"": ""Normal"", ""L5"": ""Overhaul/Parada"", ""L6"": ""Normal"", ""L7"": ""Normal""}}","('VALUE', 26.483170949940984)","('VALUE', 26.483170949940984)",True,True
chain,hes_L4_L5,retirada_condensado_linha@L1,"{""hes"": {""L4"": ""Normal"", ""L5"": ""Overhaul/Parada"", ""L6"": ""Normal"", ""L7"": ""Normal""}}","('VALUE', 0.00026993803964213967)","('VALUE', 0.00026993803964213967)",True,True
chain,hes_L4_L5,retirada_condensado_linha@L2,"{""hes"": {""L4"": ""Normal"", ""L5"": ""Overhaul/Parada"", ""L6"": ""Normal"", ""L7"": ""Normal""}}","('VALUE', 261.83989845287545)","('VALUE', 261.83989845287545)",True,True
chain,hes_L4_L5,retirada_condensado_linha@L3,"{""hes"": {""L4"": ""Normal"", ""L5"": ""Overhaul/Parada"", ""L6"": ""Normal"", ""L7"": ""Normal""}}","('VALUE', 0.00026993803964213967)","('VALUE', 0.00026993803964213967)",True,True
chain,hes_L4_L5,retirada_condensado_linha@L4,"{""hes"": {""L4"": ""Normal"", ""L5"": ""Overhaul/Parada"", ""L6"": ""Normal"", ""L7"": ""Normal""}}","('VALUE', 117.13504818957205)","('VALUE', 117.13504818957205)",True,True
chain,hes_L4_L5,retirada_condensado_linha@L5,"{""hes"": {""L4"": ""Normal"", ""L5"": ""Overhaul/Parada"", ""L6"": ""Normal"", ""L7"": ""Normal""}}","('VALUE', 117.13504818957205)","('VALUE', 117.13504818957205)",True,True
chain,hes_L4_L5,retirada_condensado_linha@L6,"{""hes"": {""L4"": ""Normal"", ""L5"": ""Overhaul/Parada"", ""L6"": ""Normal"", ""L7"": ""Normal""}}","('VALUE', 26.228752055007412)","('VALUE', 26.228752055007412)",True,True
chain,hes_L4_L5,retirada_condensado_linha@L7,"{""hes"": {""L4"": ""Normal"", ""L5"": ""Overhaul/Parada"", ""L6"": ""Normal"", ""L7"": ""Normal""}}","('VALUE', 0.2544188949335719)","('VALUE', 0.2544188949335719)",True,True
chain,hes_L4_L5,retirada_condensado_total@L1_L7,"{""hes"": {""L4"": ""Normal"", ""L5"": ""Overhaul/Parada"", ""L6"": ""Normal"", ""L7"": ""Normal""}}","('VALUE', 522.5937056580399)","('VALUE', 522.5937056580399)",True,True
chain,hes_L4_L5,retirada_cond_corr_ltp@L1_L3,"{""hes"": {""L4"": ""Normal"", ""L5"": ""Overhaul/Parada"", ""L6"": ""Normal"", ""L7"": ""Normal""}}","('VALUE', 53.93641212842863)","('VALUE', 53.93641212842863)",True,True
chain,hes_L4_L5,retirada_cond_corr_ltp@L4_L5,"{""hes"": {""L4"": ""Normal"", ""L5"": ""Overhaul/Parada"", ""L6"": ""Normal"", ""L7"": ""Normal""}}","('VALUE', 53.93641212842863)","('VALUE', 53.93641212842863)",True,True
chain,hes_L4_L5,retirada_cond_corr_ltp@L6_L7,"{""hes"": {""L4"": ""Normal"", ""L5"": ""Overhaul/Parada"", ""L6"": ""Normal"", ""L7"": ""Normal""}}","('VALUE', 53.93641212842863)","('VALUE', 53.93641212842863)",True,True
chain,hes_L4_L5,lth_grupo@L1_L3,"{""hes"": {""L4"": ""Normal"", ""L5"": ""Overhaul/Parada"", ""L6"": ""Normal"", ""L7"": ""Normal""}}","('VALUE', 33334.0)","('VALUE', 33334.0)",True,True
chain,hes_L4_L5,lth_grupo@L4_L5,"{""hes"": {""L4"": ""Normal"", ""L5"": ""Overhaul/Parada"", ""L6"": ""Normal"", ""L7"": ""Normal""}}","('VALUE', 1100.0)","('VALUE', 1100.0)",True,True
chain,hes_L4_L5,lth_grupo@L6_L7,"{""hes"": {""L4"": ""Normal"", ""L5"": ""Overhaul/Parada"", ""L6"": ""Normal"", ""L7"": ""Normal""}}","('VALUE', 550.5)","('VALUE', 550.5)",True,True
chain,hes_L4_L5,retirada_cond_corr_lth@L1_L3,"{""hes"": {""L4"": ""Normal"", ""L5"": ""Overhaul/Parada"", ""L6"": ""Normal"", ""L7"": ""Normal""}}","('VALUE', 138.21561292640027)","('VALUE', 138.21561292640027)",True,True
chain,hes_L4_L5,retirada_cond_corr_lth@L4_L5,"{""hes"": {""L4"": ""Normal"", ""L5"": ""Overhaul/Parada"", ""L6"": ""Normal"", ""L7"": ""Normal""}}","('VALUE', 52.241865561555585)","('VALUE', 52.241865561555585)",True,True
chain,hes_L4_L5,retirada_cond_corr_lth@L6_L7,"{""hes"": {""L4"": ""Normal"", ""L5"": ""Overhaul/Parada"", ""L6"": ""Normal"", ""L7"": ""Normal""}}","('VALUE', 58.299829293080705)","('VALUE', 58.299829293080705)",True,True
chain,hes_L4_L5,retirada_condensado_grupo@L1_L3,"{""hes"": {""L4"": ""Normal"", ""L5"": ""Overhaul/Parada"", ""L6"": ""Normal"", ""L7"": ""Normal""}}","('VALUE', 10347.837602393914)","('VALUE', 10347.837602393914)",True,True
chain,hes_L4_L5,retirada_condensado_grupo@L4_L5,"{""hes"": {""L4"": ""Normal"", ""L5"": ""Overhaul/Parada"", ""L6"": ""Normal"", ""L7"": ""Normal""}}","('VALUE', 46.61090686625391)","('VALUE', 46.61090686625391)",True,True
chain,hes_L4_L5,retirada_condensado_grupo@L6_L7,"{""hes"": {""L4"": ""Normal"", ""L5"": ""Overhaul/Parada"", ""L6"": ""Normal"", ""L7"": ""Normal""}}","('VALUE', 108.72683432930415)","('VALUE', 108.72683432930415)",True,True
chain,hes_L4_L5,retirada_condensado_linha@L1,"{""hes"": {""L4"": ""Normal"", ""L5"": ""Overhaul/Parada"", ""L6"": ""Normal"", ""L7"": ""Normal""}}","('VALUE', 0.10347630649780919)","('VALUE', 0.10347630649780919)",True,True
chain,hes_L4_L5,retirada_condensado_linha@L2,"{""hes"": {""L4"": ""Normal"", ""L5"": ""Overhaul/Parada"", ""L6"": ""Normal"", ""L7"": ""Normal""}}","('VALUE', 0.10347630649780919)","('VALUE', 0.10347630649780919)",True,True
chain,hes_L4_L5,retirada_condensado_linha@L3,"{""hes"": {""L4"": ""Normal"", ""L5"": ""Overhaul/Parada"", ""L6"": ""Normal"", ""L7"": ""Normal""}}","('VALUE', 10347.630649780918)","('VALUE', 10347.630649780918)",True,True
chain,hes_L4_L5,retirada_condensado_linha@L4,"{""hes"": {""L4"": ""Normal"", ""L5"": ""Overhaul/Parada"", ""L6"": ""Normal"", ""L7"": ""Normal""}}","('VALUE', 23.305453433126956)","('VALUE', 23.305453433126956)",True,True
chain,hes_L4_L5,retirada_condensado_linha@L5,"{""hes"": {""L4"": ""Normal"", ""L5"": ""Overhaul/Parada"", ""L6"": ""Normal"", ""L7"": ""Normal""}}","('VALUE', 23.305453433126956)","('VALUE', 23.305453433126956)",True,True
chain,hes_L4_L5,retirada_condensado_linha@L6,"{""hes"": {""L4"": ""Normal"", ""L5"": ""Overhaul/Parada"", ""L6"": ""Normal"", ""L7"": ""Normal""}}","('VALUE', 108.62808152791514)","('VALUE', 108.62808152791514)",True,True
chain,hes_L4_L5,retirada_condensado_linha@L7,"{""hes"": {""L4"": ""Normal"", ""L5"": ""Overhaul/Parada"", ""L6"": ""Normal"", ""L7"": ""Normal""}}","('VALUE', 0.09875280138901377)","('VALUE', 0.09875280138901377)",True,True
chain,hes_L4_L5,retirada_condensado_total@L1_L7,"{""hes"": {""L4"": ""Normal"", ""L5"": ""Overhaul/Parada"", ""L6"": ""Normal"", ""L7"": ""Normal""}}","('VALUE', 10503.175343589472)","('VALUE', 10503.175343589472)",True,True
chain,hes_L4_L5,retirada_cond_corr_ltp@L1_L3,"{""hes"": {""L4"": ""Normal"", ""L5"": ""1 By pass"", ""L6"": ""Normal"", ""L7"": ""Normal""}}","('VALUE', 47.936340992412426)","('VALUE', 47.936340992412426)",True,True
chain,hes_L4_L5,retirada_cond_corr_ltp@L4_L5,"{""hes"": {""L4"": ""Normal"", ""L5"": ""1 By pass"", ""L6"": ""Normal"", ""L7"": ""Normal""}}","('VALUE', 183.05806811635424)","('VALUE', 183.05806811635424)",True,True
chain,hes_L4_L5,retirada_cond_corr_ltp@L6_L7,"{""hes"": {""L4"": ""Normal"", ""L5"": ""1 By pass"", ""L6"": ""Normal"", ""L7"": ""Normal""}}","('VALUE', 183.05806811635424)","('VALUE', 183.05806811635424)",True,True
chain,hes_L4_L5,lth_grupo@L1_L3,"{""hes"": {""L4"": ""Normal"", ""L5"": ""1 By pass"", ""L6"": ""Normal"", ""L7"": ""Normal""}}","('VALUE', 647.0)","('VALUE', 647.0)",True,True
chain,hes_L4_L5,lth_grupo@L4_L5,"{""hes"": {""L4"": ""Normal"", ""L5"": ""1 By pass"", ""L6"": ""Normal"", ""L7"": ""Normal""}}","('VALUE', 550.5)","('VALUE', 550.5)",True,True
chain,hes_L4_L5,lth_grupo@L6_L7,"{""hes"": {""L4"": ""Normal"", ""L5"": ""1 By pass"", ""L6"": ""Normal"", ""L7"": ""Normal""}}","('VALUE', 50550.0)","('VALUE', 50550.0)",True,True
chain,hes_L4_L5,retirada_cond_corr_lth@L1_L3,"{""hes"": {""L4"": ""Normal"", ""L5"": ""1 By pass"", ""L6"": ""Normal"", ""L7"": ""Normal""}}","('VALUE', 42.77180791316127)","('VALUE', 42.77180791316127)",True,True
chain,hes_L4_L5,retirada_cond_corr_lth@L4_L5,"{""hes"": {""L4"": ""Normal"", ""L5"": ""1 By pass"", ""L6"": ""Normal"", ""L7"": ""Normal""}}","('VALUE', -97.62417908690786)","('VALUE', -97.62417908690786)",True,True
chain,hes_L4_L5,retirada_cond_corr_lth@L6_L7,"{""hes"": {""L4"": ""Normal"", ""L5"": ""1 By pass"", ""L6"": ""Normal"", ""L7"": ""Normal""}}","('VALUE', -9.599296637040283)","('VALUE', -9.599296637040283)",True,True
chain,hes_L4_L5,retirada_condensado_grupo@L1_L3,"{""hes"": {""L4"": ""Normal"", ""L5"": ""1 By pass"", ""L6"": ""Normal"", ""L7"": ""Normal""}}","('VALUE', 20032.506400762246)","('VALUE', 20032.506400762246)",True,True
chain,hes_L4_L5,retirada_condensado_grupo@L4_L5,"{""hes"": {""L4"": ""Normal"", ""L5"": ""1 By pass"", ""L6"": ""Normal"", ""L7"": ""Normal""}}","('VALUE', -461.36449440652416)","('VALUE', -461.36449440652416)",True,True
chain,hes_L4_L5,retirada_condensado_grupo@L6_L7,"{""hes"": {""L4"": ""Normal"", ""L5"": ""1 By pass"", ""L6"": ""Normal"", ""L7"": ""Normal""}}","('VALUE', -285.31472950678904)","('VALUE', -285.31472950678904)",True,True
chain,hes_L4_L5,retirada_condensado_linha@L1,"{""hes"": {""L4"": ""Normal"", ""L5"": ""1 By pass"", ""L6"": ""Normal"", ""L7"": ""Normal""}}","('VALUE', 10.320714271387041)","('VALUE', 10.320714271387041)",True,True
chain,hes_L4_L5,retirada_condensado_linha@L2,"{""hes"": {""L4"": ""Normal"", ""L5"": ""1 By pass"", ""L6"": ""Normal"", ""L7"": ""Normal""}}","('VALUE', 10011.09284324543)","('VALUE', 10011.09284324543)",True,True
chain,hes_L4_L5,retirada_condensado_linha@L3,"{""hes"": {""L4"": ""Normal"", ""L5"": ""1 By pass"", ""L6"": ""Normal"", ""L7"": ""Normal""}}","('VALUE', 10011.09284324543)","('VALUE', 10011.09284324543)",True,True
chain,hes_L4_L5,retirada_condensado_linha@L4,"{""hes"": {""L4"": ""Normal"", ""L5"": ""1 By pass"", ""L6"": ""Normal"", ""L7"": ""Normal""}}","('VALUE', -460.9454530855373)","('VALUE', -460.9454530855373)",True,True
chain,hes_L4_L5,retirada_condensado_linha@L5,"{""hes"": {""L4"": ""Normal"", ""L5"": ""1 By pass"", ""L6"": ""Normal"", ""L7"": ""Normal""}}","('VALUE', -0.4190413209868521)","('VALUE', -0.4190413209868521)",True,True
chain,hes_L4_L5,retirada_condensado_linha@L6,"{""hes"": {""L4"": ""Normal"", ""L5"": ""1 By pass"", ""L6"": ""Normal"", ""L7"": ""Normal""}}","('VALUE', -3.1043145643666468)","('VALUE', -3.1043145643666468)",True,True
chain,hes_L4_L5,retirada_condensado_linha@L7,"{""hes"": {""L4"": ""Normal"", ""L5"": ""1 By pass"", ""L6"": ""Normal"", ""L7"": ""Normal""}}","('VALUE', -282.2104149424224)","('VALUE', -282.2104149424224)",True,True
chain,hes_L4_L5,retirada_condensado_total@L1_L7,"{""hes"": {""L4"": ""Normal"", ""L5"": ""1 By pass"", ""L6"": ""Normal"", ""L7"": ""Normal""}}","('VALUE', 19285.827176848932)","('VALUE', 19285.827176848932)",True,True
chain,hes_L4_L5,retirada_cond_corr_ltp@L1_L3,"{""hes"": {""L4"": ""Normal"", ""L5"": ""1 By pass"", ""L6"": ""Normal"", ""L7"": ""Normal""}}","('VALUE', 47.936340992412426)","('VALUE', 47.936340992412426)",True,True
chain,hes_L4_L5,retirada_cond_corr_ltp@L4_L5,"{""hes"": {""L4"": ""Normal"", ""L5"": ""1 By pass"", ""L6"": ""Normal"", ""L7"": ""Normal""}}","('VALUE', -11.017375456696598)","('VALUE', -11.017375456696598)",True,True
chain,hes_L4_L5,retirada_cond_corr_ltp@L6_L7,"{""hes"": {""L4"": ""Normal"", ""L5"": ""1 By pass"", ""L6"": ""Normal"", ""L7"": ""Normal""}}","('VALUE', 183.05806811635424)","('VALUE', 183.05806811635424)",True,True
chain,hes_L4_L5,lth_grupo@L1_L3,"{""hes"": {""L4"": ""Normal"", ""L5"": ""1 By pass"", ""L6"": ""Normal"", ""L7"": ""Normal""}}","('VALUE', 34023.333333333336)","('VALUE', 34023.333333333336)",True,True
chain,hes_L4_L5,lth_grupo@L4_L5,"{""hes"": {""L4"": ""Normal"", ""L5"": ""1 By pass"", ""L6"": ""Normal"", ""L7"": ""Normal""}}","('VALUE', 50485.0)","('VALUE', 50485.0)",True,True
chain,hes_L4_L5,lth_grupo@L6_L7,"{""hes"": {""L4"": ""Normal"", ""L5"": ""1 By pass"", ""L6"": ""Normal"", ""L7"": ""Normal""}}","('VALUE', 50000.0005)","('VALUE', 50000.0005)",True,True
chain,hes_L4_L5,retirada_cond_corr_lth@L1_L3,"{""hes"": {""L4"": ""Normal"", ""L5"": ""1 By pass"", ""L6"": ""Normal"", ""L7"": ""Normal""}}","('VALUE', -17.309768171021375)","('VALUE', -17.309768171021375)",True,True
chain,hes_L4_L5,retirada_cond_corr_lth@L4_L5,"{""hes"": {""L4"": ""Normal"", ""L5"": ""1 By pass"", ""L6"": ""Normal"", ""L7"": ""Normal""}}","('VALUE', 126.76034502120251)","('VALUE', 126.76034502120251)",True,True
chain,hes_L4_L5,retirada_cond_corr_lth@L6_L7,"{""hes"": {""L4"": ""Normal"", ""L5"": ""1 By pass"", ""L6"": ""Normal"", ""L7"": ""Normal""}}","('VALUE', 126.5723480353295)","('VALUE', 126.5723480353295)",True,True
chain,hes_L4_L5,retirada_condensado_grupo@L1_L3,"{""hes"": {""L4"": ""Normal"", ""L5"": ""1 By pass"", ""L6"": ""Normal"", ""L7"": ""Normal""}}","('VALUE', -147.7383274903014)","('VALUE', -147.7383274903014)",True,True
chain,hes_L4_L5,retirada_condensado_grupo@L4_L5,"{""hes"": {""L4"": ""Normal"", ""L5"": ""1 By pass"", ""L6"": ""Normal"", ""L7"": ""Normal""}}","('VALUE', 375.5554409557982)","('VALUE', 375.5554409557982)",True,True
chain,hes_L4_L5,retirada_condensado_grupo@L6_L7,"{""hes"": {""L4"": ""Normal"", ""L5"": ""1 By pass"", ""L6"": ""Normal"", ""L7"": ""Normal""}}","('VALUE', -12.971440162049475)","('VALUE', -12.971440162049475)",True,True
chain,hes_L4_L5,retirada_condensado_linha@L1,"{""hes"": {""L4"": ""Normal"", ""L5"": ""1 By pass"", ""L6"": ""Normal"", ""L7"": ""Normal""}}","('VALUE', -1.5921638114953613)","('VALUE', -1.5921638114953613)",True,True
chain,hes_L4_L5,retirada_condensado_linha@L2,"{""hes"": {""L4"": ""Normal"", ""L5"": ""1 By pass"", ""L6"": ""Normal"", ""L7"": ""Normal""}}","('VALUE', -1.403998997409546)","('VALUE', -1.403998997409546)",True,True
chain,hes_L4_L5,retirada_condensado_linha@L3,"{""hes"": {""L4"": ""Normal"", ""L5"": ""1 By pass"", ""L6"": ""Normal"", ""L7"": ""Normal""}}","('VALUE', -144.74216468139647)","('VALUE', -144.74216468139647)",True,True
chain,hes_L4_L5,retirada_condensado_linha@L4,"{""hes"": {""L4"": ""Normal"", ""L5"": ""1 By pass"", ""L6"": ""Normal"", ""L7"": ""Normal""}}","('VALUE', 3.60789123231776)","('VALUE', 3.60789123231776)",True,True
chain,hes_L4_L5,retirada_condensado_linha@L5,"{""hes"": {""L4"": ""Normal"", ""L5"": ""1 By pass"", ""L6"": ""Normal"", ""L7"": ""Normal""}}","('VALUE', 371.9475497234804)","('VALUE', 371.9475497234804)",True,True
chain,hes_L4_L5,retirada_condensado_linha@L6,"{""hes"": {""L4"": ""Normal"", ""L5"": ""1 By pass"", ""L6"": ""Normal"", ""L7"": ""Normal""}}","('VALUE', -1.2971440032335074e-07)","('VALUE', -1.2971440032335074e-07)",True,True
chain,hes_L4_L5,retirada_condensado_linha@L7,"{""hes"": {""L4"": ""Normal"", ""L5"": ""1 By pass"", ""L6"": ""Normal"", ""L7"": ""Normal""}}","('VALUE', -12.971440032335074)","('VALUE', -12.971440032335074)",True,True
chain,hes_L4_L5,retirada_condensado_total@L1_L7,"{""hes"": {""L4"": ""Normal"", ""L5"": ""1 By pass"", ""L6"": ""Normal"", ""L7"": ""Normal""}}","('VALUE', 214.8456733034473)","('VALUE', 214.8456733034473)",True,True
chain,hes_L4_L5,retirada_cond_corr_ltp@L1_L3,"{""hes"": {""L4"": ""Normal"", ""L5"": ""1 By pass e LC"", ""L6"": ""Normal"", ""L7"": ""Normal""}}","('VALUE', 183.05806811635424)","('VALUE', 183.05806811635424)",True,True
chain,hes_L4_L5,retirada_cond_corr_ltp@L4_L5,"{""hes"": {""L4"": ""Normal"", ""L5"": ""1 By pass e LC"", ""L6"": ""Normal"", ""L7"": ""Normal""}}","('VALUE', 47.936340992412426)","('VALUE', 47.936340992412426)",True,True
chain,hes_L4_L5,retirada_cond_corr_ltp@L6_L7,"{""hes"": {""L4"": ""Normal"", ""L5"": ""1 By pass e LC"", ""L6"": ""Normal"", ""L7"": ""Normal""}}","('VALUE', 183.05806811635424)","('VALUE', 183.05806811635424)",True,True
chain,hes_L4_L5,lth_grupo@L1_L3,"{""hes"": {""L4"": ""Normal"", ""L5"": ""1 By pass e LC"", ""L6"": ""Normal"", ""L7"": ""Normal""}}","('VALUE', 0.001)","('VALUE', 0.001)",True,True
chain,hes_L4_L5,lth_grupo@L4_L5,"{""hes"": {""L4"": ""Normal"", ""L5"": ""1 By pass e LC"", ""L6"": ""Normal"", ""L7"": ""Normal""}}","('VALUE', 0.5005)","('VALUE', 0.5005)",True,True
chain,hes_L4_L5,lth_grupo@L6_L7,"{""hes"": {""L4"": ""Normal"", ""L5"": ""1 By pass e LC"", ""L6"": ""Normal"", ""L7"": ""Normal""}}","('VALUE', 485.0005)","('VALUE', 485.0005)",True,True
chain,hes_L4_L5,retirada_cond_corr_lth@L1_L3,"{""hes"": {""L4"": ""Normal"", ""L5"": ""1 By pass e LC"", ""L6"": ""Normal"", ""L7"": ""Normal""}}","('VALUE', -218.6713683064879)","('VALUE', -218.6713683064879)",True,True
chain,hes_L4_L5,retirada_cond_corr_lth@L4_L5,"{""hes"": {""L4"": ""Normal"", ""L5"": ""1 By pass e LC"", ""L6"": ""Normal"", ""L7"": ""Normal""}}","('VALUE', -97.6224103207289)","('VALUE', -97.6224103207289)",True,True
chain,hes_L4_L5,retirada_cond_corr_lth@L6_L7,"{""hes"": {""L4"": ""Normal"", ""L5"": ""1 By pass e LC"", ""L6"": ""Normal"", ""L7"": ""Normal""}}","('VALUE', 36.293485480005955)","('VALUE', 36.293485480005955)",True,True
chain,hes_L4_L5,retirada_condensado_grupo@L1_L3,"{""hes"": {""L4"": ""Normal"", ""L5"": ""1 By pass e LC"", ""L6"": ""Normal"", ""L7"": ""Normal""}}","('VALUE', -1109.1883092685264)","('VALUE', -1109.1883092685264)",True,True
chain,hes_L4_L5,retirada_condensado_grupo@L4_L5,"{""hes"": {""L4"": ""Normal"", ""L5"": ""1 By pass e LC"", ""L6"": ""Normal"", ""L7"": ""Normal""}}","('STATE', ('NO_APPLICABLE_RULE', None, None))","('STATE', ('NO_APPLICABLE_RULE', None, None))",True,True
chain,hes_L4_L5,retirada_condensado_grupo@L6_L7,"{""hes"": {""L4"": ""Normal"", ""L5"": ""1 By pass e LC"", ""L6"": ""Normal"", ""L7"": ""Normal""}}","('VALUE', -193.52916527269656)","('VALUE', -193.52916527269656)",True,True
chain,hes_L4_L5,retirada_condensado_linha@L1,"{""hes"": {""L4"": ""Normal"", ""L5"": ""1 By pass e LC"", ""L6"": ""Normal"", ""L7"": ""Normal""}}","('VALUE', -369.7294364228421)","('VALUE', -369.7294364228421)",True,True
chain,hes_L4_L5,retirada_condensado_linha@L2,"{""hes"": {""L4"": ""Normal"", ""L5"": ""1 By pass e LC"", ""L6"": ""Normal"", ""L7"": ""Normal""}}","('VALUE', -369.7294364228421)","('VALUE', -369.7294364228421)",True,True
chain,hes_L4_L5,retirada_condensado_linha@L3,"{""hes"": {""L4"": ""Normal"", ""L5"": ""1 By pass e LC"", ""L6"": ""Normal"", ""L7"": ""Normal""}}","('VALUE', -369.7294364228421)","('VALUE', -369.7294364228421)",True,True
chain,hes_L4_L5,retirada_condensado_linha@L4,"{""hes"": {""L4"": ""Normal"", ""L5"": ""1 By pass e LC"", ""L6"": ""Normal"", ""L7"": ""Normal""}}","('STATE', ('NO_APPLICABLE_RULE', None, None))","('STATE', ('NO_APPLICABLE_RULE', None, None))",True,True
chain,hes_L4_L5,retirada_condensado_linha@L5,"{""hes"": {""L4"": ""Normal"", ""L5"": ""1 By pass e LC"", ""L6"": ""Normal"", ""L7"": ""Normal""}}","('STATE', ('NO_APPLICABLE_RULE', None, None))","('STATE', ('NO_APPLICABLE_RULE', None, None))",True,True
chain,hes_L4_L5,retirada_condensado_linha@L6,"{""hes"": {""L4"": ""Normal"", ""L5"": ""1 By pass e LC"", ""L6"": ""Normal"", ""L7"": ""Normal""}}","('VALUE', -0.0001995143976889679)","('VALUE', -0.0001995143976889679)",True,True
chain,hes_L4_L5,retirada_condensado_linha@L7,"{""hes"": {""L4"": ""Normal"", ""L5"": ""1 By pass e LC"", ""L6"": ""Normal"", ""L7"": ""Normal""}}","('VALUE', -193.52896575829888)","('VALUE', -193.52896575829888)",True,True
chain,hes_L4_L5,retirada_condensado_total@L1_L7,"{""hes"": {""L4"": ""Normal"", ""L5"": ""1 By pass e LC"", ""L6"": ""Normal"", ""L7"": ""Normal""}}","('STATE', ('NO_APPLICABLE_RULE', None, None))","('STATE', ('NO_APPLICABLE_RULE', None, None))",True,True
chain,hes_L4_L5,retirada_cond_corr_ltp@L1_L3,"{""hes"": {""L4"": ""Normal"", ""L5"": ""1 By pass e LC"", ""L6"": ""Normal"", ""L7"": ""Normal""}}","('VALUE', 47.936340992412426)","('VALUE', 47.936340992412426)",True,True
chain,hes_L4_L5,retirada_cond_corr_ltp@L4_L5,"{""hes"": {""L4"": ""Normal"", ""L5"": ""1 By pass e LC"", ""L6"": ""Normal"", ""L7"": ""Normal""}}","('VALUE', 47.936340992412426)","('VALUE', 47.936340992412426)",True,True
chain,hes_L4_L5,retirada_cond_corr_ltp@L6_L7,"{""hes"": {""L4"": ""Normal"", ""L5"": ""1 By pass e LC"", ""L6"": ""Normal"", ""L7"": ""Normal""}}","('VALUE', -99.49804134140493)","('VALUE', -99.49804134140493)",True,True
chain,hes_L4_L5,lth_grupo@L1_L3,"{""hes"": {""L4"": ""Normal"", ""L5"": ""1 By pass e LC"", ""L6"": ""Normal"", ""L7"": ""Normal""}}","('VALUE', 33700.333333333336)","('VALUE', 33700.333333333336)",True,True
chain,hes_L4_L5,lth_grupo@L4_L5,"{""hes"": {""L4"": ""Normal"", ""L5"": ""1 By pass e LC"", ""L6"": ""Normal"", ""L7"": ""Normal""}}","('VALUE', 50000.0005)","('VALUE', 50000.0005)",True,True
chain,hes_L4_L5,lth_grupo@L6_L7,"{""hes"": {""L4"": ""Normal"", ""L5"": ""1 By pass e LC"", ""L6"": ""Normal"", ""L7"": ""Normal""}}","('VALUE', 1.0)","('VALUE', 1.0)",True,True
chain,hes_L4_L5,retirada_cond_corr_lth@L1_L3,"{""hes"": {""L4"": ""Normal"", ""L5"": ""1 By pass e LC"", ""L6"": ""Normal"", ""L7"": ""Normal""}}","('VALUE', 119.75486089859226)","('VALUE', 119.75486089859226)",True,True
chain,hes_L4_L5,retirada_cond_corr_lth@L4_L5,"{""hes"": {""L4"": ""Normal"", ""L5"": ""1 By pass e LC"", ""L6"": ""Normal"", ""L7"": ""Normal""}}","('VALUE', 127.43804611139649)","('VALUE', 127.43804611139649)",True,True
chain,hes_L4_L5,retirada_cond_corr_lth@L6_L7,"{""hes"": {""L4"": ""Normal"", ""L5"": ""1 By pass e LC"", ""L6"": ""Normal"", ""L7"": ""Normal""}}","('VALUE', -64.60352567818856)","('VALUE', -64.60352567818856)",True,True
chain,hes_L4_L5,retirada_condensado_grupo@L1_L3,"{""hes"": {""L4"": ""Normal"", ""L5"": ""1 By pass e LC"", ""L6"": ""Normal"", ""L7"": ""Normal""}}","('VALUE', 10311.455559718539)","('VALUE', 10311.455559718539)",True,True
chain,hes_L4_L5,retirada_condensado_grupo@L4_L5,"{""hes"": {""L4"": ""Normal"", ""L5"": ""1 By pass e LC"", ""L6"": ""Normal"", ""L7"": ""Normal""}}","('STATE', ('NO_APPLICABLE_RULE', None, None))","('STATE', ('NO_APPLICABLE_RULE', None, None))",True,True
chain,hes_L4_L5,retirada_condensado_grupo@L6_L7,"{""hes"": {""L4"": ""Normal"", ""L5"": ""1 By pass e LC"", ""L6"": ""Normal"", ""L7"": ""Normal""}}","('VALUE', 169.78903132643273)","('VALUE', 169.78903132643273)",True,True
chain,hes_L4_L5,retirada_condensado_linha@L1,"{""hes"": {""L4"": ""Normal"", ""L5"": ""1 By pass e LC"", ""L6"": ""Normal"", ""L7"": ""Normal""}}","('VALUE', 10199.162777537847)","('VALUE', 10199.162777537847)",True,True
chain,hes_L4_L5,retirada_condensado_linha@L2,"{""hes"": {""L4"": ""Normal"", ""L5"": ""1 By pass e LC"", ""L6"": ""Normal"", ""L7"": ""Normal""}}","('VALUE', 0.10199162777537847)","('VALUE', 0.10199162777537847)",True,True
chain,hes_L4_L5,retirada_condensado_linha@L3,"{""hes"": {""L4"": ""Normal"", ""L5"": ""1 By pass e LC"", ""L6"": ""Normal"", ""L7"": ""Normal""}}","('VALUE', 112.19079055291633)","('VALUE', 112.19079055291633)",True,True
chain,hes_L4_L5,retirada_condensado_linha@L4,"{""hes"": {""L4"": ""Normal"", ""L5"": ""1 By pass e LC"", ""L6"": ""Normal"", ""L7"": ""Normal""}}","('STATE', ('NO_APPLICABLE_RULE', None, None))","('STATE', ('NO_APPLICABLE_RULE', None, None))",True,True
chain,hes_L4_L5,retirada_condensado_linha@L5,"{""hes"": {""L4"": ""Normal"", ""L5"": ""1 By pass e LC"", ""L6"": ""Normal"", ""L7"": ""Normal""}}","('STATE', ('NO_APPLICABLE_RULE', None, None))","('STATE', ('NO_APPLICABLE_RULE', None, None))",True,True
chain,hes_L4_L5,retirada_condensado_linha@L6,"{""hes"": {""L4"": ""Normal"", ""L5"": ""1 By pass e LC"", ""L6"": ""Normal"", ""L7"": ""Normal""}}","('VALUE', 84.89451566321637)","('VALUE', 84.89451566321637)",True,True
chain,hes_L4_L5,retirada_condensado_linha@L7,"{""hes"": {""L4"": ""Normal"", ""L5"": ""1 By pass e LC"", ""L6"": ""Normal"", ""L7"": ""Normal""}}","('VALUE', 84.89451566321637)","('VALUE', 84.89451566321637)",True,True
chain,hes_L4_L5,retirada_condensado_total@L1_L7,"{""hes"": {""L4"": ""Normal"", ""L5"": ""1 By pass e LC"", ""L6"": ""Normal"", ""L7"": ""Normal""}}","('STATE', ('NO_APPLICABLE_RULE', None, None))","('STATE', ('NO_APPLICABLE_RULE', None, None))",True,True
chain,hes_L4_L5,retirada_cond_corr_ltp@L1_L3,"{""hes"": {""L4"": ""LC"", ""L5"": ""Normal"", ""L6"": ""Normal"", ""L7"": ""Normal""}}","('VALUE', 183.05806811635424)","('VALUE', 183.05806811635424)",True,True
chain,hes_L4_L5,retirada_cond_corr_ltp@L4_L5,"{""hes"": {""L4"": ""LC"", ""L5"": ""Normal"", ""L6"": ""Normal"", ""L7"": ""Normal""}}","('VALUE', -11.017375456696598)","('VALUE', -11.017375456696598)",True,True
chain,hes_L4_L5,retirada_cond_corr_ltp@L6_L7,"{""hes"": {""L4"": ""LC"", ""L5"": ""Normal"", ""L6"": ""Normal"", ""L7"": ""Normal""}}","('VALUE', -99.49804134140493)","('VALUE', -99.49804134140493)",True,True
chain,hes_L4_L5,lth_grupo@L1_L3,"{""hes"": {""L4"": ""LC"", ""L5"": ""Normal"", ""L6"": ""Normal"", ""L7"": ""Normal""}}","('VALUE', 33333.667)","('VALUE', 33333.667)",True,True
chain,hes_L4_L5,lth_grupo@L4_L5,"{""hes"": {""L4"": ""LC"", ""L5"": ""Normal"", ""L6"": ""Normal"", ""L7"": ""Normal""}}","('VALUE', 50550.0)","('VALUE', 50550.0)",True,True
chain,hes_L4_L5,lth_grupo@L6_L7,"{""hes"": {""L4"": ""LC"", ""L5"": ""Normal"", ""L6"": ""Normal"", ""L7"": ""Normal""}}","('VALUE', 550.0005)","('VALUE', 550.0005)",True,True
chain,hes_L4_L5,retirada_cond_corr_lth@L1_L3,"{""hes"": {""L4"": ""LC"", ""L5"": ""Normal"", ""L6"": ""Normal"", ""L7"": ""Normal""}}","('VALUE', 138.21541837406951)","('VALUE', 138.21541837406951)",True,True
chain,hes_L4_L5,retirada_cond_corr_lth@L4_L5,"{""hes"": {""L4"": ""LC"", ""L5"": ""Normal"", ""L6"": ""Normal"", ""L7"": ""Normal""}}","('VALUE', 126.78540317282608)","('VALUE', 126.78540317282608)",True,True
chain,hes_L4_L5,retirada_cond_corr_lth@L6_L7,"{""hes"": {""L4"": ""LC"", ""L5"": ""Normal"", ""L6"": ""Normal"", ""L7"": ""Normal""}}","('VALUE', 39.60854000075504)","('VALUE', 39.60854000075504)",True,True
chain,hes_L4_L5,retirada_condensado_grupo@L1_L3,"{""hes"": {""L4"": ""LC"", ""L5"": ""Normal"", ""L6"": ""Normal"", ""L7"": ""Normal""}}","('VALUE', 29865.472050773147)","('VALUE', 29865.472050773147)",True,True
chain,hes_L4_L5,retirada_condensado_grupo@L4_L5,"{""hes"": {""L4"": ""LC"", ""L5"": ""Normal"", ""L6"": ""Normal"", ""L7"": ""Normal""}}","('VALUE', 297.35439949674424)","('VALUE', 297.35439949674424)",True,True
chain,hes_L4_L5,retirada_condensado_grupo@L6_L7,"{""hes"": {""L4"": ""LC"", ""L5"": ""Normal"", ""L6"": ""Normal"", ""L7"": ""Normal""}}","('VALUE', 378.21316268431997)","('VALUE', 378.21316268431997)",True,True
chain,hes_L4_L5,retirada_condensado_linha@L1,"{""hes"": {""L4"": ""LC"", ""L5"": ""Normal"", ""L6"": ""Normal"", ""L7"": ""Normal""}}","('VALUE', 0.0002986517310039041)","('VALUE', 0.0002986517310039041)",True,True
chain,hes_L4_L5,retirada_condensado_linha@L2,"{""hes"": {""L4"": ""LC"", ""L5"": ""Normal"", ""L6"": ""Normal"", ""L7"": ""Normal""}}","('VALUE', 0.29865173100390413)","('VALUE', 0.29865173100390413)",True,True
chain,hes_L4_L5,retirada_condensado_linha@L3,"{""hes"": {""L4"": ""LC"", ""L5"": ""Normal"", ""L6"": ""Normal"", ""L7"": ""Normal""}}","('VALUE', 29865.173100390413)","('VALUE', 29865.173100390413)",True,True
chain,hes_L4_L5,retirada_condensado_linha@L4,"{""hes"": {""L4"": ""LC"", ""L5"": ""Normal"", ""L6"": ""Normal"", ""L7"": ""Normal""}}","('VALUE', 294.11908951211103)","('VALUE', 294.11908951211103)",True,True
chain,hes_L4_L5,retirada_condensado_linha@L5,"{""hes"": {""L4"": ""LC"", ""L5"": ""Normal"", ""L6"": ""Normal"", ""L7"": ""Normal""}}","('VALUE', 3.2353099846332216)","('VALUE', 3.2353099846332216)",True,True
chain,hes_L4_L5,retirada_condensado_linha@L6,"{""hes"": {""L4"": ""LC"", ""L5"": ""Normal"", ""L6"": ""Normal"", ""L7"": ""Normal""}}","('VALUE', 378.2128188544846)","('VALUE', 378.2128188544846)",True,True
chain,hes_L4_L5,retirada_condensado_linha@L7,"{""hes"": {""L4"": ""LC"", ""L5"": ""Normal"", ""L6"": ""Normal"", ""L7"": ""Normal""}}","('VALUE', 0.00034382983532225877)","('VALUE', 0.00034382983532225877)",True,True
chain,hes_L4_L5,retirada_condensado_total@L1_L7,"{""hes"": {""L4"": ""LC"", ""L5"": ""Normal"", ""L6"": ""Normal"", ""L7"": ""Normal""}}","('VALUE', 30541.03961295421)","('VALUE', 30541.03961295421)",True,True
chain,hes_L4_L5,retirada_cond_corr_ltp@L1_L3,"{""hes"": {""L4"": ""LC"", ""L5"": ""Normal"", ""L6"": ""Normal"", ""L7"": ""Normal""}}","('VALUE', 183.05806811635424)","('VALUE', 183.05806811635424)",True,True
chain,hes_L4_L5,retirada_cond_corr_ltp@L4_L5,"{""hes"": {""L4"": ""LC"", ""L5"": ""Normal"", ""L6"": ""Normal"", ""L7"": ""Normal""}}","('VALUE', 47.936340992412426)","('VALUE', 47.936340992412426)",True,True
chain,hes_L4_L5,retirada_cond_corr_ltp@L6_L7,"{""hes"": {""L4"": ""LC"", ""L5"": ""Normal"", ""L6"": ""Normal"", ""L7"": ""Normal""}}","('VALUE', -11.017375456696598)","('VALUE', -11.017375456696598)",True,True
chain,hes_L4_L5,lth_grupo@L1_L3,"{""hes"": {""L4"": ""LC"", ""L5"": ""Normal"", ""L6"": ""Normal"", ""L7"": ""Normal""}}","('VALUE', 1013.3333333333334)","('VALUE', 1013.3333333333334)",True,True
chain,hes_L4_L5,lth_grupo@L4_L5,"{""hes"": {""L4"": ""LC"", ""L5"": ""Normal"", ""L6"": ""Normal"", ""L7"": ""Normal""}}","('VALUE', 50000.5)","('VALUE', 50000.5)",True,True
chain,hes_L4_L5,lth_grupo@L6_L7,"{""hes"": {""L4"": ""LC"", ""L5"": ""Normal"", ""L6"": ""Normal"", ""L7"": ""Normal""}}","('VALUE', 50000.0005)","('VALUE', 50000.0005)",True,True
chain,hes_L4_L5,retirada_cond_corr_lth@L1_L3,"{""hes"": {""L4"": ""LC"", ""L5"": ""Normal"", ""L6"": ""Normal"", ""L7"": ""Normal""}}","('VALUE', 50.64365060082301)","('VALUE', 50.64365060082301)",True,True
chain,hes_L4_L5,retirada_cond_corr_lth@L4_L5,"{""hes"": {""L4"": ""LC"", ""L5"": ""Normal"", ""L6"": ""Normal"", ""L7"": ""Normal""}}","('VALUE', 127.43824066567274)","('VALUE', 127.43824066567274)",True,True
chain,hes_L4_L5,retirada_cond_corr_lth@L6_L7,"{""hes"": {""L4"": ""LC"", ""L5"": ""Normal"", ""L6"": ""Normal"", ""L7"": ""Normal""}}","('VALUE', 126.5723480353295)","('VALUE', 126.5723480353295)",True,True
chain,hes_L4_L5,retirada_condensado_grupo@L1_L3,"{""hes"": {""L4"": ""LC"", ""L5"": ""Normal"", ""L6"": ""Normal"", ""L7"": ""Normal""}}","('VALUE', 19650.756747453408)","('VALUE', 19650.756747453408)",True,True
chain,hes_L4_L5,retirada_condensado_grupo@L4_L5,"{""hes"": {""L4"": ""LC"", ""L5"": ""Normal"", ""L6"": ""Normal"", ""L7"": ""Normal""}}","('VALUE', 205.04467448266215)","('VALUE', 205.04467448266215)",True,True
chain,hes_L4_L5,retirada_condensado_grupo@L6_L7,"{""hes"": {""L4"": ""LC"", ""L5"": ""Normal"", ""L6"": ""Normal"", ""L7"": ""Normal""}}","('VALUE', 375.1794469840522)","('VALUE', 375.1794469840522)",True,True
chain,hes_L4_L5,retirada_condensado_linha@L1,"{""hes"": {""L4"": ""LC"", ""L5"": ""Normal"", ""L6"": ""Normal"", ""L7"": ""Normal""}}","('VALUE', 7110.471191512746)","('VALUE', 7110.471191512746)",True,True
chain,hes_L4_L5,retirada_condensado_linha@L2,"{""hes"": {""L4"": ""LC"", ""L5"": ""Normal"", ""L6"": ""Normal"", ""L7"": ""Normal""}}","('VALUE', 6270.14277797033)","('VALUE', 6270.14277797033)",True,True
chain,hes_L4_L5,retirada_condensado_linha@L3,"{""hes"": {""L4"": ""LC"", ""L5"": ""Normal"", ""L6"": ""Normal"", ""L7"": ""Normal""}}","('VALUE', 6270.14277797033)","('VALUE', 6270.14277797033)",True,True
chain,hes_L4_L5,retirada_condensado_linha@L4,"{""hes"": {""L4"": ""LC"", ""L5"": ""Normal"", ""L6"": ""Normal"", ""L7"": ""Normal""}}","('VALUE', 205.0426240564216)","('VALUE', 205.0426240564216)",True,True
chain,hes_L4_L5,retirada_condensado_linha@L5,"{""hes"": {""L4"": ""LC"", ""L5"": ""Normal"", ""L6"": ""Normal"", ""L7"": ""Normal""}}","('VALUE', 0.002050426240564216)","('VALUE', 0.002050426240564216)",True,True
chain,hes_L4_L5,retirada_condensado_linha@L6,"{""hes"": {""L4"": ""LC"", ""L5"": ""Normal"", ""L6"": ""Normal"", ""L7"": ""Normal""}}","('VALUE', 375.17944323225777)","('VALUE', 375.17944323225777)",True,True
chain,hes_L4_L5,retirada_condensado_linha@L7,"{""hes"": {""L4"": ""LC"", ""L5"": ""Normal"", ""L6"": ""Normal"", ""L7"": ""Normal""}}","('VALUE', 3.7517944323225776e-06)","('VALUE', 3.7517944323225776e-06)",True,True
chain,hes_L4_L5,retirada_condensado_total@L1_L7,"{""hes"": {""L4"": ""LC"", ""L5"": ""Normal"", ""L6"": ""Normal"", ""L7"": ""Normal""}}","('VALUE', 20230.980868920124)","('VALUE', 20230.980868920124)",True,True
chain,hes_L4_L5,retirada_cond_corr_ltp@L1_L3,"{""hes"": {""L4"": ""LC"", ""L5"": ""LC"", ""L6"": ""Normal"", ""L7"": ""Normal""}}","('VALUE', -11.017375456696598)","('VALUE', -11.017375456696598)",True,True
chain,hes_L4_L5,retirada_cond_corr_ltp@L4_L5,"{""hes"": {""L4"": ""LC"", ""L5"": ""LC"", ""L6"": ""Normal"", ""L7"": ""Normal""}}","('VALUE', 183.05806811635424)","('VALUE', 183.05806811635424)",True,True
chain,hes_L4_L5,retirada_cond_corr_ltp@L6_L7,"{""hes"": {""L4"": ""LC"", ""L5"": ""LC"", ""L6"": ""Normal"", ""L7"": ""Normal""}}","('VALUE', -11.017375456696598)","('VALUE', -11.017375456696598)",True,True
chain,hes_L4_L5,lth_grupo@L1_L3,"{""hes"": {""L4"": ""LC"", ""L5"": ""LC"", ""L6"": ""Normal"", ""L7"": ""Normal""}}","('VALUE', 33700.333333333336)","('VALUE', 33700.333333333336)",True,True
chain,hes_L4_L5,lth_grupo@L4_L5,"{""hes"": {""L4"": ""LC"", ""L5"": ""LC"", ""L6"": ""Normal"", ""L7"": ""Normal""}}","('VALUE', 50000.5)","('VALUE', 50000.5)",True,True
chain,hes_L4_L5,lth_grupo@L6_L7,"{""hes"": {""L4"": ""LC"", ""L5"": ""LC"", ""L6"": ""Normal"", ""L7"": ""Normal""}}","('VALUE', 0.001)","('VALUE', 0.001)",True,True
chain,hes_L4_L5,retirada_cond_corr_lth@L1_L3,"{""hes"": {""L4"": ""LC"", ""L5"": ""LC"", ""L6"": ""Normal"", ""L7"": ""Normal""}}","('VALUE', 118.88916282252526)","('VALUE', 118.88916282252526)",True,True
chain,hes_L4_L5,retirada_cond_corr_lth@L4_L5,"{""hes"": {""L4"": ""LC"", ""L5"": ""LC"", ""L6"": ""Normal"", ""L7"": ""Normal""}}","('VALUE', 146.11185115972796)","('VALUE', 146.11185115972796)",True,True
chain,hes_L4_L5,retirada_cond_corr_lth@L6_L7,"{""hes"": {""L4"": ""LC"", ""L5"": ""LC"", ""L6"": ""Normal"", ""L7"": ""Normal""}}","('VALUE', -199.1320597363657)","('VALUE', -199.1320597363657)",True,True
chain,hes_L4_L5,retirada_condensado_grupo@L1_L3,"{""hes"": {""L4"": ""LC"", ""L5"": ""LC"", ""L6"": ""Normal"", ""L7"": ""Normal""}}","('VALUE', 10483.719614837666)","('VALUE', 10483.719614837666)",True,True
chain,hes_L4_L5,retirada_condensado_grupo@L4_L5,"{""hes"": {""L4"": ""LC"", ""L5"": ""LC"", ""L6"": ""Normal"", ""L7"": ""Normal""}}","('VALUE', 20.668489818675067)","('VALUE', 20.668489818675067)",True,True
chain,hes_L4_L5,retirada_condensado_grupo@L6_L7,"{""hes"": {""L4"": ""LC"", ""L5"": ""LC"", ""L6"": ""Normal"", ""L7"": ""Normal""}}","('VALUE', -276.22936855933824)","('VALUE', -276.22936855933824)",True,True
chain,hes_L4_L5,retirada_condensado_linha@L1,"{""hes"": {""L4"": ""LC"", ""L5"": ""LC"", ""L6"": ""Normal"", ""L7"": ""Normal""}}","('VALUE', 10369.550859870491)","('VALUE', 10369.550859870491)",True,True
chain,hes_L4_L5,retirada_condensado_linha@L2,"{""hes"": {""L4"": ""LC"", ""L5"": ""LC"", ""L6"": ""Normal"", ""L7"": ""Normal""}}","('VALUE', 114.0650594585754)","('VALUE', 114.0650594585754)",True,True
chain,hes_L4_L5,retirada_condensado_linha@L3,"{""hes"": {""L4"": ""LC"", ""L5"": ""LC"", ""L6"": ""Normal"", ""L7"": ""Normal""}}","('VALUE', 0.10369550859870492)","('VALUE', 0.10369550859870492)",True,True
chain,hes_L4_L5,retirada_condensado_linha@L4,"{""hes"": {""L4"": ""LC"", ""L5"": ""LC"", ""L6"": ""Normal"", ""L7"": ""Normal""}}","('VALUE', 20.66828313584371)","('VALUE', 20.66828313584371)",True,True
chain,hes_L4_L5,retirada_condensado_linha@L5,"{""hes"": {""L4"": ""LC"", ""L5"": ""LC"", ""L6"": ""Normal"", ""L7"": ""Normal""}}","('VALUE', 0.0002066828313584371)","('VALUE', 0.0002066828313584371)",True,True
chain,hes_L4_L5,retirada_condensado_linha@L6,"{""hes"": {""L4"": ""LC"", ""L5"": ""LC"", ""L6"": ""Normal"", ""L7"": ""Normal""}}","('VALUE', -138.11468427966912)","('VALUE', -138.11468427966912)",True,True
chain,hes_L4_L5,retirada_condensado_linha@L7,"{""hes"": {""L4"": ""LC"", ""L5"": ""LC"", ""L6"": ""Normal"", ""L7"": ""Normal""}}","('VALUE', -138.11468427966912)","('VALUE', -138.11468427966912)",True,True
chain,hes_L4_L5,retirada_condensado_total@L1_L7,"{""hes"": {""L4"": ""LC"", ""L5"": ""LC"", ""L6"": ""Normal"", ""L7"": ""Normal""}}","('VALUE', 10228.158736097004)","('VALUE', 10228.158736097004)",True,True
chain,hes_L4_L5,retirada_cond_corr_ltp@L1_L3,"{""hes"": {""L4"": ""LC"", ""L5"": ""LC"", ""L6"": ""Normal"", ""L7"": ""Normal""}}","('VALUE', 47.936340992412426)","('VALUE', 47.936340992412426)",True,True
chain,hes_L4_L5,retirada_cond_corr_ltp@L4_L5,"{""hes"": {""L4"": ""LC"", ""L5"": ""LC"", ""L6"": ""Normal"", ""L7"": ""Normal""}}","('VALUE', 47.936340992412426)","('VALUE', 47.936340992412426)",True,True
chain,hes_L4_L5,retirada_cond_corr_ltp@L6_L7,"{""hes"": {""L4"": ""LC"", ""L5"": ""LC"", ""L6"": ""Normal"", ""L7"": ""Normal""}}","('VALUE', -99.49804134140493)","('VALUE', -99.49804134140493)",True,True
chain,hes_L4_L5,lth_grupo@L1_L3,"{""hes"": {""L4"": ""LC"", ""L5"": ""LC"", ""L6"": ""Normal"", ""L7"": ""Normal""}}","('VALUE', 0.3339999999999999)","('VALUE', 0.3339999999999999)",True,True
chain,hes_L4_L5,lth_grupo@L4_L5,"{""hes"": {""L4"": ""LC"", ""L5"": ""LC"", ""L6"": ""Normal"", ""L7"": ""Normal""}}","('VALUE', 550.0005)","('VALUE', 550.0005)",True,True
chain,hes_L4_L5,lth_grupo@L6_L7,"{""hes"": {""L4"": ""LC"", ""L5"": ""LC"", ""L6"": ""Normal"", ""L7"": ""Normal""}}","('VALUE', 50000.5)","('VALUE', 50000.5)",True,True
chain,hes_L4_L5,retirada_cond_corr_lth@L1_L3,"{""hes"": {""L4"": ""LC"", ""L5"": ""LC"", ""L6"": ""Normal"", ""L7"": ""Normal""}}","('VALUE', -104.63369939219967)","('VALUE', -104.63369939219967)",True,True
chain,hes_L4_L5,retirada_cond_corr_lth@L4_L5,"{""hes"": {""L4"": ""LC"", ""L5"": ""LC"", ""L6"": ""Normal"", ""L7"": ""Normal""}}","('VALUE', 38.74284192468805)","('VALUE', 38.74284192468805)",True,True
chain,hes_L4_L5,retirada_cond_corr_lth@L6_L7,"{""hes"": {""L4"": ""LC"", ""L5"": ""LC"", ""L6"": ""Normal"", ""L7"": ""Normal""}}","('VALUE', 127.43824066567274)","('VALUE', 127.43824066567274)",True,True
chain,hes_L4_L5,retirada_condensado_grupo@L1_L3,"{""hes"": {""L4"": ""LC"", ""L5"": ""LC"", ""L6"": ""Normal"", ""L7"": ""Normal""}}","('VALUE', 19590.289878846164)","('VALUE', 19590.289878846164)",True,True
chain,hes_L4_L5,retirada_condensado_grupo@L4_L5,"{""hes"": {""L4"": ""LC"", ""L5"": ""LC"", ""L6"": ""Normal"", ""L7"": ""Normal""}}","('VALUE', 64.61029314276975)","('VALUE', 64.61029314276975)",True,True
chain,hes_L4_L5,retirada_condensado_grupo@L6_L7,"{""hes"": {""L4"": ""LC"", ""L5"": ""LC"", ""L6"": ""Normal"", ""L7"": ""Normal""}}","('VALUE', 553.8725640141554)","('VALUE', 553.8725640141554)",True,True
chain,hes_L4_L5,retirada_condensado_linha@L1,"{""hes"": {""L4"": ""LC"", ""L5"": ""LC"", ""L6"": ""Normal"", ""L7"": ""Normal""}}","('VALUE', 19551.187503838493)","('VALUE', 19551.187503838493)",True,True
chain,hes_L4_L5,retirada_condensado_linha@L2,"{""hes"": {""L4"": ""LC"", ""L5"": ""LC"", ""L6"": ""Normal"", ""L7"": ""Normal""}}","('VALUE', 19.55118750383849)","('VALUE', 19.55118750383849)",True,True
chain,hes_L4_L5,retirada_condensado_linha@L3,"{""hes"": {""L4"": ""LC"", ""L5"": ""LC"", ""L6"": ""Normal"", ""L7"": ""Normal""}}","('VALUE', 19.55118750383849)","('VALUE', 19.55118750383849)",True,True
chain,hes_L4_L5,retirada_condensado_linha@L4,"{""hes"": {""L4"": ""LC"", ""L5"": ""LC"", ""L6"": ""Normal"", ""L7"": ""Normal""}}","('VALUE', 64.61023440619302)","('VALUE', 64.61023440619302)",True,True
chain,hes_L4_L5,retirada_condensado_linha@L5,"{""hes"": {""L4"": ""LC"", ""L5"": ""LC"", ""L6"": ""Normal"", ""L7"": ""Normal""}}","('VALUE', 5.873657673290275e-05)","('VALUE', 5.873657673290275e-05)",True,True
chain,hes_L4_L5,retirada_condensado_linha@L6,"{""hes"": {""L4"": ""LC"", ""L5"": ""LC"", ""L6"": ""Normal"", ""L7"": ""Normal""}}","('VALUE', 553.867025343902)","('VALUE', 553.867025343902)",True,True
chain,hes_L4_L5,retirada_condensado_linha@L7,"{""hes"": {""L4"": ""LC"", ""L5"": ""LC"", ""L6"": ""Normal"", ""L7"": ""Normal""}}","('VALUE', 0.00553867025343902)","('VALUE', 0.00553867025343902)",True,True
chain,hes_L4_L5,retirada_condensado_total@L1_L7,"{""hes"": {""L4"": ""LC"", ""L5"": ""LC"", ""L6"": ""Normal"", ""L7"": ""Normal""}}","('VALUE', 20208.77273600309)","('VALUE', 20208.77273600309)",True,True
chain,hes_L4_L5,retirada_cond_corr_ltp@L1_L3,"{""hes"": {""L4"": ""LC"", ""L5"": ""Overhaul/Parada"", ""L6"": ""Normal"", ""L7"": ""Normal""}}","('VALUE', 53.93641212842863)","('VALUE', 53.93641212842863)",True,True
chain,hes_L4_L5,retirada_cond_corr_ltp@L4_L5,"{""hes"": {""L4"": ""LC"", ""L5"": ""Overhaul/Parada"", ""L6"": ""Normal"", ""L7"": ""Normal""}}","('VALUE', -11.017375456696598)","('VALUE', -11.017375456696598)",True,True
chain,hes_L4_L5,retirada_cond_corr_ltp@L6_L7,"{""hes"": {""L4"": ""LC"", ""L5"": ""Overhaul/Parada"", ""L6"": ""Normal"", ""L7"": ""Normal""}}","('VALUE', 53.93641212842863)","('VALUE', 53.93641212842863)",True,True
chain,hes_L4_L5,lth_grupo@L1_L3,"{""hes"": {""L4"": ""LC"", ""L5"": ""Overhaul/Parada"", ""L6"": ""Normal"", ""L7"": ""Normal""}}","('VALUE', 367.00033333333334)","('VALUE', 367.00033333333334)",True,True
chain,hes_L4_L5,lth_grupo@L4_L5,"{""hes"": {""L4"": ""LC"", ""L5"": ""Overhaul/Parada"", ""L6"": ""Normal"", ""L7"": ""Normal""}}","('VALUE', 1100.0)","('VALUE', 1100.0)",True,True
chain,hes_L4_L5,lth_grupo@L6_L7,"{""hes"": {""L4"": ""LC"", ""L5"": ""Overhaul/Parada"", ""L6"": ""Normal"", ""L7"": ""Normal""}}","('VALUE', 970.0)","('VALUE', 970.0)",True,True
chain,hes_L4_L5,retirada_cond_corr_lth@L1_L3,"{""hes"": {""L4"": ""LC"", ""L5"": ""Overhaul/Parada"", ""L6"": ""Normal"", ""L7"": ""Normal""}}","('VALUE', -105.52059437885735)","('VALUE', -105.52059437885735)",True,True
chain,hes_L4_L5,retirada_cond_corr_lth@L4_L5,"{""hes"": {""L4"": ""LC"", ""L5"": ""Overhaul/Parada"", ""L6"": ""Normal"", ""L7"": ""Normal""}}","('VALUE', -84.14283424831076)","('VALUE', -84.14283424831076)",True,True
chain,hes_L4_L5,retirada_cond_corr_lth@L6_L7,"{""hes"": {""L4"": ""LC"", ""L5"": ""Overhaul/Parada"", ""L6"": ""Normal"", ""L7"": ""Normal""}}","('VALUE', -86.59219306576469)","('VALUE', -86.59219306576469)",True,True
chain,hes_L4_L5,retirada_condensado_grupo@L1_L3,"{""hes"": {""L4"": ""LC"", ""L5"": ""Overhaul/Parada"", ""L6"": ""Normal"", ""L7"": ""Normal""}}","('VALUE', 9569.628980478143)","('VALUE', 9569.628980478143)",True,True
chain,hes_L4_L5,retirada_condensado_grupo@L4_L5,"{""hes"": {""L4"": ""LC"", ""L5"": ""Overhaul/Parada"", ""L6"": ""Normal"", ""L7"": ""Normal""}}","('VALUE', -36.61530975338909)","('VALUE', -36.61530975338909)",True,True
chain,hes_L4_L5,retirada_condensado_grupo@L6_L7,"{""hes"": {""L4"": ""LC"", ""L5"": ""Overhaul/Parada"", ""L6"": ""Normal"", ""L7"": ""Normal""}}","('VALUE', -181.05721038838664)","('VALUE', -181.05721038838664)",True,True
chain,hes_L4_L5,retirada_condensado_linha@L1,"{""hes"": {""L4"": ""LC"", ""L5"": ""Overhaul/Parada"", ""L6"": ""Normal"", ""L7"": ""Normal""}}","('VALUE', 9560.928535510828)","('VALUE', 9560.928535510828)",True,True
chain,hes_L4_L5,retirada_condensado_linha@L2,"{""hes"": {""L4"": ""LC"", ""L5"": ""Overhaul/Parada"", ""L6"": ""Normal"", ""L7"": ""Normal""}}","('VALUE', 8.691753214100753)","('VALUE', 8.691753214100753)",True,True
chain,hes_L4_L5,retirada_condensado_linha@L3,"{""hes"": {""L4"": ""LC"", ""L5"": ""Overhaul/Parada"", ""L6"": ""Normal"", ""L7"": ""Normal""}}","('VALUE', 0.008691753214100753)","('VALUE', 0.008691753214100753)",True,True
chain,hes_L4_L5,retirada_condensado_linha@L4,"{""hes"": {""L4"": ""LC"", ""L5"": ""Overhaul/Parada"", ""L6"": ""Normal"", ""L7"": ""Normal""}}","('VALUE', -18.307654876694546)","('VALUE', -18.307654876694546)",True,True
chain,hes_L4_L5,retirada_condensado_linha@L5,"{""hes"": {""L4"": ""LC"", ""L5"": ""Overhaul/Parada"", ""L6"": ""Normal"", ""L7"": ""Normal""}}","('VALUE', -18.307654876694546)","('VALUE', -18.307654876694546)",True,True
chain,hes_L4_L5,retirada_condensado_linha@L6,"{""hes"": {""L4"": ""LC"", ""L5"": ""Overhaul/Parada"", ""L6"": ""Normal"", ""L7"": ""Normal""}}","('VALUE', -90.52860519419332)","('VALUE', -90.52860519419332)",True,True
chain,hes_L4_L5,retirada_condensado_linha@L7,"{""hes"": {""L4"": ""LC"", ""L5"": ""Overhaul/Parada"", ""L6"": ""Normal"", ""L7"": ""Normal""}}","('VALUE', -90.52860519419332)","('VALUE', -90.52860519419332)",True,True
chain,hes_L4_L5,retirada_condensado_total@L1_L7,"{""hes"": {""L4"": ""LC"", ""L5"": ""Overhaul/Parada"", ""L6"": ""Normal"", ""L7"": ""Normal""}}","('VALUE', 9351.956460336367)","('VALUE', 9351.956460336367)",True,True
chain,hes_L4_L5,retirada_cond_corr_ltp@L1_L3,"{""hes"": {""L4"": ""LC"", ""L5"": ""Overhaul/Parada"", ""L6"": ""Normal"", ""L7"": ""Normal""}}","('VALUE', 47.936340992412426)","('VALUE', 47.936340992412426)",True,True
chain,hes_L4_L5,retirada_cond_corr_ltp@L4_L5,"{""hes"": {""L4"": ""LC"", ""L5"": ""Overhaul/Parada"", ""L6"": ""Normal"", ""L7"": ""Normal""}}","('VALUE', 47.936340992412426)","('VALUE', 47.936340992412426)",True,True
chain,hes_L4_L5,retirada_cond_corr_ltp@L6_L7,"{""hes"": {""L4"": ""LC"", ""L5"": ""Overhaul/Parada"", ""L6"": ""Normal"", ""L7"": ""Normal""}}","('VALUE', 183.05806811635424)","('VALUE', 183.05806811635424)",True,True
chain,hes_L4_L5,lth_grupo@L1_L3,"{""hes"": {""L4"": ""LC"", ""L5"": ""Overhaul/Parada"", ""L6"": ""Normal"", ""L7"": ""Normal""}}","('VALUE', 33334.0)","('VALUE', 33334.0)",True,True
chain,hes_L4_L5,lth_grupo@L4_L5,"{""hes"": {""L4"": ""LC"", ""L5"": ""Overhaul/Parada"", ""L6"": ""Normal"", ""L7"": ""Normal""}}","('VALUE', 485.0005)","('VALUE', 485.0005)",True,True
chain,hes_L4_L5,lth_grupo@L6_L7,"{""hes"": {""L4"": ""LC"", ""L5"": ""Overhaul/Parada"", ""L6"": ""Normal"", ""L7"": ""Normal""}}","('VALUE', 0.001)","('VALUE', 0.001)",True,True
chain,hes_L4_L5,retirada_cond_corr_lth@L1_L3,"{""hes"": {""L4"": ""LC"", ""L5"": ""Overhaul/Parada"", ""L6"": ""Normal"", ""L7"": ""Normal""}}","('VALUE', 118.67630435627805)","('VALUE', 118.67630435627805)",True,True
chain,hes_L4_L5,retirada_cond_corr_lth@L4_L5,"{""hes"": {""L4"": ""LC"", ""L5"": ""Overhaul/Parada"", ""L6"": ""Normal"", ""L7"": ""Normal""}}","('VALUE', -100.09121432986039)","('VALUE', -100.09121432986039)",True,True
chain,hes_L4_L5,retirada_cond_corr_lth@L6_L7,"{""hes"": {""L4"": ""LC"", ""L5"": ""Overhaul/Parada"", ""L6"": ""Normal"", ""L7"": ""Normal""}}","('VALUE', -217.8056702304209)","('VALUE', -217.8056702304209)",True,True
chain,hes_L4_L5,retirada_condensado_grupo@L1_L3,"{""hes"": {""L4"": ""LC"", ""L5"": ""Overhaul/Parada"", ""L6"": ""Normal"", ""L7"": ""Normal""}}","('VALUE', 212.21989009159688)","('VALUE', 212.21989009159688)",True,True
chain,hes_L4_L5,retirada_condensado_grupo@L4_L5,"{""hes"": {""L4"": ""LC"", ""L5"": ""Overhaul/Parada"", ""L6"": ""Normal"", ""L7"": ""Normal""}}","('VALUE', -155.21029592693193)","('VALUE', -155.21029592693193)",True,True
chain,hes_L4_L5,retirada_condensado_grupo@L6_L7,"{""hes"": {""L4"": ""LC"", ""L5"": ""Overhaul/Parada"", ""L6"": ""Normal"", ""L7"": ""Normal""}}","('VALUE', -701.7274766935502)","('VALUE', -701.7274766935502)",True,True
chain,hes_L4_L5,retirada_condensado_linha@L1,"{""hes"": {""L4"": ""LC"", ""L5"": ""Overhaul/Parada"", ""L6"": ""Normal"", ""L7"": ""Normal""}}","('VALUE', 0.0021221564577868133)","('VALUE', 0.0021221564577868133)",True,True
chain,hes_L4_L5,retirada_condensado_linha@L2,"{""hes"": {""L4"": ""LC"", ""L5"": ""Overhaul/Parada"", ""L6"": ""Normal"", ""L7"": ""Normal""}}","('VALUE', 212.2156457786813)","('VALUE', 212.2156457786813)",True,True
chain,hes_L4_L5,retirada_condensado_linha@L3,"{""hes"": {""L4"": ""LC"", ""L5"": ""Overhaul/Parada"", ""L6"": ""Normal"", ""L7"": ""Normal""}}","('VALUE', 0.0021221564577868133)","('VALUE', 0.0021221564577868133)",True,True
chain,hes_L4_L5,retirada_condensado_linha@L4,"{""hes"": {""L4"": ""LC"", ""L5"": ""Overhaul/Parada"", ""L6"": ""Normal"", ""L7"": ""Normal""}}","('VALUE', -0.00016001044939843563)","('VALUE', -0.00016001044939843563)",True,True
chain,hes_L4_L5,retirada_condensado_linha@L5,"{""hes"": {""L4"": ""LC"", ""L5"": ""Overhaul/Parada"", ""L6"": ""Normal"", ""L7"": ""Normal""}}","('VALUE', -155.21013591648253)","('VALUE', -155.21013591648253)",True,True
chain,hes_L4_L5,retirada_condensado_linha@L6,"{""hes"": {""L4"": ""LC"", ""L5"": ""Overhaul/Parada"", ""L6"": ""Normal"", ""L7"": ""Normal""}}","('VALUE', -350.8637383467751)","('VALUE', -350.8637383467751)",True,True
chain,hes_L4_L5,retirada_condensado_linha@L7,"{""hes"": {""L4"": ""LC"", ""L5"": ""Overhaul/Parada"", ""L6"": ""Normal"", ""L7"": ""Normal""}}","('VALUE', -350.8637383467751)","('VALUE', -350.8637383467751)",True,True
chain,hes_L4_L5,retirada_condensado_total@L1_L7,"{""hes"": {""L4"": ""LC"", ""L5"": ""Overhaul/Parada"", ""L6"": ""Normal"", ""L7"": ""Normal""}}","('VALUE', -644.7178825288853)","('VALUE', -644.7178825288853)",True,True
chain,hes_L4_L5,retirada_cond_corr_ltp@L1_L3,"{""hes"": {""L4"": ""LC"", ""L5"": ""1 By pass"", ""L6"": ""Normal"", ""L7"": ""Normal""}}","('VALUE', -99.49804134140493)","('VALUE', -99.49804134140493)",True,True
chain,hes_L4_L5,retirada_cond_corr_ltp@L4_L5,"{""hes"": {""L4"": ""LC"", ""L5"": ""1 By pass"", ""L6"": ""Normal"", ""L7"": ""Normal""}}","('VALUE', -99.49804134140493)","('VALUE', -99.49804134140493)",True,True
chain,hes_L4_L5,retirada_cond_corr_ltp@L6_L7,"{""hes"": {""L4"": ""LC"", ""L5"": ""1 By pass"", ""L6"": ""Normal"", ""L7"": ""Normal""}}","('VALUE', 47.936340992412426)","('VALUE', 47.936340992412426)",True,True
chain,hes_L4_L5,lth_grupo@L1_L3,"{""hes"": {""L4"": ""LC"", ""L5"": ""1 By pass"", ""L6"": ""Normal"", ""L7"": ""Normal""}}","('VALUE', 33700.333333333336)","('VALUE', 33700.333333333336)",True,True
chain,hes_L4_L5,lth_grupo@L4_L5,"{""hes"": {""L4"": ""LC"", ""L5"": ""1 By pass"", ""L6"": ""Normal"", ""L7"": ""Normal""}}","('VALUE', 970.0)","('VALUE', 970.0)",True,True
chain,hes_L4_L5,lth_grupo@L6_L7,"{""hes"": {""L4"": ""LC"", ""L5"": ""1 By pass"", ""L6"": ""Normal"", ""L7"": ""Normal""}}","('VALUE', 50485.0)","('VALUE', 50485.0)",True,True
chain,hes_L4_L5,retirada_cond_corr_lth@L1_L3,"{""hes"": {""L4"": ""LC"", ""L5"": ""1 By pass"", ""L6"": ""Normal"", ""L7"": ""Normal""}}","('VALUE', -17.495536987341097)","('VALUE', -17.495536987341097)",True,True
chain,hes_L4_L5,retirada_cond_corr_lth@L4_L5,"{""hes"": {""L4"": ""LC"", ""L5"": ""1 By pass"", ""L6"": ""Normal"", ""L7"": ""Normal""}}","('VALUE', 69.33181531422386)","('VALUE', 69.33181531422386)",True,True
chain,hes_L4_L5,retirada_cond_corr_lth@L6_L7,"{""hes"": {""L4"": ""LC"", ""L5"": ""1 By pass"", ""L6"": ""Normal"", ""L7"": ""Normal""}}","('VALUE', 126.76034502120251)","('VALUE', 126.76034502120251)",True,True
chain,hes_L4_L5,retirada_condensado_grupo@L1_L3,"{""hes"": {""L4"": ""LC"", ""L5"": ""1 By pass"", ""L6"": ""Normal"", ""L7"": ""Normal""}}","('VALUE', 340.0075130621915)","('VALUE', 340.0075130621915)",True,True
chain,hes_L4_L5,retirada_condensado_grupo@L4_L5,"{""hes"": {""L4"": ""LC"", ""L5"": ""1 By pass"", ""L6"": ""Normal"", ""L7"": ""Normal""}}","('VALUE', 346.48060637141225)","('VALUE', 346.48060637141225)",True,True
chain,hes_L4_L5,retirada_condensado_grupo@L6_L7,"{""hes"": {""L4"": ""LC"", ""L5"": ""1 By pass"", ""L6"": ""Normal"", ""L7"": ""Normal""}}","('VALUE', 257.64800805758017)","('VALUE', 257.64800805758017)",True,True
chain,hes_L4_L5,retirada_condensado_linha@L1,"{""hes"": {""L4"": ""LC"", ""L5"": ""1 By pass"", ""L6"": ""Normal"", ""L7"": ""Normal""}}","('VALUE', 0.0033630479724452923)","('VALUE', 0.0033630479724452923)",True,True
chain,hes_L4_L5,retirada_condensado_linha@L2,"{""hes"": {""L4"": ""LC"", ""L5"": ""1 By pass"", ""L6"": ""Normal"", ""L7"": ""Normal""}}","('VALUE', 3.6993527696898214)","('VALUE', 3.6993527696898214)",True,True
chain,hes_L4_L5,retirada_condensado_linha@L3,"{""hes"": {""L4"": ""LC"", ""L5"": ""1 By pass"", ""L6"": ""Normal"", ""L7"": ""Normal""}}","('VALUE', 336.3047972445292)","('VALUE', 336.3047972445292)",True,True
chain,hes_L4_L5,retirada_condensado_linha@L4,"{""hes"": {""L4"": ""LC"", ""L5"": ""1 By pass"", ""L6"": ""Normal"", ""L7"": ""Normal""}}","('VALUE', 173.24030318570613)","('VALUE', 173.24030318570613)",True,True
chain,hes_L4_L5,retirada_condensado_linha@L5,"{""hes"": {""L4"": ""LC"", ""L5"": ""1 By pass"", ""L6"": ""Normal"", ""L7"": ""Normal""}}","('VALUE', 173.24030318570613)","('VALUE', 173.24030318570613)",True,True
chain,hes_L4_L5,retirada_condensado_linha@L6,"{""hes"": {""L4"": ""LC"", ""L5"": ""1 By pass"", ""L6"": ""Normal"", ""L7"": ""Normal""}}","('VALUE', 2.4751764664341165)","('VALUE', 2.4751764664341165)",True,True
chain,hes_L4_L5,retirada_condensado_linha@L7,"{""hes"": {""L4"": ""LC"", ""L5"": ""1 By pass"", ""L6"": ""Normal"", ""L7"": ""Normal""}}","('VALUE', 255.17283159114606)","('VALUE', 255.17283159114606)",True,True
chain,hes_L4_L5,retirada_condensado_total@L1_L7,"{""hes"": {""L4"": ""LC"", ""L5"": ""1 By pass"", ""L6"": ""Normal"", ""L7"": ""Normal""}}","('VALUE', 944.136127491184)","('VALUE', 944.136127491184)",True,True
chain,hes_L4_L5,retirada_cond_corr_ltp@L1_L3,"{""hes"": {""L4"": ""LC"", ""L5"": ""1 By pass"", ""L6"": ""Normal"", ""L7"": ""Normal""}}","('VALUE', -99.49804134140493)","('VALUE', -99.49804134140493)",True,True
chain,hes_L4_L5,retirada_cond_corr_ltp@L4_L5,"{""hes"": {""L4"": ""LC"", ""L5"": ""1 By pass"", ""L6"": ""Normal"", ""L7"": ""Normal""}}","('VALUE', 53.93641212842863)","('VALUE', 53.93641212842863)",True,True
chain,hes_L4_L5,retirada_cond_corr_ltp@L6_L7,"{""hes"": {""L4"": ""LC"", ""L5"": ""1 By pass"", ""L6"": ""Normal"", ""L7"": ""Normal""}}","('VALUE', -99.49804134140493)","('VALUE', -99.49804134140493)",True,True
chain,hes_L4_L5,lth_grupo@L1_L3,"{""hes"": {""L4"": ""LC"", ""L5"": ""1 By pass"", ""L6"": ""Normal"", ""L7"": ""Normal""}}","('VALUE', 33333.667)","('VALUE', 33333.667)",True,True
chain,hes_L4_L5,lth_grupo@L4_L5,"{""hes"": {""L4"": ""LC"", ""L5"": ""1 By pass"", ""L6"": ""Normal"", ""L7"": ""Normal""}}","('VALUE', 0.5005)","('VALUE', 0.5005)",True,True
chain,hes_L4_L5,lth_grupo@L6_L7,"{""hes"": {""L4"": ""LC"", ""L5"": ""1 By pass"", ""L6"": ""Normal"", ""L7"": ""Normal""}}","('VALUE', 50000.5)","('VALUE', 50000.5)",True,True
chain,hes_L4_L5,retirada_cond_corr_lth@L1_L3,"{""hes"": {""L4"": ""LC"", ""L5"": ""1 By pass"", ""L6"": ""Normal"", ""L7"": ""Normal""}}","('VALUE', 119.54180788001429)","('VALUE', 119.54180788001429)",True,True
chain,hes_L4_L5,retirada_cond_corr_lth@L4_L5,"{""hes"": {""L4"": ""LC"", ""L5"": ""1 By pass"", ""L6"": ""Normal"", ""L7"": ""Normal""}}","('VALUE', -234.00711013059527)","('VALUE', -234.00711013059527)",True,True
chain,hes_L4_L5,retirada_cond_corr_lth@L6_L7,"{""hes"": {""L4"": ""LC"", ""L5"": ""1 By pass"", ""L6"": ""Normal"", ""L7"": ""Normal""}}","('VALUE', 126.57254258960575)","('VALUE', 126.57254258960575)",True,True
chain,hes_L4_L5,retirada_condensado_grupo@L1_L3,"{""hes"": {""L4"": ""LC"", ""L5"": ""1 By pass"", ""L6"": ""Normal"", ""L7"": ""Normal""}}","('VALUE', 799.1195476642577)","('VALUE', 799.1195476642577)",True,True
chain,hes_L4_L5,retirada_condensado_grupo@L4_L5,"{""hes"": {""L4"": ""LC"", ""L5"": ""1 By pass"", ""L6"": ""Normal"", ""L7"": ""Normal""}}","('VALUE', -376.74391024345454)","('VALUE', -376.74391024345454)",True,True
chain,hes_L4_L5,retirada_condensado_grupo@L6_L7,"{""hes"": {""L4"": ""LC"", ""L5"": ""1 By pass"", ""L6"": ""Normal"", ""L7"": ""Normal""}}","('VALUE', 552.1411678620213)","('VALUE', 552.1411678620213)",True,True
chain,hes_L4_L5,retirada_condensado_linha@L1,"{""hes"": {""L4"": ""LC"", ""L5"": ""1 By pass"", ""L6"": ""Normal"", ""L7"": ""Normal""}}","('VALUE', 0.007991115485576565)","('VALUE', 0.007991115485576565)",True,True
chain,hes_L4_L5,retirada_condensado_linha@L2,"{""hes"": {""L4"": ""LC"", ""L5"": ""1 By pass"", ""L6"": ""Normal"", ""L7"": ""Normal""}}","('VALUE', 799.1115485576565)","('VALUE', 799.1115485576565)",True,True
chain,hes_L4_L5,retirada_condensado_linha@L3,"{""hes"": {""L4"": ""LC"", ""L5"": ""1 By pass"", ""L6"": ""Normal"", ""L7"": ""Normal""}}","('VALUE', 7.991115485576565e-06)","('VALUE', 7.991115485576565e-06)",True,True
chain,hes_L4_L5,retirada_condensado_linha@L4,"{""hes"": {""L4"": ""LC"", ""L5"": ""1 By pass"", ""L6"": ""Normal"", ""L7"": ""Normal""}}","('VALUE', -0.37636754270075384)","('VALUE', -0.37636754270075384)",True,True
chain,hes_L4_L5,retirada_condensado_linha@L5,"{""hes"": {""L4"": ""LC"", ""L5"": ""1 By pass"", ""L6"": ""Normal"", ""L7"": ""Normal""}}","('VALUE', -376.3675427007538)","('VALUE', -376.3675427007538)",True,True
chain,hes_L4_L5,retirada_condensado_linha@L6,"{""hes"": {""L4"": ""LC"", ""L5"": ""1 By pass"", ""L6"": ""Normal"", ""L7"": ""Normal""}}","('VALUE', 0.005521356465055563)","('VALUE', 0.005521356465055563)",True,True
chain,hes_L4_L5,retirada_condensado_linha@L7,"{""hes"": {""L4"": ""LC"", ""L5"": ""1 By pass"", ""L6"": ""Normal"", ""L7"": ""Normal""}}","('VALUE', 552.1356465055562)","('VALUE', 552.1356465055562)",True,True
chain,hes_L4_L5,retirada_condensado_total@L1_L7,"{""hes"": {""L4"": ""LC"", ""L5"": ""1 By pass"", ""L6"": ""Normal"", ""L7"": ""Normal""}}","('VALUE', 974.5168052828244)","('VALUE', 974.5168052828244)",True,True
chain,hes_L4_L5,retirada_cond_corr_ltp@L1_L3,"{""hes"": {""L4"": ""LC"", ""L5"": ""1 By pass e LC"", ""L6"": ""Normal"", ""L7"": ""Normal""}}","('VALUE', -99.49804134140493)","('VALUE', -99.49804134140493)",True,True
chain,hes_L4_L5,retirada_cond_corr_ltp@L4_L5,"{""hes"": {""L4"": ""LC"", ""L5"": ""1 By pass e LC"", ""L6"": ""Normal"", ""L7"": ""Normal""}}","('VALUE', -11.017375456696598)","('VALUE', -11.017375456696598)",True,True
chain,hes_L4_L5,retirada_cond_corr_ltp@L6_L7,"{""hes"": {""L4"": ""LC"", ""L5"": ""1 By pass e LC"", ""L6"": ""Normal"", ""L7"": ""Normal""}}","('VALUE', -99.49804134140493)","('VALUE', -99.49804134140493)",True,True
chain,hes_L4_L5,lth_grupo@L1_L3,"{""hes"": {""L4"": ""LC"", ""L5"": ""1 By pass e LC"", ""L6"": ""Normal"", ""L7"": ""Normal""}}","('VALUE', 690.0003333333334)","('VALUE', 690.0003333333334)",True,True
chain,hes_L4_L5,lth_grupo@L4_L5,"{""hes"": {""L4"": ""LC"", ""L5"": ""1 By pass e LC"", ""L6"": ""Normal"", ""L7"": ""Normal""}}","('VALUE', 1035.0)","('VALUE', 1035.0)",True,True
chain,hes_L4_L5,lth_grupo@L6_L7,"{""hes"": {""L4"": ""LC"", ""L5"": ""1 By pass e LC"", ""L6"": ""Normal"", ""L7"": ""Normal""}}","('VALUE', 1035.0)","('VALUE', 1035.0)",True,True
chain,hes_L4_L5,retirada_cond_corr_lth@L1_L3,"{""hes"": {""L4"": ""LC"", ""L5"": ""1 By pass e LC"", ""L6"": ""Normal"", ""L7"": ""Normal""}}","('VALUE', 62.698552593112396)","('VALUE', 62.698552593112396)",True,True
chain,hes_L4_L5,retirada_cond_corr_lth@L4_L5,"{""hes"": {""L4"": ""LC"", ""L5"": ""1 By pass e LC"", ""L6"": ""Normal"", ""L7"": ""Normal""}}","('VALUE', 51.05566759518641)","('VALUE', 51.05566759518641)",True,True
chain,hes_L4_L5,retirada_cond_corr_lth@L6_L7,"{""hes"": {""L4"": ""LC"", ""L5"": ""1 By pass e LC"", ""L6"": ""Normal"", ""L7"": ""Normal""}}","('VALUE', -85.32903221467996)","('VALUE', -85.32903221467996)",True,True
chain,hes_L4_L5,retirada_condensado_grupo@L1_L3,"{""hes"": {""L4"": ""LC"", ""L5"": ""1 By pass e LC"", ""L6"": ""Normal"", ""L7"": ""Normal""}}","('VALUE', 30486.589781803552)","('VALUE', 30486.589781803552)",True,True
chain,hes_L4_L5,retirada_condensado_grupo@L4_L5,"{""hes"": {""L4"": ""LC"", ""L5"": ""1 By pass e LC"", ""L6"": ""Normal"", ""L7"": ""Normal""}}","('VALUE', 177.44898483214808)","('VALUE', 177.44898483214808)",True,True
chain,hes_L4_L5,retirada_condensado_grupo@L6_L7,"{""hes"": {""L4"": ""LC"", ""L5"": ""1 By pass e LC"", ""L6"": ""Normal"", ""L7"": ""Normal""}}","('VALUE', 128.33801825344995)","('VALUE', 128.33801825344995)",True,True
chain,hes_L4_L5,retirada_condensado_linha@L1,"{""hes"": {""L4"": ""LC"", ""L5"": ""1 By pass e LC"", ""L6"": ""Normal"", ""L7"": ""Normal""}}","('VALUE', 16200.5954393181)","('VALUE', 16200.5954393181)",True,True
chain,hes_L4_L5,retirada_condensado_linha@L2,"{""hes"": {""L4"": ""LC"", ""L5"": ""1 By pass e LC"", ""L6"": ""Normal"", ""L7"": ""Normal""}}","('VALUE', 14285.979614671414)","('VALUE', 14285.979614671414)",True,True
chain,hes_L4_L5,retirada_condensado_linha@L3,"{""hes"": {""L4"": ""LC"", ""L5"": ""1 By pass e LC"", ""L6"": ""Normal"", ""L7"": ""Normal""}}","('VALUE', 0.014727814035743726)","('VALUE', 0.014727814035743726)",True,True
chain,hes_L4_L5,retirada_condensado_linha@L4,"{""hes"": {""L4"": ""LC"", ""L5"": ""1 By pass e LC"", ""L6"": ""Normal"", ""L7"": ""Normal""}}","('VALUE', 83.15242284405007)","('VALUE', 83.15242284405007)",True,True
chain,hes_L4_L5,retirada_condensado_linha@L5,"{""hes"": {""L4"": ""LC"", ""L5"": ""1 By pass e LC"", ""L6"": ""Normal"", ""L7"": ""Normal""}}","('VALUE', 94.296561988098)","('VALUE', 94.296561988098)",True,True
chain,hes_L4_L5,retirada_condensado_linha@L6,"{""hes"": {""L4"": ""LC"", ""L5"": ""1 By pass e LC"", ""L6"": ""Normal"", ""L7"": ""Normal""}}","('VALUE', 68.19894689796857)","('VALUE', 68.19894689796857)",True,True
chain,hes_L4_L5,retirada_condensado_linha@L7,"{""hes"": {""L4"": ""LC"", ""L5"": ""1 By pass e LC"", ""L6"": ""Normal"", ""L7"": ""Normal""}}","('VALUE', 60.13907135548138)","('VALUE', 60.13907135548138)",True,True
chain,hes_L4_L5,retirada_condensado_total@L1_L7,"{""hes"": {""L4"": ""LC"", ""L5"": ""1 By pass e LC"", ""L6"": ""Normal"", ""L7"": ""Normal""}}","('VALUE', 30792.376784889148)","('VALUE', 30792.376784889148)",True,True
chain,hes_L4_L5,retirada_cond_corr_ltp@L1_L3,"{""hes"": {""L4"": ""LC"", ""L5"": ""1 By pass e LC"", ""L6"": ""Normal"", ""L7"": ""Normal""}}","('VALUE', 53.93641212842863)","('VALUE', 53.93641212842863)",True,True
chain,hes_L4_L5,retirada_cond_corr_ltp@L4_L5,"{""hes"": {""L4"": ""LC"", ""L5"": ""1 By pass e LC"", ""L6"": ""Normal"", ""L7"": ""Normal""}}","('VALUE', -99.49804134140493)","('VALUE', -99.49804134140493)",True,True
chain,hes_L4_L5,retirada_cond_corr_ltp@L6_L7,"{""hes"": {""L4"": ""LC"", ""L5"": ""1 By pass e LC"", ""L6"": ""Normal"", ""L7"": ""Normal""}}","('VALUE', 183.05806811635424)","('VALUE', 183.05806811635424)",True,True
chain,hes_L4_L5,lth_grupo@L1_L3,"{""hes"": {""L4"": ""LC"", ""L5"": ""1 By pass e LC"", ""L6"": ""Normal"", ""L7"": ""Normal""}}","('VALUE', 33656.667)","('VALUE', 33656.667)",True,True
chain,hes_L4_L5,lth_grupo@L4_L5,"{""hes"": {""L4"": ""LC"", ""L5"": ""1 By pass e LC"", ""L6"": ""Normal"", ""L7"": ""Normal""}}","('VALUE', 1035.0)","('VALUE', 1035.0)",True,True
chain,hes_L4_L5,lth_grupo@L6_L7,"{""hes"": {""L4"": ""LC"", ""L5"": ""1 By pass e LC"", ""L6"": ""Normal"", ""L7"": ""Normal""}}","('VALUE', 0.5005)","('VALUE', 0.5005)",True,True
chain,hes_L4_L5,retirada_cond_corr_lth@L1_L3,"{""hes"": {""L4"": ""LC"", ""L5"": ""1 By pass e LC"", ""L6"": ""Normal"", ""L7"": ""Normal""}}","('VALUE', 118.86391223367508)","('VALUE', 118.86391223367508)",True,True
chain,hes_L4_L5,retirada_cond_corr_lth@L4_L5,"{""hes"": {""L4"": ""LC"", ""L5"": ""1 By pass e LC"", ""L6"": ""Normal"", ""L7"": ""Normal""}}","('VALUE', 51.05566759518641)","('VALUE', 51.05566759518641)",True,True
chain,hes_L4_L5,retirada_cond_corr_lth@L6_L7,"{""hes"": {""L4"": ""LC"", ""L5"": ""1 By pass e LC"", ""L6"": ""Normal"", ""L7"": ""Normal""}}","('VALUE', -97.6224103207289)","('VALUE', -97.6224103207289)",True,True
chain,hes_L4_L5,retirada_condensado_grupo@L1_L3,"{""hes"": {""L4"": ""LC"", ""L5"": ""1 By pass e LC"", ""L6"": ""Normal"", ""L7"": ""Normal""}}","('VALUE', 10290.78250031574)","('VALUE', 10290.78250031574)",True,True
chain,hes_L4_L5,retirada_condensado_grupo@L4_L5,"{""hes"": {""L4"": ""LC"", ""L5"": ""1 By pass e LC"", ""L6"": ""Normal"", ""L7"": ""Normal""}}","('VALUE', 317.54337248293626)","('VALUE', 317.54337248293626)",True,True
chain,hes_L4_L5,retirada_condensado_grupo@L6_L7,"{""hes"": {""L4"": ""LC"", ""L5"": ""1 By pass e LC"", ""L6"": ""Normal"", ""L7"": ""Normal""}}","('VALUE', -461.3609568741663)","('VALUE', -461.3609568741663)",True,True
chain,hes_L4_L5,retirada_condensado_linha@L1,"{""hes"": {""L4"": ""LC"", ""L5"": ""1 By pass e LC"", ""L6"": ""Normal"", ""L7"": ""Normal""}}","('VALUE', 10191.920766957048)","('VALUE', 10191.920766957048)",True,True
chain,hes_L4_L5,retirada_condensado_linha@L2,"{""hes"": {""L4"": ""LC"", ""L5"": ""1 By pass e LC"", ""L6"": ""Normal"", ""L7"": ""Normal""}}","('VALUE', 0.00010191920766957048)","('VALUE', 0.00010191920766957048)",True,True
chain,hes_L4_L5,retirada_condensado_linha@L3,"{""hes"": {""L4"": ""LC"", ""L5"": ""1 By pass e LC"", ""L6"": ""Normal"", ""L7"": ""Normal""}}","('VALUE', 98.86163143948338)","('VALUE', 98.86163143948338)",True,True
chain,hes_L4_L5,retirada_condensado_linha@L4,"{""hes"": {""L4"": ""LC"", ""L5"": ""1 By pass e LC"", ""L6"": ""Normal"", ""L7"": ""Normal""}}","('VALUE', 148.8005175403131)","('VALUE', 148.8005175403131)",True,True
chain,hes_L4_L5,retirada_condensado_linha@L5,"{""hes"": {""L4"": ""LC"", ""L5"": ""1 By pass e LC"", ""L6"": ""Normal"", ""L7"": ""Normal""}}","('VALUE', 168.74285494262313)","('VALUE', 168.74285494262313)",True,True
chain,hes_L4_L5,retirada_condensado_linha@L6,"{""hes"": {""L4"": ""LC"", ""L5"": ""1 By pass e LC"", ""L6"": ""Normal"", ""L7"": ""Normal""}}","('VALUE', -0.46090005681734897)","('VALUE', -0.46090005681734897)",True,True
chain,hes_L4_L5,retirada_condensado_linha@L7,"{""hes"": {""L4"": ""LC"", ""L5"": ""1 By pass e LC"", ""L6"": ""Normal"", ""L7"": ""Normal""}}","('VALUE', -460.90005681734897)","('VALUE', -460.90005681734897)",True,True
chain,hes_L4_L5,retirada_condensado_total@L1_L7,"{""hes"": {""L4"": ""LC"", ""L5"": ""1 By pass e LC"", ""L6"": ""Normal"", ""L7"": ""Normal""}}","('VALUE', 10146.96491592451)","('VALUE', 10146.96491592451)",True,True
chain,hes_L4_L5,retirada_cond_corr_ltp@L1_L3,"{""hes"": {""L4"": ""Overhaul/Parada"", ""L5"": ""Normal"", ""L6"": ""Normal"", ""L7"": ""Normal""}}","('VALUE', -99.49804134140493)","('VALUE', -99.49804134140493)",True,True
chain,hes_L4_L5,retirada_cond_corr_ltp@L4_L5,"{""hes"": {""L4"": ""Overhaul/Parada"", ""L5"": ""Normal"", ""L6"": ""Normal"", ""L7"": ""Normal""}}","('VALUE', 183.05806811635424)","('VALUE', 183.05806811635424)",True,True
chain,hes_L4_L5,retirada_cond_corr_ltp@L6_L7,"{""hes"": {""L4"": ""Overhaul/Parada"", ""L5"": ""Normal"", ""L6"": ""Normal"", ""L7"": ""Normal""}}","('VALUE', -99.49804134140493)","('VALUE', -99.49804134140493)",True,True
chain,hes_L4_L5,lth_grupo@L1_L3,"{""hes"": {""L4"": ""Overhaul/Parada"", ""L5"": ""Normal"", ""L6"": ""Normal"", ""L7"": ""Normal""}}","('VALUE', 646.667)","('VALUE', 646.667)",True,True
chain,hes_L4_L5,lth_grupo@L4_L5,"{""hes"": {""L4"": ""Overhaul/Parada"", ""L5"": ""Normal"", ""L6"": ""Normal"", ""L7"": ""Normal""}}","('VALUE', 1.0)","('VALUE', 1.0)",True,True
chain,hes_L4_L5,lth_grupo@L6_L7,"{""hes"": {""L4"": ""Overhaul/Parada"", ""L5"": ""Normal"", ""L6"": ""Normal"", ""L7"": ""Normal""}}","('VALUE', 50000.0005)","('VALUE', 50000.0005)",True,True
chain,hes_L4_L5,retirada_cond_corr_lth@L1_L3,"{""hes"": {""L4"": ""Overhaul/Parada"", ""L5"": ""Normal"", ""L6"": ""Normal"", ""L7"": ""Normal""}}","('VALUE', -94.488616007514)","('VALUE', -94.488616007514)",True,True
chain,hes_L4_L5,retirada_cond_corr_lth@L4_L5,"{""hes"": {""L4"": ""Overhaul/Parada"", ""L5"": ""Normal"", ""L6"": ""Normal"", ""L7"": ""Normal""}}","('VALUE', -64.60352567818856)","('VALUE', -64.60352567818856)",True,True
chain,hes_L4_L5,retirada_cond_corr_lth@L6_L7,"{""hes"": {""L4"": ""Overhaul/Parada"", ""L5"": ""Normal"", ""L6"": ""Normal"", ""L7"": ""Normal""}}","('VALUE', 146.11165660545174)","('VALUE', 146.11165660545174)",True,True
chain,hes_L4_L5,retirada_condensado_grupo@L1_L3,"{""hes"": {""L4"": ""Overhaul/Parada"", ""L5"": ""Normal"", ""L6"": ""Normal"", ""L7"": ""Normal""}}","('VALUE', 10063.028276001673)","('VALUE', 10063.028276001673)",True,True
chain,hes_L4_L5,retirada_condensado_grupo@L4_L5,"{""hes"": {""L4"": ""Overhaul/Parada"", ""L5"": ""Normal"", ""L6"": ""Normal"", ""L7"": ""Normal""}}","('VALUE', -445.3231875890856)","('VALUE', -445.3231875890856)",True,True
chain,hes_L4_L5,retirada_condensado_grupo@L6_L7,"{""hes"": {""L4"": ""Overhaul/Parada"", ""L5"": ""Normal"", ""L6"": ""Normal"", ""L7"": ""Normal""}}","('VALUE', 591.2193958937133)","('VALUE', 591.2193958937133)",True,True
chain,hes_L4_L5,retirada_condensado_linha@L1,"{""hes"": {""L4"": ""Overhaul/Parada"", ""L5"": ""Normal"", ""L6"": ""Normal"", ""L7"": ""Normal""}}","('VALUE', 0.00518712530354452)","('VALUE', 0.00518712530354452)",True,True
chain,hes_L4_L5,retirada_condensado_linha@L2,"{""hes"": {""L4"": ""Overhaul/Parada"", ""L5"": ""Normal"", ""L6"": ""Normal"", ""L7"": ""Normal""}}","('VALUE', 5031.5115444381845)","('VALUE', 5031.5115444381845)",True,True
chain,hes_L4_L5,retirada_condensado_linha@L3,"{""hes"": {""L4"": ""Overhaul/Parada"", ""L5"": ""Normal"", ""L6"": ""Normal"", ""L7"": ""Normal""}}","('VALUE', 5031.5115444381845)","('VALUE', 5031.5115444381845)",True,True
chain,hes_L4_L5,retirada_condensado_linha@L4,"{""hes"": {""L4"": ""Overhaul/Parada"", ""L5"": ""Normal"", ""L6"": ""Normal"", ""L7"": ""Normal""}}","('VALUE', -222.6615937945428)","('VALUE', -222.6615937945428)",True,True
chain,hes_L4_L5,retirada_condensado_linha@L5,"{""hes"": {""L4"": ""Overhaul/Parada"", ""L5"": ""Normal"", ""L6"": ""Normal"", ""L7"": ""Normal""}}","('VALUE', -222.6615937945428)","('VALUE', -222.6615937945428)",True,True
chain,hes_L4_L5,retirada_condensado_linha@L6,"{""hes"": {""L4"": ""Overhaul/Parada"", ""L5"": ""Normal"", ""L6"": ""Normal"", ""L7"": ""Normal""}}","('VALUE', 5.912193899815194e-06)","('VALUE', 5.912193899815194e-06)",True,True
chain,hes_L4_L5,retirada_condensado_linha@L7,"{""hes"": {""L4"": ""Overhaul/Parada"", ""L5"": ""Normal"", ""L6"": ""Normal"", ""L7"": ""Normal""}}","('VALUE', 591.2193899815194)","('VALUE', 591.2193899815194)",True,True
chain,hes_L4_L5,retirada_condensado_total@L1_L7,"{""hes"": {""L4"": ""Overhaul/Parada"", ""L5"": ""Normal"", ""L6"": ""Normal"", ""L7"": ""Normal""}}","('VALUE', 10208.9244843063)","('VALUE', 10208.9244843063)",True,True
chain,hes_L4_L5,retirada_cond_corr_ltp@L1_L3,"{""hes"": {""L4"": ""Overhaul/Parada"", ""L5"": ""Normal"", ""L6"": ""Normal"", ""L7"": ""Normal""}}","('VALUE', -99.49804134140493)","('VALUE', -99.49804134140493)",True,True
chain,hes_L4_L5,retirada_cond_corr_ltp@L4_L5,"{""hes"": {""L4"": ""Overhaul/Parada"", ""L5"": ""Normal"", ""L6"": ""Normal"", ""L7"": ""Normal""}}","('VALUE', 53.93641212842863)","('VALUE', 53.93641212842863)",True,True
chain,hes_L4_L5,retirada_cond_corr_ltp@L6_L7,"{""hes"": {""L4"": ""Overhaul/Parada"", ""L5"": ""Normal"", ""L6"": ""Normal"", ""L7"": ""Normal""}}","('VALUE', 183.05806811635424)","('VALUE', 183.05806811635424)",True,True
chain,hes_L4_L5,lth_grupo@L1_L3,"{""hes"": {""L4"": ""Overhaul/Parada"", ""L5"": ""Normal"", ""L6"": ""Normal"", ""L7"": ""Normal""}}","('VALUE', 33657.0)","('VALUE', 33657.0)",True,True
chain,hes_L4_L5,lth_grupo@L4_L5,"{""hes"": {""L4"": ""Overhaul/Parada"", ""L5"": ""Normal"", ""L6"": ""Normal"", ""L7"": ""Normal""}}","('VALUE', 970.0)","('VALUE', 970.0)",True,True
chain,hes_L4_L5,lth_grupo@L6_L7,"{""hes"": {""L4"": ""Overhaul/Parada"", ""L5"": ""Normal"", ""L6"": ""Normal"", ""L7"": ""Normal""}}","('VALUE', 485.5)","('VALUE', 485.5)",True,True
chain,hes_L4_L5,retirada_cond_corr_lth@L1_L3,"{""hes"": {""L4"": ""Overhaul/Parada"", ""L5"": ""Normal"", ""L6"": ""Normal"", ""L7"": ""Normal""}}","('VALUE', 138.40341348903607)","('VALUE', 138.40341348903607)",True,True
chain,hes_L4_L5,retirada_cond_corr_lth@L4_L5,"{""hes"": {""L4"": ""Overhaul/Parada"", ""L5"": ""Normal"", ""L6"": ""Normal"", ""L7"": ""Normal""}}","('VALUE', 49.79250674410167)","('VALUE', 49.79250674410167)",True,True
chain,hes_L4_L5,retirada_cond_corr_lth@L6_L7,"{""hes"": {""L4"": ""Overhaul/Parada"", ""L5"": ""Normal"", ""L6"": ""Normal"", ""L7"": ""Normal""}}","('VALUE', 36.313532380257854)","('VALUE', 36.313532380257854)",True,True
chain,hes_L4_L5,retirada_condensado_grupo@L1_L3,"{""hes"": {""L4"": ""Overhaul/Parada"", ""L5"": ""Normal"", ""L6"": ""Normal"", ""L7"": ""Normal""}}","('VALUE', 10761.704364491323)","('VALUE', 10761.704364491323)",True,True
chain,hes_L4_L5,retirada_condensado_grupo@L4_L5,"{""hes"": {""L4"": ""Overhaul/Parada"", ""L5"": ""Normal"", ""L6"": ""Normal"", ""L7"": ""Normal""}}","('VALUE', 41.71218923134609)","('VALUE', 41.71218923134609)",True,True
chain,hes_L4_L5,retirada_condensado_grupo@L6_L7,"{""hes"": {""L4"": ""Overhaul/Parada"", ""L5"": ""Normal"", ""L6"": ""Normal"", ""L7"": ""Normal""}}","('VALUE', -193.4890714721928)","('VALUE', -193.4890714721928)",True,True
chain,hes_L4_L5,retirada_condensado_linha@L1,"{""hes"": {""L4"": ""Overhaul/Parada"", ""L5"": ""Normal"", ""L6"": ""Normal"", ""L7"": ""Normal""}}","('VALUE', 0.10658213115143282)","('VALUE', 0.10658213115143282)",True,True
chain,hes_L4_L5,retirada_condensado_linha@L2,"{""hes"": {""L4"": ""Overhaul/Parada"", ""L5"": ""Normal"", ""L6"": ""Normal"", ""L7"": ""Normal""}}","('VALUE', 103.38466721688984)","('VALUE', 103.38466721688984)",True,True
chain,hes_L4_L5,retirada_condensado_linha@L3,"{""hes"": {""L4"": ""Overhaul/Parada"", ""L5"": ""Normal"", ""L6"": ""Normal"", ""L7"": ""Normal""}}","('VALUE', 10658.21311514328)","('VALUE', 10658.21311514328)",True,True
chain,hes_L4_L5,retirada_condensado_linha@L4,"{""hes"": {""L4"": ""Overhaul/Parada"", ""L5"": ""Normal"", ""L6"": ""Normal"", ""L7"": ""Normal""}}","('VALUE', 20.856094615673044)","('VALUE', 20.856094615673044)",True,True
chain,hes_L4_L5,retirada_condensado_linha@L5,"{""hes"": {""L4"": ""Overhaul/Parada"", ""L5"": ""Normal"", ""L6"": ""Normal"", ""L7"": ""Normal""}}","('VALUE', 20.856094615673044)","('VALUE', 20.856094615673044)",True,True
chain,hes_L4_L5,retirada_condensado_linha@L6,"{""hes"": {""L4"": ""Overhaul/Parada"", ""L5"": ""Normal"", ""L6"": ""Normal"", ""L7"": ""Normal""}}","('VALUE', -193.28980363339548)","('VALUE', -193.28980363339548)",True,True
chain,hes_L4_L5,retirada_condensado_linha@L7,"{""hes"": {""L4"": ""Overhaul/Parada"", ""L5"": ""Normal"", ""L6"": ""Normal"", ""L7"": ""Normal""}}","('VALUE', -0.1992678387973149)","('VALUE', -0.1992678387973149)",True,True
chain,hes_L4_L5,retirada_condensado_total@L1_L7,"{""hes"": {""L4"": ""Overhaul/Parada"", ""L5"": ""Normal"", ""L6"": ""Normal"", ""L7"": ""Normal""}}","('VALUE', 10609.927482250476)","('VALUE', 10609.927482250476)",True,True
chain,hes_L4_L5,retirada_cond_corr_ltp@L1_L3,"{""hes"": {""L4"": ""Overhaul/Parada"", ""L5"": ""LC"", ""L6"": ""Normal"", ""L7"": ""Normal""}}","('VALUE', 47.936340992412426)","('VALUE', 47.936340992412426)",True,True
chain,hes_L4_L5,retirada_cond_corr_ltp@L4_L5,"{""hes"": {""L4"": ""Overhaul/Parada"", ""L5"": ""LC"", ""L6"": ""Normal"", ""L7"": ""Normal""}}","('VALUE', -11.017375456696598)","('VALUE', -11.017375456696598)",True,True
chain,hes_L4_L5,retirada_cond_corr_ltp@L6_L7,"{""hes"": {""L4"": ""Overhaul/Parada"", ""L5"": ""LC"", ""L6"": ""Normal"", ""L7"": ""Normal""}}","('VALUE', 53.93641212842863)","('VALUE', 53.93641212842863)",True,True
chain,hes_L4_L5,lth_grupo@L1_L3,"{""hes"": {""L4"": ""Overhaul/Parada"", ""L5"": ""LC"", ""L6"": ""Normal"", ""L7"": ""Normal""}}","('VALUE', 690.3333333333334)","('VALUE', 690.3333333333334)",True,True
chain,hes_L4_L5,lth_grupo@L4_L5,"{""hes"": {""L4"": ""Overhaul/Parada"", ""L5"": ""LC"", ""L6"": ""Normal"", ""L7"": ""Normal""}}","('VALUE', 1100.0)","('VALUE', 1100.0)",True,True
chain,hes_L4_L5,lth_grupo@L6_L7,"{""hes"": {""L4"": ""Overhaul/Parada"", ""L5"": ""LC"", ""L6"": ""Normal"", ""L7"": ""Normal""}}","('VALUE', 550.5)","('VALUE', 550.5)",True,True
chain,hes_L4_L5,retirada_cond_corr_lth@L1_L3,"{""hes"": {""L4"": ""Overhaul/Parada"", ""L5"": ""LC"", ""L6"": ""Normal"", ""L7"": ""Normal""}}","('VALUE', 43.168640555556806)","('VALUE', 43.168640555556806)",True,True
chain,hes_L4_L5,retirada_cond_corr_lth@L4_L5,"{""hes"": {""L4"": ""Overhaul/Parada"", ""L5"": ""LC"", ""L6"": ""Normal"", ""L7"": ""Normal""}}","('VALUE', 71.7811741316778)","('VALUE', 71.7811741316778)",True,True
chain,hes_L4_L5,retirada_cond_corr_lth@L6_L7,"{""hes"": {""L4"": ""Overhaul/Parada"", ""L5"": ""LC"", ""L6"": ""Normal"", ""L7"": ""Normal""}}","('VALUE', 58.299829293080705)","('VALUE', 58.299829293080705)",True,True
chain,hes_L4_L5,retirada_condensado_grupo@L1_L3,"{""hes"": {""L4"": ""Overhaul/Parada"", ""L5"": ""LC"", ""L6"": ""Normal"", ""L7"": ""Normal""}}","('VALUE', 10032.696898689434)","('VALUE', 10032.696898689434)",True,True
chain,hes_L4_L5,retirada_condensado_grupo@L4_L5,"{""hes"": {""L4"": ""Overhaul/Parada"", ""L5"": ""LC"", ""L6"": ""Normal"", ""L7"": ""Normal""}}","('VALUE', 210.26437018159277)","('VALUE', 210.26437018159277)",True,True
chain,hes_L4_L5,retirada_condensado_grupo@L6_L7,"{""hes"": {""L4"": ""Overhaul/Parada"", ""L5"": ""LC"", ""L6"": ""Normal"", ""L7"": ""Normal""}}","('VALUE', 108.72683432930415)","('VALUE', 108.72683432930415)",True,True
chain,hes_L4_L5,retirada_condensado_linha@L1,"{""hes"": {""L4"": ""Overhaul/Parada"", ""L5"": ""LC"", ""L6"": ""Normal"", ""L7"": ""Normal""}}","('VALUE', 4.844373200719185)","('VALUE', 4.844373200719185)",True,True
chain,hes_L4_L5,retirada_condensado_linha@L2,"{""hes"": {""L4"": ""Overhaul/Parada"", ""L5"": ""LC"", ""L6"": ""Normal"", ""L7"": ""Normal""}}","('VALUE', 5328.810520791105)","('VALUE', 5328.810520791105)",True,True
chain,hes_L4_L5,retirada_condensado_linha@L3,"{""hes"": {""L4"": ""Overhaul/Parada"", ""L5"": ""LC"", ""L6"": ""Normal"", ""L7"": ""Normal""}}","('VALUE', 4699.0420046976105)","('VALUE', 4699.0420046976105)",True,True
chain,hes_L4_L5,retirada_condensado_linha@L4,"{""hes"": {""L4"": ""Overhaul/Parada"", ""L5"": ""LC"", ""L6"": ""Normal"", ""L7"": ""Normal""}}","('VALUE', 105.13218509079638)","('VALUE', 105.13218509079638)",True,True
chain,hes_L4_L5,retirada_condensado_linha@L5,"{""hes"": {""L4"": ""Overhaul/Parada"", ""L5"": ""LC"", ""L6"": ""Normal"", ""L7"": ""Normal""}}","('VALUE', 105.13218509079638)","('VALUE', 105.13218509079638)",True,True
chain,hes_L4_L5,retirada_condensado_linha@L6,"{""hes"": {""L4"": ""Overhaul/Parada"", ""L5"": ""LC"", ""L6"": ""Normal"", ""L7"": ""Normal""}}","('VALUE', 0.09875280138901377)","('VALUE', 0.09875280138901377)",True,True
chain,hes_L4_L5,retirada_condensado_linha@L7,"{""hes"": {""L4"": ""Overhaul/Parada"", ""L5"": ""LC"", ""L6"": ""Normal"", ""L7"": ""Normal""}}","('VALUE', 108.62808152791514)","('VALUE', 108.62808152791514)",True,True
chain,hes_L4_L5,retirada_condensado_total@L1_L7,"{""hes"": {""L4"": ""Overhaul/Parada"", ""L5"": ""LC"", ""L6"": ""Normal"", ""L7"": ""Normal""}}","('VALUE', 10351.68810320033)","('VALUE', 10351.68810320033)",True,True
chain,hes_L4_L5,retirada_cond_corr_ltp@L1_L3,"{""hes"": {""L4"": ""Overhaul/Parada"", ""L5"": ""LC"", ""L6"": ""Normal"", ""L7"": ""Normal""}}","('VALUE', 53.93641212842863)","('VALUE', 53.93641212842863)",True,True
chain,hes_L4_L5,retirada_cond_corr_ltp@L4_L5,"{""hes"": {""L4"": ""Overhaul/Parada"", ""L5"": ""LC"", ""L6"": ""Normal"", ""L7"": ""Normal""}}","('VALUE', -11.017375456696598)","('VALUE', -11.017375456696598)",True,True
chain,hes_L4_L5,retirada_cond_corr_ltp@L6_L7,"{""hes"": {""L4"": ""Overhaul/Parada"", ""L5"": ""LC"", ""L6"": ""Normal"", ""L7"": ""Normal""}}","('VALUE', -99.49804134140493)","('VALUE', -99.49804134140493)",True,True
chain,hes_L4_L5,lth_grupo@L1_L3,"{""hes"": {""L4"": ""Overhaul/Parada"", ""L5"": ""LC"", ""L6"": ""Normal"", ""L7"": ""Normal""}}","('VALUE', 366.6673333333333)","('VALUE', 366.6673333333333)",True,True
chain,hes_L4_L5,lth_grupo@L4_L5,"{""hes"": {""L4"": ""Overhaul/Parada"", ""L5"": ""LC"", ""L6"": ""Normal"", ""L7"": ""Normal""}}","('VALUE', 1.0)","('VALUE', 1.0)",True,True
chain,hes_L4_L5,lth_grupo@L6_L7,"{""hes"": {""L4"": ""Overhaul/Parada"", ""L5"": ""LC"", ""L6"": ""Normal"", ""L7"": ""Normal""}}","('VALUE', 50485.0)","('VALUE', 50485.0)",True,True
chain,hes_L4_L5,retirada_cond_corr_lth@L1_L3,"{""hes"": {""L4"": ""Overhaul/Parada"", ""L5"": ""LC"", ""L6"": ""Normal"", ""L7"": ""Normal""}}","('VALUE', 50.38573521892508)","('VALUE', 50.38573521892508)",True,True
chain,hes_L4_L5,retirada_cond_corr_lth@L4_L5,"{""hes"": {""L4"": ""Overhaul/Parada"", ""L5"": ""LC"", ""L6"": ""Normal"", ""L7"": ""Normal""}}","('VALUE', -220.5275340581771)","('VALUE', -220.5275340581771)",True,True
chain,hes_L4_L5,retirada_cond_corr_lth@L6_L7,"{""hes"": {""L4"": ""Overhaul/Parada"", ""L5"": ""LC"", ""L6"": ""Normal"", ""L7"": ""Normal""}}","('VALUE', 146.29965359132473)","('VALUE', 146.29965359132473)",True,True
chain,hes_L4_L5,retirada_condensado_grupo@L1_L3,"{""hes"": {""L4"": ""Overhaul/Parada"", ""L5"": ""LC"", ""L6"": ""Normal"", ""L7"": ""Normal""}}","('VALUE', 10036.34796927149)","('VALUE', 10036.34796927149)",True,True
chain,hes_L4_L5,retirada_condensado_grupo@L4_L5,"{""hes"": {""L4"": ""Overhaul/Parada"", ""L5"": ""LC"", ""L6"": ""Normal"", ""L7"": ""Normal""}}","('VALUE', -252.55775111901076)","('VALUE', -252.55775111901076)",True,True
chain,hes_L4_L5,retirada_condensado_grupo@L6_L7,"{""hes"": {""L4"": ""Overhaul/Parada"", ""L5"": ""LC"", ""L6"": ""Normal"", ""L7"": ""Normal""}}","('VALUE', 591.5953898654593)","('VALUE', 591.5953898654593)",True,True
chain,hes_L4_L5,retirada_condensado_linha@L1,"{""hes"": {""L4"": ""Overhaul/Parada"", ""L5"": ""LC"", ""L6"": ""Normal"", ""L7"": ""Normal""}}","('VALUE', 0.009123936110362973)","('VALUE', 0.009123936110362973)",True,True
chain,hes_L4_L5,retirada_condensado_linha@L2,"{""hes"": {""L4"": ""Overhaul/Parada"", ""L5"": ""LC"", ""L6"": ""Normal"", ""L7"": ""Normal""}}","('VALUE', 10036.32972139927)","('VALUE', 10036.32972139927)",True,True
chain,hes_L4_L5,retirada_condensado_linha@L3,"{""hes"": {""L4"": ""Overhaul/Parada"", ""L5"": ""LC"", ""L6"": ""Normal"", ""L7"": ""Normal""}}","('VALUE', 0.009123936110362973)","('VALUE', 0.009123936110362973)",True,True
chain,hes_L4_L5,retirada_condensado_linha@L4,"{""hes"": {""L4"": ""Overhaul/Parada"", ""L5"": ""LC"", ""L6"": ""Normal"", ""L7"": ""Normal""}}","('VALUE', -126.27887555950538)","('VALUE', -126.27887555950538)",True,True
chain,hes_L4_L5,retirada_condensado_linha@L5,"{""hes"": {""L4"": ""Overhaul/Parada"", ""L5"": ""LC"", ""L6"": ""Normal"", ""L7"": ""Normal""}}","('VALUE', -126.27887555950538)","('VALUE', -126.27887555950538)",True,True
chain,hes_L4_L5,retirada_condensado_linha@L6,"{""hes"": {""L4"": ""Overhaul/Parada"", ""L5"": ""LC"", ""L6"": ""Normal"", ""L7"": ""Normal""}}","('VALUE', 5.683346817564579)","('VALUE', 5.683346817564579)",True,True
chain,hes_L4_L5,retirada_condensado_linha@L7,"{""hes"": {""L4"": ""Overhaul/Parada"", ""L5"": ""LC"", ""L6"": ""Normal"", ""L7"": ""Normal""}}","('VALUE', 585.9120430478947)","('VALUE', 585.9120430478947)",True,True
chain,hes_L4_L5,retirada_condensado_total@L1_L7,"{""hes"": {""L4"": ""Overhaul/Parada"", ""L5"": ""LC"", ""L6"": ""Normal"", ""L7"": ""Normal""}}","('VALUE', 10375.385608017938)","('VALUE', 10375.385608017938)",True,True
chain,hes_L4_L5,retirada_cond_corr_ltp@L1_L3,"{""hes"": {""L4"": ""Overhaul/Parada"", ""L5"": ""Overhaul/Parada"", ""L6"": ""Normal"", ""L7"": ""Normal""}}","('VALUE', -99.49804134140493)","('VALUE', -99.49804134140493)",True,True
chain,hes_L4_L5,retirada_cond_corr_ltp@L4_L5,"{""hes"": {""L4"": ""Overhaul/Parada"", ""L5"": ""Overhaul/Parada"", ""L6"": ""Normal"", ""L7"": ""Normal""}}","('VALUE', -11.017375456696598)","('VALUE', -11.017375456696598)",True,True
chain,hes_L4_L5,retirada_cond_corr_ltp@L6_L7,"{""hes"": {""L4"": ""Overhaul/Parada"", ""L5"": ""Overhaul/Parada"", ""L6"": ""Normal"", ""L7"": ""Normal""}}","('VALUE', 53.93641212842863)","('VALUE', 53.93641212842863)",True,True
chain,hes_L4_L5,lth_grupo@L1_L3,"{""hes"": {""L4"": ""Overhaul/Parada"", ""L5"": ""Overhaul/Parada"", ""L6"": ""Normal"", ""L7"": ""Normal""}}","('VALUE', 66990.0)","('VALUE', 66990.0)",True,True
chain,hes_L4_L5,lth_grupo@L4_L5,"{""hes"": {""L4"": ""Overhaul/Parada"", ""L5"": ""Overhaul/Parada"", ""L6"": ""Normal"", ""L7"": ""Normal""}}","('VALUE', 485.5)","('VALUE', 485.5)",True,True
chain,hes_L4_L5,lth_grupo@L6_L7,"{""hes"": {""L4"": ""Overhaul/Parada"", ""L5"": ""Overhaul/Parada"", ""L6"": ""Normal"", ""L7"": ""Normal""}}","('VALUE', 50000.0005)","('VALUE', 50000.0005)",True,True
chain,hes_L4_L5,retirada_cond_corr_lth@L1_L3,"{""hes"": {""L4"": ""Overhaul/Parada"", ""L5"": ""Overhaul/Parada"", ""L6"": ""Normal"", ""L7"": ""Normal""}}","('VALUE', 132.2691816391468)","('VALUE', 132.2691816391468)",True,True
chain,hes_L4_L5,retirada_cond_corr_lth@L4_L5,"{""hes"": {""L4"": ""Overhaul/Parada"", ""L5"": ""Overhaul/Parada"", ""L6"": ""Normal"", ""L7"": ""Normal""}}","('VALUE', 37.179230456324845)","('VALUE', 37.179230456324845)",True,True
chain,hes_L4_L5,retirada_cond_corr_lth@L6_L7,"{""hes"": {""L4"": ""Overhaul/Parada"", ""L5"": ""Overhaul/Parada"", ""L6"": ""Normal"", ""L7"": ""Normal""}}","('VALUE', 146.11165660545174)","('VALUE', 146.11165660545174)",True,True
chain,hes_L4_L5,retirada_condensado_grupo@L1_L3,"{""hes"": {""L4"": ""Overhaul/Parada"", ""L5"": ""Overhaul/Parada"", ""L6"": ""Normal"", ""L7"": ""Normal""}}","('VALUE', 10742.301668941654)","('VALUE', 10742.301668941654)",True,True
chain,hes_L4_L5,retirada_condensado_grupo@L4_L5,"{""hes"": {""L4"": ""Overhaul/Parada"", ""L5"": ""Overhaul/Parada"", ""L6"": ""Normal"", ""L7"": ""Normal""}}","('VALUE', 146.3932118260429)","('VALUE', 146.3932118260429)",True,True
chain,hes_L4_L5,retirada_condensado_grupo@L6_L7,"{""hes"": {""L4"": ""Overhaul/Parada"", ""L5"": ""Overhaul/Parada"", ""L6"": ""Normal"", ""L7"": ""Normal""}}","('VALUE', 284.3504889540462)","('VALUE', 284.3504889540462)",True,True
chain,hes_L4_L5,retirada_condensado_linha@L1,"{""hes"": {""L4"": ""Overhaul/Parada"", ""L5"": ""Overhaul/Parada"", ""L6"": ""Normal"", ""L7"": ""Normal""}}","('VALUE', 5345.226486013661)","('VALUE', 5345.226486013661)",True,True
chain,hes_L4_L5,retirada_condensado_linha@L2,"{""hes"": {""L4"": ""Overhaul/Parada"", ""L5"": ""Overhaul/Parada"", ""L6"": ""Normal"", ""L7"": ""Normal""}}","('VALUE', 5345.226486013661)","('VALUE', 5345.226486013661)",True,True
chain,hes_L4_L5,retirada_condensado_linha@L3,"{""hes"": {""L4"": ""Overhaul/Parada"", ""L5"": ""Overhaul/Parada"", ""L6"": ""Normal"", ""L7"": ""Normal""}}","('VALUE', 51.84869691433251)","('VALUE', 51.84869691433251)",True,True
chain,hes_L4_L5,retirada_condensado_linha@L4,"{""hes"": {""L4"": ""Overhaul/Parada"", ""L5"": ""Overhaul/Parada"", ""L6"": ""Normal"", ""L7"": ""Normal""}}","('VALUE', 146.2424464173652)","('VALUE', 146.2424464173652)",True,True
chain,hes_L4_L5,retirada_condensado_linha@L5,"{""hes"": {""L4"": ""Overhaul/Parada"", ""L5"": ""Overhaul/Parada"", ""L6"": ""Normal"", ""L7"": ""Normal""}}","('VALUE', 0.15076540867769608)","('VALUE', 0.15076540867769608)",True,True
chain,hes_L4_L5,retirada_condensado_linha@L6,"{""hes"": {""L4"": ""Overhaul/Parada"", ""L5"": ""Overhaul/Parada"", ""L6"": ""Normal"", ""L7"": ""Normal""}}","('VALUE', 2.843504861105414e-06)","('VALUE', 2.843504861105414e-06)",True,True
chain,hes_L4_L5,retirada_condensado_linha@L7,"{""hes"": {""L4"": ""Overhaul/Parada"", ""L5"": ""Overhaul/Parada"", ""L6"": ""Normal"", ""L7"": ""Normal""}}","('VALUE', 284.35048611054134)","('VALUE', 284.35048611054134)",True,True
chain,hes_L4_L5,retirada_condensado_total@L1_L7,"{""hes"": {""L4"": ""Overhaul/Parada"", ""L5"": ""Overhaul/Parada"", ""L6"": ""Normal"", ""L7"": ""Normal""}}","('VALUE', 11173.045369721744)","('VALUE', 11173.045369721744)",True,True
chain,hes_L4_L5,retirada_cond_corr_ltp@L1_L3,"{""hes"": {""L4"": ""Overhaul/Parada"", ""L5"": ""Overhaul/Parada"", ""L6"": ""Normal"", ""L7"": ""Normal""}}","('VALUE', -11.017375456696598)","('VALUE', -11.017375456696598)",True,True
chain,hes_L4_L5,retirada_cond_corr_ltp@L4_L5,"{""hes"": {""L4"": ""Overhaul/Parada"", ""L5"": ""Overhaul/Parada"", ""L6"": ""Normal"", ""L7"": ""Normal""}}","('VALUE', 183.05806811635424)","('VALUE', 183.05806811635424)",True,True
chain,hes_L4_L5,retirada_cond_corr_ltp@L6_L7,"{""hes"": {""L4"": ""Overhaul/Parada"", ""L5"": ""Overhaul/Parada"", ""L6"": ""Normal"", ""L7"": ""Normal""}}","('VALUE', 183.05806811635424)","('VALUE', 183.05806811635424)",True,True
chain,hes_L4_L5,lth_grupo@L1_L3,"{""hes"": {""L4"": ""Overhaul/Parada"", ""L5"": ""Overhaul/Parada"", ""L6"": ""Normal"", ""L7"": ""Normal""}}","('VALUE', 0.001)","('VALUE', 0.001)",True,True
chain,hes_L4_L5,lth_grupo@L4_L5,"{""hes"": {""L4"": ""Overhaul/Parada"", ""L5"": ""Overhaul/Parada"", ""L6"": ""Normal"", ""L7"": ""Normal""}}","('VALUE', 0.5005)","('VALUE', 0.5005)",True,True
chain,hes_L4_L5,lth_grupo@L6_L7,"{""hes"": {""L4"": ""Overhaul/Parada"", ""L5"": ""Overhaul/Parada"", ""L6"": ""Normal"", ""L7"": ""Normal""}}","('VALUE', 1035.0)","('VALUE', 1035.0)",True,True
chain,hes_L4_L5,retirada_cond_corr_lth@L1_L3,"{""hes"": {""L4"": ""Overhaul/Parada"", ""L5"": ""Overhaul/Parada"", ""L6"": ""Normal"", ""L7"": ""Normal""}}","('VALUE', -218.6713683064879)","('VALUE', -218.6713683064879)",True,True
chain,hes_L4_L5,retirada_cond_corr_lth@L4_L5,"{""hes"": {""L4"": ""Overhaul/Parada"", ""L5"": ""Overhaul/Parada"", ""L6"": ""Normal"", ""L7"": ""Normal""}}","('VALUE', -97.6224103207289)","('VALUE', -97.6224103207289)",True,True
chain,hes_L4_L5,retirada_cond_corr_lth@L6_L7,"{""hes"": {""L4"": ""Overhaul/Parada"", ""L5"": ""Overhaul/Parada"", ""L6"": ""Normal"", ""L7"": ""Normal""}}","('VALUE', 51.05566759518641)","('VALUE', 51.05566759518641)",True,True
chain,hes_L4_L5,retirada_condensado_grupo@L1_L3,"{""hes"": {""L4"": ""Overhaul/Parada"", ""L5"": ""Overhaul/Parada"", ""L6"": ""Normal"", ""L7"": ""Normal""}}","('VALUE', 9472.038021450626)","('VALUE', 9472.038021450626)",True,True
chain,hes_L4_L5,retirada_condensado_grupo@L4_L5,"{""hes"": {""L4"": ""Overhaul/Parada"", ""L5"": ""Overhaul/Parada"", ""L6"": ""Normal"", ""L7"": ""Normal""}}","('VALUE', -511.3609568741663)","('VALUE', -511.3609568741663)",True,True
chain,hes_L4_L5,retirada_condensado_grupo@L6_L7,"{""hes"": {""L4"": ""Overhaul/Parada"", ""L5"": ""Overhaul/Parada"", ""L6"": ""Normal"", ""L7"": ""Normal""}}","('VALUE', -164.00480104233566)","('VALUE', -164.00480104233566)",True,True
chain,hes_L4_L5,retirada_condensado_linha@L1,"{""hes"": {""L4"": ""Overhaul/Parada"", ""L5"": ""Overhaul/Parada"", ""L6"": ""Normal"", ""L7"": ""Normal""}}","('VALUE', 3157.3460071502086)","('VALUE', 3157.3460071502086)",True,True
chain,hes_L4_L5,retirada_condensado_linha@L2,"{""hes"": {""L4"": ""Overhaul/Parada"", ""L5"": ""Overhaul/Parada"", ""L6"": ""Normal"", ""L7"": ""Normal""}}","('VALUE', 3157.3460071502086)","('VALUE', 3157.3460071502086)",True,True
chain,hes_L4_L5,retirada_condensado_linha@L3,"{""hes"": {""L4"": ""Overhaul/Parada"", ""L5"": ""Overhaul/Parada"", ""L6"": ""Normal"", ""L7"": ""Normal""}}","('VALUE', 3157.3460071502086)","('VALUE', 3157.3460071502086)",True,True
chain,hes_L4_L5,retirada_condensado_linha@L4,"{""hes"": {""L4"": ""Overhaul/Parada"", ""L5"": ""Overhaul/Parada"", ""L6"": ""Normal"", ""L7"": ""Normal""}}","('VALUE', -510.8501067673989)","('VALUE', -510.8501067673989)",True,True
chain,hes_L4_L5,retirada_condensado_linha@L5,"{""hes"": {""L4"": ""Overhaul/Parada"", ""L5"": ""Overhaul/Parada"", ""L6"": ""Normal"", ""L7"": ""Normal""}}","('VALUE', -0.510850106767399)","('VALUE', -0.510850106767399)",True,True
chain,hes_L4_L5,retirada_condensado_linha@L6,"{""hes"": {""L4"": ""Overhaul/Parada"", ""L5"": ""Overhaul/Parada"", ""L6"": ""Normal"", ""L7"": ""Normal""}}","('VALUE', -76.85249130969352)","('VALUE', -76.85249130969352)",True,True
chain,hes_L4_L5,retirada_condensado_linha@L7,"{""hes"": {""L4"": ""Overhaul/Parada"", ""L5"": ""Overhaul/Parada"", ""L6"": ""Normal"", ""L7"": ""Normal""}}","('VALUE', -87.15230973264214)","('VALUE', -87.15230973264214)",True,True
chain,hes_L4_L5,retirada_condensado_total@L1_L7,"{""hes"": {""L4"": ""Overhaul/Parada"", ""L5"": ""Overhaul/Parada"", ""L6"": ""Normal"", ""L7"": ""Normal""}}","('VALUE', 8796.672263534123)","('VALUE', 8796.672263534123)",True,True
chain,hes_L4_L5,retirada_cond_corr_ltp@L1_L3,"{""hes"": {""L4"": ""Overhaul/Parada"", ""L5"": ""1 By pass"", ""L6"": ""Normal"", ""L7"": ""Normal""}}","('VALUE', 47.936340992412426)","('VALUE', 47.936340992412426)",True,True
chain,hes_L4_L5,retirada_cond_corr_ltp@L4_L5,"{""hes"": {""L4"": ""Overhaul/Parada"", ""L5"": ""1 By pass"", ""L6"": ""Normal"", ""L7"": ""Normal""}}","('VALUE', -99.49804134140493)","('VALUE', -99.49804134140493)",True,True
chain,hes_L4_L5,retirada_cond_corr_ltp@L6_L7,"{""hes"": {""L4"": ""Overhaul/Parada"", ""L5"": ""1 By pass"", ""L6"": ""Normal"", ""L7"": ""Normal""}}","('VALUE', -11.017375456696598)","('VALUE', -11.017375456696598)",True,True
chain,hes_L4_L5,lth_grupo@L1_L3,"{""hes"": {""L4"": ""Overhaul/Parada"", ""L5"": ""1 By pass"", ""L6"": ""Normal"", ""L7"": ""Normal""}}","('VALUE', 66990.0)","('VALUE', 66990.0)",True,True
chain,hes_L4_L5,lth_grupo@L4_L5,"{""hes"": {""L4"": ""Overhaul/Parada"", ""L5"": ""1 By pass"", ""L6"": ""Normal"", ""L7"": ""Normal""}}","('VALUE', 50550.0)","('VALUE', 50550.0)",True,True
chain,hes_L4_L5,lth_grupo@L6_L7,"{""hes"": {""L4"": ""Overhaul/Parada"", ""L5"": ""1 By pass"", ""L6"": ""Normal"", ""L7"": ""Normal""}}","('VALUE', 50485.0)","('VALUE', 50485.0)",True,True
chain,hes_L4_L5,retirada_cond_corr_lth@L1_L3,"{""hes"": {""L4"": ""Overhaul/Parada"", ""L5"": ""1 By pass"", ""L6"": ""Normal"", ""L7"": ""Normal""}}","('VALUE', 133.1348797152138)","('VALUE', 133.1348797152138)",True,True
chain,hes_L4_L5,retirada_cond_corr_lth@L4_L5,"{""hes"": {""L4"": ""Overhaul/Parada"", ""L5"": ""1 By pass"", ""L6"": ""Normal"", ""L7"": ""Normal""}}","('VALUE', 126.78540317282608)","('VALUE', 126.78540317282608)",True,True
chain,hes_L4_L5,retirada_cond_corr_lth@L6_L7,"{""hes"": {""L4"": ""Overhaul/Parada"", ""L5"": ""1 By pass"", ""L6"": ""Normal"", ""L7"": ""Normal""}}","('VALUE', 146.29965359132473)","('VALUE', 146.29965359132473)",True,True
chain,hes_L4_L5,retirada_condensado_grupo@L1_L3,"{""hes"": {""L4"": ""Overhaul/Parada"", ""L5"": ""1 By pass"", ""L6"": ""Normal"", ""L7"": ""Normal""}}","('VALUE', 20302.595616168404)","('VALUE', 20302.595616168404)",True,True
chain,hes_L4_L5,retirada_condensado_grupo@L4_L5,"{""hes"": {""L4"": ""Overhaul/Parada"", ""L5"": ""1 By pass"", ""L6"": ""Normal"", ""L7"": ""Normal""}}","('VALUE', 502.566889028462)","('VALUE', 502.566889028462)",True,True
chain,hes_L4_L5,retirada_condensado_grupo@L6_L7,"{""hes"": {""L4"": ""Overhaul/Parada"", ""L5"": ""1 By pass"", ""L6"": ""Normal"", ""L7"": ""Normal""}}","('VALUE', 414.6340580960426)","('VALUE', 414.6340580960426)",True,True
chain,hes_L4_L5,retirada_condensado_linha@L1,"{""hes"": {""L4"": ""Overhaul/Parada"", ""L5"": ""1 By pass"", ""L6"": ""Normal"", ""L7"": ""Normal""}}","('VALUE', 10102.301645105441)","('VALUE', 10102.301645105441)",True,True
chain,hes_L4_L5,retirada_condensado_linha@L2,"{""hes"": {""L4"": ""Overhaul/Parada"", ""L5"": ""1 By pass"", ""L6"": ""Normal"", ""L7"": ""Normal""}}","('VALUE', 10102.301645105441)","('VALUE', 10102.301645105441)",True,True
chain,hes_L4_L5,retirada_condensado_linha@L3,"{""hes"": {""L4"": ""Overhaul/Parada"", ""L5"": ""1 By pass"", ""L6"": ""Normal"", ""L7"": ""Normal""}}","('VALUE', 97.99232595752278)","('VALUE', 97.99232595752278)",True,True
chain,hes_L4_L5,retirada_condensado_linha@L4,"{""hes"": {""L4"": ""Overhaul/Parada"", ""L5"": ""1 By pass"", ""L6"": ""Normal"", ""L7"": ""Normal""}}","('VALUE', 5.468086824246372)","('VALUE', 5.468086824246372)",True,True
chain,hes_L4_L5,retirada_condensado_linha@L5,"{""hes"": {""L4"": ""Overhaul/Parada"", ""L5"": ""1 By pass"", ""L6"": ""Normal"", ""L7"": ""Normal""}}","('VALUE', 497.09880220421564)","('VALUE', 497.09880220421564)",True,True
chain,hes_L4_L5,retirada_condensado_linha@L6,"{""hes"": {""L4"": ""Overhaul/Parada"", ""L5"": ""1 By pass"", ""L6"": ""Normal"", ""L7"": ""Normal""}}","('VALUE', 410.65074586118914)","('VALUE', 410.65074586118914)",True,True
chain,hes_L4_L5,retirada_condensado_linha@L7,"{""hes"": {""L4"": ""Overhaul/Parada"", ""L5"": ""1 By pass"", ""L6"": ""Normal"", ""L7"": ""Normal""}}","('VALUE', 3.983312234853534)","('VALUE', 3.983312234853534)",True,True
chain,hes_L4_L5,retirada_condensado_total@L1_L7,"{""hes"": {""L4"": ""Overhaul/Parada"", ""L5"": ""1 By pass"", ""L6"": ""Normal"", ""L7"": ""Normal""}}","('VALUE', 21219.796563292908)","('VALUE', 21219.796563292908)",True,True
chain,hes_L4_L5,retirada_cond_corr_ltp@L1_L3,"{""hes"": {""L4"": ""Overhaul/Parada"", ""L5"": ""1 By pass"", ""L6"": ""Normal"", ""L7"": ""Normal""}}","('VALUE', -11.017375456696598)","('VALUE', -11.017375456696598)",True,True
chain,hes_L4_L5,retirada_cond_corr_ltp@L4_L5,"{""hes"": {""L4"": ""Overhaul/Parada"", ""L5"": ""1 By pass"", ""L6"": ""Normal"", ""L7"": ""Normal""}}","('VALUE', 183.05806811635424)","('VALUE', 183.05806811635424)",True,True
chain,hes_L4_L5,retirada_cond_corr_ltp@L6_L7,"{""hes"": {""L4"": ""Overhaul/Parada"", ""L5"": ""1 By pass"", ""L6"": ""Normal"", ""L7"": ""Normal""}}","('VALUE', -99.49804134140493)","('VALUE', -99.49804134140493)",True,True
chain,hes_L4_L5,lth_grupo@L1_L3,"{""hes"": {""L4"": ""Overhaul/Parada"", ""L5"": ""1 By pass"", ""L6"": ""Normal"", ""L7"": ""Normal""}}","('VALUE', 66666.667)","('VALUE', 66666.667)",True,True
chain,hes_L4_L5,lth_grupo@L4_L5,"{""hes"": {""L4"": ""Overhaul/Parada"", ""L5"": ""1 By pass"", ""L6"": ""Normal"", ""L7"": ""Normal""}}","('VALUE', 485.5)","('VALUE', 485.5)",True,True
chain,hes_L4_L5,lth_grupo@L6_L7,"{""hes"": {""L4"": ""Overhaul/Parada"", ""L5"": ""1 By pass"", ""L6"": ""Normal"", ""L7"": ""Normal""}}","('VALUE', 50000.0005)","('VALUE', 50000.0005)",True,True
chain,hes_L4_L5,retirada_cond_corr_lth@L1_L3,"{""hes"": {""L4"": ""Overhaul/Parada"", ""L5"": ""1 By pass"", ""L6"": ""Normal"", ""L7"": ""Normal""}}","('VALUE', 151.71426486907518)","('VALUE', 151.71426486907518)",True,True
chain,hes_L4_L5,retirada_cond_corr_lth@L4_L5,"{""hes"": {""L4"": ""Overhaul/Parada"", ""L5"": ""1 By pass"", ""L6"": ""Normal"", ""L7"": ""Normal""}}","('VALUE', 55.852840950380056)","('VALUE', 55.852840950380056)",True,True
chain,hes_L4_L5,retirada_cond_corr_lth@L6_L7,"{""hes"": {""L4"": ""Overhaul/Parada"", ""L5"": ""1 By pass"", ""L6"": ""Normal"", ""L7"": ""Normal""}}","('VALUE', 127.43804611139649)","('VALUE', 127.43804611139649)",True,True
chain,hes_L4_L5,retirada_condensado_grupo@L1_L3,"{""hes"": {""L4"": ""Overhaul/Parada"", ""L5"": ""1 By pass"", ""L6"": ""Normal"", ""L7"": ""Normal""}}","('VALUE', 20488.194920977316)","('VALUE', 20488.194920977316)",True,True
chain,hes_L4_L5,retirada_condensado_grupo@L4_L5,"{""hes"": {""L4"": ""Overhaul/Parada"", ""L5"": ""1 By pass"", ""L6"": ""Normal"", ""L7"": ""Normal""}}","('VALUE', -204.41045433194836)","('VALUE', -204.41045433194836)",True,True
chain,hes_L4_L5,retirada_condensado_grupo@L6_L7,"{""hes"": {""L4"": ""Overhaul/Parada"", ""L5"": ""1 By pass"", ""L6"": ""Normal"", ""L7"": ""Normal""}}","('VALUE', 553.8721749056028)","('VALUE', 553.8721749056028)",True,True
chain,hes_L4_L5,retirada_condensado_linha@L1,"{""hes"": {""L4"": ""Overhaul/Parada"", ""L5"": ""1 By pass"", ""L6"": ""Normal"", ""L7"": ""Normal""}}","('VALUE', 10244.097409268172)","('VALUE', 10244.097409268172)",True,True
chain,hes_L4_L5,retirada_condensado_linha@L2,"{""hes"": {""L4"": ""Overhaul/Parada"", ""L5"": ""1 By pass"", ""L6"": ""Normal"", ""L7"": ""Normal""}}","('VALUE', 10244.097409268172)","('VALUE', 10244.097409268172)",True,True
chain,hes_L4_L5,retirada_condensado_linha@L3,"{""hes"": {""L4"": ""Overhaul/Parada"", ""L5"": ""1 By pass"", ""L6"": ""Normal"", ""L7"": ""Normal""}}","('VALUE', 0.00010244097409268172)","('VALUE', 0.00010244097409268172)",True,True
chain,hes_L4_L5,retirada_condensado_linha@L4,"{""hes"": {""L4"": ""Overhaul/Parada"", ""L5"": ""1 By pass"", ""L6"": ""Normal"", ""L7"": ""Normal""}}","('VALUE', -204.19993893098857)","('VALUE', -204.19993893098857)",True,True
chain,hes_L4_L5,retirada_condensado_linha@L5,"{""hes"": {""L4"": ""Overhaul/Parada"", ""L5"": ""1 By pass"", ""L6"": ""Normal"", ""L7"": ""Normal""}}","('VALUE', -0.21051540095978205)","('VALUE', -0.21051540095978205)",True,True
chain,hes_L4_L5,retirada_condensado_linha@L6,"{""hes"": {""L4"": ""Overhaul/Parada"", ""L5"": ""1 By pass"", ""L6"": ""Normal"", ""L7"": ""Normal""}}","('VALUE', 5.538721693668811e-06)","('VALUE', 5.538721693668811e-06)",True,True
chain,hes_L4_L5,retirada_condensado_linha@L7,"{""hes"": {""L4"": ""Overhaul/Parada"", ""L5"": ""1 By pass"", ""L6"": ""Normal"", ""L7"": ""Normal""}}","('VALUE', 553.8721693668812)","('VALUE', 553.8721693668812)",True,True
chain,hes_L4_L5,retirada_condensado_total@L1_L7,"{""hes"": {""L4"": ""Overhaul/Parada"", ""L5"": ""1 By pass"", ""L6"": ""Normal"", ""L7"": ""Normal""}}","('VALUE', 20837.65664155097)","('VALUE', 20837.65664155097)",True,True
chain,hes_L4_L5,retirada_cond_corr_ltp@L1_L3,"{""hes"": {""L4"": ""Overhaul/Parada"", ""L5"": ""1 By pass e LC"", ""L6"": ""Normal"", ""L7"": ""Normal""}}","('VALUE', -99.49804134140493)","('VALUE', -99.49804134140493)",True,True
chain,hes_L4_L5,retirada_cond_corr_ltp@L4_L5,"{""hes"": {""L4"": ""Overhaul/Parada"", ""L5"": ""1 By pass e LC"", ""L6"": ""Normal"", ""L7"": ""Normal""}}","('VALUE', -11.017375456696598)","('VALUE', -11.017375456696598)",True,True
chain,hes_L4_L5,retirada_cond_corr_ltp@L6_L7,"{""hes"": {""L4"": ""Overhaul/Parada"", ""L5"": ""1 By pass e LC"", ""L6"": ""Normal"", ""L7"": ""Normal""}}","('VALUE', 183.05806811635424)","('VALUE', 183.05806811635424)",True,True
chain,hes_L4_L5,lth_grupo@L1_L3,"{""hes"": {""L4"": ""Overhaul/Parada"", ""L5"": ""1 By pass e LC"", ""L6"": ""Normal"", ""L7"": ""Normal""}}","('VALUE', 323.667)","('VALUE', 323.667)",True,True
chain,hes_L4_L5,lth_grupo@L4_L5,"{""hes"": {""L4"": ""Overhaul/Parada"", ""L5"": ""1 By pass e LC"", ""L6"": ""Normal"", ""L7"": ""Normal""}}","('VALUE', 1035.0)","('VALUE', 1035.0)",True,True
chain,hes_L4_L5,lth_grupo@L6_L7,"{""hes"": {""L4"": ""Overhaul/Parada"", ""L5"": ""1 By pass e LC"", ""L6"": ""Normal"", ""L7"": ""Normal""}}","('VALUE', 0.001)","('VALUE', 0.001)",True,True
chain,hes_L4_L5,retirada_cond_corr_lth@L1_L3,"{""hes"": {""L4"": ""Overhaul/Parada"", ""L5"": ""1 By pass e LC"", ""L6"": ""Normal"", ""L7"": ""Normal""}}","('VALUE', 47.95642802660586)","('VALUE', 47.95642802660586)",True,True
chain,hes_L4_L5,retirada_cond_corr_lth@L4_L5,"{""hes"": {""L4"": ""Overhaul/Parada"", ""L5"": ""1 By pass e LC"", ""L6"": ""Normal"", ""L7"": ""Normal""}}","('VALUE', 51.05566759518641)","('VALUE', 51.05566759518641)",True,True
chain,hes_L4_L5,retirada_cond_corr_lth@L6_L7,"{""hes"": {""L4"": ""Overhaul/Parada"", ""L5"": ""1 By pass e LC"", ""L6"": ""Normal"", ""L7"": ""Normal""}}","('VALUE', -218.6713683064879)","('VALUE', -218.6713683064879)",True,True
chain,hes_L4_L5,retirada_condensado_grupo@L1_L3,"{""hes"": {""L4"": ""Overhaul/Parada"", ""L5"": ""1 By pass e LC"", ""L6"": ""Normal"", ""L7"": ""Normal""}}","('VALUE', 10536.363408104033)","('VALUE', 10536.363408104033)",True,True
chain,hes_L4_L5,retirada_condensado_grupo@L4_L5,"{""hes"": {""L4"": ""Overhaul/Parada"", ""L5"": ""1 By pass e LC"", ""L6"": ""Normal"", ""L7"": ""Normal""}}","('VALUE', 174.146086103766)","('VALUE', 174.146086103766)",True,True
chain,hes_L4_L5,retirada_condensado_grupo@L6_L7,"{""hes"": {""L4"": ""Overhaul/Parada"", ""L5"": ""1 By pass e LC"", ""L6"": ""Normal"", ""L7"": ""Normal""}}","('VALUE', -703.4588728456843)","('VALUE', -703.4588728456843)",True,True
chain,hes_L4_L5,retirada_condensado_linha@L1,"{""hes"": {""L4"": ""Overhaul/Parada"", ""L5"": ""1 By pass e LC"", ""L6"": ""Normal"", ""L7"": ""Normal""}}","('VALUE', 0.010851032499558736)","('VALUE', 0.010851032499558736)",True,True
chain,hes_L4_L5,retirada_condensado_linha@L2,"{""hes"": {""L4"": ""Overhaul/Parada"", ""L5"": ""1 By pass e LC"", ""L6"": ""Normal"", ""L7"": ""Normal""}}","('VALUE', 10525.501524571975)","('VALUE', 10525.501524571975)",True,True
chain,hes_L4_L5,retirada_condensado_linha@L3,"{""hes"": {""L4"": ""Overhaul/Parada"", ""L5"": ""1 By pass e LC"", ""L6"": ""Normal"", ""L7"": ""Normal""}}","('VALUE', 10.851032499558737)","('VALUE', 10.851032499558737)",True,True
chain,hes_L4_L5,retirada_condensado_linha@L4,"{""hes"": {""L4"": ""Overhaul/Parada"", ""L5"": ""1 By pass e LC"", ""L6"": ""Normal"", ""L7"": ""Normal""}}","('VALUE', 81.60468769113673)","('VALUE', 81.60468769113673)",True,True
chain,hes_L4_L5,retirada_condensado_linha@L5,"{""hes"": {""L4"": ""Overhaul/Parada"", ""L5"": ""1 By pass e LC"", ""L6"": ""Normal"", ""L7"": ""Normal""}}","('VALUE', 92.54139841262929)","('VALUE', 92.54139841262929)",True,True
chain,hes_L4_L5,retirada_condensado_linha@L6,"{""hes"": {""L4"": ""Overhaul/Parada"", ""L5"": ""1 By pass e LC"", ""L6"": ""Normal"", ""L7"": ""Normal""}}","('VALUE', -351.7294364228421)","('VALUE', -351.7294364228421)",True,True
chain,hes_L4_L5,retirada_condensado_linha@L7,"{""hes"": {""L4"": ""Overhaul/Parada"", ""L5"": ""1 By pass e LC"", ""L6"": ""Normal"", ""L7"": ""Normal""}}","('VALUE', -351.7294364228421)","('VALUE', -351.7294364228421)",True,True
chain,hes_L4_L5,retirada_condensado_total@L1_L7,"{""hes"": {""L4"": ""Overhaul/Parada"", ""L5"": ""1 By pass e LC"", ""L6"": ""Normal"", ""L7"": ""Normal""}}","('VALUE', 10007.050621362116)","('VALUE', 10007.050621362116)",True,True
chain,hes_L4_L5,retirada_cond_corr_ltp@L1_L3,"{""hes"": {""L4"": ""Overhaul/Parada"", ""L5"": ""1 By pass e LC"", ""L6"": ""Normal"", ""L7"": ""Normal""}}","('VALUE', 47.936340992412426)","('VALUE', 47.936340992412426)",True,True
chain,hes_L4_L5,retirada_cond_corr_ltp@L4_L5,"{""hes"": {""L4"": ""Overhaul/Parada"", ""L5"": ""1 By pass e LC"", ""L6"": ""Normal"", ""L7"": ""Normal""}}","('VALUE', 47.936340992412426)","('VALUE', 47.936340992412426)",True,True
chain,hes_L4_L5,retirada_cond_corr_ltp@L6_L7,"{""hes"": {""L4"": ""Overhaul/Parada"", ""L5"": ""1 By pass e LC"", ""L6"": ""Normal"", ""L7"": ""Normal""}}","('VALUE', 47.936340992412426)","('VALUE', 47.936340992412426)",True,True
chain,hes_L4_L5,lth_grupo@L1_L3,"{""hes"": {""L4"": ""Overhaul/Parada"", ""L5"": ""1 By pass e LC"", ""L6"": ""Normal"", ""L7"": ""Normal""}}","('VALUE', 33333.334)","('VALUE', 33333.334)",True,True
chain,hes_L4_L5,lth_grupo@L4_L5,"{""hes"": {""L4"": ""Overhaul/Parada"", ""L5"": ""1 By pass e LC"", ""L6"": ""Normal"", ""L7"": ""Normal""}}","('VALUE', 970.0)","('VALUE', 970.0)",True,True
chain,hes_L4_L5,lth_grupo@L6_L7,"{""hes"": {""L4"": ""Overhaul/Parada"", ""L5"": ""1 By pass e LC"", ""L6"": ""Normal"", ""L7"": ""Normal""}}","('VALUE', 485.5)","('VALUE', 485.5)",True,True
chain,hes_L4_L5,retirada_cond_corr_lth@L1_L3,"{""hes"": {""L4"": ""Overhaul/Parada"", ""L5"": ""1 By pass e LC"", ""L6"": ""Normal"", ""L7"": ""Normal""}}","('VALUE', 119.54161332573997)","('VALUE', 119.54161332573997)",True,True
chain,hes_L4_L5,retirada_cond_corr_lth@L4_L5,"{""hes"": {""L4"": ""Overhaul/Parada"", ""L5"": ""1 By pass e LC"", ""L6"": ""Normal"", ""L7"": ""Normal""}}","('VALUE', 50.658204820168635)","('VALUE', 50.658204820168635)",True,True
chain,hes_L4_L5,retirada_cond_corr_lth@L6_L7,"{""hes"": {""L4"": ""Overhaul/Parada"", ""L5"": ""1 By pass e LC"", ""L6"": ""Normal"", ""L7"": ""Normal""}}","('VALUE', -100.0711674296085)","('VALUE', -100.0711674296085)",True,True
chain,hes_L4_L5,retirada_condensado_grupo@L1_L3,"{""hes"": {""L4"": ""Overhaul/Parada"", ""L5"": ""1 By pass e LC"", ""L6"": ""Normal"", ""L7"": ""Normal""}}","('VALUE', 20261.815816999984)","('VALUE', 20261.815816999984)",True,True
chain,hes_L4_L5,retirada_condensado_grupo@L4_L5,"{""hes"": {""L4"": ""Overhaul/Parada"", ""L5"": ""1 By pass e LC"", ""L6"": ""Normal"", ""L7"": ""Normal""}}","('VALUE', 55.44372765551242)","('VALUE', 55.44372765551242)",True,True
chain,hes_L4_L5,retirada_condensado_grupo@L6_L7,"{""hes"": {""L4"": ""Overhaul/Parada"", ""L5"": ""1 By pass e LC"", ""L6"": ""Normal"", ""L7"": ""Normal""}}","('VALUE', -196.01501684404184)","('VALUE', -196.01501684404184)",True,True
chain,hes_L4_L5,retirada_condensado_linha@L1,"{""hes"": {""L4"": ""Overhaul/Parada"", ""L5"": ""1 By pass e LC"", ""L6"": ""Normal"", ""L7"": ""Normal""}}","('VALUE', 20261.815411763673)","('VALUE', 20261.815411763673)",True,True
chain,hes_L4_L5,retirada_condensado_linha@L2,"{""hes"": {""L4"": ""Overhaul/Parada"", ""L5"": ""1 By pass e LC"", ""L6"": ""Normal"", ""L7"": ""Normal""}}","('VALUE', 0.00020261815411763673)","('VALUE', 0.00020261815411763673)",True,True
chain,hes_L4_L5,retirada_condensado_linha@L3,"{""hes"": {""L4"": ""Overhaul/Parada"", ""L5"": ""1 By pass e LC"", ""L6"": ""Normal"", ""L7"": ""Normal""}}","('VALUE', 0.00020261815411763673)","('VALUE', 0.00020261815411763673)",True,True
chain,hes_L4_L5,retirada_condensado_linha@L4,"{""hes"": {""L4"": ""Overhaul/Parada"", ""L5"": ""1 By pass e LC"", ""L6"": ""Normal"", ""L7"": ""Normal""}}","('VALUE', 27.72186382775621)","('VALUE', 27.72186382775621)",True,True
chain,hes_L4_L5,retirada_condensado_linha@L5,"{""hes"": {""L4"": ""Overhaul/Parada"", ""L5"": ""1 By pass e LC"", ""L6"": ""Normal"", ""L7"": ""Normal""}}","('VALUE', 27.72186382775621)","('VALUE', 27.72186382775621)",True,True
chain,hes_L4_L5,retirada_condensado_linha@L6,"{""hes"": {""L4"": ""Overhaul/Parada"", ""L5"": ""1 By pass e LC"", ""L6"": ""Normal"", ""L7"": ""Normal""}}","('VALUE', -0.20186922435019758)","('VALUE', -0.20186922435019758)",True,True
chain,hes_L4_L5,retirada_condensado_linha@L7,"{""hes"": {""L4"": ""Overhaul/Parada"", ""L5"": ""1 By pass e LC"", ""L6"": ""Normal"", ""L7"": ""Normal""}}","('VALUE', -195.81314761969165)","('VALUE', -195.81314761969165)",True,True
chain,hes_L4_L5,retirada_condensado_total@L1_L7,"{""hes"": {""L4"": ""Overhaul/Parada"", ""L5"": ""1 By pass e LC"", ""L6"": ""Normal"", ""L7"": ""Normal""}}","('VALUE', 20121.244527811454)","('VALUE', 20121.244527811454)",True,True
chain,hes_L4_L5,retirada_cond_corr_ltp@L1_L3,"{""hes"": {""L4"": ""1 By pass"", ""L5"": ""Normal"", ""L6"": ""Normal"", ""L7"": ""Normal""}}","('VALUE', 47.936340992412426)","('VALUE', 47.936340992412426)",True,True
chain,hes_L4_L5,retirada_cond_corr_ltp@L4_L5,"{""hes"": {""L4"": ""1 By pass"", ""L5"": ""Normal"", ""L6"": ""Normal"", ""L7"": ""Normal""}}","('VALUE', -99.49804134140493)","('VALUE', -99.49804134140493)",True,True
chain,hes_L4_L5,retirada_cond_corr_ltp@L6_L7,"{""hes"": {""L4"": ""1 By pass"", ""L5"": ""Normal"", ""L6"": ""Normal"", ""L7"": ""Normal""}}","('VALUE', -99.49804134140493)","('VALUE', -99.49804134140493)",True,True
chain,hes_L4_L5,lth_grupo@L1_L3,"{""hes"": {""L4"": ""1 By pass"", ""L5"": ""Normal"", ""L6"": ""Normal"", ""L7"": ""Normal""}}","('VALUE', 367.00033333333334)","('VALUE', 367.00033333333334)",True,True
chain,hes_L4_L5,lth_grupo@L4_L5,"{""hes"": {""L4"": ""1 By pass"", ""L5"": ""Normal"", ""L6"": ""Normal"", ""L7"": ""Normal""}}","('VALUE', 485.0005)","('VALUE', 485.0005)",True,True
chain,hes_L4_L5,lth_grupo@L6_L7,"{""hes"": {""L4"": ""1 By pass"", ""L5"": ""Normal"", ""L6"": ""Normal"", ""L7"": ""Normal""}}","('VALUE', 485.0005)","('VALUE', 485.0005)",True,True
chain,hes_L4_L5,retirada_cond_corr_lth@L1_L3,"{""hes"": {""L4"": ""1 By pass"", ""L5"": ""Normal"", ""L6"": ""Normal"", ""L7"": ""Normal""}}","('VALUE', 31.729803507075985)","('VALUE', 31.729803507075985)",True,True
chain,hes_L4_L5,retirada_cond_corr_lth@L4_L5,"{""hes"": {""L4"": ""1 By pass"", ""L5"": ""Normal"", ""L6"": ""Normal"", ""L7"": ""Normal""}}","('VALUE', 37.159183556072946)","('VALUE', 37.159183556072946)",True,True
chain,hes_L4_L5,retirada_cond_corr_lth@L6_L7,"{""hes"": {""L4"": ""1 By pass"", ""L5"": ""Normal"", ""L6"": ""Normal"", ""L7"": ""Normal""}}","('VALUE', 37.159183556072946)","('VALUE', 37.159183556072946)",True,True
chain,hes_L4_L5,retirada_condensado_grupo@L1_L3,"{""hes"": {""L4"": ""1 By pass"", ""L5"": ""Normal"", ""L6"": ""Normal"", ""L7"": ""Normal""}}","('VALUE', 19951.38038754399)","('VALUE', 19951.38038754399)",True,True
chain,hes_L4_L5,retirada_condensado_grupo@L4_L5,"{""hes"": {""L4"": ""1 By pass"", ""L5"": ""Normal"", ""L6"": ""Normal"", ""L7"": ""Normal""}}","('VALUE', 323.31444979495575)","('VALUE', 323.31444979495575)",True,True
chain,hes_L4_L5,retirada_condensado_grupo@L6_L7,"{""hes"": {""L4"": ""1 By pass"", ""L5"": ""Normal"", ""L6"": ""Normal"", ""L7"": ""Normal""}}","('VALUE', 373.31444979495575)","('VALUE', 373.31444979495575)",True,True
chain,hes_L4_L5,retirada_condensado_linha@L1,"{""hes"": {""L4"": ""1 By pass"", ""L5"": ""Normal"", ""L6"": ""Normal"", ""L7"": ""Normal""}}","('VALUE', 0.018121128307371195)","('VALUE', 0.018121128307371195)",True,True
chain,hes_L4_L5,retirada_condensado_linha@L2,"{""hes"": {""L4"": ""1 By pass"", ""L5"": ""Normal"", ""L6"": ""Normal"", ""L7"": ""Normal""}}","('VALUE', 18.121128307371194)","('VALUE', 18.121128307371194)",True,True
chain,hes_L4_L5,retirada_condensado_linha@L3,"{""hes"": {""L4"": ""1 By pass"", ""L5"": ""Normal"", ""L6"": ""Normal"", ""L7"": ""Normal""}}","('VALUE', 19933.241138108315)","('VALUE', 19933.241138108315)",True,True
chain,hes_L4_L5,retirada_condensado_linha@L4,"{""hes"": {""L4"": ""1 By pass"", ""L5"": ""Normal"", ""L6"": ""Normal"", ""L7"": ""Normal""}}","('VALUE', 323.3141164814336)","('VALUE', 323.3141164814336)",True,True
chain,hes_L4_L5,retirada_condensado_linha@L5,"{""hes"": {""L4"": ""1 By pass"", ""L5"": ""Normal"", ""L6"": ""Normal"", ""L7"": ""Normal""}}","('VALUE', 0.0003333135221458079)","('VALUE', 0.0003333135221458079)",True,True
chain,hes_L4_L5,retirada_condensado_linha@L6,"{""hes"": {""L4"": ""1 By pass"", ""L5"": ""Normal"", ""L6"": ""Normal"", ""L7"": ""Normal""}}","('VALUE', 0.0003848598607578299)","('VALUE', 0.0003848598607578299)",True,True
chain,hes_L4_L5,retirada_condensado_linha@L7,"{""hes"": {""L4"": ""1 By pass"", ""L5"": ""Normal"", ""L6"": ""Normal"", ""L7"": ""Normal""}}","('VALUE', 373.314064935095)","('VALUE', 373.314064935095)",True,True
chain,hes_L4_L5,retirada_condensado_total@L1_L7,"{""hes"": {""L4"": ""1 By pass"", ""L5"": ""Normal"", ""L6"": ""Normal"", ""L7"": ""Normal""}}","('VALUE', 20648.0092871339)","('VALUE', 20648.0092871339)",True,True
chain,hes_L4_L5,retirada_cond_corr_ltp@L1_L3,"{""hes"": {""L4"": ""1 By pass"", ""L5"": ""Normal"", ""L6"": ""Normal"", ""L7"": ""Normal""}}","('VALUE', 47.936340992412426)","('VALUE', 47.936340992412426)",True,True
chain,hes_L4_L5,retirada_cond_corr_ltp@L4_L5,"{""hes"": {""L4"": ""1 By pass"", ""L5"": ""Normal"", ""L6"": ""Normal"", ""L7"": ""Normal""}}","('VALUE', -11.017375456696598)","('VALUE', -11.017375456696598)",True,True
chain,hes_L4_L5,retirada_cond_corr_ltp@L6_L7,"{""hes"": {""L4"": ""1 By pass"", ""L5"": ""Normal"", ""L6"": ""Normal"", ""L7"": ""Normal""}}","('VALUE', -11.017375456696598)","('VALUE', -11.017375456696598)",True,True
chain,hes_L4_L5,lth_grupo@L1_L3,"{""hes"": {""L4"": ""1 By pass"", ""L5"": ""Normal"", ""L6"": ""Normal"", ""L7"": ""Normal""}}","('VALUE', 33980.0)","('VALUE', 33980.0)",True,True
chain,hes_L4_L5,lth_grupo@L4_L5,"{""hes"": {""L4"": ""1 By pass"", ""L5"": ""Normal"", ""L6"": ""Normal"", ""L7"": ""Normal""}}","('VALUE', 0.5005)","('VALUE', 0.5005)",True,True
chain,hes_L4_L5,lth_grupo@L6_L7,"{""hes"": {""L4"": ""1 By pass"", ""L5"": ""Normal"", ""L6"": ""Normal"", ""L7"": ""Normal""}}","('VALUE', 0.5005)","('VALUE', 0.5005)",True,True
chain,hes_L4_L5,retirada_cond_corr_lth@L1_L3,"{""hes"": {""L4"": ""1 By pass"", ""L5"": ""Normal"", ""L6"": ""Normal"", ""L7"": ""Normal""}}","('VALUE', 119.05011177371412)","('VALUE', 119.05011177371412)",True,True
chain,hes_L4_L5,retirada_cond_corr_lth@L4_L5,"{""hes"": {""L4"": ""1 By pass"", ""L5"": ""Normal"", ""L6"": ""Normal"", ""L7"": ""Normal""}}","('VALUE', -96.75671224466191)","('VALUE', -96.75671224466191)",True,True
chain,hes_L4_L5,retirada_cond_corr_lth@L6_L7,"{""hes"": {""L4"": ""1 By pass"", ""L5"": ""Normal"", ""L6"": ""Normal"", ""L7"": ""Normal""}}","('VALUE', -234.00711013059527)","('VALUE', -234.00711013059527)",True,True
chain,hes_L4_L5,retirada_condensado_grupo@L1_L3,"{""hes"": {""L4"": ""1 By pass"", ""L5"": ""Normal"", ""L6"": ""Normal"", ""L7"": ""Normal""}}","('VALUE', 309.3413123439051)","('VALUE', 309.3413123439051)",True,True
chain,hes_L4_L5,retirada_condensado_grupo@L4_L5,"{""hes"": {""L4"": ""1 By pass"", ""L5"": ""Normal"", ""L6"": ""Normal"", ""L7"": ""Normal""}}","('VALUE', -76.47867357593063)","('VALUE', -76.47867357593063)",True,True
chain,hes_L4_L5,retirada_condensado_grupo@L6_L7,"{""hes"": {""L4"": ""1 By pass"", ""L5"": ""Normal"", ""L6"": ""Normal"", ""L7"": ""Normal""}}","('VALUE', -345.97946934779736)","('VALUE', -345.97946934779736)",True,True
chain,hes_L4_L5,retirada_condensado_linha@L1,"{""hes"": {""L4"": ""1 By pass"", ""L5"": ""Normal"", ""L6"": ""Normal"", ""L7"": ""Normal""}}","('VALUE', 2.9435066997605253)","('VALUE', 2.9435066997605253)",True,True
chain,hes_L4_L5,retirada_condensado_linha@L2,"{""hes"": {""L4"": ""1 By pass"", ""L5"": ""Normal"", ""L6"": ""Normal"", ""L7"": ""Normal""}}","('VALUE', 2.9435066997605253)","('VALUE', 2.9435066997605253)",True,True
chain,hes_L4_L5,retirada_condensado_linha@L3,"{""hes"": {""L4"": ""1 By pass"", ""L5"": ""Normal"", ""L6"": ""Normal"", ""L7"": ""Normal""}}","('VALUE', 303.45429894438405)","('VALUE', 303.45429894438405)",True,True
chain,hes_L4_L5,retirada_condensado_linha@L4,"{""hes"": {""L4"": ""1 By pass"", ""L5"": ""Normal"", ""L6"": ""Normal"", ""L7"": ""Normal""}}","('VALUE', -76.40227130462601)","('VALUE', -76.40227130462601)",True,True
chain,hes_L4_L5,retirada_condensado_linha@L5,"{""hes"": {""L4"": ""1 By pass"", ""L5"": ""Normal"", ""L6"": ""Normal"", ""L7"": ""Normal""}}","('VALUE', -0.07640227130462601)","('VALUE', -0.07640227130462601)",True,True
chain,hes_L4_L5,retirada_condensado_linha@L6,"{""hes"": {""L4"": ""1 By pass"", ""L5"": ""Normal"", ""L6"": ""Normal"", ""L7"": ""Normal""}}","('VALUE', -345.6338355122851)","('VALUE', -345.6338355122851)",True,True
chain,hes_L4_L5,retirada_condensado_linha@L7,"{""hes"": {""L4"": ""1 By pass"", ""L5"": ""Normal"", ""L6"": ""Normal"", ""L7"": ""Normal""}}","('VALUE', -0.34563383551228516)","('VALUE', -0.34563383551228516)",True,True
chain,hes_L4_L5,retirada_condensado_total@L1_L7,"{""hes"": {""L4"": ""1 By pass"", ""L5"": ""Normal"", ""L6"": ""Normal"", ""L7"": ""Normal""}}","('VALUE', -113.1168305798229)","('VALUE', -113.1168305798229)",True,True
chain,hes_L4_L5,retirada_cond_corr_ltp@L1_L3,"{""hes"": {""L4"": ""1 By pass"", ""L5"": ""LC"", ""L6"": ""Normal"", ""L7"": ""Normal""}}","('VALUE', -99.49804134140493)","('VALUE', -99.49804134140493)",True,True
chain,hes_L4_L5,retirada_cond_corr_ltp@L4_L5,"{""hes"": {""L4"": ""1 By pass"", ""L5"": ""LC"", ""L6"": ""Normal"", ""L7"": ""Normal""}}","('VALUE', 183.05806811635424)","('VALUE', 183.05806811635424)",True,True
chain,hes_L4_L5,retirada_cond_corr_ltp@L6_L7,"{""hes"": {""L4"": ""1 By pass"", ""L5"": ""LC"", ""L6"": ""Normal"", ""L7"": ""Normal""}}","('VALUE', 53.93641212842863)","('VALUE', 53.93641212842863)",True,True
chain,hes_L4_L5,lth_grupo@L1_L3,"{""hes"": {""L4"": ""1 By pass"", ""L5"": ""LC"", ""L6"": ""Normal"", ""L7"": ""Normal""}}","('VALUE', 33656.667)","('VALUE', 33656.667)",True,True
chain,hes_L4_L5,lth_grupo@L4_L5,"{""hes"": {""L4"": ""1 By pass"", ""L5"": ""LC"", ""L6"": ""Normal"", ""L7"": ""Normal""}}","('VALUE', 550.5)","('VALUE', 550.5)",True,True
chain,hes_L4_L5,lth_grupo@L6_L7,"{""hes"": {""L4"": ""1 By pass"", ""L5"": ""LC"", ""L6"": ""Normal"", ""L7"": ""Normal""}}","('VALUE', 1.0)","('VALUE', 1.0)",True,True
chain,hes_L4_L5,retirada_cond_corr_lth@L1_L3,"{""hes"": {""L4"": ""1 By pass"", ""L5"": ""LC"", ""L6"": ""Normal"", ""L7"": ""Normal""}}","('VALUE', -17.52078757619128)","('VALUE', -17.52078757619128)",True,True
chain,hes_L4_L5,retirada_cond_corr_lth@L4_L5,"{""hes"": {""L4"": ""1 By pass"", ""L5"": ""LC"", ""L6"": ""Normal"", ""L7"": ""Normal""}}","('VALUE', 39.626218799025494)","('VALUE', 39.626218799025494)",True,True
chain,hes_L4_L5,retirada_cond_corr_lth@L6_L7,"{""hes"": {""L4"": ""1 By pass"", ""L5"": ""LC"", ""L6"": ""Normal"", ""L7"": ""Normal""}}","('VALUE', -64.60352567818856)","('VALUE', -64.60352567818856)",True,True
chain,hes_L4_L5,retirada_condensado_grupo@L1_L3,"{""hes"": {""L4"": ""1 By pass"", ""L5"": ""LC"", ""L6"": ""Normal"", ""L7"": ""Normal""}}","('VALUE', 10293.93176129564)","('VALUE', 10293.93176129564)",True,True
chain,hes_L4_L5,retirada_condensado_grupo@L4_L5,"{""hes"": {""L4"": ""1 By pass"", ""L5"": ""LC"", ""L6"": ""Normal"", ""L7"": ""Normal""}}","('VALUE', -147.93376141910383)","('VALUE', -147.93376141910383)",True,True
chain,hes_L4_L5,retirada_condensado_grupo@L6_L7,"{""hes"": {""L4"": ""1 By pass"", ""L5"": ""LC"", ""L6"": ""Normal"", ""L7"": ""Normal""}}","('VALUE', -137.07987561323438)","('VALUE', -137.07987561323438)",True,True
chain,hes_L4_L5,retirada_condensado_linha@L1,"{""hes"": {""L4"": ""1 By pass"", ""L5"": ""LC"", ""L6"": ""Normal"", ""L7"": ""Normal""}}","('VALUE', 98.89188580335629)","('VALUE', 98.89188580335629)",True,True
chain,hes_L4_L5,retirada_condensado_linha@L2,"{""hes"": {""L4"": ""1 By pass"", ""L5"": ""LC"", ""L6"": ""Normal"", ""L7"": ""Normal""}}","('VALUE', 0.00010195039773541886)","('VALUE', 0.00010195039773541886)",True,True
chain,hes_L4_L5,retirada_condensado_linha@L3,"{""hes"": {""L4"": ""1 By pass"", ""L5"": ""LC"", ""L6"": ""Normal"", ""L7"": ""Normal""}}","('VALUE', 10195.039773541886)","('VALUE', 10195.039773541886)",True,True
chain,hes_L4_L5,retirada_condensado_linha@L4,"{""hes"": {""L4"": ""1 By pass"", ""L5"": ""LC"", ""L6"": ""Normal"", ""L7"": ""Normal""}}","('VALUE', -0.13436308939064834)","('VALUE', -0.13436308939064834)",True,True
chain,hes_L4_L5,retirada_condensado_linha@L5,"{""hes"": {""L4"": ""1 By pass"", ""L5"": ""LC"", ""L6"": ""Normal"", ""L7"": ""Normal""}}","('VALUE', -147.79939832971317)","('VALUE', -147.79939832971317)",True,True
chain,hes_L4_L5,retirada_condensado_linha@L6,"{""hes"": {""L4"": ""1 By pass"", ""L5"": ""LC"", ""L6"": ""Normal"", ""L7"": ""Normal""}}","('VALUE', -68.53993780661719)","('VALUE', -68.53993780661719)",True,True
chain,hes_L4_L5,retirada_condensado_linha@L7,"{""hes"": {""L4"": ""1 By pass"", ""L5"": ""LC"", ""L6"": ""Normal"", ""L7"": ""Normal""}}","('VALUE', -68.53993780661719)","('VALUE', -68.53993780661719)",True,True
chain,hes_L4_L5,retirada_condensado_total@L1_L7,"{""hes"": {""L4"": ""1 By pass"", ""L5"": ""LC"", ""L6"": ""Normal"", ""L7"": ""Normal""}}","('VALUE', 10008.918124263302)","('VALUE', 10008.918124263302)",True,True
chain,hes_L4_L5,retirada_cond_corr_ltp@L1_L3,"{""hes"": {""L4"": ""1 By pass"", ""L5"": ""LC"", ""L6"": ""Normal"", ""L7"": ""Normal""}}","('VALUE', 47.936340992412426)","('VALUE', 47.936340992412426)",True,True
chain,hes_L4_L5,retirada_cond_corr_ltp@L4_L5,"{""hes"": {""L4"": ""1 By pass"", ""L5"": ""LC"", ""L6"": ""Normal"", ""L7"": ""Normal""}}","('VALUE', -99.49804134140493)","('VALUE', -99.49804134140493)",True,True
chain,hes_L4_L5,retirada_cond_corr_ltp@L6_L7,"{""hes"": {""L4"": ""1 By pass"", ""L5"": ""LC"", ""L6"": ""Normal"", ""L7"": ""Normal""}}","('VALUE', 53.93641212842863)","('VALUE', 53.93641212842863)",True,True
chain,hes_L4_L5,lth_grupo@L1_L3,"{""hes"": {""L4"": ""1 By pass"", ""L5"": ""LC"", ""L6"": ""Normal"", ""L7"": ""Normal""}}","('VALUE', 646.667)","('VALUE', 646.667)",True,True
chain,hes_L4_L5,lth_grupo@L4_L5,"{""hes"": {""L4"": ""1 By pass"", ""L5"": ""LC"", ""L6"": ""Normal"", ""L7"": ""Normal""}}","('VALUE', 50000.0005)","('VALUE', 50000.0005)",True,True
chain,hes_L4_L5,lth_grupo@L6_L7,"{""hes"": {""L4"": ""1 By pass"", ""L5"": ""LC"", ""L6"": ""Normal"", ""L7"": ""Normal""}}","('VALUE', 0.5005)","('VALUE', 0.5005)",True,True
chain,hes_L4_L5,retirada_cond_corr_lth@L1_L3,"{""hes"": {""L4"": ""1 By pass"", ""L5"": ""LC"", ""L6"": ""Normal"", ""L7"": ""Normal""}}","('VALUE', -94.488616007514)","('VALUE', -94.488616007514)",True,True
chain,hes_L4_L5,retirada_cond_corr_lth@L4_L5,"{""hes"": {""L4"": ""1 By pass"", ""L5"": ""LC"", ""L6"": ""Normal"", ""L7"": ""Normal""}}","('VALUE', 146.11165660545174)","('VALUE', 146.11165660545174)",True,True
chain,hes_L4_L5,retirada_cond_corr_lth@L6_L7,"{""hes"": {""L4"": ""1 By pass"", ""L5"": ""LC"", ""L6"": ""Normal"", ""L7"": ""Normal""}}","('VALUE', -78.08310175060669)","('VALUE', -78.08310175060669)",True,True
chain,hes_L4_L5,retirada_condensado_grupo@L1_L3,"{""hes"": {""L4"": ""1 By pass"", ""L5"": ""LC"", ""L6"": ""Normal"", ""L7"": ""Normal""}}","('VALUE', -284.2748709997793)","('VALUE', -284.2748709997793)",True,True
chain,hes_L4_L5,retirada_condensado_grupo@L4_L5,"{""hes"": {""L4"": ""1 By pass"", ""L5"": ""LC"", ""L6"": ""Normal"", ""L7"": ""Normal""}}","('VALUE', 468.04868841585636)","('VALUE', 468.04868841585636)",True,True
chain,hes_L4_L5,retirada_condensado_grupo@L6_L7,"{""hes"": {""L4"": ""1 By pass"", ""L5"": ""LC"", ""L6"": ""Normal"", ""L7"": ""Normal""}}","('VALUE', -164.03902775807063)","('VALUE', -164.03902775807063)",True,True
chain,hes_L4_L5,retirada_condensado_linha@L1,"{""hes"": {""L4"": ""1 By pass"", ""L5"": ""LC"", ""L6"": ""Normal"", ""L7"": ""Normal""}}","('VALUE', -0.00014653336312701865)","('VALUE', -0.00014653336312701865)",True,True
chain,hes_L4_L5,retirada_condensado_linha@L2,"{""hes"": {""L4"": ""1 By pass"", ""L5"": ""LC"", ""L6"": ""Normal"", ""L7"": ""Normal""}}","('VALUE', -142.13736223320808)","('VALUE', -142.13736223320808)",True,True
chain,hes_L4_L5,retirada_condensado_linha@L3,"{""hes"": {""L4"": ""1 By pass"", ""L5"": ""LC"", ""L6"": ""Normal"", ""L7"": ""Normal""}}","('VALUE', -142.13736223320808)","('VALUE', -142.13736223320808)",True,True
chain,hes_L4_L5,retirada_condensado_linha@L4,"{""hes"": {""L4"": ""1 By pass"", ""L5"": ""LC"", ""L6"": ""Normal"", ""L7"": ""Normal""}}","('VALUE', 468.0486837353695)","('VALUE', 468.0486837353695)",True,True
chain,hes_L4_L5,retirada_condensado_linha@L5,"{""hes"": {""L4"": ""1 By pass"", ""L5"": ""LC"", ""L6"": ""Normal"", ""L7"": ""Normal""}}","('VALUE', 4.6804868373536955e-06)","('VALUE', 4.6804868373536955e-06)",True,True
chain,hes_L4_L5,retirada_condensado_linha@L6,"{""hes"": {""L4"": ""1 By pass"", ""L5"": ""LC"", ""L6"": ""Normal"", ""L7"": ""Normal""}}","('VALUE', -163.8751526054652)","('VALUE', -163.8751526054652)",True,True
chain,hes_L4_L5,retirada_condensado_linha@L7,"{""hes"": {""L4"": ""1 By pass"", ""L5"": ""LC"", ""L6"": ""Normal"", ""L7"": ""Normal""}}","('VALUE', -0.1638751526054652)","('VALUE', -0.1638751526054652)",True,True
chain,hes_L4_L5,retirada_condensado_total@L1_L7,"{""hes"": {""L4"": ""1 By pass"", ""L5"": ""LC"", ""L6"": ""Normal"", ""L7"": ""Normal""}}","('VALUE', 19.734789658006434)","('VALUE', 19.734789658006434)",True,True
chain,hes_L4_L5,retirada_cond_corr_ltp@L1_L3,"{""hes"": {""L4"": ""1 By pass"", ""L5"": ""Overhaul/Parada"", ""L6"": ""Normal"", ""L7"": ""Normal""}}","('VALUE', 53.93641212842863)","('VALUE', 53.93641212842863)",True,True
chain,hes_L4_L5,retirada_cond_corr_ltp@L4_L5,"{""hes"": {""L4"": ""1 By pass"", ""L5"": ""Overhaul/Parada"", ""L6"": ""Normal"", ""L7"": ""Normal""}}","('VALUE', 53.93641212842863)","('VALUE', 53.93641212842863)",True,True
chain,hes_L4_L5,retirada_cond_corr_ltp@L6_L7,"{""hes"": {""L4"": ""1 By pass"", ""L5"": ""Overhaul/Parada"", ""L6"": ""Normal"", ""L7"": ""Normal""}}","('VALUE', -11.017375456696598)","('VALUE', -11.017375456696598)",True,True
chain,hes_L4_L5,lth_grupo@L1_L3,"{""hes"": {""L4"": ""1 By pass"", ""L5"": ""Overhaul/Parada"", ""L6"": ""Normal"", ""L7"": ""Normal""}}","('VALUE', 690.0003333333334)","('VALUE', 690.0003333333334)",True,True
chain,hes_L4_L5,lth_grupo@L4_L5,"{""hes"": {""L4"": ""1 By pass"", ""L5"": ""Overhaul/Parada"", ""L6"": ""Normal"", ""L7"": ""Normal""}}","('VALUE', 0.001)","('VALUE', 0.001)",True,True
chain,hes_L4_L5,lth_grupo@L6_L7,"{""hes"": {""L4"": ""1 By pass"", ""L5"": ""Overhaul/Parada"", ""L6"": ""Normal"", ""L7"": ""Normal""}}","('VALUE', 485.0005)","('VALUE', 485.0005)",True,True
chain,hes_L4_L5,retirada_cond_corr_lth@L1_L3,"{""hes"": {""L4"": ""1 By pass"", ""L5"": ""Overhaul/Parada"", ""L6"": ""Normal"", ""L7"": ""Normal""}}","('VALUE', 62.698552593112396)","('VALUE', 62.698552593112396)",True,True
chain,hes_L4_L5,retirada_cond_corr_lth@L4_L5,"{""hes"": {""L4"": ""1 By pass"", ""L5"": ""Overhaul/Parada"", ""L6"": ""Normal"", ""L7"": ""Normal""}}","('VALUE', -217.8056702304209)","('VALUE', -217.8056702304209)",True,True
chain,hes_L4_L5,retirada_cond_corr_lth@L6_L7,"{""hes"": {""L4"": ""1 By pass"", ""L5"": ""Overhaul/Parada"", ""L6"": ""Normal"", ""L7"": ""Normal""}}","('VALUE', 55.83279405012817)","('VALUE', 55.83279405012817)",True,True
chain,hes_L4_L5,retirada_condensado_grupo@L1_L3,"{""hes"": {""L4"": ""1 By pass"", ""L5"": ""Overhaul/Parada"", ""L6"": ""Normal"", ""L7"": ""Normal""}}","('VALUE', 10073.286421394052)","('VALUE', 10073.286421394052)",True,True
chain,hes_L4_L5,retirada_condensado_grupo@L4_L5,"{""hes"": {""L4"": ""1 By pass"", ""L5"": ""Overhaul/Parada"", ""L6"": ""Normal"", ""L7"": ""Normal""}}","('VALUE', -493.48416471769906)","('VALUE', -493.48416471769906)",True,True
chain,hes_L4_L5,retirada_condensado_grupo@L6_L7,"{""hes"": {""L4"": ""1 By pass"", ""L5"": ""Overhaul/Parada"", ""L6"": ""Normal"", ""L7"": ""Normal""}}","('VALUE', 233.70033901364954)","('VALUE', 233.70033901364954)",True,True
chain,hes_L4_L5,retirada_condensado_linha@L1,"{""hes"": {""L4"": ""1 By pass"", ""L5"": ""Overhaul/Parada"", ""L6"": ""Normal"", ""L7"": ""Normal""}}","('VALUE', 0.00486631959182341)","('VALUE', 0.00486631959182341)",True,True
chain,hes_L4_L5,retirada_condensado_linha@L2,"{""hes"": {""L4"": ""1 By pass"", ""L5"": ""Overhaul/Parada"", ""L6"": ""Normal"", ""L7"": ""Normal""}}","('VALUE', 4720.330004068708)","('VALUE', 4720.330004068708)",True,True
chain,hes_L4_L5,retirada_condensado_linha@L3,"{""hes"": {""L4"": ""1 By pass"", ""L5"": ""Overhaul/Parada"", ""L6"": ""Normal"", ""L7"": ""Normal""}}","('VALUE', 5352.951551005751)","('VALUE', 5352.951551005751)",True,True
chain,hes_L4_L5,retirada_condensado_linha@L4,"{""hes"": {""L4"": ""1 By pass"", ""L5"": ""Overhaul/Parada"", ""L6"": ""Normal"", ""L7"": ""Normal""}}","('VALUE', -246.74208235884953)","('VALUE', -246.74208235884953)",True,True
chain,hes_L4_L5,retirada_condensado_linha@L5,"{""hes"": {""L4"": ""1 By pass"", ""L5"": ""Overhaul/Parada"", ""L6"": ""Normal"", ""L7"": ""Normal""}}","('VALUE', -246.74208235884953)","('VALUE', -246.74208235884953)",True,True
chain,hes_L4_L5,retirada_condensado_linha@L6,"{""hes"": {""L4"": ""1 By pass"", ""L5"": ""Overhaul/Parada"", ""L6"": ""Normal"", ""L7"": ""Normal""}}","('VALUE', 0.00024092793617083852)","('VALUE', 0.00024092793617083852)",True,True
chain,hes_L4_L5,retirada_condensado_linha@L7,"{""hes"": {""L4"": ""1 By pass"", ""L5"": ""Overhaul/Parada"", ""L6"": ""Normal"", ""L7"": ""Normal""}}","('VALUE', 233.70009808571336)","('VALUE', 233.70009808571336)",True,True
chain,hes_L4_L5,retirada_condensado_total@L1_L7,"{""hes"": {""L4"": ""1 By pass"", ""L5"": ""Overhaul/Parada"", ""L6"": ""Normal"", ""L7"": ""Normal""}}","('VALUE', 9813.502595690003)","('VALUE', 9813.502595690003)",True,True
chain,hes_L4_L5,retirada_cond_corr_ltp@L1_L3,"{""hes"": {""L4"": ""1 By pass"", ""L5"": ""Overhaul/Parada"", ""L6"": ""Normal"", ""L7"": ""Normal""}}","('VALUE', 47.936340992412426)","('VALUE', 47.936340992412426)",True,True
chain,hes_L4_L5,retirada_cond_corr_ltp@L4_L5,"{""hes"": {""L4"": ""1 By pass"", ""L5"": ""Overhaul/Parada"", ""L6"": ""Normal"", ""L7"": ""Normal""}}","('VALUE', 183.05806811635424)","('VALUE', 183.05806811635424)",True,True
chain,hes_L4_L5,retirada_cond_corr_ltp@L6_L7,"{""hes"": {""L4"": ""1 By pass"", ""L5"": ""Overhaul/Parada"", ""L6"": ""Normal"", ""L7"": ""Normal""}}","('VALUE', -99.49804134140493)","('VALUE', -99.49804134140493)",True,True
chain,hes_L4_L5,lth_grupo@L1_L3,"{""hes"": {""L4"": ""1 By pass"", ""L5"": ""Overhaul/Parada"", ""L6"": ""Normal"", ""L7"": ""Normal""}}","('VALUE', 367.00033333333334)","('VALUE', 367.00033333333334)",True,True
chain,hes_L4_L5,lth_grupo@L4_L5,"{""hes"": {""L4"": ""1 By pass"", ""L5"": ""Overhaul/Parada"", ""L6"": ""Normal"", ""L7"": ""Normal""}}","('VALUE', 50000.0005)","('VALUE', 50000.0005)",True,True
chain,hes_L4_L5,lth_grupo@L6_L7,"{""hes"": {""L4"": ""1 By pass"", ""L5"": ""Overhaul/Parada"", ""L6"": ""Normal"", ""L7"": ""Normal""}}","('VALUE', 50000.0005)","('VALUE', 50000.0005)",True,True
chain,hes_L4_L5,retirada_cond_corr_lth@L1_L3,"{""hes"": {""L4"": ""1 By pass"", ""L5"": ""Overhaul/Parada"", ""L6"": ""Normal"", ""L7"": ""Normal""}}","('VALUE', 30.86410543100901)","('VALUE', 30.86410543100901)",True,True
chain,hes_L4_L5,retirada_cond_corr_lth@L4_L5,"{""hes"": {""L4"": ""1 By pass"", ""L5"": ""Overhaul/Parada"", ""L6"": ""Normal"", ""L7"": ""Normal""}}","('VALUE', -9.812351774536836)","('VALUE', -9.812351774536836)",True,True
chain,hes_L4_L5,retirada_cond_corr_lth@L6_L7,"{""hes"": {""L4"": ""1 By pass"", ""L5"": ""Overhaul/Parada"", ""L6"": ""Normal"", ""L7"": ""Normal""}}","('VALUE', 126.5723480353295)","('VALUE', 126.5723480353295)",True,True
chain,hes_L4_L5,retirada_condensado_grupo@L1_L3,"{""hes"": {""L4"": ""1 By pass"", ""L5"": ""Overhaul/Parada"", ""L6"": ""Normal"", ""L7"": ""Normal""}}","('VALUE', 9995.78329331579)","('VALUE', 9995.78329331579)",True,True
chain,hes_L4_L5,retirada_condensado_grupo@L4_L5,"{""hes"": {""L4"": ""1 By pass"", ""L5"": ""Overhaul/Parada"", ""L6"": ""Normal"", ""L7"": ""Normal""}}","('VALUE', -335.74083978178214)","('VALUE', -335.74083978178214)",True,True
chain,hes_L4_L5,retirada_condensado_grupo@L6_L7,"{""hes"": {""L4"": ""1 By pass"", ""L5"": ""Overhaul/Parada"", ""L6"": ""Normal"", ""L7"": ""Normal""}}","('VALUE', 552.1407787534688)","('VALUE', 552.1407787534688)",True,True
chain,hes_L4_L5,retirada_condensado_linha@L1,"{""hes"": {""L4"": ""1 By pass"", ""L5"": ""Overhaul/Parada"", ""L6"": ""Normal"", ""L7"": ""Normal""}}","('VALUE', 9986.695400501334)","('VALUE', 9986.695400501334)",True,True
chain,hes_L4_L5,retirada_condensado_linha@L2,"{""hes"": {""L4"": ""1 By pass"", ""L5"": ""Overhaul/Parada"", ""L6"": ""Normal"", ""L7"": ""Normal""}}","('VALUE', 0.009078814000455758)","('VALUE', 0.009078814000455758)",True,True
chain,hes_L4_L5,retirada_condensado_linha@L3,"{""hes"": {""L4"": ""1 By pass"", ""L5"": ""Overhaul/Parada"", ""L6"": ""Normal"", ""L7"": ""Normal""}}","('VALUE', 9.078814000455758)","('VALUE', 9.078814000455758)",True,True
chain,hes_L4_L5,retirada_condensado_linha@L4,"{""hes"": {""L4"": ""1 By pass"", ""L5"": ""Overhaul/Parada"", ""L6"": ""Normal"", ""L7"": ""Normal""}}","('VALUE', -335.74083642437375)","('VALUE', -335.74083642437375)",True,True
chain,hes_L4_L5,retirada_condensado_linha@L5,"{""hes"": {""L4"": ""1 By pass"", ""L5"": ""Overhaul/Parada"", ""L6"": ""Normal"", ""L7"": ""Normal""}}","('VALUE', -3.3574083642437376e-06)","('VALUE', -3.3574083642437376e-06)",True,True
chain,hes_L4_L5,retirada_condensado_linha@L6,"{""hes"": {""L4"": ""1 By pass"", ""L5"": ""Overhaul/Parada"", ""L6"": ""Normal"", ""L7"": ""Normal""}}","('VALUE', 552.1407732320611)","('VALUE', 552.1407732320611)",True,True
chain,hes_L4_L5,retirada_condensado_linha@L7,"{""hes"": {""L4"": ""1 By pass"", ""L5"": ""Overhaul/Parada"", ""L6"": ""Normal"", ""L7"": ""Normal""}}","('VALUE', 5.52140773232061e-06)","('VALUE', 5.52140773232061e-06)",True,True
chain,hes_L4_L5,retirada_condensado_total@L1_L7,"{""hes"": {""L4"": ""1 By pass"", ""L5"": ""Overhaul/Parada"", ""L6"": ""Normal"", ""L7"": ""Normal""}}","('VALUE', 10212.183232287476)","('VALUE', 10212.183232287476)",True,True
chain,hes_L4_L5,retirada_cond_corr_ltp@L1_L3,"{""hes"": {""L4"": ""1 By pass"", ""L5"": ""1 By pass"", ""L6"": ""Normal"", ""L7"": ""Normal""}}","('VALUE', 53.93641212842863)","('VALUE', 53.93641212842863)",True,True
chain,hes_L4_L5,retirada_cond_corr_ltp@L4_L5,"{""hes"": {""L4"": ""1 By pass"", ""L5"": ""1 By pass"", ""L6"": ""Normal"", ""L7"": ""Normal""}}","('VALUE', 183.05806811635424)","('VALUE', 183.05806811635424)",True,True
chain,hes_L4_L5,retirada_cond_corr_ltp@L6_L7,"{""hes"": {""L4"": ""1 By pass"", ""L5"": ""1 By pass"", ""L6"": ""Normal"", ""L7"": ""Normal""}}","('VALUE', 53.93641212842863)","('VALUE', 53.93641212842863)",True,True
chain,hes_L4_L5,lth_grupo@L1_L3,"{""hes"": {""L4"": ""1 By pass"", ""L5"": ""1 By pass"", ""L6"": ""Normal"", ""L7"": ""Normal""}}","('VALUE', 690.0003333333334)","('VALUE', 690.0003333333334)",True,True
chain,hes_L4_L5,lth_grupo@L4_L5,"{""hes"": {""L4"": ""1 By pass"", ""L5"": ""1 By pass"", ""L6"": ""Normal"", ""L7"": ""Normal""}}","('VALUE', 1100.0)","('VALUE', 1100.0)",True,True
chain,hes_L4_L5,lth_grupo@L6_L7,"{""hes"": {""L4"": ""1 By pass"", ""L5"": ""1 By pass"", ""L6"": ""Normal"", ""L7"": ""Normal""}}","('VALUE', 485.0005)","('VALUE', 485.0005)",True,True
chain,hes_L4_L5,retirada_cond_corr_lth@L1_L3,"{""hes"": {""L4"": ""1 By pass"", ""L5"": ""1 By pass"", ""L6"": ""Normal"", ""L7"": ""Normal""}}","('VALUE', -93.22545578687615)","('VALUE', -93.22545578687615)",True,True
chain,hes_L4_L5,retirada_cond_corr_lth@L4_L5,"{""hes"": {""L4"": ""1 By pass"", ""L5"": ""1 By pass"", ""L6"": ""Normal"", ""L7"": ""Normal""}}","('VALUE', 71.7811741316778)","('VALUE', 71.7811741316778)",True,True
chain,hes_L4_L5,retirada_cond_corr_lth@L6_L7,"{""hes"": {""L4"": ""1 By pass"", ""L5"": ""1 By pass"", ""L6"": ""Normal"", ""L7"": ""Normal""}}","('VALUE', 36.293485480005955)","('VALUE', 36.293485480005955)",True,True
chain,hes_L4_L5,retirada_condensado_grupo@L1_L3,"{""hes"": {""L4"": ""1 By pass"", ""L5"": ""1 By pass"", ""L6"": ""Normal"", ""L7"": ""Normal""}}","('VALUE', 9653.514396254086)","('VALUE', 9653.514396254086)",True,True
chain,hes_L4_L5,retirada_condensado_grupo@L4_L5,"{""hes"": {""L4"": ""1 By pass"", ""L5"": ""1 By pass"", ""L6"": ""Normal"", ""L7"": ""Normal""}}","('VALUE', -122.55378796935287)","('VALUE', -122.55378796935287)",True,True
chain,hes_L4_L5,retirada_condensado_grupo@L6_L7,"{""hes"": {""L4"": ""1 By pass"", ""L5"": ""1 By pass"", ""L6"": ""Normal"", ""L7"": ""Normal""}}","('VALUE', 64.71414670315465)","('VALUE', 64.71414670315465)",True,True
chain,hes_L4_L5,retirada_condensado_linha@L1,"{""hes"": {""L4"": ""1 By pass"", ""L5"": ""1 By pass"", ""L6"": ""Normal"", ""L7"": ""Normal""}}","('VALUE', 4523.625333691367)","('VALUE', 4523.625333691367)",True,True
chain,hes_L4_L5,retirada_condensado_linha@L2,"{""hes"": {""L4"": ""1 By pass"", ""L5"": ""1 By pass"", ""L6"": ""Normal"", ""L7"": ""Normal""}}","('VALUE', 0.00466353127184677)","('VALUE', 0.00466353127184677)",True,True
chain,hes_L4_L5,retirada_condensado_linha@L3,"{""hes"": {""L4"": ""1 By pass"", ""L5"": ""1 By pass"", ""L6"": ""Normal"", ""L7"": ""Normal""}}","('VALUE', 5129.884399031447)","('VALUE', 5129.884399031447)",True,True
chain,hes_L4_L5,retirada_condensado_linha@L4,"{""hes"": {""L4"": ""1 By pass"", ""L5"": ""1 By pass"", ""L6"": ""Normal"", ""L7"": ""Normal""}}","('VALUE', -61.27689398467644)","('VALUE', -61.27689398467644)",True,True
chain,hes_L4_L5,retirada_condensado_linha@L5,"{""hes"": {""L4"": ""1 By pass"", ""L5"": ""1 By pass"", ""L6"": ""Normal"", ""L7"": ""Normal""}}","('VALUE', -61.27689398467644)","('VALUE', -61.27689398467644)",True,True
chain,hes_L4_L5,retirada_condensado_linha@L6,"{""hes"": {""L4"": ""1 By pass"", ""L5"": ""1 By pass"", ""L6"": ""Normal"", ""L7"": ""Normal""}}","('VALUE', 64.71407998760827)","('VALUE', 64.71407998760827)",True,True
chain,hes_L4_L5,retirada_condensado_linha@L7,"{""hes"": {""L4"": ""1 By pass"", ""L5"": ""1 By pass"", ""L6"": ""Normal"", ""L7"": ""Normal""}}","('VALUE', 6.671554637897761e-05)","('VALUE', 6.671554637897761e-05)",True,True
chain,hes_L4_L5,retirada_condensado_total@L1_L7,"{""hes"": {""L4"": ""1 By pass"", ""L5"": ""1 By pass"", ""L6"": ""Normal"", ""L7"": ""Normal""}}","('VALUE', 9595.674754987887)","('VALUE', 9595.674754987887)",True,True
chain,hes_L4_L5,retirada_cond_corr_ltp@L1_L3,"{""hes"": {""L4"": ""1 By pass"", ""L5"": ""1 By pass"", ""L6"": ""Normal"", ""L7"": ""Normal""}}","('VALUE', 47.936340992412426)","('VALUE', 47.936340992412426)",True,True
chain,hes_L4_L5,retirada_cond_corr_ltp@L4_L5,"{""hes"": {""L4"": ""1 By pass"", ""L5"": ""1 By pass"", ""L6"": ""Normal"", ""L7"": ""Normal""}}","('VALUE', 183.05806811635424)","('VALUE', 183.05806811635424)",True,True
chain,hes_L4_L5,retirada_cond_corr_ltp@L6_L7,"{""hes"": {""L4"": ""1 By pass"", ""L5"": ""1 By pass"", ""L6"": ""Normal"", ""L7"": ""Normal""}}","('VALUE', 47.936340992412426)","('VALUE', 47.936340992412426)",True,True
chain,hes_L4_L5,lth_grupo@L1_L3,"{""hes"": {""L4"": ""1 By pass"", ""L5"": ""1 By pass"", ""L6"": ""Normal"", ""L7"": ""Normal""}}","('VALUE', 323.667)","('VALUE', 323.667)",True,True
chain,hes_L4_L5,lth_grupo@L4_L5,"{""hes"": {""L4"": ""1 By pass"", ""L5"": ""1 By pass"", ""L6"": ""Normal"", ""L7"": ""Normal""}}","('VALUE', 1100.0)","('VALUE', 1100.0)",True,True
chain,hes_L4_L5,lth_grupo@L6_L7,"{""hes"": {""L4"": ""1 By pass"", ""L5"": ""1 By pass"", ""L6"": ""Normal"", ""L7"": ""Normal""}}","('VALUE', 50485.0)","('VALUE', 50485.0)",True,True
chain,hes_L4_L5,retirada_cond_corr_lth@L1_L3,"{""hes"": {""L4"": ""1 By pass"", ""L5"": ""1 By pass"", ""L6"": ""Normal"", ""L7"": ""Normal""}}","('VALUE', -107.96758035338269)","('VALUE', -107.96758035338269)",True,True
chain,hes_L4_L5,retirada_cond_corr_lth@L4_L5,"{""hes"": {""L4"": ""1 By pass"", ""L5"": ""1 By pass"", ""L6"": ""Normal"", ""L7"": ""Normal""}}","('VALUE', 52.241865561555585)","('VALUE', 52.241865561555585)",True,True
chain,hes_L4_L5,retirada_cond_corr_lth@L6_L7,"{""hes"": {""L4"": ""1 By pass"", ""L5"": ""1 By pass"", ""L6"": ""Normal"", ""L7"": ""Normal""}}","('VALUE', 126.76034502120251)","('VALUE', 126.76034502120251)",True,True
chain,hes_L4_L5,retirada_condensado_grupo@L1_L3,"{""hes"": {""L4"": ""1 By pass"", ""L5"": ""1 By pass"", ""L6"": ""Normal"", ""L7"": ""Normal""}}","('VALUE', -372.71176403738536)","('VALUE', -372.71176403738536)",True,True
chain,hes_L4_L5,retirada_condensado_grupo@L4_L5,"{""hes"": {""L4"": ""1 By pass"", ""L5"": ""1 By pass"", ""L6"": ""Normal"", ""L7"": ""Normal""}}","('VALUE', -161.6324051095973)","('VALUE', -161.6324051095973)",True,True
chain,hes_L4_L5,retirada_condensado_grupo@L6_L7,"{""hes"": {""L4"": ""1 By pass"", ""L5"": ""1 By pass"", ""L6"": ""Normal"", ""L7"": ""Normal""}}","('VALUE', 257.64800805758017)","('VALUE', 257.64800805758017)",True,True
chain,hes_L4_L5,retirada_condensado_linha@L1,"{""hes"": {""L4"": ""1 By pass"", ""L5"": ""1 By pass"", ""L6"": ""Normal"", ""L7"": ""Normal""}}","('VALUE', -0.0003838428220335359)","('VALUE', -0.0003838428220335359)",True,True
chain,hes_L4_L5,retirada_condensado_linha@L2,"{""hes"": {""L4"": ""1 By pass"", ""L5"": ""1 By pass"", ""L6"": ""Normal"", ""L7"": ""Normal""}}","('VALUE', -372.32753737252983)","('VALUE', -372.32753737252983)",True,True
chain,hes_L4_L5,retirada_condensado_linha@L3,"{""hes"": {""L4"": ""1 By pass"", ""L5"": ""1 By pass"", ""L6"": ""Normal"", ""L7"": ""Normal""}}","('VALUE', -0.38384282203353587)","('VALUE', -0.38384282203353587)",True,True
chain,hes_L4_L5,retirada_condensado_linha@L4,"{""hes"": {""L4"": ""1 By pass"", ""L5"": ""1 By pass"", ""L6"": ""Normal"", ""L7"": ""Normal""}}","('VALUE', -80.81620255479865)","('VALUE', -80.81620255479865)",True,True
chain,hes_L4_L5,retirada_condensado_linha@L5,"{""hes"": {""L4"": ""1 By pass"", ""L5"": ""1 By pass"", ""L6"": ""Normal"", ""L7"": ""Normal""}}","('VALUE', -80.81620255479865)","('VALUE', -80.81620255479865)",True,True
chain,hes_L4_L5,retirada_condensado_linha@L6,"{""hes"": {""L4"": ""1 By pass"", ""L5"": ""1 By pass"", ""L6"": ""Normal"", ""L7"": ""Normal""}}","('VALUE', 2.4751764664341165)","('VALUE', 2.4751764664341165)",True,True
chain,hes_L4_L5,retirada_condensado_linha@L7,"{""hes"": {""L4"": ""1 By pass"", ""L5"": ""1 By pass"", ""L6"": ""Normal"", ""L7"": ""Normal""}}","('VALUE', 255.17283159114606)","('VALUE', 255.17283159114606)",True,True
chain,hes_L4_L5,retirada_condensado_total@L1_L7,"{""hes"": {""L4"": ""1 By pass"", ""L5"": ""1 By pass"", ""L6"": ""Normal"", ""L7"": ""Normal""}}","('VALUE', -276.69616108940255)","('VALUE', -276.69616108940255)",True,True
chain,hes_L4_L5,retirada_cond_corr_ltp@L1_L3,"{""hes"": {""L4"": ""1 By pass"", ""L5"": ""1 By pass e LC"", ""L6"": ""Normal"", ""L7"": ""Normal""}}","('VALUE', -99.49804134140493)","('VALUE', -99.49804134140493)",True,True
chain,hes_L4_L5,retirada_cond_corr_ltp@L4_L5,"{""hes"": {""L4"": ""1 By pass"", ""L5"": ""1 By pass e LC"", ""L6"": ""Normal"", ""L7"": ""Normal""}}","('VALUE', -11.017375456696598)","('VALUE', -11.017375456696598)",True,True
chain,hes_L4_L5,retirada_cond_corr_ltp@L6_L7,"{""hes"": {""L4"": ""1 By pass"", ""L5"": ""1 By pass e LC"", ""L6"": ""Normal"", ""L7"": ""Normal""}}","('VALUE', 47.936340992412426)","('VALUE', 47.936340992412426)",True,True
chain,hes_L4_L5,lth_grupo@L1_L3,"{""hes"": {""L4"": ""1 By pass"", ""L5"": ""1 By pass e LC"", ""L6"": ""Normal"", ""L7"": ""Normal""}}","('VALUE', 33334.0)","('VALUE', 33334.0)",True,True
chain,hes_L4_L5,lth_grupo@L4_L5,"{""hes"": {""L4"": ""1 By pass"", ""L5"": ""1 By pass e LC"", ""L6"": ""Normal"", ""L7"": ""Normal""}}","('VALUE', 0.5005)","('VALUE', 0.5005)",True,True
chain,hes_L4_L5,lth_grupo@L6_L7,"{""hes"": {""L4"": ""1 By pass"", ""L5"": ""1 By pass e LC"", ""L6"": ""Normal"", ""L7"": ""Normal""}}","('VALUE', 50485.0)","('VALUE', 50485.0)",True,True
chain,hes_L4_L5,retirada_cond_corr_lth@L1_L3,"{""hes"": {""L4"": ""1 By pass"", ""L5"": ""1 By pass e LC"", ""L6"": ""Normal"", ""L7"": ""Normal""}}","('VALUE', 138.21561292640027)","('VALUE', 138.21561292640027)",True,True
chain,hes_L4_L5,retirada_cond_corr_lth@L4_L5,"{""hes"": {""L4"": ""1 By pass"", ""L5"": ""1 By pass e LC"", ""L6"": ""Normal"", ""L7"": ""Normal""}}","('VALUE', -97.6224103207289)","('VALUE', -97.6224103207289)",True,True
chain,hes_L4_L5,retirada_cond_corr_lth@L6_L7,"{""hes"": {""L4"": ""1 By pass"", ""L5"": ""1 By pass e LC"", ""L6"": ""Normal"", ""L7"": ""Normal""}}","('VALUE', 146.29965359132473)","('VALUE', 146.29965359132473)",True,True
chain,hes_L4_L5,retirada_condensado_grupo@L1_L3,"{""hes"": {""L4"": ""1 By pass"", ""L5"": ""1 By pass e LC"", ""L6"": ""Normal"", ""L7"": ""Normal""}}","('VALUE', 20760.140962803416)","('VALUE', 20760.140962803416)",True,True
chain,hes_L4_L5,retirada_condensado_grupo@L4_L5,"{""hes"": {""L4"": ""1 By pass"", ""L5"": ""1 By pass e LC"", ""L6"": ""Normal"", ""L7"": ""Normal""}}","('VALUE', -78.21006972806461)","('VALUE', -78.21006972806461)",True,True
chain,hes_L4_L5,retirada_condensado_grupo@L6_L7,"{""hes"": {""L4"": ""1 By pass"", ""L5"": ""1 By pass e LC"", ""L6"": ""Normal"", ""L7"": ""Normal""}}","('VALUE', 296.7266251978246)","('VALUE', 296.7266251978246)",True,True
chain,hes_L4_L5,retirada_condensado_linha@L1,"{""hes"": {""L4"": ""1 By pass"", ""L5"": ""1 By pass e LC"", ""L6"": ""Normal"", ""L7"": ""Normal""}}","('VALUE', 0.2075972576828805)","('VALUE', 0.2075972576828805)",True,True
chain,hes_L4_L5,retirada_condensado_linha@L2,"{""hes"": {""L4"": ""1 By pass"", ""L5"": ""1 By pass e LC"", ""L6"": ""Normal"", ""L7"": ""Normal""}}","('VALUE', 0.2075972576828805)","('VALUE', 0.2075972576828805)",True,True
chain,hes_L4_L5,retirada_condensado_linha@L3,"{""hes"": {""L4"": ""1 By pass"", ""L5"": ""1 By pass e LC"", ""L6"": ""Normal"", ""L7"": ""Normal""}}","('VALUE', 20759.72576828805)","('VALUE', 20759.72576828805)",True,True
chain,hes_L4_L5,retirada_condensado_linha@L4,"{""hes"": {""L4"": ""1 By pass"", ""L5"": ""1 By pass e LC"", ""L6"": ""Normal"", ""L7"": ""Normal""}}","('VALUE', -0.07813193779027434)","('VALUE', -0.07813193779027434)",True,True
chain,hes_L4_L5,retirada_condensado_linha@L5,"{""hes"": {""L4"": ""1 By pass"", ""L5"": ""1 By pass e LC"", ""L6"": ""Normal"", ""L7"": ""Normal""}}","('VALUE', -78.13193779027435)","('VALUE', -78.13193779027435)",True,True
chain,hes_L4_L5,retirada_condensado_linha@L6,"{""hes"": {""L4"": ""1 By pass"", ""L5"": ""1 By pass e LC"", ""L6"": ""Normal"", ""L7"": ""Normal""}}","('VALUE', 2.8505974689698905)","('VALUE', 2.8505974689698905)",True,True
chain,hes_L4_L5,retirada_condensado_linha@L7,"{""hes"": {""L4"": ""1 By pass"", ""L5"": ""1 By pass e LC"", ""L6"": ""Normal"", ""L7"": ""Normal""}}","('VALUE', 293.8760277288547)","('VALUE', 293.8760277288547)",True,True
chain,hes_L4_L5,retirada_condensado_total@L1_L7,"{""hes"": {""L4"": ""1 By pass"", ""L5"": ""1 By pass e LC"", ""L6"": ""Normal"", ""L7"": ""Normal""}}","('VALUE', 20978.657518273176)","('VALUE', 20978.657518273176)",True,True
chain,hes_L4_L5,retirada_cond_corr_ltp@L1_L3,"{""hes"": {""L4"": ""1 By pass"", ""L5"": ""1 By pass e LC"", ""L6"": ""Normal"", ""L7"": ""Normal""}}","('VALUE', -99.49804134140493)","('VALUE', -99.49804134140493)",True,True
chain,hes_L4_L5,retirada_cond_corr_ltp@L4_L5,"{""hes"": {""L4"": ""1 By pass"", ""L5"": ""1 By pass e LC"", ""L6"": ""Normal"", ""L7"": ""Normal""}}","('VALUE', -99.49804134140493)","('VALUE', -99.49804134140493)",True,True
chain,hes_L4_L5,retirada_cond_corr_ltp@L6_L7,"{""hes"": {""L4"": ""1 By pass"", ""L5"": ""1 By pass e LC"", ""L6"": ""Normal"", ""L7"": ""Normal""}}","('VALUE', 53.93641212842863)","('VALUE', 53.93641212842863)",True,True
chain,hes_L4_L5,lth_grupo@L1_L3,"{""hes"": {""L4"": ""1 By pass"", ""L5"": ""1 By pass e LC"", ""L6"": ""Normal"", ""L7"": ""Normal""}}","('VALUE', 690.0003333333334)","('VALUE', 690.0003333333334)",True,True
chain,hes_L4_L5,lth_grupo@L4_L5,"{""hes"": {""L4"": ""1 By pass"", ""L5"": ""1 By pass e LC"", ""L6"": ""Normal"", ""L7"": ""Normal""}}","('VALUE', 970.0)","('VALUE', 970.0)",True,True
chain,hes_L4_L5,lth_grupo@L6_L7,"{""hes"": {""L4"": ""1 By pass"", ""L5"": ""1 By pass e LC"", ""L6"": ""Normal"", ""L7"": ""Normal""}}","('VALUE', 0.5005)","('VALUE', 0.5005)",True,True
chain,hes_L4_L5,retirada_cond_corr_lth@L1_L3,"{""hes"": {""L4"": ""1 By pass"", ""L5"": ""1 By pass e LC"", ""L6"": ""Normal"", ""L7"": ""Normal""}}","('VALUE', -93.22545578687615)","('VALUE', -93.22545578687615)",True,True
chain,hes_L4_L5,retirada_cond_corr_lth@L4_L5,"{""hes"": {""L4"": ""1 By pass"", ""L5"": ""1 By pass e LC"", ""L6"": ""Normal"", ""L7"": ""Normal""}}","('VALUE', 69.33181531422386)","('VALUE', 69.33181531422386)",True,True
chain,hes_L4_L5,retirada_cond_corr_lth@L6_L7,"{""hes"": {""L4"": ""1 By pass"", ""L5"": ""1 By pass e LC"", ""L6"": ""Normal"", ""L7"": ""Normal""}}","('VALUE', -96.75671224466191)","('VALUE', -96.75671224466191)",True,True
chain,hes_L4_L5,retirada_condensado_grupo@L1_L3,"{""hes"": {""L4"": ""1 By pass"", ""L5"": ""1 By pass e LC"", ""L6"": ""Normal"", ""L7"": ""Normal""}}","('VALUE', 10112.817756663586)","('VALUE', 10112.817756663586)",True,True
chain,hes_L4_L5,retirada_condensado_grupo@L4_L5,"{""hes"": {""L4"": ""1 By pass"", ""L5"": ""1 By pass e LC"", ""L6"": ""Normal"", ""L7"": ""Normal""}}","('VALUE', 387.6597133112576)","('VALUE', 387.6597133112576)",True,True
chain,hes_L4_L5,retirada_condensado_grupo@L6_L7,"{""hes"": {""L4"": ""1 By pass"", ""L5"": ""1 By pass e LC"", ""L6"": ""Normal"", ""L7"": ""Normal""}}","('VALUE', -201.38624874618108)","('VALUE', -201.38624874618108)",True,True
chain,hes_L4_L5,retirada_condensado_linha@L1,"{""hes"": {""L4"": ""1 By pass"", ""L5"": ""1 By pass e LC"", ""L6"": ""Normal"", ""L7"": ""Normal""}}","('VALUE', 0.004885416846012918)","('VALUE', 0.004885416846012918)",True,True
chain,hes_L4_L5,retirada_condensado_linha@L2,"{""hes"": {""L4"": ""1 By pass"", ""L5"": ""1 By pass e LC"", ""L6"": ""Normal"", ""L7"": ""Normal""}}","('VALUE', 5373.958530614209)","('VALUE', 5373.958530614209)",True,True
chain,hes_L4_L5,retirada_condensado_linha@L3,"{""hes"": {""L4"": ""1 By pass"", ""L5"": ""1 By pass e LC"", ""L6"": ""Normal"", ""L7"": ""Normal""}}","('VALUE', 4738.85434063253)","('VALUE', 4738.85434063253)",True,True
chain,hes_L4_L5,retirada_condensado_linha@L4,"{""hes"": {""L4"": ""1 By pass"", ""L5"": ""1 By pass e LC"", ""L6"": ""Normal"", ""L7"": ""Normal""}}","('VALUE', 193.8298566556288)","('VALUE', 193.8298566556288)",True,True
chain,hes_L4_L5,retirada_condensado_linha@L5,"{""hes"": {""L4"": ""1 By pass"", ""L5"": ""1 By pass e LC"", ""L6"": ""Normal"", ""L7"": ""Normal""}}","('VALUE', 193.8298566556288)","('VALUE', 193.8298566556288)",True,True
chain,hes_L4_L5,retirada_condensado_linha@L6,"{""hes"": {""L4"": ""1 By pass"", ""L5"": ""1 By pass e LC"", ""L6"": ""Normal"", ""L7"": ""Normal""}}","('VALUE', -201.1850636824986)","('VALUE', -201.1850636824986)",True,True
chain,hes_L4_L5,retirada_condensado_linha@L7,"{""hes"": {""L4"": ""1 By pass"", ""L5"": ""1 By pass e LC"", ""L6"": ""Normal"", ""L7"": ""Normal""}}","('VALUE', -0.2011850636824986)","('VALUE', -0.2011850636824986)",True,True
chain,hes_L4_L5,retirada_condensado_total@L1_L7,"{""hes"": {""L4"": ""1 By pass"", ""L5"": ""1 By pass e LC"", ""L6"": ""Normal"", ""L7"": ""Normal""}}","('VALUE', 10299.091221228662)","('VALUE', 10299.091221228662)",True,True
chain,hes_L4_L5,retirada_cond_corr_ltp@L1_L3,"{""hes"": {""L4"": ""1 By pass e LC"", ""L5"": ""Normal"", ""L6"": ""Normal"", ""L7"": ""Normal""}}","('VALUE', 53.93641212842863)","('VALUE', 53.93641212842863)",True,True
chain,hes_L4_L5,retirada_cond_corr_ltp@L4_L5,"{""hes"": {""L4"": ""1 By pass e LC"", ""L5"": ""Normal"", ""L6"": ""Normal"", ""L7"": ""Normal""}}","('VALUE', -11.017375456696598)","('VALUE', -11.017375456696598)",True,True
chain,hes_L4_L5,retirada_cond_corr_ltp@L6_L7,"{""hes"": {""L4"": ""1 By pass e LC"", ""L5"": ""Normal"", ""L6"": ""Normal"", ""L7"": ""Normal""}}","('VALUE', 183.05806811635424)","('VALUE', 183.05806811635424)",True,True
chain,hes_L4_L5,lth_grupo@L1_L3,"{""hes"": {""L4"": ""1 By pass e LC"", ""L5"": ""Normal"", ""L6"": ""Normal"", ""L7"": ""Normal""}}","('VALUE', 34023.333333333336)","('VALUE', 34023.333333333336)",True,True
chain,hes_L4_L5,lth_grupo@L4_L5,"{""hes"": {""L4"": ""1 By pass e LC"", ""L5"": ""Normal"", ""L6"": ""Normal"", ""L7"": ""Normal""}}","('VALUE', 1035.0)","('VALUE', 1035.0)",True,True
chain,hes_L4_L5,lth_grupo@L6_L7,"{""hes"": {""L4"": ""1 By pass e LC"", ""L5"": ""Normal"", ""L6"": ""Normal"", ""L7"": ""Normal""}}","('VALUE', 485.5)","('VALUE', 485.5)",True,True
chain,hes_L4_L5,retirada_cond_corr_lth@L1_L3,"{""hes"": {""L4"": ""1 By pass e LC"", ""L5"": ""Normal"", ""L6"": ""Normal"", ""L7"": ""Normal""}}","('VALUE', -17.309768171021375)","('VALUE', -17.309768171021375)",True,True
chain,hes_L4_L5,retirada_cond_corr_lth@L4_L5,"{""hes"": {""L4"": ""1 By pass e LC"", ""L5"": ""Normal"", ""L6"": ""Normal"", ""L7"": ""Normal""}}","('VALUE', -85.32903221467996)","('VALUE', -85.32903221467996)",True,True
chain,hes_L4_L5,retirada_cond_corr_lth@L6_L7,"{""hes"": {""L4"": ""1 By pass e LC"", ""L5"": ""Normal"", ""L6"": ""Normal"", ""L7"": ""Normal""}}","('VALUE', 37.179230456324845)","('VALUE', 37.179230456324845)",True,True
chain,hes_L4_L5,retirada_condensado_grupo@L1_L3,"{""hes"": {""L4"": ""1 By pass e LC"", ""L5"": ""Normal"", ""L6"": ""Normal"", ""L7"": ""Normal""}}","('VALUE', 9833.26145910165)","('VALUE', 9833.26145910165)",True,True
chain,hes_L4_L5,retirada_condensado_grupo@L4_L5,"{""hes"": {""L4"": ""1 By pass e LC"", ""L5"": ""Normal"", ""L6"": ""Normal"", ""L7"": ""Normal""}}","('STATE', ('NO_APPLICABLE_RULE', None, None))","('STATE', ('NO_APPLICABLE_RULE', None, None))",True,True
chain,hes_L4_L5,retirada_condensado_grupo@L6_L7,"{""hes"": {""L4"": ""1 By pass e LC"", ""L5"": ""Normal"", ""L6"": ""Normal"", ""L7"": ""Normal""}}","('VALUE', -191.75767532005875)","('VALUE', -191.75767532005875)",True,True
chain,hes_L4_L5,retirada_condensado_linha@L1,"{""hes"": {""L4"": ""1 By pass e LC"", ""L5"": ""Normal"", ""L6"": ""Normal"", ""L7"": ""Normal""}}","('VALUE', 9633.840951407514)","('VALUE', 9633.840951407514)",True,True
chain,hes_L4_L5,retirada_condensado_linha@L2,"{""hes"": {""L4"": ""1 By pass e LC"", ""L5"": ""Normal"", ""L6"": ""Normal"", ""L7"": ""Normal""}}","('VALUE', 105.97225046548266)","('VALUE', 105.97225046548266)",True,True
chain,hes_L4_L5,retirada_condensado_linha@L3,"{""hes"": {""L4"": ""1 By pass e LC"", ""L5"": ""Normal"", ""L6"": ""Normal"", ""L7"": ""Normal""}}","('VALUE', 93.44825722865289)","('VALUE', 93.44825722865289)",True,True
chain,hes_L4_L5,retirada_condensado_linha@L4,"{""hes"": {""L4"": ""1 By pass e LC"", ""L5"": ""Normal"", ""L6"": ""Normal"", ""L7"": ""Normal""}}","('STATE', ('NO_APPLICABLE_RULE', None, None))","('STATE', ('NO_APPLICABLE_RULE', None, None))",True,True
chain,hes_L4_L5,retirada_condensado_linha@L5,"{""hes"": {""L4"": ""1 By pass e LC"", ""L5"": ""Normal"", ""L6"": ""Normal"", ""L7"": ""Normal""}}","('STATE', ('NO_APPLICABLE_RULE', None, None))","('STATE', ('NO_APPLICABLE_RULE', None, None))",True,True
chain,hes_L4_L5,retirada_condensado_linha@L6,"{""hes"": {""L4"": ""1 By pass e LC"", ""L5"": ""Normal"", ""L6"": ""Normal"", ""L7"": ""Normal""}}","('VALUE', -191.56019058749433)","('VALUE', -191.56019058749433)",True,True
chain,hes_L4_L5,retirada_condensado_linha@L7,"{""hes"": {""L4"": ""1 By pass e LC"", ""L5"": ""Normal"", ""L6"": ""Normal"", ""L7"": ""Normal""}}","('VALUE', -0.19748473256442714)","('VALUE', -0.19748473256442714)",True,True
chain,hes_L4_L5,retirada_condensado_total@L1_L7,"{""hes"": {""L4"": ""1 By pass e LC"", ""L5"": ""Normal"", ""L6"": ""Normal"", ""L7"": ""Normal""}}","('STATE', ('NO_APPLICABLE_RULE', None, None))","('STATE', ('NO_APPLICABLE_RULE', None, None))",True,True
chain,hes_L4_L5,retirada_cond_corr_ltp@L1_L3,"{""hes"": {""L4"": ""1 By pass e LC"", ""L5"": ""Normal"", ""L6"": ""Normal"", ""L7"": ""Normal""}}","('VALUE', -99.49804134140493)","('VALUE', -99.49804134140493)",True,True
chain,hes_L4_L5,retirada_cond_corr_ltp@L4_L5,"{""hes"": {""L4"": ""1 By pass e LC"", ""L5"": ""Normal"", ""L6"": ""Normal"", ""L7"": ""Normal""}}","('VALUE', -11.017375456696598)","('VALUE', -11.017375456696598)",True,True
chain,hes_L4_L5,retirada_cond_corr_ltp@L6_L7,"{""hes"": {""L4"": ""1 By pass e LC"", ""L5"": ""Normal"", ""L6"": ""Normal"", ""L7"": ""Normal""}}","('VALUE', 53.93641212842863)","('VALUE', 53.93641212842863)",True,True
chain,hes_L4_L5,lth_grupo@L1_L3,"{""hes"": {""L4"": ""1 By pass e LC"", ""L5"": ""Normal"", ""L6"": ""Normal"", ""L7"": ""Normal""}}","('VALUE', 367.3333333333333)","('VALUE', 367.3333333333333)",True,True
chain,hes_L4_L5,lth_grupo@L4_L5,"{""hes"": {""L4"": ""1 By pass e LC"", ""L5"": ""Normal"", ""L6"": ""Normal"", ""L7"": ""Normal""}}","('VALUE', 0.5005)","('VALUE', 0.5005)",True,True
chain,hes_L4_L5,lth_grupo@L6_L7,"{""hes"": {""L4"": ""1 By pass e LC"", ""L5"": ""Normal"", ""L6"": ""Normal"", ""L7"": ""Normal""}}","('VALUE', 1100.0)","('VALUE', 1100.0)",True,True
chain,hes_L4_L5,retirada_cond_corr_lth@L1_L3,"{""hes"": {""L4"": ""1 By pass e LC"", ""L5"": ""Normal"", ""L6"": ""Normal"", ""L7"": ""Normal""}}","('VALUE', 31.74746625560273)","('VALUE', 31.74746625560273)",True,True
chain,hes_L4_L5,retirada_cond_corr_lth@L4_L5,"{""hes"": {""L4"": ""1 By pass e LC"", ""L5"": ""Normal"", ""L6"": ""Normal"", ""L7"": ""Normal""}}","('VALUE', -97.6224103207289)","('VALUE', -97.6224103207289)",True,True
chain,hes_L4_L5,retirada_cond_corr_lth@L6_L7,"{""hes"": {""L4"": ""1 By pass e LC"", ""L5"": ""Normal"", ""L6"": ""Normal"", ""L7"": ""Normal""}}","('VALUE', -84.14283424831076)","('VALUE', -84.14283424831076)",True,True
chain,hes_L4_L5,retirada_condensado_grupo@L1_L3,"{""hes"": {""L4"": ""1 By pass e LC"", ""L5"": ""Normal"", ""L6"": ""Normal"", ""L7"": ""Normal""}}","('VALUE', 535.7365227910229)","('VALUE', 535.7365227910229)",True,True
chain,hes_L4_L5,retirada_condensado_grupo@L4_L5,"{""hes"": {""L4"": ""1 By pass e LC"", ""L5"": ""Normal"", ""L6"": ""Normal"", ""L7"": ""Normal""}}","('STATE', ('NO_APPLICABLE_RULE', None, None))","('STATE', ('NO_APPLICABLE_RULE', None, None))",True,True
chain,hes_L4_L5,retirada_condensado_grupo@L6_L7,"{""hes"": {""L4"": ""1 By pass e LC"", ""L5"": ""Normal"", ""L6"": ""Normal"", ""L7"": ""Normal""}}","('VALUE', -176.15849275347875)","('VALUE', -176.15849275347875)",True,True
chain,hes_L4_L5,retirada_condensado_linha@L1,"{""hes"": {""L4"": ""1 By pass e LC"", ""L5"": ""Normal"", ""L6"": ""Normal"", ""L7"": ""Normal""}}","('VALUE', 0.48614929472869595)","('VALUE', 0.48614929472869595)",True,True
chain,hes_L4_L5,retirada_condensado_linha@L2,"{""hes"": {""L4"": ""1 By pass e LC"", ""L5"": ""Normal"", ""L6"": ""Normal"", ""L7"": ""Normal""}}","('VALUE', 534.7642242015655)","('VALUE', 534.7642242015655)",True,True
chain,hes_L4_L5,retirada_condensado_linha@L3,"{""hes"": {""L4"": ""1 By pass e LC"", ""L5"": ""Normal"", ""L6"": ""Normal"", ""L7"": ""Normal""}}","('VALUE', 0.48614929472869595)","('VALUE', 0.48614929472869595)",True,True
chain,hes_L4_L5,retirada_condensado_linha@L4,"{""hes"": {""L4"": ""1 By pass e LC"", ""L5"": ""Normal"", ""L6"": ""Normal"", ""L7"": ""Normal""}}","('STATE', ('NO_APPLICABLE_RULE', None, None))","('STATE', ('NO_APPLICABLE_RULE', None, None))",True,True
chain,hes_L4_L5,retirada_condensado_linha@L5,"{""hes"": {""L4"": ""1 By pass e LC"", ""L5"": ""Normal"", ""L6"": ""Normal"", ""L7"": ""Normal""}}","('STATE', ('NO_APPLICABLE_RULE', None, None))","('STATE', ('NO_APPLICABLE_RULE', None, None))",True,True
chain,hes_L4_L5,retirada_condensado_linha@L6,"{""hes"": {""L4"": ""1 By pass e LC"", ""L5"": ""Normal"", ""L6"": ""Normal"", ""L7"": ""Normal""}}","('VALUE', -88.07924637673938)","('VALUE', -88.07924637673938)",True,True
chain,hes_L4_L5,retirada_condensado_linha@L7,"{""hes"": {""L4"": ""1 By pass e LC"", ""L5"": ""Normal"", ""L6"": ""Normal"", ""L7"": ""Normal""}}","('VALUE', -88.07924637673938)","('VALUE', -88.07924637673938)",True,True
chain,hes_L4_L5,retirada_condensado_total@L1_L7,"{""hes"": {""L4"": ""1 By pass e LC"", ""L5"": ""Normal"", ""L6"": ""Normal"", ""L7"": ""Normal""}}","('STATE', ('NO_APPLICABLE_RULE', None, None))","('STATE', ('NO_APPLICABLE_RULE', None, None))",True,True
chain,hes_L4_L5,retirada_cond_corr_ltp@L1_L3,"{""hes"": {""L4"": ""1 By pass e LC"", ""L5"": ""LC"", ""L6"": ""Normal"", ""L7"": ""Normal""}}","('VALUE', -11.017375456696598)","('VALUE', -11.017375456696598)",True,True
chain,hes_L4_L5,retirada_cond_corr_ltp@L4_L5,"{""hes"": {""L4"": ""1 By pass e LC"", ""L5"": ""LC"", ""L6"": ""Normal"", ""L7"": ""Normal""}}","('VALUE', -99.49804134140493)","('VALUE', -99.49804134140493)",True,True
chain,hes_L4_L5,retirada_cond_corr_ltp@L6_L7,"{""hes"": {""L4"": ""1 By pass e LC"", ""L5"": ""LC"", ""L6"": ""Normal"", ""L7"": ""Normal""}}","('VALUE', -99.49804134140493)","('VALUE', -99.49804134140493)",True,True
chain,hes_L4_L5,lth_grupo@L1_L3,"{""hes"": {""L4"": ""1 By pass e LC"", ""L5"": ""LC"", ""L6"": ""Normal"", ""L7"": ""Normal""}}","('VALUE', 67033.33333333333)","('VALUE', 67033.33333333333)",True,True
chain,hes_L4_L5,lth_grupo@L4_L5,"{""hes"": {""L4"": ""1 By pass e LC"", ""L5"": ""LC"", ""L6"": ""Normal"", ""L7"": ""Normal""}}","('VALUE', 485.5)","('VALUE', 485.5)",True,True
chain,hes_L4_L5,lth_grupo@L6_L7,"{""hes"": {""L4"": ""1 By pass e LC"", ""L5"": ""LC"", ""L6"": ""Normal"", ""L7"": ""Normal""}}","('VALUE', 485.5)","('VALUE', 485.5)",True,True
chain,hes_L4_L5,retirada_cond_corr_lth@L1_L3,"{""hes"": {""L4"": ""1 By pass e LC"", ""L5"": ""LC"", ""L6"": ""Normal"", ""L7"": ""Normal""}}","('VALUE', 132.28177521781828)","('VALUE', 132.28177521781828)",True,True
chain,hes_L4_L5,retirada_cond_corr_lth@L4_L5,"{""hes"": {""L4"": ""1 By pass e LC"", ""L5"": ""LC"", ""L6"": ""Normal"", ""L7"": ""Normal""}}","('VALUE', 55.852840950380056)","('VALUE', 55.852840950380056)",True,True
chain,hes_L4_L5,retirada_cond_corr_lth@L6_L7,"{""hes"": {""L4"": ""1 By pass e LC"", ""L5"": ""LC"", ""L6"": ""Normal"", ""L7"": ""Normal""}}","('VALUE', 36.313532380257854)","('VALUE', 36.313532380257854)",True,True
chain,hes_L4_L5,retirada_condensado_grupo@L1_L3,"{""hes"": {""L4"": ""1 By pass e LC"", ""L5"": ""LC"", ""L6"": ""Normal"", ""L7"": ""Normal""}}","('VALUE', 525.8974520235446)","('VALUE', 525.8974520235446)",True,True
chain,hes_L4_L5,retirada_condensado_grupo@L4_L5,"{""hes"": {""L4"": ""1 By pass e LC"", ""L5"": ""LC"", ""L6"": ""Normal"", ""L7"": ""Normal""}}","('VALUE', 325.1388969619929)","('VALUE', 325.1388969619929)",True,True
chain,hes_L4_L5,retirada_condensado_grupo@L6_L7,"{""hes"": {""L4"": ""1 By pass e LC"", ""L5"": ""LC"", ""L6"": ""Normal"", ""L7"": ""Normal""}}","('VALUE', 371.6231474433256)","('VALUE', 371.6231474433256)",True,True
chain,hes_L4_L5,retirada_condensado_linha@L1,"{""hes"": {""L4"": ""1 By pass e LC"", ""L5"": ""LC"", ""L6"": ""Normal"", ""L7"": ""Normal""}}","('VALUE', 261.5104187088735)","('VALUE', 261.5104187088735)",True,True
chain,hes_L4_L5,retirada_condensado_linha@L2,"{""hes"": {""L4"": ""1 By pass e LC"", ""L5"": ""LC"", ""L6"": ""Normal"", ""L7"": ""Normal""}}","('VALUE', 261.5104187088735)","('VALUE', 261.5104187088735)",True,True
chain,hes_L4_L5,retirada_condensado_linha@L3,"{""hes"": {""L4"": ""1 By pass e LC"", ""L5"": ""LC"", ""L6"": ""Normal"", ""L7"": ""Normal""}}","('VALUE', 2.8766146057976085)","('VALUE', 2.8766146057976085)",True,True
chain,hes_L4_L5,retirada_condensado_linha@L4,"{""hes"": {""L4"": ""1 By pass e LC"", ""L5"": ""LC"", ""L6"": ""Normal"", ""L7"": ""Normal""}}","('VALUE', 324.8040474285614)","('VALUE', 324.8040474285614)",True,True
chain,hes_L4_L5,retirada_condensado_linha@L5,"{""hes"": {""L4"": ""1 By pass e LC"", ""L5"": ""LC"", ""L6"": ""Normal"", ""L7"": ""Normal""}}","('VALUE', 0.3348495334315066)","('VALUE', 0.3348495334315066)",True,True
chain,hes_L4_L5,retirada_condensado_linha@L6,"{""hes"": {""L4"": ""1 By pass e LC"", ""L5"": ""LC"", ""L6"": ""Normal"", ""L7"": ""Normal""}}","('VALUE', 371.2404253553304)","('VALUE', 371.2404253553304)",True,True
chain,hes_L4_L5,retirada_condensado_linha@L7,"{""hes"": {""L4"": ""1 By pass e LC"", ""L5"": ""LC"", ""L6"": ""Normal"", ""L7"": ""Normal""}}","('VALUE', 0.382722087995186)","('VALUE', 0.382722087995186)",True,True
chain,hes_L4_L5,retirada_condensado_total@L1_L7,"{""hes"": {""L4"": ""1 By pass e LC"", ""L5"": ""LC"", ""L6"": ""Normal"", ""L7"": ""Normal""}}","('VALUE', 1222.659496428863)","('VALUE', 1222.659496428863)",True,True
chain,hes_L4_L5,retirada_cond_corr_ltp@L1_L3,"{""hes"": {""L4"": ""1 By pass e LC"", ""L5"": ""LC"", ""L6"": ""Normal"", ""L7"": ""Normal""}}","('VALUE', 53.93641212842863)","('VALUE', 53.93641212842863)",True,True
chain,hes_L4_L5,retirada_cond_corr_ltp@L4_L5,"{""hes"": {""L4"": ""1 By pass e LC"", ""L5"": ""LC"", ""L6"": ""Normal"", ""L7"": ""Normal""}}","('VALUE', -11.017375456696598)","('VALUE', -11.017375456696598)",True,True
chain,hes_L4_L5,retirada_cond_corr_ltp@L6_L7,"{""hes"": {""L4"": ""1 By pass e LC"", ""L5"": ""LC"", ""L6"": ""Normal"", ""L7"": ""Normal""}}","('VALUE', 183.05806811635424)","('VALUE', 183.05806811635424)",True,True
chain,hes_L4_L5,lth_grupo@L1_L3,"{""hes"": {""L4"": ""1 By pass e LC"", ""L5"": ""LC"", ""L6"": ""Normal"", ""L7"": ""Normal""}}","('VALUE', 690.3333333333334)","('VALUE', 690.3333333333334)",True,True
chain,hes_L4_L5,lth_grupo@L4_L5,"{""hes"": {""L4"": ""1 By pass e LC"", ""L5"": ""LC"", ""L6"": ""Normal"", ""L7"": ""Normal""}}","('VALUE', 550.0005)","('VALUE', 550.0005)",True,True
chain,hes_L4_L5,lth_grupo@L6_L7,"{""hes"": {""L4"": ""1 By pass e LC"", ""L5"": ""LC"", ""L6"": ""Normal"", ""L7"": ""Normal""}}","('VALUE', 1.0)","('VALUE', 1.0)",True,True
chain,hes_L4_L5,retirada_cond_corr_lth@L1_L3,"{""hes"": {""L4"": ""1 By pass e LC"", ""L5"": ""LC"", ""L6"": ""Normal"", ""L7"": ""Normal""}}","('VALUE', 43.168640555556806)","('VALUE', 43.168640555556806)",True,True
chain,hes_L4_L5,retirada_cond_corr_lth@L4_L5,"{""hes"": {""L4"": ""1 By pass e LC"", ""L5"": ""LC"", ""L6"": ""Normal"", ""L7"": ""Normal""}}","('VALUE', -97.6418578851783)","('VALUE', -97.6418578851783)",True,True
chain,hes_L4_L5,retirada_cond_corr_lth@L6_L7,"{""hes"": {""L4"": ""1 By pass e LC"", ""L5"": ""LC"", ""L6"": ""Normal"", ""L7"": ""Normal""}}","('VALUE', -220.5275340581771)","('VALUE', -220.5275340581771)",True,True
chain,hes_L4_L5,retirada_condensado_grupo@L1_L3,"{""hes"": {""L4"": ""1 By pass e LC"", ""L5"": ""LC"", ""L6"": ""Normal"", ""L7"": ""Normal""}}","('VALUE', 61.69668528138453)","('VALUE', 61.69668528138453)",True,True
chain,hes_L4_L5,retirada_condensado_grupo@L4_L5,"{""hes"": {""L4"": ""1 By pass e LC"", ""L5"": ""LC"", ""L6"": ""Normal"", ""L7"": ""Normal""}}","('VALUE', -57.988763845096024)","('VALUE', -57.988763845096024)",True,True
chain,hes_L4_L5,retirada_condensado_grupo@L6_L7,"{""hes"": {""L4"": ""1 By pass e LC"", ""L5"": ""LC"", ""L6"": ""Normal"", ""L7"": ""Normal""}}","('VALUE', -707.1712043490627)","('VALUE', -707.1712043490627)",True,True
chain,hes_L4_L5,retirada_condensado_linha@L1,"{""hes"": {""L4"": ""1 By pass e LC"", ""L5"": ""LC"", ""L6"": ""Normal"", ""L7"": ""Normal""}}","('VALUE', 28.897047186355866)","('VALUE', 28.897047186355866)",True,True
chain,hes_L4_L5,retirada_condensado_linha@L2,"{""hes"": {""L4"": ""1 By pass e LC"", ""L5"": ""LC"", ""L6"": ""Normal"", ""L7"": ""Normal""}}","('VALUE', 32.769847324733455)","('VALUE', 32.769847324733455)",True,True
chain,hes_L4_L5,retirada_condensado_linha@L3,"{""hes"": {""L4"": ""1 By pass e LC"", ""L5"": ""LC"", ""L6"": ""Normal"", ""L7"": ""Normal""}}","('VALUE', 0.02979077029521223)","('VALUE', 0.02979077029521223)",True,True
chain,hes_L4_L5,retirada_condensado_linha@L4,"{""hes"": {""L4"": ""1 By pass e LC"", ""L5"": ""LC"", ""L6"": ""Normal"", ""L7"": ""Normal""}}","('VALUE', -57.98871112808591)","('VALUE', -57.98871112808591)",True,True
chain,hes_L4_L5,retirada_condensado_linha@L5,"{""hes"": {""L4"": ""1 By pass e LC"", ""L5"": ""LC"", ""L6"": ""Normal"", ""L7"": ""Normal""}}","('VALUE', -5.271701011644174e-05)","('VALUE', -5.271701011644174e-05)",True,True
chain,hes_L4_L5,retirada_condensado_linha@L6,"{""hes"": {""L4"": ""1 By pass e LC"", ""L5"": ""LC"", ""L6"": ""Normal"", ""L7"": ""Normal""}}","('VALUE', -353.58560217453135)","('VALUE', -353.58560217453135)",True,True
chain,hes_L4_L5,retirada_condensado_linha@L7,"{""hes"": {""L4"": ""1 By pass e LC"", ""L5"": ""LC"", ""L6"": ""Normal"", ""L7"": ""Normal""}}","('VALUE', -353.58560217453135)","('VALUE', -353.58560217453135)",True,True
chain,hes_L4_L5,retirada_condensado_total@L1_L7,"{""hes"": {""L4"": ""1 By pass e LC"", ""L5"": ""LC"", ""L6"": ""Normal"", ""L7"": ""Normal""}}","('VALUE', -703.4632829127742)","('VALUE', -703.4632829127742)",True,True
chain,hes_L4_L5,retirada_cond_corr_ltp@L1_L3,"{""hes"": {""L4"": ""1 By pass e LC"", ""L5"": ""Overhaul/Parada"", ""L6"": ""Normal"", ""L7"": ""Normal""}}","('VALUE', 53.93641212842863)","('VALUE', 53.93641212842863)",True,True
chain,hes_L4_L5,retirada_cond_corr_ltp@L4_L5,"{""hes"": {""L4"": ""1 By pass e LC"", ""L5"": ""Overhaul/Parada"", ""L6"": ""Normal"", ""L7"": ""Normal""}}","('VALUE', -99.49804134140493)","('VALUE', -99.49804134140493)",True,True
chain,hes_L4_L5,retirada_cond_corr_ltp@L6_L7,"{""hes"": {""L4"": ""1 By pass e LC"", ""L5"": ""Overhaul/Parada"", ""L6"": ""Normal"", ""L7"": ""Normal""}}","('VALUE', -99.49804134140493)","('VALUE', -99.49804134140493)",True,True
chain,hes_L4_L5,lth_grupo@L1_L3,"{""hes"": {""L4"": ""1 By pass e LC"", ""L5"": ""Overhaul/Parada"", ""L6"": ""Normal"", ""L7"": ""Normal""}}","('VALUE', 690.0003333333334)","('VALUE', 690.0003333333334)",True,True
chain,hes_L4_L5,lth_grupo@L4_L5,"{""hes"": {""L4"": ""1 By pass e LC"", ""L5"": ""Overhaul/Parada"", ""L6"": ""Normal"", ""L7"": ""Normal""}}","('VALUE', 50000.0005)","('VALUE', 50000.0005)",True,True
chain,hes_L4_L5,lth_grupo@L6_L7,"{""hes"": {""L4"": ""1 By pass e LC"", ""L5"": ""Overhaul/Parada"", ""L6"": ""Normal"", ""L7"": ""Normal""}}","('VALUE', 485.5)","('VALUE', 485.5)",True,True
chain,hes_L4_L5,retirada_cond_corr_lth@L1_L3,"{""hes"": {""L4"": ""1 By pass e LC"", ""L5"": ""Overhaul/Parada"", ""L6"": ""Normal"", ""L7"": ""Normal""}}","('VALUE', -93.22545578687615)","('VALUE', -93.22545578687615)",True,True
chain,hes_L4_L5,retirada_cond_corr_lth@L4_L5,"{""hes"": {""L4"": ""1 By pass e LC"", ""L5"": ""Overhaul/Parada"", ""L6"": ""Normal"", ""L7"": ""Normal""}}","('VALUE', 127.43804611139649)","('VALUE', 127.43804611139649)",True,True
chain,hes_L4_L5,retirada_cond_corr_lth@L6_L7,"{""hes"": {""L4"": ""1 By pass e LC"", ""L5"": ""Overhaul/Parada"", ""L6"": ""Normal"", ""L7"": ""Normal""}}","('VALUE', 55.852840950380056)","('VALUE', 55.852840950380056)",True,True
chain,hes_L4_L5,retirada_condensado_grupo@L1_L3,"{""hes"": {""L4"": ""1 By pass e LC"", ""L5"": ""Overhaul/Parada"", ""L6"": ""Normal"", ""L7"": ""Normal""}}","('VALUE', 9654.514396254086)","('VALUE', 9654.514396254086)",True,True
chain,hes_L4_L5,retirada_condensado_grupo@L4_L5,"{""hes"": {""L4"": ""1 By pass e LC"", ""L5"": ""Overhaul/Parada"", ""L6"": ""Normal"", ""L7"": ""Normal""}}","('VALUE', 503.87217490560283)","('VALUE', 503.87217490560283)",True,True
chain,hes_L4_L5,retirada_condensado_grupo@L6_L7,"{""hes"": {""L4"": ""1 By pass e LC"", ""L5"": ""Overhaul/Parada"", ""L6"": ""Normal"", ""L7"": ""Normal""}}","('VALUE', 410.70176458356997)","('VALUE', 410.70176458356997)",True,True
chain,hes_L4_L5,retirada_condensado_linha@L1,"{""hes"": {""L4"": ""1 By pass e LC"", ""L5"": ""Overhaul/Parada"", ""L6"": ""Normal"", ""L7"": ""Normal""}}","('VALUE', 0.004664014363400832)","('VALUE', 0.004664014363400832)",True,True
chain,hes_L4_L5,retirada_condensado_linha@L2,"{""hes"": {""L4"": ""1 By pass e LC"", ""L5"": ""Overhaul/Parada"", ""L6"": ""Normal"", ""L7"": ""Normal""}}","('VALUE', 4524.093932498807)","('VALUE', 4524.093932498807)",True,True
chain,hes_L4_L5,retirada_condensado_linha@L3,"{""hes"": {""L4"": ""1 By pass e LC"", ""L5"": ""Overhaul/Parada"", ""L6"": ""Normal"", ""L7"": ""Normal""}}","('VALUE', 5130.415799740916)","('VALUE', 5130.415799740916)",True,True
chain,hes_L4_L5,retirada_condensado_linha@L4,"{""hes"": {""L4"": ""1 By pass e LC"", ""L5"": ""Overhaul/Parada"", ""L6"": ""Normal"", ""L7"": ""Normal""}}","('VALUE', 5.0387216986688116e-06)","('VALUE', 5.0387216986688116e-06)",True,True
chain,hes_L4_L5,retirada_condensado_linha@L5,"{""hes"": {""L4"": ""1 By pass e LC"", ""L5"": ""Overhaul/Parada"", ""L6"": ""Normal"", ""L7"": ""Normal""}}","('VALUE', 503.87216986688117)","('VALUE', 503.87216986688117)",True,True
chain,hes_L4_L5,retirada_condensado_linha@L6,"{""hes"": {""L4"": ""1 By pass e LC"", ""L5"": ""Overhaul/Parada"", ""L6"": ""Normal"", ""L7"": ""Normal""}}","('VALUE', 410.278796751867)","('VALUE', 410.278796751867)",True,True
chain,hes_L4_L5,retirada_condensado_linha@L7,"{""hes"": {""L4"": ""1 By pass e LC"", ""L5"": ""Overhaul/Parada"", ""L6"": ""Normal"", ""L7"": ""Normal""}}","('VALUE', 0.4229678317029557)","('VALUE', 0.4229678317029557)",True,True
chain,hes_L4_L5,retirada_condensado_total@L1_L7,"{""hes"": {""L4"": ""1 By pass e LC"", ""L5"": ""Overhaul/Parada"", ""L6"": ""Normal"", ""L7"": ""Normal""}}","('VALUE', 10569.088335743258)","('VALUE', 10569.088335743258)",True,True
chain,hes_L4_L5,retirada_cond_corr_ltp@L1_L3,"{""hes"": {""L4"": ""1 By pass e LC"", ""L5"": ""Overhaul/Parada"", ""L6"": ""Normal"", ""L7"": ""Normal""}}","('VALUE', 53.93641212842863)","('VALUE', 53.93641212842863)",True,True
chain,hes_L4_L5,retirada_cond_corr_ltp@L4_L5,"{""hes"": {""L4"": ""1 By pass e LC"", ""L5"": ""Overhaul/Parada"", ""L6"": ""Normal"", ""L7"": ""Normal""}}","('VALUE', -99.49804134140493)","('VALUE', -99.49804134140493)",True,True
chain,hes_L4_L5,retirada_cond_corr_ltp@L6_L7,"{""hes"": {""L4"": ""1 By pass e LC"", ""L5"": ""Overhaul/Parada"", ""L6"": ""Normal"", ""L7"": ""Normal""}}","('VALUE', -11.017375456696598)","('VALUE', -11.017375456696598)",True,True
chain,hes_L4_L5,lth_grupo@L1_L3,"{""hes"": {""L4"": ""1 By pass e LC"", ""L5"": ""Overhaul/Parada"", ""L6"": ""Normal"", ""L7"": ""Normal""}}","('VALUE', 690.3333333333334)","('VALUE', 690.3333333333334)",True,True
chain,hes_L4_L5,lth_grupo@L4_L5,"{""hes"": {""L4"": ""1 By pass e LC"", ""L5"": ""Overhaul/Parada"", ""L6"": ""Normal"", ""L7"": ""Normal""}}","('VALUE', 50000.0005)","('VALUE', 50000.0005)",True,True
chain,hes_L4_L5,lth_grupo@L6_L7,"{""hes"": {""L4"": ""1 By pass e LC"", ""L5"": ""Overhaul/Parada"", ""L6"": ""Normal"", ""L7"": ""Normal""}}","('VALUE', 50000.0005)","('VALUE', 50000.0005)",True,True
chain,hes_L4_L5,retirada_cond_corr_lth@L1_L3,"{""hes"": {""L4"": ""1 By pass e LC"", ""L5"": ""Overhaul/Parada"", ""L6"": ""Normal"", ""L7"": ""Normal""}}","('VALUE', 44.0343386316238)","('VALUE', 44.0343386316238)",True,True
chain,hes_L4_L5,retirada_cond_corr_lth@L4_L5,"{""hes"": {""L4"": ""1 By pass e LC"", ""L5"": ""Overhaul/Parada"", ""L6"": ""Normal"", ""L7"": ""Normal""}}","('VALUE', -9.812351774536836)","('VALUE', -9.812351774536836)",True,True
chain,hes_L4_L5,retirada_cond_corr_lth@L6_L7,"{""hes"": {""L4"": ""1 By pass e LC"", ""L5"": ""Overhaul/Parada"", ""L6"": ""Normal"", ""L7"": ""Normal""}}","('VALUE', -9.812351774536836)","('VALUE', -9.812351774536836)",True,True
chain,hes_L4_L5,retirada_condensado_grupo@L1_L3,"{""hes"": {""L4"": ""1 By pass e LC"", ""L5"": ""Overhaul/Parada"", ""L6"": ""Normal"", ""L7"": ""Normal""}}","('VALUE', 10017.293779509586)","('VALUE', 10017.293779509586)",True,True
chain,hes_L4_L5,retirada_condensado_grupo@L4_L5,"{""hes"": {""L4"": ""1 By pass e LC"", ""L5"": ""Overhaul/Parada"", ""L6"": ""Normal"", ""L7"": ""Normal""}}","('VALUE', 229.37137913373618)","('VALUE', 229.37137913373618)",True,True
chain,hes_L4_L5,retirada_condensado_grupo@L6_L7,"{""hes"": {""L4"": ""1 By pass e LC"", ""L5"": ""Overhaul/Parada"", ""L6"": ""Normal"", ""L7"": ""Normal""}}","('VALUE', 102.41004736431952)","('VALUE', 102.41004736431952)",True,True
chain,hes_L4_L5,retirada_condensado_linha@L1,"{""hes"": {""L4"": ""1 By pass e LC"", ""L5"": ""Overhaul/Parada"", ""L6"": ""Normal"", ""L7"": ""Normal""}}","('VALUE', 4.836935673350838)","('VALUE', 4.836935673350838)",True,True
chain,hes_L4_L5,retirada_condensado_linha@L2,"{""hes"": {""L4"": ""1 By pass e LC"", ""L5"": ""Overhaul/Parada"", ""L6"": ""Normal"", ""L7"": ""Normal""}}","('VALUE', 5320.629240685922)","('VALUE', 5320.629240685922)",True,True
chain,hes_L4_L5,retirada_condensado_linha@L3,"{""hes"": {""L4"": ""1 By pass e LC"", ""L5"": ""Overhaul/Parada"", ""L6"": ""Normal"", ""L7"": ""Normal""}}","('VALUE', 4691.827603150313)","('VALUE', 4691.827603150313)",True,True
chain,hes_L4_L5,retirada_condensado_linha@L4,"{""hes"": {""L4"": ""1 By pass e LC"", ""L5"": ""Overhaul/Parada"", ""L6"": ""Normal"", ""L7"": ""Normal""}}","('VALUE', 229.3713768400224)","('VALUE', 229.3713768400224)",True,True
chain,hes_L4_L5,retirada_condensado_linha@L5,"{""hes"": {""L4"": ""1 By pass e LC"", ""L5"": ""Overhaul/Parada"", ""L6"": ""Normal"", ""L7"": ""Normal""}}","('VALUE', 2.293713768400224e-06)","('VALUE', 2.293713768400224e-06)",True,True
chain,hes_L4_L5,retirada_condensado_linha@L6,"{""hes"": {""L4"": ""1 By pass e LC"", ""L5"": ""Overhaul/Parada"", ""L6"": ""Normal"", ""L7"": ""Normal""}}","('VALUE', 102.41004634021905)","('VALUE', 102.41004634021905)",True,True
chain,hes_L4_L5,retirada_condensado_linha@L7,"{""hes"": {""L4"": ""1 By pass e LC"", ""L5"": ""Overhaul/Parada"", ""L6"": ""Normal"", ""L7"": ""Normal""}}","('VALUE', 1.0241004634021905e-06)","('VALUE', 1.0241004634021905e-06)",True,True
chain,hes_L4_L5,retirada_condensado_total@L1_L7,"{""hes"": {""L4"": ""1 By pass e LC"", ""L5"": ""Overhaul/Parada"", ""L6"": ""Normal"", ""L7"": ""Normal""}}","('VALUE', 10349.075206007641)","('VALUE', 10349.075206007641)",True,True
chain,hes_L4_L5,retirada_cond_corr_ltp@L1_L3,"{""hes"": {""L4"": ""1 By pass e LC"", ""L5"": ""1 By pass"", ""L6"": ""Normal"", ""L7"": ""Normal""}}","('VALUE', 53.93641212842863)","('VALUE', 53.93641212842863)",True,True
chain,hes_L4_L5,retirada_cond_corr_ltp@L4_L5,"{""hes"": {""L4"": ""1 By pass e LC"", ""L5"": ""1 By pass"", ""L6"": ""Normal"", ""L7"": ""Normal""}}","('VALUE', 183.05806811635424)","('VALUE', 183.05806811635424)",True,True
chain,hes_L4_L5,retirada_cond_corr_ltp@L6_L7,"{""hes"": {""L4"": ""1 By pass e LC"", ""L5"": ""1 By pass"", ""L6"": ""Normal"", ""L7"": ""Normal""}}","('VALUE', -99.49804134140493)","('VALUE', -99.49804134140493)",True,True
chain,hes_L4_L5,lth_grupo@L1_L3,"{""hes"": {""L4"": ""1 By pass e LC"", ""L5"": ""1 By pass"", ""L6"": ""Normal"", ""L7"": ""Normal""}}","('VALUE', 66666.667)","('VALUE', 66666.667)",True,True
chain,hes_L4_L5,lth_grupo@L4_L5,"{""hes"": {""L4"": ""1 By pass e LC"", ""L5"": ""1 By pass"", ""L6"": ""Normal"", ""L7"": ""Normal""}}","('VALUE', 550.0005)","('VALUE', 550.0005)",True,True
chain,hes_L4_L5,lth_grupo@L6_L7,"{""hes"": {""L4"": ""1 By pass e LC"", ""L5"": ""1 By pass"", ""L6"": ""Normal"", ""L7"": ""Normal""}}","('VALUE', 0.5005)","('VALUE', 0.5005)",True,True
chain,hes_L4_L5,retirada_cond_corr_lth@L1_L3,"{""hes"": {""L4"": ""1 By pass e LC"", ""L5"": ""1 By pass"", ""L6"": ""Normal"", ""L7"": ""Normal""}}","('VALUE', -4.2097435109134125)","('VALUE', -4.2097435109134125)",True,True
chain,hes_L4_L5,retirada_cond_corr_lth@L4_L5,"{""hes"": {""L4"": ""1 By pass e LC"", ""L5"": ""1 By pass"", ""L6"": ""Normal"", ""L7"": ""Normal""}}","('VALUE', 39.60854000075504)","('VALUE', 39.60854000075504)",True,True
chain,hes_L4_L5,retirada_cond_corr_lth@L6_L7,"{""hes"": {""L4"": ""1 By pass e LC"", ""L5"": ""1 By pass"", ""L6"": ""Normal"", ""L7"": ""Normal""}}","('VALUE', -234.00711013059527)","('VALUE', -234.00711013059527)",True,True
chain,hes_L4_L5,retirada_condensado_grupo@L1_L3,"{""hes"": {""L4"": ""1 By pass e LC"", ""L5"": ""1 By pass"", ""L6"": ""Normal"", ""L7"": ""Normal""}}","('VALUE', 19873.561533081975)","('VALUE', 19873.561533081975)",True,True
chain,hes_L4_L5,retirada_condensado_grupo@L4_L5,"{""hes"": {""L4"": ""1 By pass e LC"", ""L5"": ""1 By pass"", ""L6"": ""Normal"", ""L7"": ""Normal""}}","('VALUE', -236.89905623119841)","('VALUE', -236.89905623119841)",True,True
chain,hes_L4_L5,retirada_condensado_grupo@L6_L7,"{""hes"": {""L4"": ""1 By pass e LC"", ""L5"": ""1 By pass"", ""L6"": ""Normal"", ""L7"": ""Normal""}}","('VALUE', -169.01813757838067)","('VALUE', -169.01813757838067)",True,True
chain,hes_L4_L5,retirada_condensado_linha@L1,"{""hes"": {""L4"": ""1 By pass e LC"", ""L5"": ""1 By pass"", ""L6"": ""Normal"", ""L7"": ""Normal""}}","('VALUE', 9.936780716857085e-05)","('VALUE', 9.936780716857085e-05)",True,True
chain,hes_L4_L5,retirada_condensado_linha@L2,"{""hes"": {""L4"": ""1 By pass e LC"", ""L5"": ""1 By pass"", ""L6"": ""Normal"", ""L7"": ""Normal""}}","('VALUE', 9936.780716857085)","('VALUE', 9936.780716857085)",True,True
chain,hes_L4_L5,retirada_condensado_linha@L3,"{""hes"": {""L4"": ""1 By pass e LC"", ""L5"": ""1 By pass"", ""L6"": ""Normal"", ""L7"": ""Normal""}}","('VALUE', 9936.780716857085)","('VALUE', 9936.780716857085)",True,True
chain,hes_L4_L5,retirada_condensado_linha@L4,"{""hes"": {""L4"": ""1 By pass e LC"", ""L5"": ""1 By pass"", ""L6"": ""Normal"", ""L7"": ""Normal""}}","('VALUE', -236.8988408686158)","('VALUE', -236.8988408686158)",True,True
chain,hes_L4_L5,retirada_condensado_linha@L5,"{""hes"": {""L4"": ""1 By pass e LC"", ""L5"": ""1 By pass"", ""L6"": ""Normal"", ""L7"": ""Normal""}}","('VALUE', -0.00021536258260783256)","('VALUE', -0.00021536258260783256)",True,True
chain,hes_L4_L5,retirada_condensado_linha@L6,"{""hes"": {""L4"": ""1 By pass e LC"", ""L5"": ""1 By pass"", ""L6"": ""Normal"", ""L7"": ""Normal""}}","('VALUE', -0.1688492882900906)","('VALUE', -0.1688492882900906)",True,True
chain,hes_L4_L5,retirada_condensado_linha@L7,"{""hes"": {""L4"": ""1 By pass e LC"", ""L5"": ""1 By pass"", ""L6"": ""Normal"", ""L7"": ""Normal""}}","('VALUE', -168.8492882900906)","('VALUE', -168.8492882900906)",True,True
chain,hes_L4_L5,retirada_condensado_total@L1_L7,"{""hes"": {""L4"": ""1 By pass e LC"", ""L5"": ""1 By pass"", ""L6"": ""Normal"", ""L7"": ""Normal""}}","('VALUE', 19467.644339272396)","('VALUE', 19467.644339272396)",True,True
chain,hes_L4_L5,retirada_cond_corr_ltp@L1_L3,"{""hes"": {""L4"": ""1 By pass e LC"", ""L5"": ""1 By pass"", ""L6"": ""Normal"", ""L7"": ""Normal""}}","('VALUE', 53.93641212842863)","('VALUE', 53.93641212842863)",True,True
chain,hes_L4_L5,retirada_cond_corr_ltp@L4_L5,"{""hes"": {""L4"": ""1 By pass e LC"", ""L5"": ""1 By pass"", ""L6"": ""Normal"", ""L7"": ""Normal""}}","('VALUE', -11.017375456696598)","('VALUE', -11.017375456696598)",True,True
chain,hes_L4_L5,retirada_cond_corr_ltp@L6_L7,"{""hes"": {""L4"": ""1 By pass e LC"", ""L5"": ""1 By pass"", ""L6"": ""Normal"", ""L7"": ""Normal""}}","('VALUE', 47.936340992412426)","('VALUE', 47.936340992412426)",True,True
chain,hes_L4_L5,lth_grupo@L1_L3,"{""hes"": {""L4"": ""1 By pass e LC"", ""L5"": ""1 By pass"", ""L6"": ""Normal"", ""L7"": ""Normal""}}","('VALUE', 0.3339999999999999)","('VALUE', 0.3339999999999999)",True,True
chain,hes_L4_L5,lth_grupo@L4_L5,"{""hes"": {""L4"": ""1 By pass e LC"", ""L5"": ""1 By pass"", ""L6"": ""Normal"", ""L7"": ""Normal""}}","('VALUE', 550.5)","('VALUE', 550.5)",True,True
chain,hes_L4_L5,lth_grupo@L6_L7,"{""hes"": {""L4"": ""1 By pass e LC"", ""L5"": ""1 By pass"", ""L6"": ""Normal"", ""L7"": ""Normal""}}","('VALUE', 50000.5)","('VALUE', 50000.5)",True,True
chain,hes_L4_L5,retirada_cond_corr_lth@L1_L3,"{""hes"": {""L4"": ""1 By pass e LC"", ""L5"": ""1 By pass"", ""L6"": ""Normal"", ""L7"": ""Normal""}}","('VALUE', -241.884097278133)","('VALUE', -241.884097278133)",True,True
chain,hes_L4_L5,retirada_cond_corr_lth@L4_L5,"{""hes"": {""L4"": ""1 By pass e LC"", ""L5"": ""1 By pass"", ""L6"": ""Normal"", ""L7"": ""Normal""}}","('VALUE', 58.299829293080705)","('VALUE', 58.299829293080705)",True,True
chain,hes_L4_L5,retirada_cond_corr_lth@L6_L7,"{""hes"": {""L4"": ""1 By pass e LC"", ""L5"": ""1 By pass"", ""L6"": ""Normal"", ""L7"": ""Normal""}}","('VALUE', -9.812157220260588)","('VALUE', -9.812157220260588)",True,True
chain,hes_L4_L5,retirada_condensado_grupo@L1_L3,"{""hes"": {""L4"": ""1 By pass e LC"", ""L5"": ""1 By pass"", ""L6"": ""Normal"", ""L7"": ""Normal""}}","('VALUE', -791.461528219685)","('VALUE', -791.461528219685)",True,True
chain,hes_L4_L5,retirada_condensado_grupo@L4_L5,"{""hes"": {""L4"": ""1 By pass e LC"", ""L5"": ""1 By pass"", ""L6"": ""Normal"", ""L7"": ""Normal""}}","('VALUE', 238.6344094995546)","('VALUE', 238.6344094995546)",True,True
chain,hes_L4_L5,retirada_condensado_grupo@L6_L7,"{""hes"": {""L4"": ""1 By pass e LC"", ""L5"": ""1 By pass"", ""L6"": ""Normal"", ""L7"": ""Normal""}}","('VALUE', -15.496996425346026)","('VALUE', -15.496996425346026)",True,True
chain,hes_L4_L5,retirada_condensado_linha@L1,"{""hes"": {""L4"": ""1 By pass e LC"", ""L5"": ""1 By pass"", ""L6"": ""Normal"", ""L7"": ""Normal""}}","('VALUE', -789.8817646903045)","('VALUE', -789.8817646903045)",True,True
chain,hes_L4_L5,retirada_condensado_linha@L2,"{""hes"": {""L4"": ""1 By pass e LC"", ""L5"": ""1 By pass"", ""L6"": ""Normal"", ""L7"": ""Normal""}}","('VALUE', -0.7898817646903046)","('VALUE', -0.7898817646903046)",True,True
chain,hes_L4_L5,retirada_condensado_linha@L3,"{""hes"": {""L4"": ""1 By pass e LC"", ""L5"": ""1 By pass"", ""L6"": ""Normal"", ""L7"": ""Normal""}}","('VALUE', -0.7898817646903046)","('VALUE', -0.7898817646903046)",True,True
chain,hes_L4_L5,retirada_condensado_linha@L4,"{""hes"": {""L4"": ""1 By pass e LC"", ""L5"": ""1 By pass"", ""L6"": ""Normal"", ""L7"": ""Normal""}}","('VALUE', 238.41766616667584)","('VALUE', 238.41766616667584)",True,True
chain,hes_L4_L5,retirada_condensado_linha@L5,"{""hes"": {""L4"": ""1 By pass e LC"", ""L5"": ""1 By pass"", ""L6"": ""Normal"", ""L7"": ""Normal""}}","('VALUE', 0.21674333287879619)","('VALUE', 0.21674333287879619)",True,True
chain,hes_L4_L5,retirada_condensado_linha@L6,"{""hes"": {""L4"": ""1 By pass e LC"", ""L5"": ""1 By pass"", ""L6"": ""Normal"", ""L7"": ""Normal""}}","('VALUE', -0.00015496841456931457)","('VALUE', -0.00015496841456931457)",True,True
chain,hes_L4_L5,retirada_condensado_linha@L7,"{""hes"": {""L4"": ""1 By pass e LC"", ""L5"": ""1 By pass"", ""L6"": ""Normal"", ""L7"": ""Normal""}}","('VALUE', -15.496841456931458)","('VALUE', -15.496841456931458)",True,True
chain,hes_L4_L5,retirada_condensado_total@L1_L7,"{""hes"": {""L4"": ""1 By pass e LC"", ""L5"": ""1 By pass"", ""L6"": ""Normal"", ""L7"": ""Normal""}}","('VALUE', -568.3241151454763)","('VALUE', -568.3241151454763)",True,True
chain,hes_L4_L5,retirada_cond_corr_ltp@L1_L3,"{""hes"": {""L4"": ""1 By pass e LC"", ""L5"": ""1 By pass e LC"", ""L6"": ""Normal"", ""L7"": ""Normal""}}","('VALUE', 53.93641212842863)","('VALUE', 53.93641212842863)",True,True
chain,hes_L4_L5,retirada_cond_corr_ltp@L4_L5,"{""hes"": {""L4"": ""1 By pass e LC"", ""L5"": ""1 By pass e LC"", ""L6"": ""Normal"", ""L7"": ""Normal""}}","('VALUE', 47.936340992412426)","('VALUE', 47.936340992412426)",True,True
chain,hes_L4_L5,retirada_cond_corr_ltp@L6_L7,"{""hes"": {""L4"": ""1 By pass e LC"", ""L5"": ""1 By pass e LC"", ""L6"": ""Normal"", ""L7"": ""Normal""}}","('VALUE', 183.05806811635424)","('VALUE', 183.05806811635424)",True,True
chain,hes_L4_L5,lth_grupo@L1_L3,"{""hes"": {""L4"": ""1 By pass e LC"", ""L5"": ""1 By pass e LC"", ""L6"": ""Normal"", ""L7"": ""Normal""}}","('VALUE', 67033.33333333333)","('VALUE', 67033.33333333333)",True,True
chain,hes_L4_L5,lth_grupo@L4_L5,"{""hes"": {""L4"": ""1 By pass e LC"", ""L5"": ""1 By pass e LC"", ""L6"": ""Normal"", ""L7"": ""Normal""}}","('VALUE', 485.5)","('VALUE', 485.5)",True,True
chain,hes_L4_L5,lth_grupo@L6_L7,"{""hes"": {""L4"": ""1 By pass e LC"", ""L5"": ""1 By pass e LC"", ""L6"": ""Normal"", ""L7"": ""Normal""}}","('VALUE', 0.001)","('VALUE', 0.001)",True,True
chain,hes_L4_L5,retirada_cond_corr_lth@L1_L3,"{""hes"": {""L4"": ""1 By pass e LC"", ""L5"": ""1 By pass e LC"", ""L6"": ""Normal"", ""L7"": ""Normal""}}","('VALUE', 133.1474732938853)","('VALUE', 133.1474732938853)",True,True
chain,hes_L4_L5,retirada_cond_corr_lth@L4_L5,"{""hes"": {""L4"": ""1 By pass e LC"", ""L5"": ""1 By pass e LC"", ""L6"": ""Normal"", ""L7"": ""Normal""}}","('VALUE', 55.852840950380056)","('VALUE', 55.852840950380056)",True,True
chain,hes_L4_L5,retirada_cond_corr_lth@L6_L7,"{""hes"": {""L4"": ""1 By pass e LC"", ""L5"": ""1 By pass e LC"", ""L6"": ""Normal"", ""L7"": ""Normal""}}","('VALUE', -218.6713683064879)","('VALUE', -218.6713683064879)",True,True
chain,hes_L4_L5,retirada_condensado_grupo@L1_L3,"{""hes"": {""L4"": ""1 By pass e LC"", ""L5"": ""1 By pass e LC"", ""L6"": ""Normal"", ""L7"": ""Normal""}}","('VALUE', 20284.63318349637)","('VALUE', 20284.63318349637)",True,True
chain,hes_L4_L5,retirada_condensado_grupo@L4_L5,"{""hes"": {""L4"": ""1 By pass e LC"", ""L5"": ""1 By pass e LC"", ""L6"": ""Normal"", ""L7"": ""Normal""}}","('VALUE', 81.28445826678208)","('VALUE', 81.28445826678208)",True,True
chain,hes_L4_L5,retirada_condensado_grupo@L6_L7,"{""hes"": {""L4"": ""1 By pass e LC"", ""L5"": ""1 By pass e LC"", ""L6"": ""Normal"", ""L7"": ""Normal""}}","('VALUE', -703.4588728456843)","('VALUE', -703.4588728456843)",True,True
chain,hes_L4_L5,retirada_condensado_linha@L1,"{""hes"": {""L4"": ""1 By pass e LC"", ""L5"": ""1 By pass e LC"", ""L6"": ""Normal"", ""L7"": ""Normal""}}","('VALUE', 110.955228751099)","('VALUE', 110.955228751099)",True,True
chain,hes_L4_L5,retirada_condensado_linha@L2,"{""hes"": {""L4"": ""1 By pass e LC"", ""L5"": ""1 By pass e LC"", ""L6"": ""Normal"", ""L7"": ""Normal""}}","('VALUE', 10086.838977372636)","('VALUE', 10086.838977372636)",True,True
chain,hes_L4_L5,retirada_condensado_linha@L3,"{""hes"": {""L4"": ""1 By pass e LC"", ""L5"": ""1 By pass e LC"", ""L6"": ""Normal"", ""L7"": ""Normal""}}","('VALUE', 10086.838977372636)","('VALUE', 10086.838977372636)",True,True
chain,hes_L4_L5,retirada_condensado_linha@L4,"{""hes"": {""L4"": ""1 By pass e LC"", ""L5"": ""1 By pass e LC"", ""L6"": ""Normal"", ""L7"": ""Normal""}}","('VALUE', 81.20074615734151)","('VALUE', 81.20074615734151)",True,True
chain,hes_L4_L5,retirada_condensado_linha@L5,"{""hes"": {""L4"": ""1 By pass e LC"", ""L5"": ""1 By pass e LC"", ""L6"": ""Normal"", ""L7"": ""Normal""}}","('VALUE', 0.08371210944055828)","('VALUE', 0.08371210944055828)",True,True
chain,hes_L4_L5,retirada_condensado_linha@L6,"{""hes"": {""L4"": ""1 By pass e LC"", ""L5"": ""1 By pass e LC"", ""L6"": ""Normal"", ""L7"": ""Normal""}}","('VALUE', -351.7294364228421)","('VALUE', -351.7294364228421)",True,True
chain,hes_L4_L5,retirada_condensado_linha@L7,"{""hes"": {""L4"": ""1 By pass e LC"", ""L5"": ""1 By pass e LC"", ""L6"": ""Normal"", ""L7"": ""Normal""}}","('VALUE', -351.7294364228421)","('VALUE', -351.7294364228421)",True,True
chain,hes_L4_L5,retirada_condensado_total@L1_L7,"{""hes"": {""L4"": ""1 By pass e LC"", ""L5"": ""1 By pass e LC"", ""L6"": ""Normal"", ""L7"": ""Normal""}}","('VALUE', 19662.45876891747)","('VALUE', 19662.45876891747)",True,True
chain,hes_L4_L5,retirada_cond_corr_ltp@L1_L3,"{""hes"": {""L4"": ""1 By pass e LC"", ""L5"": ""1 By pass e LC"", ""L6"": ""Normal"", ""L7"": ""Normal""}}","('VALUE', 53.93641212842863)","('VALUE', 53.93641212842863)",True,True
chain,hes_L4_L5,retirada_cond_corr_ltp@L4_L5,"{""hes"": {""L4"": ""1 By pass e LC"", ""L5"": ""1 By pass e LC"", ""L6"": ""Normal"", ""L7"": ""Normal""}}","('VALUE', 47.936340992412426)","('VALUE', 47.936340992412426)",True,True
chain,hes_L4_L5,retirada_cond_corr_ltp@L6_L7,"{""hes"": {""L4"": ""1 By pass e LC"", ""L5"": ""1 By pass e LC"", ""L6"": ""Normal"", ""L7"": ""Normal""}}","('VALUE', -99.49804134140493)","('VALUE', -99.49804134140493)",True,True
chain,hes_L4_L5,lth_grupo@L1_L3,"{""hes"": {""L4"": ""1 By pass e LC"", ""L5"": ""1 By pass e LC"", ""L6"": ""Normal"", ""L7"": ""Normal""}}","('VALUE', 33656.667)","('VALUE', 33656.667)",True,True
chain,hes_L4_L5,lth_grupo@L4_L5,"{""hes"": {""L4"": ""1 By pass e LC"", ""L5"": ""1 By pass e LC"", ""L6"": ""Normal"", ""L7"": ""Normal""}}","('VALUE', 485.5)","('VALUE', 485.5)",True,True
chain,hes_L4_L5,lth_grupo@L6_L7,"{""hes"": {""L4"": ""1 By pass e LC"", ""L5"": ""1 By pass e LC"", ""L6"": ""Normal"", ""L7"": ""Normal""}}","('VALUE', 50000.5)","('VALUE', 50000.5)",True,True
chain,hes_L4_L5,retirada_cond_corr_lth@L1_L3,"{""hes"": {""L4"": ""1 By pass e LC"", ""L5"": ""1 By pass e LC"", ""L6"": ""Normal"", ""L7"": ""Normal""}}","('VALUE', 118.86391223367508)","('VALUE', 118.86391223367508)",True,True
chain,hes_L4_L5,retirada_cond_corr_lth@L4_L5,"{""hes"": {""L4"": ""1 By pass e LC"", ""L5"": ""1 By pass e LC"", ""L6"": ""Normal"", ""L7"": ""Normal""}}","('VALUE', 36.313532380257854)","('VALUE', 36.313532380257854)",True,True
chain,hes_L4_L5,retirada_cond_corr_lth@L6_L7,"{""hes"": {""L4"": ""1 By pass e LC"", ""L5"": ""1 By pass e LC"", ""L6"": ""Normal"", ""L7"": ""Normal""}}","('VALUE', 126.57254258960575)","('VALUE', 126.57254258960575)",True,True
chain,hes_L4_L5,retirada_condensado_grupo@L1_L3,"{""hes"": {""L4"": ""1 By pass e LC"", ""L5"": ""1 By pass e LC"", ""L6"": ""Normal"", ""L7"": ""Normal""}}","('VALUE', 288.78250031573936)","('VALUE', 288.78250031573936)",True,True
chain,hes_L4_L5,retirada_condensado_grupo@L4_L5,"{""hes"": {""L4"": ""1 By pass e LC"", ""L5"": ""1 By pass e LC"", ""L6"": ""Normal"", ""L7"": ""Normal""}}","('VALUE', 60.76388636408859)","('VALUE', 60.76388636408859)",True,True
chain,hes_L4_L5,retirada_condensado_grupo@L6_L7,"{""hes"": {""L4"": ""1 By pass e LC"", ""L5"": ""1 By pass e LC"", ""L6"": ""Normal"", ""L7"": ""Normal""}}","('VALUE', 552.1411678620213)","('VALUE', 552.1411678620213)",True,True
chain,hes_L4_L5,retirada_condensado_linha@L1,"{""hes"": {""L4"": ""1 By pass e LC"", ""L5"": ""1 By pass e LC"", ""L6"": ""Normal"", ""L7"": ""Normal""}}","('VALUE', 286.0082177435448)","('VALUE', 286.0082177435448)",True,True
chain,hes_L4_L5,retirada_condensado_linha@L2,"{""hes"": {""L4"": ""1 By pass e LC"", ""L5"": ""1 By pass e LC"", ""L6"": ""Normal"", ""L7"": ""Normal""}}","('VALUE', 2.860082177435448e-06)","('VALUE', 2.860082177435448e-06)",True,True
chain,hes_L4_L5,retirada_condensado_linha@L3,"{""hes"": {""L4"": ""1 By pass e LC"", ""L5"": ""1 By pass e LC"", ""L6"": ""Normal"", ""L7"": ""Normal""}}","('VALUE', 2.7742797121123846)","('VALUE', 2.7742797121123846)",True,True
chain,hes_L4_L5,retirada_condensado_linha@L4,"{""hes"": {""L4"": ""1 By pass e LC"", ""L5"": ""1 By pass e LC"", ""L6"": ""Normal"", ""L7"": ""Normal""}}","('VALUE', 0.06257866772820658)","('VALUE', 0.06257866772820658)",True,True
chain,hes_L4_L5,retirada_condensado_linha@L5,"{""hes"": {""L4"": ""1 By pass e LC"", ""L5"": ""1 By pass e LC"", ""L6"": ""Normal"", ""L7"": ""Normal""}}","('VALUE', 60.70130769636038)","('VALUE', 60.70130769636038)",True,True
chain,hes_L4_L5,retirada_condensado_linha@L6,"{""hes"": {""L4"": ""1 By pass e LC"", ""L5"": ""1 By pass e LC"", ""L6"": ""Normal"", ""L7"": ""Normal""}}","('VALUE', 0.005521356465055563)","('VALUE', 0.005521356465055563)",True,True
chain,hes_L4_L5,retirada_condensado_linha@L7,"{""hes"": {""L4"": ""1 By pass e LC"", ""L5"": ""1 By pass e LC"", ""L6"": ""Normal"", ""L7"": ""Normal""}}","('VALUE', 552.1356465055562)","('VALUE', 552.1356465055562)",True,True
chain,hes_L4_L5,retirada_condensado_total@L1_L7,"{""hes"": {""L4"": ""1 By pass e LC"", ""L5"": ""1 By pass e LC"", ""L6"": ""Normal"", ""L7"": ""Normal""}}","('VALUE', 901.6875545418493)","('VALUE', 901.6875545418493)",True,True
chain,hes_L6_L7,retirada_cond_corr_ltp@L1_L3,"{""hes"": {""L4"": ""Normal"", ""L5"": ""Normal"", ""L6"": ""Normal"", ""L7"": ""Normal""}}","('VALUE', 183.05806811635424)","('VALUE', 183.05806811635424)",True,True
chain,hes_L6_L7,retirada_cond_corr_ltp@L4_L5,"{""hes"": {""L4"": ""Normal"", ""L5"": ""Normal"", ""L6"": ""Normal"", ""L7"": ""Normal""}}","('VALUE', -11.017375456696598)","('VALUE', -11.017375456696598)",True,True
chain,hes_L6_L7,retirada_cond_corr_ltp@L6_L7,"{""hes"": {""L4"": ""Normal"", ""L5"": ""Normal"", ""L6"": ""Normal"", ""L7"": ""Normal""}}","('VALUE', -99.49804134140493)","('VALUE', -99.49804134140493)",True,True
chain,hes_L6_L7,lth_grupo@L1_L3,"{""hes"": {""L4"": ""Normal"", ""L5"": ""Normal"", ""L6"": ""Normal"", ""L7"": ""Normal""}}","('VALUE', 33700.333333333336)","('VALUE', 33700.333333333336)",True,True
chain,hes_L6_L7,lth_grupo@L4_L5,"{""hes"": {""L4"": ""Normal"", ""L5"": ""Normal"", ""L6"": ""Normal"", ""L7"": ""Normal""}}","('VALUE', 970.0)","('VALUE', 970.0)",True,True
chain,hes_L6_L7,lth_grupo@L6_L7,"{""hes"": {""L4"": ""Normal"", ""L5"": ""Normal"", ""L6"": ""Normal"", ""L7"": ""Normal""}}","('VALUE', 485.5)","('VALUE', 485.5)",True,True
chain,hes_L6_L7,retirada_cond_corr_lth@L1_L3,"{""hes"": {""L4"": ""Normal"", ""L5"": ""Normal"", ""L6"": ""Normal"", ""L7"": ""Normal""}}","('VALUE', 118.88916282252526)","('VALUE', 118.88916282252526)",True,True
chain,hes_L6_L7,retirada_cond_corr_lth@L4_L5,"{""hes"": {""L4"": ""Normal"", ""L5"": ""Normal"", ""L6"": ""Normal"", ""L7"": ""Normal""}}","('VALUE', 49.79250674410167)","('VALUE', 49.79250674410167)",True,True
chain,hes_L6_L7,retirada_cond_corr_lth@L6_L7,"{""hes"": {""L4"": ""Normal"", ""L5"": ""Normal"", ""L6"": ""Normal"", ""L7"": ""Normal""}}","('VALUE', 55.852840950380056)","('VALUE', 55.852840950380056)",True,True
chain,hes_L6_L7,retirada_condensado_grupo@L1_L3,"{""hes"": {""L4"": ""Normal"", ""L5"": ""Normal"", ""L6"": ""Normal"", ""L7"": ""Normal""}}","('VALUE', -145.5067158814869)","('VALUE', -145.5067158814869)",True,True
chain,hes_L6_L7,retirada_condensado_grupo@L4_L5,"{""hes"": {""L4"": ""Normal"", ""L5"": ""Normal"", ""L6"": ""Normal"", ""L7"": ""Normal""}}","('VALUE', 221.61976440159654)","('VALUE', 221.61976440159654)",True,True
chain,hes_L6_L7,retirada_condensado_grupo@L6_L7,"{""hes"": {""L4"": ""Normal"", ""L5"": ""Normal"", ""L6"": ""Normal"", ""L7"": ""Normal""}}","('VALUE', 410.70176458356997)","('VALUE', 410.70176458356997)",True,True
chain,hes_L6_L7,retirada_condensado_linha@L1,"{""hes"": {""L4"": ""Normal"", ""L5"": ""Normal"", ""L6"": ""Normal"", ""L7"": ""Normal""}}","('VALUE', -0.0014392213319500986)","('VALUE', -0.0014392213319500986)",True,True
chain,hes_L6_L7,retirada_condensado_linha@L2,"{""hes"": {""L4"": ""Normal"", ""L5"": ""Normal"", ""L6"": ""Normal"", ""L7"": ""Normal""}}","('VALUE', -1.5831434651451084)","('VALUE', -1.5831434651451084)",True,True
chain,hes_L6_L7,retirada_condensado_linha@L3,"{""hes"": {""L4"": ""Normal"", ""L5"": ""Normal"", ""L6"": ""Normal"", ""L7"": ""Normal""}}","('VALUE', -143.92213319500985)","('VALUE', -143.92213319500985)",True,True
chain,hes_L6_L7,retirada_condensado_linha@L4,"{""hes"": {""L4"": ""Normal"", ""L5"": ""Normal"", ""L6"": ""Normal"", ""L7"": ""Normal""}}","('VALUE', 110.80988220079828)","('VALUE', 110.80988220079828)",True,True
chain,hes_L6_L7,retirada_condensado_linha@L5,"{""hes"": {""L4"": ""Normal"", ""L5"": ""Normal"", ""L6"": ""Normal"", ""L7"": ""Normal""}}","('VALUE', 110.80988220079828)","('VALUE', 110.80988220079828)",True,True
chain,hes_L6_L7,retirada_condensado_linha@L6,"{""hes"": {""L4"": ""Normal"", ""L5"": ""Normal"", ""L6"": ""Normal"", ""L7"": ""Normal""}}","('VALUE', 410.278796751867)","('VALUE', 410.278796751867)",True,True
chain,hes_L6_L7,retirada_condensado_linha@L7,"{""hes"": {""L4"": ""Normal"", ""L5"": ""Normal"", ""L6"": ""Normal"", ""L7"": ""Normal""}}","('VALUE', 0.4229678317029557)","('VALUE', 0.4229678317029557)",True,True
chain,hes_L6_L7,retirada_condensado_total@L1_L7,"{""hes"": {""L4"": ""Normal"", ""L5"": ""Normal"", ""L6"": ""Normal"", ""L7"": ""Normal""}}","('VALUE', 486.8148131036796)","('VALUE', 486.8148131036796)",True,True
chain,hes_L6_L7,retirada_cond_corr_ltp@L1_L3,"{""hes"": {""L4"": ""Normal"", ""L5"": ""Normal"", ""L6"": ""Normal"", ""L7"": ""Normal""}}","('VALUE', -99.49804134140493)","('VALUE', -99.49804134140493)",True,True
chain,hes_L6_L7,retirada_cond_corr_ltp@L4_L5,"{""hes"": {""L4"": ""Normal"", ""L5"": ""Normal"", ""L6"": ""Normal"", ""L7"": ""Normal""}}","('VALUE', 47.936340992412426)","('VALUE', 47.936340992412426)",True,True
chain,hes_L6_L7,retirada_cond_corr_ltp@L6_L7,"{""hes"": {""L4"": ""Normal"", ""L5"": ""Normal"", ""L6"": ""Normal"", ""L7"": ""Normal""}}","('VALUE', -99.49804134140493)","('VALUE', -99.49804134140493)",True,True
chain,hes_L6_L7,lth_grupo@L1_L3,"{""hes"": {""L4"": ""Normal"", ""L5"": ""Normal"", ""L6"": ""Normal"", ""L7"": ""Normal""}}","('VALUE', 33333.667)","('VALUE', 33333.667)",True,True
chain,hes_L6_L7,lth_grupo@L4_L5,"{""hes"": {""L4"": ""Normal"", ""L5"": ""Normal"", ""L6"": ""Normal"", ""L7"": ""Normal""}}","('VALUE', 550.0005)","('VALUE', 550.0005)",True,True
chain,hes_L6_L7,lth_grupo@L6_L7,"{""hes"": {""L4"": ""Normal"", ""L5"": ""Normal"", ""L6"": ""Normal"", ""L7"": ""Normal""}}","('VALUE', 970.0)","('VALUE', 970.0)",True,True
chain,hes_L6_L7,retirada_cond_corr_lth@L1_L3,"{""hes"": {""L4"": ""Normal"", ""L5"": ""Normal"", ""L6"": ""Normal"", ""L7"": ""Normal""}}","('VALUE', 118.6761098039473)","('VALUE', 118.6761098039473)",True,True
chain,hes_L6_L7,retirada_cond_corr_lth@L4_L5,"{""hes"": {""L4"": ""Normal"", ""L5"": ""Normal"", ""L6"": ""Normal"", ""L7"": ""Normal""}}","('VALUE', 38.74284192468805)","('VALUE', 38.74284192468805)",True,True
chain,hes_L6_L7,retirada_cond_corr_lth@L6_L7,"{""hes"": {""L4"": ""Normal"", ""L5"": ""Normal"", ""L6"": ""Normal"", ""L7"": ""Normal""}}","('VALUE', 49.79250674410167)","('VALUE', 49.79250674410167)",True,True
chain,hes_L6_L7,retirada_condensado_grupo@L1_L3,"{""hes"": {""L4"": ""Normal"", ""L5"": ""Normal"", ""L6"": ""Normal"", ""L7"": ""Normal""}}","('VALUE', 10748.522453436057)","('VALUE', 10748.522453436057)",True,True
chain,hes_L6_L7,retirada_condensado_grupo@L4_L5,"{""hes"": {""L4"": ""Normal"", ""L5"": ""Normal"", ""L6"": ""Normal"", ""L7"": ""Normal""}}","('VALUE', 81.61300186455125)","('VALUE', 81.61300186455125)",True,True
chain,hes_L6_L7,retirada_condensado_grupo@L6_L7,"{""hes"": {""L4"": ""Normal"", ""L5"": ""Normal"", ""L6"": ""Normal"", ""L7"": ""Normal""}}","('VALUE', 398.5810961710132)","('VALUE', 398.5810961710132)",True,True
chain,hes_L6_L7,retirada_condensado_linha@L1,"{""hes"": {""L4"": ""Normal"", ""L5"": ""Normal"", ""L6"": ""Normal"", ""L7"": ""Normal""}}","('VALUE', 0.0001074841486180329)","('VALUE', 0.0001074841486180329)",True,True
chain,hes_L6_L7,retirada_condensado_linha@L2,"{""hes"": {""L4"": ""Normal"", ""L5"": ""Normal"", ""L6"": ""Normal"", ""L7"": ""Normal""}}","('VALUE', 10748.41486180329)","('VALUE', 10748.41486180329)",True,True
chain,hes_L6_L7,retirada_condensado_linha@L3,"{""hes"": {""L4"": ""Normal"", ""L5"": ""Normal"", ""L6"": ""Normal"", ""L7"": ""Normal""}}","('VALUE', 0.1074841486180329)","('VALUE', 0.1074841486180329)",True,True
chain,hes_L6_L7,retirada_condensado_linha@L4,"{""hes"": {""L4"": ""Normal"", ""L5"": ""Normal"", ""L6"": ""Normal"", ""L7"": ""Normal""}}","('VALUE', 81.61292767098064)","('VALUE', 81.61292767098064)",True,True
chain,hes_L6_L7,retirada_condensado_linha@L5,"{""hes"": {""L4"": ""Normal"", ""L5"": ""Normal"", ""L6"": ""Normal"", ""L7"": ""Normal""}}","('VALUE', 7.41935706099824e-05)","('VALUE', 7.41935706099824e-05)",True,True
chain,hes_L6_L7,retirada_condensado_linha@L6,"{""hes"": {""L4"": ""Normal"", ""L5"": ""Normal"", ""L6"": ""Normal"", ""L7"": ""Normal""}}","('VALUE', 199.2905480855066)","('VALUE', 199.2905480855066)",True,True
chain,hes_L6_L7,retirada_condensado_linha@L7,"{""hes"": {""L4"": ""Normal"", ""L5"": ""Normal"", ""L6"": ""Normal"", ""L7"": ""Normal""}}","('VALUE', 199.2905480855066)","('VALUE', 199.2905480855066)",True,True
chain,hes_L6_L7,retirada_condensado_total@L1_L7,"{""hes"": {""L4"": ""Normal"", ""L5"": ""Normal"", ""L6"": ""Normal"", ""L7"": ""Normal""}}","('VALUE', 11228.716551471622)","('VALUE', 11228.716551471622)",True,True
chain,hes_L6_L7,retirada_cond_corr_ltp@L1_L3,"{""hes"": {""L4"": ""Normal"", ""L5"": ""Normal"", ""L6"": ""Normal"", ""L7"": ""LC""}}","('VALUE', 183.05806811635424)","('VALUE', 183.05806811635424)",True,True
chain,hes_L6_L7,retirada_cond_corr_ltp@L4_L5,"{""hes"": {""L4"": ""Normal"", ""L5"": ""Normal"", ""L6"": ""Normal"", ""L7"": ""LC""}}","('VALUE', -99.49804134140493)","('VALUE', -99.49804134140493)",True,True
chain,hes_L6_L7,retirada_cond_corr_ltp@L6_L7,"{""hes"": {""L4"": ""Normal"", ""L5"": ""Normal"", ""L6"": ""Normal"", ""L7"": ""LC""}}","('VALUE', 47.936340992412426)","('VALUE', 47.936340992412426)",True,True
chain,hes_L6_L7,lth_grupo@L1_L3,"{""hes"": {""L4"": ""Normal"", ""L5"": ""Normal"", ""L6"": ""Normal"", ""L7"": ""LC""}}","('VALUE', 367.3333333333333)","('VALUE', 367.3333333333333)",True,True
chain,hes_L6_L7,lth_grupo@L4_L5,"{""hes"": {""L4"": ""Normal"", ""L5"": ""Normal"", ""L6"": ""Normal"", ""L7"": ""LC""}}","('VALUE', 0.5005)","('VALUE', 0.5005)",True,True
chain,hes_L6_L7,lth_grupo@L6_L7,"{""hes"": {""L4"": ""Normal"", ""L5"": ""Normal"", ""L6"": ""Normal"", ""L7"": ""LC""}}","('VALUE', 485.5)","('VALUE', 485.5)",True,True
chain,hes_L6_L7,retirada_cond_corr_lth@L1_L3,"{""hes"": {""L4"": ""Normal"", ""L5"": ""Normal"", ""L6"": ""Normal"", ""L7"": ""LC""}}","('VALUE', 30.881768179535754)","('VALUE', 30.881768179535754)",True,True
chain,hes_L6_L7,retirada_cond_corr_lth@L4_L5,"{""hes"": {""L4"": ""Normal"", ""L5"": ""Normal"", ""L6"": ""Normal"", ""L7"": ""LC""}}","('VALUE', -78.08310175060669)","('VALUE', -78.08310175060669)",True,True
chain,hes_L6_L7,retirada_cond_corr_lth@L6_L7,"{""hes"": {""L4"": ""Normal"", ""L5"": ""Normal"", ""L6"": ""Normal"", ""L7"": ""LC""}}","('VALUE', 36.313532380257854)","('VALUE', 36.313532380257854)",True,True
chain,hes_L6_L7,retirada_condensado_grupo@L1_L3,"{""hes"": {""L4"": ""Normal"", ""L5"": ""Normal"", ""L6"": ""Normal"", ""L7"": ""LC""}}","('VALUE', -408.5288998104554)","('VALUE', -408.5288998104554)",True,True
chain,hes_L6_L7,retirada_condensado_grupo@L4_L5,"{""hes"": {""L4"": ""Normal"", ""L5"": ""Normal"", ""L6"": ""Normal"", ""L7"": ""LC""}}","('VALUE', 142.82987918159648)","('VALUE', 142.82987918159648)",True,True
chain,hes_L6_L7,retirada_condensado_grupo@L6_L7,"{""hes"": {""L4"": ""Normal"", ""L5"": ""Normal"", ""L6"": ""Normal"", ""L7"": ""LC""}}","('VALUE', 60.76388636408859)","('VALUE', 60.76388636408859)",True,True
chain,hes_L6_L7,retirada_condensado_linha@L1,"{""hes"": {""L4"": ""Normal"", ""L5"": ""Normal"", ""L6"": ""Normal"", ""L7"": ""LC""}}","('VALUE', -0.3707158800457853)","('VALUE', -0.3707158800457853)",True,True
chain,hes_L6_L7,retirada_condensado_linha@L2,"{""hes"": {""L4"": ""Normal"", ""L5"": ""Normal"", ""L6"": ""Normal"", ""L7"": ""LC""}}","('VALUE', -407.7874680503638)","('VALUE', -407.7874680503638)",True,True
chain,hes_L6_L7,retirada_condensado_linha@L3,"{""hes"": {""L4"": ""Normal"", ""L5"": ""Normal"", ""L6"": ""Normal"", ""L7"": ""LC""}}","('VALUE', -0.3707158800457853)","('VALUE', -0.3707158800457853)",True,True
chain,hes_L6_L7,retirada_condensado_linha@L4,"{""hes"": {""L4"": ""Normal"", ""L5"": ""Normal"", ""L6"": ""Normal"", ""L7"": ""LC""}}","('VALUE', 142.6871919896069)","('VALUE', 142.6871919896069)",True,True
chain,hes_L6_L7,retirada_condensado_linha@L5,"{""hes"": {""L4"": ""Normal"", ""L5"": ""Normal"", ""L6"": ""Normal"", ""L7"": ""LC""}}","('VALUE', 0.1426871919896069)","('VALUE', 0.1426871919896069)",True,True
chain,hes_L6_L7,retirada_condensado_linha@L6,"{""hes"": {""L4"": ""Normal"", ""L5"": ""Normal"", ""L6"": ""Normal"", ""L7"": ""LC""}}","('VALUE', 60.70130769636038)","('VALUE', 60.70130769636038)",True,True
chain,hes_L6_L7,retirada_condensado_linha@L7,"{""hes"": {""L4"": ""Normal"", ""L5"": ""Normal"", ""L6"": ""Normal"", ""L7"": ""LC""}}","('VALUE', 0.06257866772820658)","('VALUE', 0.06257866772820658)",True,True
chain,hes_L6_L7,retirada_condensado_total@L1_L7,"{""hes"": {""L4"": ""Normal"", ""L5"": ""Normal"", ""L6"": ""Normal"", ""L7"": ""LC""}}","('VALUE', -204.93513426477034)","('VALUE', -204.93513426477034)",True,True
chain,hes_L6_L7,retirada_cond_corr_ltp@L1_L3,"{""hes"": {""L4"": ""Normal"", ""L5"": ""Normal"", ""L6"": ""Normal"", ""L7"": ""LC""}}","('VALUE', 47.936340992412426)","('VALUE', 47.936340992412426)",True,True
chain,hes_L6_L7,retirada_cond_corr_ltp@L4_L5,"{""hes"": {""L4"": ""Normal"", ""L5"": ""Normal"", ""L6"": ""Normal"", ""L7"": ""LC""}}","('VALUE', 47.936340992412426)","('VALUE', 47.936340992412426)",True,True
chain,hes_L6_L7,retirada_cond_corr_ltp@L6_L7,"{""hes"": {""L4"": ""Normal"", ""L5"": ""Normal"", ""L6"": ""Normal"", ""L7"": ""LC""}}","('VALUE', 53.93641212842863)","('VALUE', 53.93641212842863)",True,True
chain,hes_L6_L7,lth_grupo@L1_L3,"{""hes"": {""L4"": ""Normal"", ""L5"": ""Normal"", ""L6"": ""Normal"", ""L7"": ""LC""}}","('VALUE', 33656.667)","('VALUE', 33656.667)",True,True
chain,hes_L6_L7,lth_grupo@L4_L5,"{""hes"": {""L4"": ""Normal"", ""L5"": ""Normal"", ""L6"": ""Normal"", ""L7"": ""LC""}}","('VALUE', 50485.0)","('VALUE', 50485.0)",True,True
chain,hes_L6_L7,lth_grupo@L6_L7,"{""hes"": {""L4"": ""Normal"", ""L5"": ""Normal"", ""L6"": ""Normal"", ""L7"": ""LC""}}","('VALUE', 550.5)","('VALUE', 550.5)",True,True
chain,hes_L6_L7,retirada_cond_corr_lth@L1_L3,"{""hes"": {""L4"": ""Normal"", ""L5"": ""Normal"", ""L6"": ""Normal"", ""L7"": ""LC""}}","('VALUE', 119.72961030974207)","('VALUE', 119.72961030974207)",True,True
chain,hes_L6_L7,retirada_cond_corr_lth@L4_L5,"{""hes"": {""L4"": ""Normal"", ""L5"": ""Normal"", ""L6"": ""Normal"", ""L7"": ""LC""}}","('VALUE', -9.624354788663851)","('VALUE', -9.624354788663851)",True,True
chain,hes_L6_L7,retirada_cond_corr_lth@L6_L7,"{""hes"": {""L4"": ""Normal"", ""L5"": ""Normal"", ""L6"": ""Normal"", ""L7"": ""LC""}}","('VALUE', 38.7605207229585)","('VALUE', 38.7605207229585)",True,True
chain,hes_L6_L7,retirada_condensado_grupo@L1_L3,"{""hes"": {""L4"": ""Normal"", ""L5"": ""Normal"", ""L6"": ""Normal"", ""L7"": ""LC""}}","('VALUE', 10263.37980795199)","('VALUE', 10263.37980795199)",True,True
chain,hes_L6_L7,retirada_condensado_grupo@L4_L5,"{""hes"": {""L4"": ""Normal"", ""L5"": ""Normal"", ""L6"": ""Normal"", ""L7"": ""LC""}}","('VALUE', -15.121391562152553)","('VALUE', -15.121391562152553)",True,True
chain,hes_L6_L7,retirada_condensado_grupo@L6_L7,"{""hes"": {""L4"": ""Normal"", ""L5"": ""Normal"", ""L6"": ""Normal"", ""L7"": ""LC""}}","('VALUE', 55.138171941338975)","('VALUE', 55.138171941338975)",True,True
chain,hes_L6_L7,retirada_condensado_linha@L1,"{""hes"": {""L4"": ""Normal"", ""L5"": ""Normal"", ""L6"": ""Normal"", ""L7"": ""LC""}}","('VALUE', 10164.781327428123)","('VALUE', 10164.781327428123)",True,True
chain,hes_L6_L7,retirada_condensado_linha@L2,"{""hes"": {""L4"": ""Normal"", ""L5"": ""Normal"", ""L6"": ""Normal"", ""L7"": ""LC""}}","('VALUE', 98.59837887605279)","('VALUE', 98.59837887605279)",True,True
chain,hes_L6_L7,retirada_condensado_linha@L3,"{""hes"": {""L4"": ""Normal"", ""L5"": ""Normal"", ""L6"": ""Normal"", ""L7"": ""LC""}}","('VALUE', 0.00010164781327428124)","('VALUE', 0.00010164781327428124)",True,True
chain,hes_L6_L7,retirada_condensado_linha@L4,"{""hes"": {""L4"": ""Normal"", ""L5"": ""Normal"", ""L6"": ""Normal"", ""L7"": ""LC""}}","('VALUE', -0.14526839472405642)","('VALUE', -0.14526839472405642)",True,True
chain,hes_L6_L7,retirada_condensado_linha@L5,"{""hes"": {""L4"": ""Normal"", ""L5"": ""Normal"", ""L6"": ""Normal"", ""L7"": ""LC""}}","('VALUE', -14.976123167428497)","('VALUE', -14.976123167428497)",True,True
chain,hes_L6_L7,retirada_condensado_linha@L6,"{""hes"": {""L4"": ""Normal"", ""L5"": ""Normal"", ""L6"": ""Normal"", ""L7"": ""LC""}}","('VALUE', 0.05008008350711987)","('VALUE', 0.05008008350711987)",True,True
chain,hes_L6_L7,retirada_condensado_linha@L7,"{""hes"": {""L4"": ""Normal"", ""L5"": ""Normal"", ""L6"": ""Normal"", ""L7"": ""LC""}}","('VALUE', 55.088091857831856)","('VALUE', 55.088091857831856)",True,True
chain,hes_L6_L7,retirada_condensado_total@L1_L7,"{""hes"": {""L4"": ""Normal"", ""L5"": ""Normal"", ""L6"": ""Normal"", ""L7"": ""LC""}}","('VALUE', 10303.396588331176)","('VALUE', 10303.396588331176)",True,True
chain,hes_L6_L7,retirada_cond_corr_ltp@L1_L3,"{""hes"": {""L4"": ""Normal"", ""L5"": ""Normal"", ""L6"": ""Normal"", ""L7"": ""Overhaul/Parada""}}","('VALUE', 47.936340992412426)","('VALUE', 47.936340992412426)",True,True
chain,hes_L6_L7,retirada_cond_corr_ltp@L4_L5,"{""hes"": {""L4"": ""Normal"", ""L5"": ""Normal"", ""L6"": ""Normal"", ""L7"": ""Overhaul/Parada""}}","('VALUE', 47.936340992412426)","('VALUE', 47.936340992412426)",True,True
chain,hes_L6_L7,retirada_cond_corr_ltp@L6_L7,"{""hes"": {""L4"": ""Normal"", ""L5"": ""Normal"", ""L6"": ""Normal"", ""L7"": ""Overhaul/Parada""}}","('VALUE', -99.49804134140493)","('VALUE', -99.49804134140493)",True,True
chain,hes_L6_L7,lth_grupo@L1_L3,"{""hes"": {""L4"": ""Normal"", ""L5"": ""Normal"", ""L6"": ""Normal"", ""L7"": ""Overhaul/Parada""}}","('VALUE', 646.667)","('VALUE', 646.667)",True,True
chain,hes_L6_L7,lth_grupo@L4_L5,"{""hes"": {""L4"": ""Normal"", ""L5"": ""Normal"", ""L6"": ""Normal"", ""L7"": ""Overhaul/Parada""}}","('VALUE', 50000.0005)","('VALUE', 50000.0005)",True,True
chain,hes_L6_L7,lth_grupo@L6_L7,"{""hes"": {""L4"": ""Normal"", ""L5"": ""Normal"", ""L6"": ""Normal"", ""L7"": ""Overhaul/Parada""}}","('VALUE', 0.001)","('VALUE', 0.001)",True,True
chain,hes_L6_L7,retirada_cond_corr_lth@L1_L3,"{""hes"": {""L4"": ""Normal"", ""L5"": ""Normal"", ""L6"": ""Normal"", ""L7"": ""Overhaul/Parada""}}","('VALUE', -94.488616007514)","('VALUE', -94.488616007514)",True,True
chain,hes_L6_L7,retirada_cond_corr_lth@L4_L5,"{""hes"": {""L4"": ""Normal"", ""L5"": ""Normal"", ""L6"": ""Normal"", ""L7"": ""Overhaul/Parada""}}","('VALUE', 126.5723480353295)","('VALUE', 126.5723480353295)",True,True
chain,hes_L6_L7,retirada_cond_corr_lth@L6_L7,"{""hes"": {""L4"": ""Normal"", ""L5"": ""Normal"", ""L6"": ""Normal"", ""L7"": ""Overhaul/Parada""}}","('VALUE', -355.05606811635425)","('VALUE', -355.05606811635425)",True,True
chain,hes_L6_L7,retirada_condensado_grupo@L1_L3,"{""hes"": {""L4"": ""Normal"", ""L5"": ""Normal"", ""L6"": ""Normal"", ""L7"": ""Overhaul/Parada""}}","('VALUE', -333.2748709997793)","('VALUE', -333.2748709997793)",True,True
chain,hes_L6_L7,retirada_condensado_grupo@L4_L5,"{""hes"": {""L4"": ""Normal"", ""L5"": ""Normal"", ""L6"": ""Normal"", ""L7"": ""Overhaul/Parada""}}","('VALUE', 257.27201408583414)","('VALUE', 257.27201408583414)",True,True
chain,hes_L6_L7,retirada_condensado_grupo@L6_L7,"{""hes"": {""L4"": ""Normal"", ""L5"": ""Normal"", ""L6"": ""Normal"", ""L7"": ""Overhaul/Parada""}}","('VALUE', -461.11605354989865)","('VALUE', -461.11605354989865)",True,True
chain,hes_L6_L7,retirada_condensado_linha@L1,"{""hes"": {""L4"": ""Normal"", ""L5"": ""Normal"", ""L6"": ""Normal"", ""L7"": ""Overhaul/Parada""}}","('VALUE', -0.0001717910820663388)","('VALUE', -0.0001717910820663388)",True,True
chain,hes_L6_L7,retirada_condensado_linha@L2,"{""hes"": {""L4"": ""Normal"", ""L5"": ""Normal"", ""L6"": ""Normal"", ""L7"": ""Overhaul/Parada""}}","('VALUE', -166.6373496043486)","('VALUE', -166.6373496043486)",True,True
chain,hes_L6_L7,retirada_condensado_linha@L3,"{""hes"": {""L4"": ""Normal"", ""L5"": ""Normal"", ""L6"": ""Normal"", ""L7"": ""Overhaul/Parada""}}","('VALUE', -166.6373496043486)","('VALUE', -166.6373496043486)",True,True
chain,hes_L6_L7,retirada_condensado_linha@L4,"{""hes"": {""L4"": ""Normal"", ""L5"": ""Normal"", ""L6"": ""Normal"", ""L7"": ""Overhaul/Parada""}}","('VALUE', 257.272011513114)","('VALUE', 257.272011513114)",True,True
chain,hes_L6_L7,retirada_condensado_linha@L5,"{""hes"": {""L4"": ""Normal"", ""L5"": ""Normal"", ""L6"": ""Normal"", ""L7"": ""Overhaul/Parada""}}","('VALUE', 2.5727201151311404e-06)","('VALUE', 2.5727201151311404e-06)",True,True
chain,hes_L6_L7,retirada_condensado_linha@L6,"{""hes"": {""L4"": ""Normal"", ""L5"": ""Normal"", ""L6"": ""Normal"", ""L7"": ""Overhaul/Parada""}}","('VALUE', -230.55802677494933)","('VALUE', -230.55802677494933)",True,True
chain,hes_L6_L7,retirada_condensado_linha@L7,"{""hes"": {""L4"": ""Normal"", ""L5"": ""Normal"", ""L6"": ""Normal"", ""L7"": ""Overhaul/Parada""}}","('VALUE', -230.55802677494933)","('VALUE', -230.55802677494933)",True,True
chain,hes_L6_L7,retirada_condensado_total@L1_L7,"{""hes"": {""L4"": ""Normal"", ""L5"": ""Normal"", ""L6"": ""Normal"", ""L7"": ""Overhaul/Parada""}}","('VALUE', -537.1189104638438)","('VALUE', -537.1189104638438)",True,True
chain,hes_L6_L7,retirada_cond_corr_ltp@L1_L3,"{""hes"": {""L4"": ""Normal"", ""L5"": ""Normal"", ""L6"": ""Normal"", ""L7"": ""Overhaul/Parada""}}","('VALUE', -11.017375456696598)","('VALUE', -11.017375456696598)",True,True
chain,hes_L6_L7,retirada_cond_corr_ltp@L4_L5,"{""hes"": {""L4"": ""Normal"", ""L5"": ""Normal"", ""L6"": ""Normal"", ""L7"": ""Overhaul/Parada""}}","('VALUE', -11.017375456696598)","('VALUE', -11.017375456696598)",True,True
chain,hes_L6_L7,retirada_cond_corr_ltp@L6_L7,"{""hes"": {""L4"": ""Normal"", ""L5"": ""Normal"", ""L6"": ""Normal"", ""L7"": ""Overhaul/Parada""}}","('VALUE', -11.017375456696598)","('VALUE', -11.017375456696598)",True,True
chain,hes_L6_L7,lth_grupo@L1_L3,"{""hes"": {""L4"": ""Normal"", ""L5"": ""Normal"", ""L6"": ""Normal"", ""L7"": ""Overhaul/Parada""}}","('VALUE', 33656.667)","('VALUE', 33656.667)",True,True
chain,hes_L6_L7,lth_grupo@L4_L5,"{""hes"": {""L4"": ""Normal"", ""L5"": ""Normal"", ""L6"": ""Normal"", ""L7"": ""Overhaul/Parada""}}","('VALUE', 485.0005)","('VALUE', 485.0005)",True,True
chain,hes_L6_L7,lth_grupo@L6_L7,"{""hes"": {""L4"": ""Normal"", ""L5"": ""Normal"", ""L6"": ""Normal"", ""L7"": ""Overhaul/Parada""}}","('VALUE', 970.0)","('VALUE', 970.0)",True,True
chain,hes_L6_L7,retirada_cond_corr_lth@L1_L3,"{""hes"": {""L4"": ""Normal"", ""L5"": ""Normal"", ""L6"": ""Normal"", ""L7"": ""Overhaul/Parada""}}","('VALUE', 138.40322080379727)","('VALUE', 138.40322080379727)",True,True
chain,hes_L6_L7,retirada_cond_corr_lth@L4_L5,"{""hes"": {""L4"": ""Normal"", ""L5"": ""Normal"", ""L6"": ""Normal"", ""L7"": ""Overhaul/Parada""}}","('VALUE', -100.09121432986039)","('VALUE', -100.09121432986039)",True,True
chain,hes_L6_L7,retirada_cond_corr_lth@L6_L7,"{""hes"": {""L4"": ""Normal"", ""L5"": ""Normal"", ""L6"": ""Normal"", ""L7"": ""Overhaul/Parada""}}","('VALUE', 49.79250674410167)","('VALUE', 49.79250674410167)",True,True
chain,hes_L6_L7,retirada_condensado_grupo@L1_L3,"{""hes"": {""L4"": ""Normal"", ""L5"": ""Normal"", ""L6"": ""Normal"", ""L7"": ""Overhaul/Parada""}}","('VALUE', 543.2617887814816)","('VALUE', 543.2617887814816)",True,True
chain,hes_L6_L7,retirada_condensado_grupo@L4_L5,"{""hes"": {""L4"": ""Normal"", ""L5"": ""Normal"", ""L6"": ""Normal"", ""L7"": ""Overhaul/Parada""}}","('VALUE', -78.14767774632759)","('VALUE', -78.14767774632759)",True,True
chain,hes_L6_L7,retirada_condensado_grupo@L6_L7,"{""hes"": {""L4"": ""Normal"", ""L5"": ""Normal"", ""L6"": ""Normal"", ""L7"": ""Overhaul/Parada""}}","('VALUE', 171.61976440159654)","('VALUE', 171.61976440159654)",True,True
chain,hes_L6_L7,retirada_condensado_linha@L1,"{""hes"": {""L4"": ""Normal"", ""L5"": ""Normal"", ""L6"": ""Normal"", ""L7"": ""Overhaul/Parada""}}","('VALUE', 5.380427685461562e-06)","('VALUE', 5.380427685461562e-06)",True,True
chain,hes_L6_L7,retirada_condensado_linha@L2,"{""hes"": {""L4"": ""Normal"", ""L5"": ""Normal"", ""L6"": ""Normal"", ""L7"": ""Overhaul/Parada""}}","('VALUE', 538.0427685461561)","('VALUE', 538.0427685461561)",True,True
chain,hes_L6_L7,retirada_condensado_linha@L3,"{""hes"": {""L4"": ""Normal"", ""L5"": ""Normal"", ""L6"": ""Normal"", ""L7"": ""Overhaul/Parada""}}","('VALUE', 5.219014854897715)","('VALUE', 5.219014854897715)",True,True
chain,hes_L6_L7,retirada_condensado_linha@L4,"{""hes"": {""L4"": ""Normal"", ""L5"": ""Normal"", ""L6"": ""Normal"", ""L7"": ""Overhaul/Parada""}}","('VALUE', -8.056453317710764e-05)","('VALUE', -8.056453317710764e-05)",True,True
chain,hes_L6_L7,retirada_condensado_linha@L5,"{""hes"": {""L4"": ""Normal"", ""L5"": ""Normal"", ""L6"": ""Normal"", ""L7"": ""Overhaul/Parada""}}","('VALUE', -78.14759718179441)","('VALUE', -78.14759718179441)",True,True
chain,hes_L6_L7,retirada_condensado_linha@L6,"{""hes"": {""L4"": ""Normal"", ""L5"": ""Normal"", ""L6"": ""Normal"", ""L7"": ""Overhaul/Parada""}}","('VALUE', 85.80988220079828)","('VALUE', 85.80988220079828)",True,True
chain,hes_L6_L7,retirada_condensado_linha@L7,"{""hes"": {""L4"": ""Normal"", ""L5"": ""Normal"", ""L6"": ""Normal"", ""L7"": ""Overhaul/Parada""}}","('VALUE', 85.80988220079828)","('VALUE', 85.80988220079828)",True,True
chain,hes_L6_L7,retirada_condensado_total@L1_L7,"{""hes"": {""L4"": ""Normal"", ""L5"": ""Normal"", ""L6"": ""Normal"", ""L7"": ""Overhaul/Parada""}}","('VALUE', 636.7338754367506)","('VALUE', 636.7338754367506)",True,True
chain,hes_L6_L7,retirada_cond_corr_ltp@L1_L3,"{""hes"": {""L4"": ""Normal"", ""L5"": ""Normal"", ""L6"": ""Normal"", ""L7"": ""1 By pass""}}","('VALUE', 47.936340992412426)","('VALUE', 47.936340992412426)",True,True
chain,hes_L6_L7,retirada_cond_corr_ltp@L4_L5,"{""hes"": {""L4"": ""Normal"", ""L5"": ""Normal"", ""L6"": ""Normal"", ""L7"": ""1 By pass""}}","('VALUE', 47.936340992412426)","('VALUE', 47.936340992412426)",True,True
chain,hes_L6_L7,retirada_cond_corr_ltp@L6_L7,"{""hes"": {""L4"": ""Normal"", ""L5"": ""Normal"", ""L6"": ""Normal"", ""L7"": ""1 By pass""}}","('VALUE', 183.05806811635424)","('VALUE', 183.05806811635424)",True,True
chain,hes_L6_L7,lth_grupo@L1_L3,"{""hes"": {""L4"": ""Normal"", ""L5"": ""Normal"", ""L6"": ""Normal"", ""L7"": ""1 By pass""}}","('VALUE', 34023.333333333336)","('VALUE', 34023.333333333336)",True,True
chain,hes_L6_L7,lth_grupo@L4_L5,"{""hes"": {""L4"": ""Normal"", ""L5"": ""Normal"", ""L6"": ""Normal"", ""L7"": ""1 By pass""}}","('VALUE', 0.5005)","('VALUE', 0.5005)",True,True
chain,hes_L6_L7,lth_grupo@L6_L7,"{""hes"": {""L4"": ""Normal"", ""L5"": ""Normal"", ""L6"": ""Normal"", ""L7"": ""1 By pass""}}","('VALUE', 50485.0)","('VALUE', 50485.0)",True,True
chain,hes_L6_L7,retirada_cond_corr_lth@L1_L3,"{""hes"": {""L4"": ""Normal"", ""L5"": ""Normal"", ""L6"": ""Normal"", ""L7"": ""1 By pass""}}","('VALUE', 138.6142402089672)","('VALUE', 138.6142402089672)",True,True
chain,hes_L6_L7,retirada_cond_corr_lth@L4_L5,"{""hes"": {""L4"": ""Normal"", ""L5"": ""Normal"", ""L6"": ""Normal"", ""L7"": ""1 By pass""}}","('VALUE', -78.08310175060669)","('VALUE', -78.08310175060669)",True,True
chain,hes_L6_L7,retirada_cond_corr_lth@L6_L7,"{""hes"": {""L4"": ""Normal"", ""L5"": ""Normal"", ""L6"": ""Normal"", ""L7"": ""1 By pass""}}","('VALUE', 146.29965359132473)","('VALUE', 146.29965359132473)",True,True
chain,hes_L6_L7,retirada_condensado_grupo@L1_L3,"{""hes"": {""L4"": ""Normal"", ""L5"": ""Normal"", ""L6"": ""Normal"", ""L7"": ""1 By pass""}}","('VALUE', 367.0336976496643)","('VALUE', 367.0336976496643)",True,True
chain,hes_L6_L7,retirada_condensado_grupo@L4_L5,"{""hes"": {""L4"": ""Normal"", ""L5"": ""Normal"", ""L6"": ""Normal"", ""L7"": ""1 By pass""}}","('VALUE', -152.03888548603823)","('VALUE', -152.03888548603823)",True,True
chain,hes_L6_L7,retirada_condensado_grupo@L6_L7,"{""hes"": {""L4"": ""Normal"", ""L5"": ""Normal"", ""L6"": ""Normal"", ""L7"": ""1 By pass""}}","('VALUE', 23.483170949940984)","('VALUE', 23.483170949940984)",True,True
chain,hes_L6_L7,retirada_condensado_linha@L1,"{""hes"": {""L4"": ""Normal"", ""L5"": ""Normal"", ""L6"": ""Normal"", ""L7"": ""1 By pass""}}","('VALUE', 3.9554919899542544)","('VALUE', 3.9554919899542544)",True,True
chain,hes_L6_L7,retirada_condensado_linha@L2,"{""hes"": {""L4"": ""Normal"", ""L5"": ""Normal"", ""L6"": ""Normal"", ""L7"": ""1 By pass""}}","('VALUE', 3.4880247547778427)","('VALUE', 3.4880247547778427)",True,True
chain,hes_L6_L7,retirada_condensado_linha@L3,"{""hes"": {""L4"": ""Normal"", ""L5"": ""Normal"", ""L6"": ""Normal"", ""L7"": ""1 By pass""}}","('VALUE', 359.5901809049322)","('VALUE', 359.5901809049322)",True,True
chain,hes_L6_L7,retirada_condensado_linha@L4,"{""hes"": {""L4"": ""Normal"", ""L5"": ""Normal"", ""L6"": ""Normal"", ""L7"": ""1 By pass""}}","('VALUE', -151.8869984875507)","('VALUE', -151.8869984875507)",True,True
chain,hes_L6_L7,retirada_condensado_linha@L5,"{""hes"": {""L4"": ""Normal"", ""L5"": ""Normal"", ""L6"": ""Normal"", ""L7"": ""1 By pass""}}","('VALUE', -0.1518869984875507)","('VALUE', -0.1518869984875507)",True,True
chain,hes_L6_L7,retirada_condensado_linha@L6,"{""hes"": {""L4"": ""Normal"", ""L5"": ""Normal"", ""L6"": ""Normal"", ""L7"": ""1 By pass""}}","('VALUE', 23.257572496722773)","('VALUE', 23.257572496722773)",True,True
chain,hes_L6_L7,retirada_condensado_linha@L7,"{""hes"": {""L4"": ""Normal"", ""L5"": ""Normal"", ""L6"": ""Normal"", ""L7"": ""1 By pass""}}","('VALUE', 0.2255984532182109)","('VALUE', 0.2255984532182109)",True,True
chain,hes_L6_L7,retirada_condensado_total@L1_L7,"{""hes"": {""L4"": ""Normal"", ""L5"": ""Normal"", ""L6"": ""Normal"", ""L7"": ""1 By pass""}}","('VALUE', 238.47798311356706)","('VALUE', 238.47798311356706)",True,True
chain,hes_L6_L7,retirada_cond_corr_ltp@L1_L3,"{""hes"": {""L4"": ""Normal"", ""L5"": ""Normal"", ""L6"": ""Normal"", ""L7"": ""1 By pass""}}","('VALUE', 47.936340992412426)","('VALUE', 47.936340992412426)",True,True
chain,hes_L6_L7,retirada_cond_corr_ltp@L4_L5,"{""hes"": {""L4"": ""Normal"", ""L5"": ""Normal"", ""L6"": ""Normal"", ""L7"": ""1 By pass""}}","('VALUE', -99.49804134140493)","('VALUE', -99.49804134140493)",True,True
chain,hes_L6_L7,retirada_cond_corr_ltp@L6_L7,"{""hes"": {""L4"": ""Normal"", ""L5"": ""Normal"", ""L6"": ""Normal"", ""L7"": ""1 By pass""}}","('VALUE', -11.017375456696598)","('VALUE', -11.017375456696598)",True,True
chain,hes_L6_L7,lth_grupo@L1_L3,"{""hes"": {""L4"": ""Normal"", ""L5"": ""Normal"", ""L6"": ""Normal"", ""L7"": ""1 By pass""}}","('VALUE', 66666.667)","('VALUE', 66666.667)",True,True
chain,hes_L6_L7,lth_grupo@L4_L5,"{""hes"": {""L4"": ""Normal"", ""L5"": ""Normal"", ""L6"": ""Normal"", ""L7"": ""1 By pass""}}","('VALUE', 1.0)","('VALUE', 1.0)",True,True
chain,hes_L6_L7,lth_grupo@L6_L7,"{""hes"": {""L4"": ""Normal"", ""L5"": ""Normal"", ""L6"": ""Normal"", ""L7"": ""1 By pass""}}","('VALUE', 50485.0)","('VALUE', 50485.0)",True,True
chain,hes_L6_L7,retirada_cond_corr_lth@L1_L3,"{""hes"": {""L4"": ""Normal"", ""L5"": ""Normal"", ""L6"": ""Normal"", ""L7"": ""1 By pass""}}","('VALUE', -4.2097435109134125)","('VALUE', -4.2097435109134125)",True,True
chain,hes_L6_L7,retirada_cond_corr_lth@L4_L5,"{""hes"": {""L4"": ""Normal"", ""L5"": ""Normal"", ""L6"": ""Normal"", ""L7"": ""1 By pass""}}","('VALUE', -83.27713617224379)","('VALUE', -83.27713617224379)",True,True
chain,hes_L6_L7,retirada_cond_corr_lth@L6_L7,"{""hes"": {""L4"": ""Normal"", ""L5"": ""Normal"", ""L6"": ""Normal"", ""L7"": ""1 By pass""}}","('VALUE', 126.76034502120251)","('VALUE', 126.76034502120251)",True,True
chain,hes_L6_L7,retirada_condensado_grupo@L1_L3,"{""hes"": {""L4"": ""Normal"", ""L5"": ""Normal"", ""L6"": ""Normal"", ""L7"": ""1 By pass""}}","('VALUE', -14.438253509977528)","('VALUE', -14.438253509977528)",True,True
chain,hes_L6_L7,retirada_condensado_grupo@L4_L5,"{""hes"": {""L4"": ""Normal"", ""L5"": ""Normal"", ""L6"": ""Normal"", ""L7"": ""1 By pass""}}","('VALUE', 132.44181033832228)","('VALUE', 132.44181033832228)",True,True
chain,hes_L6_L7,retirada_condensado_grupo@L6_L7,"{""hes"": {""L4"": ""Normal"", ""L5"": ""Normal"", ""L6"": ""Normal"", ""L7"": ""1 By pass""}}","('VALUE', 372.5554409557982)","('VALUE', 372.5554409557982)",True,True
chain,hes_L6_L7,retirada_condensado_linha@L1,"{""hes"": {""L4"": ""Normal"", ""L5"": ""Normal"", ""L6"": ""Normal"", ""L7"": ""1 By pass""}}","('VALUE', -7.21912671889313)","('VALUE', -7.21912671889313)",True,True
chain,hes_L6_L7,retirada_condensado_linha@L2,"{""hes"": {""L4"": ""Normal"", ""L5"": ""Normal"", ""L6"": ""Normal"", ""L7"": ""1 By pass""}}","('VALUE', -7.21912671889313)","('VALUE', -7.21912671889313)",True,True
chain,hes_L6_L7,retirada_condensado_linha@L3,"{""hes"": {""L4"": ""Normal"", ""L5"": ""Normal"", ""L6"": ""Normal"", ""L7"": ""1 By pass""}}","('VALUE', -7.219126718893131e-08)","('VALUE', -7.219126718893131e-08)",True,True
chain,hes_L6_L7,retirada_condensado_linha@L4,"{""hes"": {""L4"": ""Normal"", ""L5"": ""Normal"", ""L6"": ""Normal"", ""L7"": ""1 By pass""}}","('VALUE', 66.22090516916114)","('VALUE', 66.22090516916114)",True,True
chain,hes_L6_L7,retirada_condensado_linha@L5,"{""hes"": {""L4"": ""Normal"", ""L5"": ""Normal"", ""L6"": ""Normal"", ""L7"": ""1 By pass""}}","('VALUE', 66.22090516916114)","('VALUE', 66.22090516916114)",True,True
chain,hes_L6_L7,retirada_condensado_linha@L6,"{""hes"": {""L4"": ""Normal"", ""L5"": ""Normal"", ""L6"": ""Normal"", ""L7"": ""1 By pass""}}","('VALUE', 3.579070790602399)","('VALUE', 3.579070790602399)",True,True
chain,hes_L6_L7,retirada_condensado_linha@L7,"{""hes"": {""L4"": ""Normal"", ""L5"": ""Normal"", ""L6"": ""Normal"", ""L7"": ""1 By pass""}}","('VALUE', 368.97637016519576)","('VALUE', 368.97637016519576)",True,True
chain,hes_L6_L7,retirada_condensado_total@L1_L7,"{""hes"": {""L4"": ""Normal"", ""L5"": ""Normal"", ""L6"": ""Normal"", ""L7"": ""1 By pass""}}","('VALUE', 490.55899778414295)","('VALUE', 490.55899778414295)",True,True
chain,hes_L6_L7,retirada_cond_corr_ltp@L1_L3,"{""hes"": {""L4"": ""Normal"", ""L5"": ""Normal"", ""L6"": ""Normal"", ""L7"": ""1 By pass e LC""}}","('VALUE', -99.49804134140493)","('VALUE', -99.49804134140493)",True,True
chain,hes_L6_L7,retirada_cond_corr_ltp@L4_L5,"{""hes"": {""L4"": ""Normal"", ""L5"": ""Normal"", ""L6"": ""Normal"", ""L7"": ""1 By pass e LC""}}","('VALUE', 47.936340992412426)","('VALUE', 47.936340992412426)",True,True
chain,hes_L6_L7,retirada_cond_corr_ltp@L6_L7,"{""hes"": {""L4"": ""Normal"", ""L5"": ""Normal"", ""L6"": ""Normal"", ""L7"": ""1 By pass e LC""}}","('VALUE', 53.93641212842863)","('VALUE', 53.93641212842863)",True,True
chain,hes_L6_L7,lth_grupo@L1_L3,"{""hes"": {""L4"": ""Normal"", ""L5"": ""Normal"", ""L6"": ""Normal"", ""L7"": ""1 By pass e LC""}}","('VALUE', 690.0003333333334)","('VALUE', 690.0003333333334)",True,True
chain,hes_L6_L7,lth_grupo@L4_L5,"{""hes"": {""L4"": ""Normal"", ""L5"": ""Normal"", ""L6"": ""Normal"", ""L7"": ""1 By pass e LC""}}","('VALUE', 50550.0)","('VALUE', 50550.0)",True,True
chain,hes_L6_L7,lth_grupo@L6_L7,"{""hes"": {""L4"": ""Normal"", ""L5"": ""Normal"", ""L6"": ""Normal"", ""L7"": ""1 By pass e LC""}}","('VALUE', 50485.0)","('VALUE', 50485.0)",True,True
chain,hes_L6_L7,retirada_cond_corr_lth@L1_L3,"{""hes"": {""L4"": ""Normal"", ""L5"": ""Normal"", ""L6"": ""Normal"", ""L7"": ""1 By pass e LC""}}","('VALUE', 62.698552593112396)","('VALUE', 62.698552593112396)",True,True
chain,hes_L6_L7,retirada_cond_corr_lth@L4_L5,"{""hes"": {""L4"": ""Normal"", ""L5"": ""Normal"", ""L6"": ""Normal"", ""L7"": ""1 By pass e LC""}}","('VALUE', -9.599296637040283)","('VALUE', -9.599296637040283)",True,True
chain,hes_L6_L7,retirada_cond_corr_lth@L6_L7,"{""hes"": {""L4"": ""Normal"", ""L5"": ""Normal"", ""L6"": ""Normal"", ""L7"": ""1 By pass e LC""}}","('VALUE', -9.624354788663851)","('VALUE', -9.624354788663851)",True,True
chain,hes_L6_L7,retirada_condensado_grupo@L1_L3,"{""hes"": {""L4"": ""Normal"", ""L5"": ""Normal"", ""L6"": ""Normal"", ""L7"": ""1 By pass e LC""}}","('VALUE', 10581.589781803552)","('VALUE', 10581.589781803552)",True,True
chain,hes_L6_L7,retirada_condensado_grupo@L4_L5,"{""hes"": {""L4"": ""Normal"", ""L5"": ""Normal"", ""L6"": ""Normal"", ""L7"": ""1 By pass e LC""}}","('VALUE', -15.071275258905416)","('VALUE', -15.071275258905416)",True,True
chain,hes_L6_L7,retirada_condensado_grupo@L6_L7,"{""hes"": {""L4"": ""Normal"", ""L5"": ""Normal"", ""L6"": ""Normal"", ""L7"": ""1 By pass e LC""}}","('STATE', ('NO_APPLICABLE_RULE', None, None))","('STATE', ('NO_APPLICABLE_RULE', None, None))",True,True
chain,hes_L6_L7,retirada_condensado_linha@L1,"{""hes"": {""L4"": ""Normal"", ""L5"": ""Normal"", ""L6"": ""Normal"", ""L7"": ""1 By pass e LC""}}","('VALUE', 4958.52035257444)","('VALUE', 4958.52035257444)",True,True
chain,hes_L6_L7,retirada_condensado_linha@L2,"{""hes"": {""L4"": ""Normal"", ""L5"": ""Normal"", ""L6"": ""Normal"", ""L7"": ""1 By pass e LC""}}","('VALUE', 0.005111876652138599)","('VALUE', 0.005111876652138599)",True,True
chain,hes_L6_L7,retirada_condensado_linha@L3,"{""hes"": {""L4"": ""Normal"", ""L5"": ""Normal"", ""L6"": ""Normal"", ""L7"": ""1 By pass e LC""}}","('VALUE', 5623.064317352458)","('VALUE', 5623.064317352458)",True,True
chain,hes_L6_L7,retirada_condensado_linha@L4,"{""hes"": {""L4"": ""Normal"", ""L5"": ""Normal"", ""L6"": ""Normal"", ""L7"": ""1 By pass e LC""}}","('VALUE', -14.907295013754123)","('VALUE', -14.907295013754123)",True,True
chain,hes_L6_L7,retirada_condensado_linha@L5,"{""hes"": {""L4"": ""Normal"", ""L5"": ""Normal"", ""L6"": ""Normal"", ""L7"": ""1 By pass e LC""}}","('VALUE', -0.16398024515129533)","('VALUE', -0.16398024515129533)",True,True
chain,hes_L6_L7,retirada_condensado_linha@L6,"{""hes"": {""L4"": ""Normal"", ""L5"": ""Normal"", ""L6"": ""Normal"", ""L7"": ""1 By pass e LC""}}","('STATE', ('NO_APPLICABLE_RULE', None, None))","('STATE', ('NO_APPLICABLE_RULE', None, None))",True,True
chain,hes_L6_L7,retirada_condensado_linha@L7,"{""hes"": {""L4"": ""Normal"", ""L5"": ""Normal"", ""L6"": ""Normal"", ""L7"": ""1 By pass e LC""}}","('STATE', ('NO_APPLICABLE_RULE', None, None))","('STATE', ('NO_APPLICABLE_RULE', None, None))",True,True
chain,hes_L6_L7,retirada_condensado_total@L1_L7,"{""hes"": {""L4"": ""Normal"", ""L5"": ""Normal"", ""L6"": ""Normal"", ""L7"": ""1 By pass e LC""}}","('STATE', ('NO_APPLICABLE_RULE', None, None))","('STATE', ('NO_APPLICABLE_RULE', None, None))",True,True
chain,hes_L6_L7,retirada_cond_corr_ltp@L1_L3,"{""hes"": {""L4"": ""Normal"", ""L5"": ""Normal"", ""L6"": ""Normal"", ""L7"": ""1 By pass e LC""}}","('VALUE', 47.936340992412426)","('VALUE', 47.936340992412426)",True,True
chain,hes_L6_L7,retirada_cond_corr_ltp@L4_L5,"{""hes"": {""L4"": ""Normal"", ""L5"": ""Normal"", ""L6"": ""Normal"", ""L7"": ""1 By pass e LC""}}","('VALUE', 53.93641212842863)","('VALUE', 53.93641212842863)",True,True
chain,hes_L6_L7,retirada_cond_corr_ltp@L6_L7,"{""hes"": {""L4"": ""Normal"", ""L5"": ""Normal"", ""L6"": ""Normal"", ""L7"": ""1 By pass e LC""}}","('VALUE', -99.49804134140493)","('VALUE', -99.49804134140493)",True,True
chain,hes_L6_L7,lth_grupo@L1_L3,"{""hes"": {""L4"": ""Normal"", ""L5"": ""Normal"", ""L6"": ""Normal"", ""L7"": ""1 By pass e LC""}}","('VALUE', 690.3333333333334)","('VALUE', 690.3333333333334)",True,True
chain,hes_L6_L7,lth_grupo@L4_L5,"{""hes"": {""L4"": ""Normal"", ""L5"": ""Normal"", ""L6"": ""Normal"", ""L7"": ""1 By pass e LC""}}","('VALUE', 50000.5)","('VALUE', 50000.5)",True,True
chain,hes_L6_L7,lth_grupo@L6_L7,"{""hes"": {""L4"": ""Normal"", ""L5"": ""Normal"", ""L6"": ""Normal"", ""L7"": ""1 By pass e LC""}}","('VALUE', 485.5)","('VALUE', 485.5)",True,True
chain,hes_L6_L7,retirada_cond_corr_lth@L1_L3,"{""hes"": {""L4"": ""Normal"", ""L5"": ""Normal"", ""L6"": ""Normal"", ""L7"": ""1 By pass e LC""}}","('VALUE', -93.21605925430956)","('VALUE', -93.21605925430956)",True,True
chain,hes_L6_L7,retirada_cond_corr_lth@L4_L5,"{""hes"": {""L4"": ""Normal"", ""L5"": ""Normal"", ""L6"": ""Normal"", ""L7"": ""1 By pass e LC""}}","('VALUE', 127.43824066567274)","('VALUE', 127.43824066567274)",True,True
chain,hes_L6_L7,retirada_cond_corr_lth@L6_L7,"{""hes"": {""L4"": ""Normal"", ""L5"": ""Normal"", ""L6"": ""Normal"", ""L7"": ""1 By pass e LC""}}","('VALUE', 36.313532380257854)","('VALUE', 36.313532380257854)",True,True
chain,hes_L6_L7,retirada_condensado_grupo@L1_L3,"{""hes"": {""L4"": ""Normal"", ""L5"": ""Normal"", ""L6"": ""Normal"", ""L7"": ""1 By pass e LC""}}","('VALUE', 19624.542799259834)","('VALUE', 19624.542799259834)",True,True
chain,hes_L6_L7,retirada_condensado_grupo@L4_L5,"{""hes"": {""L4"": ""Normal"", ""L5"": ""Normal"", ""L6"": ""Normal"", ""L7"": ""1 By pass e LC""}}","('VALUE', 247.00365707448822)","('VALUE', 247.00365707448822)",True,True
chain,hes_L6_L7,retirada_condensado_grupo@L6_L7,"{""hes"": {""L4"": ""Normal"", ""L5"": ""Normal"", ""L6"": ""Normal"", ""L7"": ""1 By pass e LC""}}","('STATE', ('NO_APPLICABLE_RULE', None, None))","('STATE', ('NO_APPLICABLE_RULE', None, None))",True,True
chain,hes_L6_L7,retirada_condensado_linha@L1,"{""hes"": {""L4"": ""Normal"", ""L5"": ""Normal"", ""L6"": ""Normal"", ""L7"": ""1 By pass e LC""}}","('VALUE', 10423.465513851192)","('VALUE', 10423.465513851192)",True,True
chain,hes_L6_L7,retirada_condensado_linha@L2,"{""hes"": {""L4"": ""Normal"", ""L5"": ""Normal"", ""L6"": ""Normal"", ""L7"": ""1 By pass e LC""}}","('VALUE', 9191.601407668777)","('VALUE', 9191.601407668777)",True,True
chain,hes_L6_L7,retirada_condensado_linha@L3,"{""hes"": {""L4"": ""Normal"", ""L5"": ""Normal"", ""L6"": ""Normal"", ""L7"": ""1 By pass e LC""}}","('VALUE', 9.47587773986472)","('VALUE', 9.47587773986472)",True,True
chain,hes_L6_L7,retirada_condensado_linha@L4,"{""hes"": {""L4"": ""Normal"", ""L5"": ""Normal"", ""L6"": ""Normal"", ""L7"": ""1 By pass e LC""}}","('VALUE', 247.0011870626176)","('VALUE', 247.0011870626176)",True,True
chain,hes_L6_L7,retirada_condensado_linha@L5,"{""hes"": {""L4"": ""Normal"", ""L5"": ""Normal"", ""L6"": ""Normal"", ""L7"": ""1 By pass e LC""}}","('VALUE', 0.002470011870626176)","('VALUE', 0.002470011870626176)",True,True
chain,hes_L6_L7,retirada_condensado_linha@L6,"{""hes"": {""L4"": ""Normal"", ""L5"": ""Normal"", ""L6"": ""Normal"", ""L7"": ""1 By pass e LC""}}","('STATE', ('NO_APPLICABLE_RULE', None, None))","('STATE', ('NO_APPLICABLE_RULE', None, None))",True,True
chain,hes_L6_L7,retirada_condensado_linha@L7,"{""hes"": {""L4"": ""Normal"", ""L5"": ""Normal"", ""L6"": ""Normal"", ""L7"": ""1 By pass e LC""}}","('STATE', ('NO_APPLICABLE_RULE', None, None))","('STATE', ('NO_APPLICABLE_RULE', None, None))",True,True
chain,hes_L6_L7,retirada_condensado_total@L1_L7,"{""hes"": {""L4"": ""Normal"", ""L5"": ""Normal"", ""L6"": ""Normal"", ""L7"": ""1 By pass e LC""}}","('STATE', ('NO_APPLICABLE_RULE', None, None))","('STATE', ('NO_APPLICABLE_RULE', None, None))",True,True
chain,hes_L6_L7,retirada_cond_corr_ltp@L1_L3,"{""hes"": {""L4"": ""Normal"", ""L5"": ""Normal"", ""L6"": ""LC"", ""L7"": ""Normal""}}","('VALUE', -99.49804134140493)","('VALUE', -99.49804134140493)",True,True
chain,hes_L6_L7,retirada_cond_corr_ltp@L4_L5,"{""hes"": {""L4"": ""Normal"", ""L5"": ""Normal"", ""L6"": ""LC"", ""L7"": ""Normal""}}","('VALUE', 53.93641212842863)","('VALUE', 53.93641212842863)",True,True
chain,hes_L6_L7,retirada_cond_corr_ltp@L6_L7,"{""hes"": {""L4"": ""Normal"", ""L5"": ""Normal"", ""L6"": ""LC"", ""L7"": ""Normal""}}","('VALUE', 47.936340992412426)","('VALUE', 47.936340992412426)",True,True
chain,hes_L6_L7,lth_grupo@L1_L3,"{""hes"": {""L4"": ""Normal"", ""L5"": ""Normal"", ""L6"": ""LC"", ""L7"": ""Normal""}}","('VALUE', 33700.333333333336)","('VALUE', 33700.333333333336)",True,True
chain,hes_L6_L7,lth_grupo@L4_L5,"{""hes"": {""L4"": ""Normal"", ""L5"": ""Normal"", ""L6"": ""LC"", ""L7"": ""Normal""}}","('VALUE', 485.0005)","('VALUE', 485.0005)",True,True
chain,hes_L6_L7,lth_grupo@L6_L7,"{""hes"": {""L4"": ""Normal"", ""L5"": ""Normal"", ""L6"": ""LC"", ""L7"": ""Normal""}}","('VALUE', 0.001)","('VALUE', 0.001)",True,True
chain,hes_L6_L7,retirada_cond_corr_lth@L1_L3,"{""hes"": {""L4"": ""Normal"", ""L5"": ""Normal"", ""L6"": ""LC"", ""L7"": ""Normal""}}","('VALUE', 118.88916282252526)","('VALUE', 118.88916282252526)",True,True
chain,hes_L6_L7,retirada_cond_corr_lth@L4_L5,"{""hes"": {""L4"": ""Normal"", ""L5"": ""Normal"", ""L6"": ""LC"", ""L7"": ""Normal""}}","('VALUE', 55.83279405012817)","('VALUE', 55.83279405012817)",True,True
chain,hes_L6_L7,retirada_cond_corr_lth@L6_L7,"{""hes"": {""L4"": ""Normal"", ""L5"": ""Normal"", ""L6"": ""LC"", ""L7"": ""Normal""}}","('VALUE', -355.05606811635425)","('VALUE', -355.05606811635425)",True,True
chain,hes_L6_L7,retirada_condensado_grupo@L1_L3,"{""hes"": {""L4"": ""Normal"", ""L5"": ""Normal"", ""L6"": ""LC"", ""L7"": ""Normal""}}","('VALUE', 20655.16161249179)","('VALUE', 20655.16161249179)",True,True
chain,hes_L6_L7,retirada_condensado_grupo@L4_L5,"{""hes"": {""L4"": ""Normal"", ""L5"": ""Normal"", ""L6"": ""LC"", ""L7"": ""Normal""}}","('VALUE', 103.79276384339909)","('VALUE', 103.79276384339909)",True,True
chain,hes_L6_L7,retirada_condensado_grupo@L6_L7,"{""hes"": {""L4"": ""Normal"", ""L5"": ""Normal"", ""L6"": ""LC"", ""L7"": ""Normal""}}","('VALUE', -558.9046477555472)","('VALUE', -558.9046477555472)",True,True
chain,hes_L6_L7,retirada_condensado_linha@L1,"{""hes"": {""L4"": ""Normal"", ""L5"": ""Normal"", ""L6"": ""LC"", ""L7"": ""Normal""}}","('VALUE', 20430.22483703602)","('VALUE', 20430.22483703602)",True,True
chain,hes_L6_L7,retirada_condensado_linha@L2,"{""hes"": {""L4"": ""Normal"", ""L5"": ""Normal"", ""L6"": ""LC"", ""L7"": ""Normal""}}","('VALUE', 0.20430224837036023)","('VALUE', 0.20430224837036023)",True,True
chain,hes_L6_L7,retirada_condensado_linha@L3,"{""hes"": {""L4"": ""Normal"", ""L5"": ""Normal"", ""L6"": ""LC"", ""L7"": ""Normal""}}","('VALUE', 224.73247320739625)","('VALUE', 224.73247320739625)",True,True
chain,hes_L6_L7,retirada_condensado_linha@L4,"{""hes"": {""L4"": ""Normal"", ""L5"": ""Normal"", ""L6"": ""LC"", ""L7"": ""Normal""}}","('VALUE', 103.79265684066007)","('VALUE', 103.79265684066007)",True,True
chain,hes_L6_L7,retirada_condensado_linha@L5,"{""hes"": {""L4"": ""Normal"", ""L5"": ""Normal"", ""L6"": ""LC"", ""L7"": ""Normal""}}","('VALUE', 0.00010700273901098976)","('VALUE', 0.00010700273901098976)",True,True
chain,hes_L6_L7,retirada_condensado_linha@L6,"{""hes"": {""L4"": ""Normal"", ""L5"": ""Normal"", ""L6"": ""LC"", ""L7"": ""Normal""}}","('VALUE', -279.4523238777736)","('VALUE', -279.4523238777736)",True,True
chain,hes_L6_L7,retirada_condensado_linha@L7,"{""hes"": {""L4"": ""Normal"", ""L5"": ""Normal"", ""L6"": ""LC"", ""L7"": ""Normal""}}","('VALUE', -279.4523238777736)","('VALUE', -279.4523238777736)",True,True
chain,hes_L6_L7,retirada_condensado_total@L1_L7,"{""hes"": {""L4"": ""Normal"", ""L5"": ""Normal"", ""L6"": ""LC"", ""L7"": ""Normal""}}","('VALUE', 20200.04972857964)","('VALUE', 20200.04972857964)",True,True
chain,hes_L6_L7,retirada_cond_corr_ltp@L1_L3,"{""hes"": {""L4"": ""Normal"", ""L5"": ""Normal"", ""L6"": ""LC"", ""L7"": ""Normal""}}","('VALUE', 53.93641212842863)","('VALUE', 53.93641212842863)",True,True
chain,hes_L6_L7,retirada_cond_corr_ltp@L4_L5,"{""hes"": {""L4"": ""Normal"", ""L5"": ""Normal"", ""L6"": ""LC"", ""L7"": ""Normal""}}","('VALUE', -11.017375456696598)","('VALUE', -11.017375456696598)",True,True
chain,hes_L6_L7,retirada_cond_corr_ltp@L6_L7,"{""hes"": {""L4"": ""Normal"", ""L5"": ""Normal"", ""L6"": ""LC"", ""L7"": ""Normal""}}","('VALUE', 53.93641212842863)","('VALUE', 53.93641212842863)",True,True
chain,hes_L6_L7,lth_grupo@L1_L3,"{""hes"": {""L4"": ""Normal"", ""L5"": ""Normal"", ""L6"": ""LC"", ""L7"": ""Normal""}}","('VALUE', 690.3333333333334)","('VALUE', 690.3333333333334)",True,True
chain,hes_L6_L7,lth_grupo@L4_L5,"{""hes"": {""L4"": ""Normal"", ""L5"": ""Normal"", ""L6"": ""LC"", ""L7"": ""Normal""}}","('VALUE', 970.0)","('VALUE', 970.0)",True,True
chain,hes_L6_L7,lth_grupo@L6_L7,"{""hes"": {""L4"": ""Normal"", ""L5"": ""Normal"", ""L6"": ""LC"", ""L7"": ""Normal""}}","('VALUE', 485.0005)","('VALUE', 485.0005)",True,True
chain,hes_L6_L7,retirada_cond_corr_lth@L1_L3,"{""hes"": {""L4"": ""Normal"", ""L5"": ""Normal"", ""L6"": ""LC"", ""L7"": ""Normal""}}","('VALUE', 62.70794912567902)","('VALUE', 62.70794912567902)",True,True
chain,hes_L6_L7,retirada_cond_corr_lth@L4_L5,"{""hes"": {""L4"": ""Normal"", ""L5"": ""Normal"", ""L6"": ""LC"", ""L7"": ""Normal""}}","('VALUE', -86.59219306576469)","('VALUE', -86.59219306576469)",True,True
chain,hes_L6_L7,retirada_cond_corr_lth@L6_L7,"{""hes"": {""L4"": ""Normal"", ""L5"": ""Normal"", ""L6"": ""LC"", ""L7"": ""Normal""}}","('VALUE', 36.293485480005955)","('VALUE', 36.293485480005955)",True,True
chain,hes_L6_L7,retirada_condensado_grupo@L1_L3,"{""hes"": {""L4"": ""Normal"", ""L5"": ""Normal"", ""L6"": ""LC"", ""L7"": ""Normal""}}","('VALUE', 167.31461099175118)","('VALUE', 167.31461099175118)",True,True
chain,hes_L6_L7,retirada_condensado_grupo@L4_L5,"{""hes"": {""L4"": ""Normal"", ""L5"": ""Normal"", ""L6"": ""LC"", ""L7"": ""Normal""}}","('VALUE', -51.14963521813618)","('VALUE', -51.14963521813618)",True,True
chain,hes_L6_L7,retirada_condensado_grupo@L6_L7,"{""hes"": {""L4"": ""Normal"", ""L5"": ""Normal"", ""L6"": ""LC"", ""L7"": ""Normal""}}","('VALUE', 51.2320328066641)","('VALUE', 51.2320328066641)",True,True
chain,hes_L6_L7,retirada_condensado_linha@L1,"{""hes"": {""L4"": ""Normal"", ""L5"": ""Normal"", ""L6"": ""LC"", ""L7"": ""Normal""}}","('VALUE', 0.08078928584826228)","('VALUE', 0.08078928584826228)",True,True
chain,hes_L6_L7,retirada_condensado_linha@L2,"{""hes"": {""L4"": ""Normal"", ""L5"": ""Normal"", ""L6"": ""LC"", ""L7"": ""Normal""}}","('VALUE', 88.8682144330885)","('VALUE', 88.8682144330885)",True,True
chain,hes_L6_L7,retirada_condensado_linha@L3,"{""hes"": {""L4"": ""Normal"", ""L5"": ""Normal"", ""L6"": ""LC"", ""L7"": ""Normal""}}","('VALUE', 78.36560727281442)","('VALUE', 78.36560727281442)",True,True
chain,hes_L6_L7,retirada_condensado_linha@L4,"{""hes"": {""L4"": ""Normal"", ""L5"": ""Normal"", ""L6"": ""LC"", ""L7"": ""Normal""}}","('VALUE', -25.57481760906809)","('VALUE', -25.57481760906809)",True,True
chain,hes_L6_L7,retirada_condensado_linha@L5,"{""hes"": {""L4"": ""Normal"", ""L5"": ""Normal"", ""L6"": ""LC"", ""L7"": ""Normal""}}","('VALUE', -25.57481760906809)","('VALUE', -25.57481760906809)",True,True
chain,hes_L6_L7,retirada_condensado_linha@L6,"{""hes"": {""L4"": ""Normal"", ""L5"": ""Normal"", ""L6"": ""LC"", ""L7"": ""Normal""}}","('VALUE', 51.231979990189885)","('VALUE', 51.231979990189885)",True,True
chain,hes_L6_L7,retirada_condensado_linha@L7,"{""hes"": {""L4"": ""Normal"", ""L5"": ""Normal"", ""L6"": ""LC"", ""L7"": ""Normal""}}","('VALUE', 5.2816474216690605e-05)","('VALUE', 5.2816474216690605e-05)",True,True
chain,hes_L6_L7,retirada_condensado_total@L1_L7,"{""hes"": {""L4"": ""Normal"", ""L5"": ""Normal"", ""L6"": ""LC"", ""L7"": ""Normal""}}","('VALUE', 167.3970085802791)","('VALUE', 167.3970085802791)",True,True
chain,hes_L6_L7,retirada_cond_corr_ltp@L1_L3,"{""hes"": {""L4"": ""Normal"", ""L5"": ""Normal"", ""L6"": ""LC"", ""L7"": ""LC""}}","('VALUE', 183.05806811635424)","('VALUE', 183.05806811635424)",True,True
chain,hes_L6_L7,retirada_cond_corr_ltp@L4_L5,"{""hes"": {""L4"": ""Normal"", ""L5"": ""Normal"", ""L6"": ""LC"", ""L7"": ""LC""}}","('VALUE', 53.93641212842863)","('VALUE', 53.93641212842863)",True,True
chain,hes_L6_L7,retirada_cond_corr_ltp@L6_L7,"{""hes"": {""L4"": ""Normal"", ""L5"": ""Normal"", ""L6"": ""LC"", ""L7"": ""LC""}}","('VALUE', 47.936340992412426)","('VALUE', 47.936340992412426)",True,True
chain,hes_L6_L7,lth_grupo@L1_L3,"{""hes"": {""L4"": ""Normal"", ""L5"": ""Normal"", ""L6"": ""LC"", ""L7"": ""LC""}}","('VALUE', 33333.334)","('VALUE', 33333.334)",True,True
chain,hes_L6_L7,lth_grupo@L4_L5,"{""hes"": {""L4"": ""Normal"", ""L5"": ""Normal"", ""L6"": ""LC"", ""L7"": ""LC""}}","('VALUE', 1100.0)","('VALUE', 1100.0)",True,True
chain,hes_L6_L7,lth_grupo@L6_L7,"{""hes"": {""L4"": ""Normal"", ""L5"": ""Normal"", ""L6"": ""LC"", ""L7"": ""LC""}}","('VALUE', 50000.5)","('VALUE', 50000.5)",True,True
chain,hes_L6_L7,retirada_cond_corr_lth@L1_L3,"{""hes"": {""L4"": ""Normal"", ""L5"": ""Normal"", ""L6"": ""LC"", ""L7"": ""LC""}}","('VALUE', 118.67591524967301)","('VALUE', 118.67591524967301)",True,True
chain,hes_L6_L7,retirada_cond_corr_lth@L4_L5,"{""hes"": {""L4"": ""Normal"", ""L5"": ""Normal"", ""L6"": ""LC"", ""L7"": ""LC""}}","('VALUE', 53.107563637622576)","('VALUE', 53.107563637622576)",True,True
chain,hes_L6_L7,retirada_cond_corr_lth@L6_L7,"{""hes"": {""L4"": ""Normal"", ""L5"": ""Normal"", ""L6"": ""LC"", ""L7"": ""LC""}}","('VALUE', 126.57254258960575)","('VALUE', 126.57254258960575)",True,True
chain,hes_L6_L7,retirada_condensado_grupo@L1_L3,"{""hes"": {""L4"": ""Normal"", ""L5"": ""Normal"", ""L6"": ""LC"", ""L7"": ""LC""}}","('VALUE', -50.14645860004367)","('VALUE', -50.14645860004367)",True,True
chain,hes_L6_L7,retirada_condensado_grupo@L4_L5,"{""hes"": {""L4"": ""Normal"", ""L5"": ""Normal"", ""L6"": ""LC"", ""L7"": ""LC""}}","('VALUE', 98.3423030183879)","('VALUE', 98.3423030183879)",True,True
chain,hes_L6_L7,retirada_condensado_grupo@L6_L7,"{""hes"": {""L4"": ""Normal"", ""L5"": ""Normal"", ""L6"": ""LC"", ""L7"": ""LC""}}","('VALUE', 203.67398586222274)","('VALUE', 203.67398586222274)",True,True
chain,hes_L6_L7,retirada_condensado_linha@L1,"{""hes"": {""L4"": ""Normal"", ""L5"": ""Normal"", ""L6"": ""LC"", ""L7"": ""LC""}}","('VALUE', -5.014645759711452e-07)","('VALUE', -5.014645759711452e-07)",True,True
chain,hes_L6_L7,retirada_condensado_linha@L2,"{""hes"": {""L4"": ""Normal"", ""L5"": ""Normal"", ""L6"": ""LC"", ""L7"": ""LC""}}","('VALUE', -50.14645759711452)","('VALUE', -50.14645759711452)",True,True
chain,hes_L6_L7,retirada_condensado_linha@L3,"{""hes"": {""L4"": ""Normal"", ""L5"": ""Normal"", ""L6"": ""LC"", ""L7"": ""LC""}}","('VALUE', -5.014645759711452e-07)","('VALUE', -5.014645759711452e-07)",True,True
chain,hes_L6_L7,retirada_condensado_linha@L4,"{""hes"": {""L4"": ""Normal"", ""L5"": ""Normal"", ""L6"": ""LC"", ""L7"": ""LC""}}","('VALUE', 49.17115150919395)","('VALUE', 49.17115150919395)",True,True
chain,hes_L6_L7,retirada_condensado_linha@L5,"{""hes"": {""L4"": ""Normal"", ""L5"": ""Normal"", ""L6"": ""LC"", ""L7"": ""LC""}}","('VALUE', 49.17115150919395)","('VALUE', 49.17115150919395)",True,True
chain,hes_L6_L7,retirada_condensado_linha@L6,"{""hes"": {""L4"": ""Normal"", ""L5"": ""Normal"", ""L6"": ""LC"", ""L7"": ""LC""}}","('VALUE', 0.002036719491427313)","('VALUE', 0.002036719491427313)",True,True
chain,hes_L6_L7,retirada_condensado_linha@L7,"{""hes"": {""L4"": ""Normal"", ""L5"": ""Normal"", ""L6"": ""LC"", ""L7"": ""LC""}}","('VALUE', 203.6719491427313)","('VALUE', 203.6719491427313)",True,True
chain,hes_L6_L7,retirada_condensado_total@L1_L7,"{""hes"": {""L4"": ""Normal"", ""L5"": ""Normal"", ""L6"": ""LC"", ""L7"": ""LC""}}","('VALUE', 251.86983028056696)","('VALUE', 251.86983028056696)",True,True
chain,hes_L6_L7,retirada_cond_corr_ltp@L1_L3,"{""hes"": {""L4"": ""Normal"", ""L5"": ""Normal"", ""L6"": ""LC"", ""L7"": ""LC""}}","('VALUE', -11.017375456696598)","('VALUE', -11.017375456696598)",True,True
chain,hes_L6_L7,retirada_cond_corr_ltp@L4_L5,"{""hes"": {""L4"": ""Normal"", ""L5"": ""Normal"", ""L6"": ""LC"", ""L7"": ""LC""}}","('VALUE', 47.936340992412426)","('VALUE', 47.936340992412426)",True,True
chain,hes_L6_L7,retirada_cond_corr_ltp@L6_L7,"{""hes"": {""L4"": ""Normal"", ""L5"": ""Normal"", ""L6"": ""LC"", ""L7"": ""LC""}}","('VALUE', -99.49804134140493)","('VALUE', -99.49804134140493)",True,True
chain,hes_L6_L7,lth_grupo@L1_L3,"{""hes"": {""L4"": ""Normal"", ""L5"": ""Normal"", ""L6"": ""LC"", ""L7"": ""LC""}}","('VALUE', 33700.333333333336)","('VALUE', 33700.333333333336)",True,True
chain,hes_L6_L7,lth_grupo@L4_L5,"{""hes"": {""L4"": ""Normal"", ""L5"": ""Normal"", ""L6"": ""LC"", ""L7"": ""LC""}}","('VALUE', 50000.5)","('VALUE', 50000.5)",True,True
chain,hes_L6_L7,lth_grupo@L6_L7,"{""hes"": {""L4"": ""Normal"", ""L5"": ""Normal"", ""L6"": ""LC"", ""L7"": ""LC""}}","('VALUE', 1.0)","('VALUE', 1.0)",True,True
chain,hes_L6_L7,retirada_cond_corr_lth@L1_L3,"{""hes"": {""L4"": ""Normal"", ""L5"": ""Normal"", ""L6"": ""LC"", ""L7"": ""LC""}}","('VALUE', 119.75486089859226)","('VALUE', 119.75486089859226)",True,True
chain,hes_L6_L7,retirada_cond_corr_lth@L4_L5,"{""hes"": {""L4"": ""Normal"", ""L5"": ""Normal"", ""L6"": ""LC"", ""L7"": ""LC""}}","('VALUE', 146.11185115972796)","('VALUE', 146.11185115972796)",True,True
chain,hes_L6_L7,retirada_cond_corr_lth@L6_L7,"{""hes"": {""L4"": ""Normal"", ""L5"": ""Normal"", ""L6"": ""LC"", ""L7"": ""LC""}}","('VALUE', -220.5275340581771)","('VALUE', -220.5275340581771)",True,True
chain,hes_L6_L7,retirada_condensado_grupo@L1_L3,"{""hes"": {""L4"": ""Normal"", ""L5"": ""Normal"", ""L6"": ""LC"", ""L7"": ""LC""}}","('VALUE', 20440.316709065868)","('VALUE', 20440.316709065868)",True,True
chain,hes_L6_L7,retirada_condensado_grupo@L4_L5,"{""hes"": {""L4"": ""Normal"", ""L5"": ""Normal"", ""L6"": ""LC"", ""L7"": ""LC""}}","('VALUE', 296.3510203346311)","('VALUE', 296.3510203346311)",True,True
chain,hes_L6_L7,retirada_condensado_grupo@L6_L7,"{""hes"": {""L4"": ""Normal"", ""L5"": ""Normal"", ""L6"": ""LC"", ""L7"": ""LC""}}","('VALUE', -112.46336346822261)","('VALUE', -112.46336346822261)",True,True
chain,hes_L6_L7,retirada_condensado_linha@L1,"{""hes"": {""L4"": ""Normal"", ""L5"": ""Normal"", ""L6"": ""LC"", ""L7"": ""LC""}}","('VALUE', 20217.719616092687)","('VALUE', 20217.719616092687)",True,True
chain,hes_L6_L7,retirada_condensado_linha@L2,"{""hes"": {""L4"": ""Normal"", ""L5"": ""Normal"", ""L6"": ""LC"", ""L7"": ""LC""}}","('VALUE', 0.2021771961609269)","('VALUE', 0.2021771961609269)",True,True
chain,hes_L6_L7,retirada_condensado_linha@L3,"{""hes"": {""L4"": ""Normal"", ""L5"": ""Normal"", ""L6"": ""LC"", ""L7"": ""LC""}}","('VALUE', 222.39491577701955)","('VALUE', 222.39491577701955)",True,True
chain,hes_L6_L7,retirada_condensado_linha@L4,"{""hes"": {""L4"": ""Normal"", ""L5"": ""Normal"", ""L6"": ""LC"", ""L7"": ""LC""}}","('VALUE', 296.3480568540625)","('VALUE', 296.3480568540625)",True,True
chain,hes_L6_L7,retirada_condensado_linha@L5,"{""hes"": {""L4"": ""Normal"", ""L5"": ""Normal"", ""L6"": ""LC"", ""L7"": ""LC""}}","('VALUE', 0.0029634805685406253)","('VALUE', 0.0029634805685406253)",True,True
chain,hes_L6_L7,retirada_condensado_linha@L6,"{""hes"": {""L4"": ""Normal"", ""L5"": ""Normal"", ""L6"": ""LC"", ""L7"": ""LC""}}","('VALUE', -56.231681734111305)","('VALUE', -56.231681734111305)",True,True
chain,hes_L6_L7,retirada_condensado_linha@L7,"{""hes"": {""L4"": ""Normal"", ""L5"": ""Normal"", ""L6"": ""LC"", ""L7"": ""LC""}}","('VALUE', -56.231681734111305)","('VALUE', -56.231681734111305)",True,True
chain,hes_L6_L7,retirada_condensado_total@L1_L7,"{""hes"": {""L4"": ""Normal"", ""L5"": ""Normal"", ""L6"": ""LC"", ""L7"": ""LC""}}","('VALUE', 20624.204365932277)","('VALUE', 20624.204365932277)",True,True
chain,hes_L6_L7,retirada_cond_corr_ltp@L1_L3,"{""hes"": {""L4"": ""Normal"", ""L5"": ""Normal"", ""L6"": ""LC"", ""L7"": ""Overhaul/Parada""}}","('VALUE', 183.05806811635424)","('VALUE', 183.05806811635424)",True,True
chain,hes_L6_L7,retirada_cond_corr_ltp@L4_L5,"{""hes"": {""L4"": ""Normal"", ""L5"": ""Normal"", ""L6"": ""LC"", ""L7"": ""Overhaul/Parada""}}","('VALUE', -11.017375456696598)","('VALUE', -11.017375456696598)",True,True
chain,hes_L6_L7,retirada_cond_corr_ltp@L6_L7,"{""hes"": {""L4"": ""Normal"", ""L5"": ""Normal"", ""L6"": ""LC"", ""L7"": ""Overhaul/Parada""}}","('VALUE', 47.936340992412426)","('VALUE', 47.936340992412426)",True,True
chain,hes_L6_L7,lth_grupo@L1_L3,"{""hes"": {""L4"": ""Normal"", ""L5"": ""Normal"", ""L6"": ""LC"", ""L7"": ""Overhaul/Parada""}}","('VALUE', 733.6666666666666)","('VALUE', 733.6666666666666)",True,True
chain,hes_L6_L7,lth_grupo@L4_L5,"{""hes"": {""L4"": ""Normal"", ""L5"": ""Normal"", ""L6"": ""LC"", ""L7"": ""Overhaul/Parada""}}","('VALUE', 1.0)","('VALUE', 1.0)",True,True
chain,hes_L6_L7,lth_grupo@L6_L7,"{""hes"": {""L4"": ""Normal"", ""L5"": ""Normal"", ""L6"": ""LC"", ""L7"": ""Overhaul/Parada""}}","('VALUE', 550.5)","('VALUE', 550.5)",True,True
chain,hes_L6_L7,retirada_cond_corr_lth@L1_L3,"{""hes"": {""L4"": ""Normal"", ""L5"": ""Normal"", ""L6"": ""LC"", ""L7"": ""Overhaul/Parada""}}","('VALUE', 44.35428284260564)","('VALUE', 44.35428284260564)",True,True
chain,hes_L6_L7,retirada_cond_corr_lth@L4_L5,"{""hes"": {""L4"": ""Normal"", ""L5"": ""Normal"", ""L6"": ""LC"", ""L7"": ""Overhaul/Parada""}}","('VALUE', -220.5275340581771)","('VALUE', -220.5275340581771)",True,True
chain,hes_L6_L7,retirada_cond_corr_lth@L6_L7,"{""hes"": {""L4"": ""Normal"", ""L5"": ""Normal"", ""L6"": ""LC"", ""L7"": ""Overhaul/Parada""}}","('VALUE', 58.299829293080705)","('VALUE', 58.299829293080705)",True,True
chain,hes_L6_L7,retirada_condensado_grupo@L1_L3,"{""hes"": {""L4"": ""Normal"", ""L5"": ""Normal"", ""L6"": ""LC"", ""L7"": ""Overhaul/Parada""}}","('VALUE', 9678.888644178754)","('VALUE', 9678.888644178754)",True,True
chain,hes_L6_L7,retirada_condensado_grupo@L4_L5,"{""hes"": {""L4"": ""Normal"", ""L5"": ""Normal"", ""L6"": ""LC"", ""L7"": ""Overhaul/Parada""}}","('VALUE', -319.020317202961)","('VALUE', -319.020317202961)",True,True
chain,hes_L6_L7,retirada_condensado_grupo@L6_L7,"{""hes"": {""L4"": ""Normal"", ""L5"": ""Normal"", ""L6"": ""LC"", ""L7"": ""Overhaul/Parada""}}","('VALUE', 95.57552314272478)","('VALUE', 95.57552314272478)",True,True
chain,hes_L6_L7,retirada_condensado_linha@L1,"{""hes"": {""L4"": ""Normal"", ""L5"": ""Normal"", ""L6"": ""LC"", ""L7"": ""Overhaul/Parada""}}","('VALUE', 4837.24557410115)","('VALUE', 4837.24557410115)",True,True
chain,hes_L6_L7,retirada_condensado_linha@L2,"{""hes"": {""L4"": ""Normal"", ""L5"": ""Normal"", ""L6"": ""LC"", ""L7"": ""Overhaul/Parada""}}","('VALUE', 4.39749597645559)","('VALUE', 4.39749597645559)",True,True
chain,hes_L6_L7,retirada_condensado_linha@L3,"{""hes"": {""L4"": ""Normal"", ""L5"": ""Normal"", ""L6"": ""LC"", ""L7"": ""Overhaul/Parada""}}","('VALUE', 4837.24557410115)","('VALUE', 4837.24557410115)",True,True
chain,hes_L6_L7,retirada_condensado_linha@L4,"{""hes"": {""L4"": ""Normal"", ""L5"": ""Normal"", ""L6"": ""LC"", ""L7"": ""Overhaul/Parada""}}","('VALUE', -159.5101586014805)","('VALUE', -159.5101586014805)",True,True
chain,hes_L6_L7,retirada_condensado_linha@L5,"{""hes"": {""L4"": ""Normal"", ""L5"": ""Normal"", ""L6"": ""LC"", ""L7"": ""Overhaul/Parada""}}","('VALUE', -159.5101586014805)","('VALUE', -159.5101586014805)",True,True
chain,hes_L6_L7,retirada_condensado_linha@L6,"{""hes"": {""L4"": ""Normal"", ""L5"": ""Normal"", ""L6"": ""LC"", ""L7"": ""Overhaul/Parada""}}","('VALUE', 95.48871521979768)","('VALUE', 95.48871521979768)",True,True
chain,hes_L6_L7,retirada_condensado_linha@L7,"{""hes"": {""L4"": ""Normal"", ""L5"": ""Normal"", ""L6"": ""LC"", ""L7"": ""Overhaul/Parada""}}","('VALUE', 0.0868079229270888)","('VALUE', 0.0868079229270888)",True,True
chain,hes_L6_L7,retirada_condensado_total@L1_L7,"{""hes"": {""L4"": ""Normal"", ""L5"": ""Normal"", ""L6"": ""LC"", ""L7"": ""Overhaul/Parada""}}","('VALUE', 9455.443850118518)","('VALUE', 9455.443850118518)",True,True
chain,hes_L6_L7,retirada_cond_corr_ltp@L1_L3,"{""hes"": {""L4"": ""Normal"", ""L5"": ""Normal"", ""L6"": ""LC"", ""L7"": ""Overhaul/Parada""}}","('VALUE', -99.49804134140493)","('VALUE', -99.49804134140493)",True,True
chain,hes_L6_L7,retirada_cond_corr_ltp@L4_L5,"{""hes"": {""L4"": ""Normal"", ""L5"": ""Normal"", ""L6"": ""LC"", ""L7"": ""Overhaul/Parada""}}","('VALUE', -99.49804134140493)","('VALUE', -99.49804134140493)",True,True
chain,hes_L6_L7,retirada_cond_corr_ltp@L6_L7,"{""hes"": {""L4"": ""Normal"", ""L5"": ""Normal"", ""L6"": ""LC"", ""L7"": ""Overhaul/Parada""}}","('VALUE', -99.49804134140493)","('VALUE', -99.49804134140493)",True,True
chain,hes_L6_L7,lth_grupo@L1_L3,"{""hes"": {""L4"": ""Normal"", ""L5"": ""Normal"", ""L6"": ""LC"", ""L7"": ""Overhaul/Parada""}}","('VALUE', 323.667)","('VALUE', 323.667)",True,True
chain,hes_L6_L7,lth_grupo@L4_L5,"{""hes"": {""L4"": ""Normal"", ""L5"": ""Normal"", ""L6"": ""LC"", ""L7"": ""Overhaul/Parada""}}","('VALUE', 1035.0)","('VALUE', 1035.0)",True,True
chain,hes_L6_L7,lth_grupo@L6_L7,"{""hes"": {""L4"": ""Normal"", ""L5"": ""Normal"", ""L6"": ""LC"", ""L7"": ""Overhaul/Parada""}}","('VALUE', 100000.0)","('VALUE', 100000.0)",True,True
chain,hes_L6_L7,retirada_cond_corr_lth@L1_L3,"{""hes"": {""L4"": ""Normal"", ""L5"": ""Normal"", ""L6"": ""LC"", ""L7"": ""Overhaul/Parada""}}","('VALUE', 47.95642802660586)","('VALUE', 47.95642802660586)",True,True
chain,hes_L6_L7,retirada_cond_corr_lth@L4_L5,"{""hes"": {""L4"": ""Normal"", ""L5"": ""Normal"", ""L6"": ""LC"", ""L7"": ""Overhaul/Parada""}}","('VALUE', 70.5949761653086)","('VALUE', 70.5949761653086)",True,True
chain,hes_L6_L7,retirada_cond_corr_lth@L6_L7,"{""hes"": {""L4"": ""Normal"", ""L5"": ""Normal"", ""L6"": ""LC"", ""L7"": ""Overhaul/Parada""}}","('VALUE', 140.9370872580514)","('VALUE', 140.9370872580514)",True,True
chain,hes_L6_L7,retirada_condensado_grupo@L1_L3,"{""hes"": {""L4"": ""Normal"", ""L5"": ""Normal"", ""L6"": ""LC"", ""L7"": ""Overhaul/Parada""}}","('VALUE', 584.3634081040324)","('VALUE', 584.3634081040324)",True,True
chain,hes_L6_L7,retirada_condensado_grupo@L4_L5,"{""hes"": {""L4"": ""Normal"", ""L5"": ""Normal"", ""L6"": ""LC"", ""L7"": ""Overhaul/Parada""}}","('VALUE', 440.18603501342704)","('VALUE', 440.18603501342704)",True,True
chain,hes_L6_L7,retirada_condensado_grupo@L6_L7,"{""hes"": {""L4"": ""Normal"", ""L5"": ""Normal"", ""L6"": ""LC"", ""L7"": ""Overhaul/Parada""}}","('VALUE', 459.8556202824725)","('VALUE', 459.8556202824725)",True,True
chain,hes_L6_L7,retirada_condensado_linha@L1,"{""hes"": {""L4"": ""Normal"", ""L5"": ""Normal"", ""L6"": ""LC"", ""L7"": ""Overhaul/Parada""}}","('VALUE', 0.0006018154544681544)","('VALUE', 0.0006018154544681544)",True,True
chain,hes_L6_L7,retirada_condensado_linha@L2,"{""hes"": {""L4"": ""Normal"", ""L5"": ""Normal"", ""L6"": ""LC"", ""L7"": ""Overhaul/Parada""}}","('VALUE', 583.7609908341099)","('VALUE', 583.7609908341099)",True,True
chain,hes_L6_L7,retirada_condensado_linha@L3,"{""hes"": {""L4"": ""Normal"", ""L5"": ""Normal"", ""L6"": ""LC"", ""L7"": ""Overhaul/Parada""}}","('VALUE', 0.6018154544681544)","('VALUE', 0.6018154544681544)",True,True
chain,hes_L6_L7,retirada_condensado_linha@L4,"{""hes"": {""L4"": ""Normal"", ""L5"": ""Normal"", ""L6"": ""LC"", ""L7"": ""Overhaul/Parada""}}","('VALUE', 233.91528430665204)","('VALUE', 233.91528430665204)",True,True
chain,hes_L6_L7,retirada_condensado_linha@L5,"{""hes"": {""L4"": ""Normal"", ""L5"": ""Normal"", ""L6"": ""LC"", ""L7"": ""Overhaul/Parada""}}","('VALUE', 206.270750706775)","('VALUE', 206.270750706775)",True,True
chain,hes_L6_L7,retirada_condensado_linha@L6,"{""hes"": {""L4"": ""Normal"", ""L5"": ""Normal"", ""L6"": ""LC"", ""L7"": ""Overhaul/Parada""}}","('VALUE', 229.92781014123625)","('VALUE', 229.92781014123625)",True,True
chain,hes_L6_L7,retirada_condensado_linha@L7,"{""hes"": {""L4"": ""Normal"", ""L5"": ""Normal"", ""L6"": ""LC"", ""L7"": ""Overhaul/Parada""}}","('VALUE', 229.92781014123625)","('VALUE', 229.92781014123625)",True,True
chain,hes_L6_L7,retirada_condensado_total@L1_L7,"{""hes"": {""L4"": ""Normal"", ""L5"": ""Normal"", ""L6"": ""LC"", ""L7"": ""Overhaul/Parada""}}","('VALUE', 1484.4050633999318)","('VALUE', 1484.4050633999318)",True,True
chain,hes_L6_L7,retirada_cond_corr_ltp@L1_L3,"{""hes"": {""L4"": ""Normal"", ""L5"": ""Normal"", ""L6"": ""LC"", ""L7"": ""1 By pass""}}","('VALUE', 47.936340992412426)","('VALUE', 47.936340992412426)",True,True
chain,hes_L6_L7,retirada_cond_corr_ltp@L4_L5,"{""hes"": {""L4"": ""Normal"", ""L5"": ""Normal"", ""L6"": ""LC"", ""L7"": ""1 By pass""}}","('VALUE', 183.05806811635424)","('VALUE', 183.05806811635424)",True,True
chain,hes_L6_L7,retirada_cond_corr_ltp@L6_L7,"{""hes"": {""L4"": ""Normal"", ""L5"": ""Normal"", ""L6"": ""LC"", ""L7"": ""1 By pass""}}","('VALUE', -11.017375456696598)","('VALUE', -11.017375456696598)",True,True
chain,hes_L6_L7,lth_grupo@L1_L3,"{""hes"": {""L4"": ""Normal"", ""L5"": ""Normal"", ""L6"": ""LC"", ""L7"": ""1 By pass""}}","('VALUE', 66667.0)","('VALUE', 66667.0)",True,True
chain,hes_L6_L7,lth_grupo@L4_L5,"{""hes"": {""L4"": ""Normal"", ""L5"": ""Normal"", ""L6"": ""LC"", ""L7"": ""1 By pass""}}","('VALUE', 50485.0)","('VALUE', 50485.0)",True,True
chain,hes_L6_L7,lth_grupo@L6_L7,"{""hes"": {""L4"": ""Normal"", ""L5"": ""Normal"", ""L6"": ""LC"", ""L7"": ""1 By pass""}}","('VALUE', 485.5)","('VALUE', 485.5)",True,True
chain,hes_L6_L7,retirada_cond_corr_lth@L1_L3,"{""hes"": {""L4"": ""Normal"", ""L5"": ""Normal"", ""L6"": ""LC"", ""L7"": ""1 By pass""}}","('VALUE', 133.04075165240147)","('VALUE', 133.04075165240147)",True,True
chain,hes_L6_L7,retirada_cond_corr_lth@L4_L5,"{""hes"": {""L4"": ""Normal"", ""L5"": ""Normal"", ""L6"": ""LC"", ""L7"": ""1 By pass""}}","('VALUE', -9.624354788663851)","('VALUE', -9.624354788663851)",True,True
chain,hes_L6_L7,retirada_cond_corr_lth@L6_L7,"{""hes"": {""L4"": ""Normal"", ""L5"": ""Normal"", ""L6"": ""LC"", ""L7"": ""1 By pass""}}","('VALUE', 36.313532380257854)","('VALUE', 36.313532380257854)",True,True
chain,hes_L6_L7,retirada_condensado_grupo@L1_L3,"{""hes"": {""L4"": ""Normal"", ""L5"": ""Normal"", ""L6"": ""LC"", ""L7"": ""1 By pass""}}","('VALUE', 302.3132319799671)","('VALUE', 302.3132319799671)",True,True
chain,hes_L6_L7,retirada_condensado_grupo@L4_L5,"{""hes"": {""L4"": ""Normal"", ""L5"": ""Normal"", ""L6"": ""LC"", ""L7"": ""1 By pass""}}","('VALUE', -285.3648458100362)","('VALUE', -285.3648458100362)",True,True
chain,hes_L6_L7,retirada_condensado_grupo@L6_L7,"{""hes"": {""L4"": ""Normal"", ""L5"": ""Normal"", ""L6"": ""LC"", ""L7"": ""1 By pass""}}","('VALUE', 154.10727074184456)","('VALUE', 154.10727074184456)",True,True
chain,hes_L6_L7,retirada_condensado_linha@L1,"{""hes"": {""L4"": ""Normal"", ""L5"": ""Normal"", ""L6"": ""LC"", ""L7"": ""1 By pass""}}","('VALUE', 151.1558602106825)","('VALUE', 151.1558602106825)",True,True
chain,hes_L6_L7,retirada_condensado_linha@L2,"{""hes"": {""L4"": ""Normal"", ""L5"": ""Normal"", ""L6"": ""LC"", ""L7"": ""1 By pass""}}","('VALUE', 0.001511558602106825)","('VALUE', 0.001511558602106825)",True,True
chain,hes_L6_L7,retirada_condensado_linha@L3,"{""hes"": {""L4"": ""Normal"", ""L5"": ""Normal"", ""L6"": ""LC"", ""L7"": ""1 By pass""}}","('VALUE', 151.1558602106825)","('VALUE', 151.1558602106825)",True,True
chain,hes_L6_L7,retirada_condensado_linha@L4,"{""hes"": {""L4"": ""Normal"", ""L5"": ""Normal"", ""L6"": ""LC"", ""L7"": ""1 By pass""}}","('VALUE', -282.6233988412758)","('VALUE', -282.6233988412758)",True,True
chain,hes_L6_L7,retirada_condensado_linha@L5,"{""hes"": {""L4"": ""Normal"", ""L5"": ""Normal"", ""L6"": ""LC"", ""L7"": ""1 By pass""}}","('VALUE', -2.741446968760375)","('VALUE', -2.741446968760375)",True,True
chain,hes_L6_L7,retirada_condensado_linha@L6,"{""hes"": {""L4"": ""Normal"", ""L5"": ""Normal"", ""L6"": ""LC"", ""L7"": ""1 By pass""}}","('VALUE', 153.94856088526183)","('VALUE', 153.94856088526183)",True,True
chain,hes_L6_L7,retirada_condensado_linha@L7,"{""hes"": {""L4"": ""Normal"", ""L5"": ""Normal"", ""L6"": ""LC"", ""L7"": ""1 By pass""}}","('VALUE', 0.15870985658274414)","('VALUE', 0.15870985658274414)",True,True
chain,hes_L6_L7,retirada_condensado_total@L1_L7,"{""hes"": {""L4"": ""Normal"", ""L5"": ""Normal"", ""L6"": ""LC"", ""L7"": ""1 By pass""}}","('VALUE', 171.0556569117755)","('VALUE', 171.0556569117755)",True,True
chain,hes_L6_L7,retirada_cond_corr_ltp@L1_L3,"{""hes"": {""L4"": ""Normal"", ""L5"": ""Normal"", ""L6"": ""LC"", ""L7"": ""1 By pass""}}","('VALUE', 47.936340992412426)","('VALUE', 47.936340992412426)",True,True
chain,hes_L6_L7,retirada_cond_corr_ltp@L4_L5,"{""hes"": {""L4"": ""Normal"", ""L5"": ""Normal"", ""L6"": ""LC"", ""L7"": ""1 By pass""}}","('VALUE', -11.017375456696598)","('VALUE', -11.017375456696598)",True,True
chain,hes_L6_L7,retirada_cond_corr_ltp@L6_L7,"{""hes"": {""L4"": ""Normal"", ""L5"": ""Normal"", ""L6"": ""LC"", ""L7"": ""1 By pass""}}","('VALUE', 183.05806811635424)","('VALUE', 183.05806811635424)",True,True
chain,hes_L6_L7,lth_grupo@L1_L3,"{""hes"": {""L4"": ""Normal"", ""L5"": ""Normal"", ""L6"": ""LC"", ""L7"": ""1 By pass""}}","('VALUE', 647.0)","('VALUE', 647.0)",True,True
chain,hes_L6_L7,lth_grupo@L4_L5,"{""hes"": {""L4"": ""Normal"", ""L5"": ""Normal"", ""L6"": ""LC"", ""L7"": ""1 By pass""}}","('VALUE', 485.0005)","('VALUE', 485.0005)",True,True
chain,hes_L6_L7,lth_grupo@L6_L7,"{""hes"": {""L4"": ""Normal"", ""L5"": ""Normal"", ""L6"": ""LC"", ""L7"": ""1 By pass""}}","('VALUE', 50485.0)","('VALUE', 50485.0)",True,True
chain,hes_L6_L7,retirada_cond_corr_lth@L1_L3,"{""hes"": {""L4"": ""Normal"", ""L5"": ""Normal"", ""L6"": ""LC"", ""L7"": ""1 By pass""}}","('VALUE', 41.90610983709429)","('VALUE', 41.90610983709429)",True,True
chain,hes_L6_L7,retirada_cond_corr_lth@L4_L5,"{""hes"": {""L4"": ""Normal"", ""L5"": ""Normal"", ""L6"": ""LC"", ""L7"": ""1 By pass""}}","('VALUE', 55.83279405012817)","('VALUE', 55.83279405012817)",True,True
chain,hes_L6_L7,retirada_cond_corr_lth@L6_L7,"{""hes"": {""L4"": ""Normal"", ""L5"": ""Normal"", ""L6"": ""LC"", ""L7"": ""1 By pass""}}","('VALUE', 146.29965359132473)","('VALUE', 146.29965359132473)",True,True
chain,hes_L6_L7,retirada_condensado_grupo@L1_L3,"{""hes"": {""L4"": ""Normal"", ""L5"": ""Normal"", ""L6"": ""LC"", ""L7"": ""1 By pass""}}","('VALUE', 29.909306534045598)","('VALUE', 29.909306534045598)",True,True
chain,hes_L6_L7,retirada_condensado_grupo@L4_L5,"{""hes"": {""L4"": ""Normal"", ""L5"": ""Normal"", ""L6"": ""LC"", ""L7"": ""1 By pass""}}","('VALUE', 233.70033901364954)","('VALUE', 233.70033901364954)",True,True
chain,hes_L6_L7,retirada_condensado_grupo@L6_L7,"{""hes"": {""L4"": ""Normal"", ""L5"": ""Normal"", ""L6"": ""LC"", ""L7"": ""1 By pass""}}","('VALUE', 20.96584366870328)","('VALUE', 20.96584366870328)",True,True
chain,hes_L6_L7,retirada_condensado_linha@L1,"{""hes"": {""L4"": ""Normal"", ""L5"": ""Normal"", ""L6"": ""LC"", ""L7"": ""1 By pass""}}","('VALUE', 14.946948654314388)","('VALUE', 14.946948654314388)",True,True
chain,hes_L6_L7,retirada_condensado_linha@L2,"{""hes"": {""L4"": ""Normal"", ""L5"": ""Normal"", ""L6"": ""LC"", ""L7"": ""1 By pass""}}","('VALUE', 14.946948654314388)","('VALUE', 14.946948654314388)",True,True
chain,hes_L6_L7,retirada_condensado_linha@L3,"{""hes"": {""L4"": ""Normal"", ""L5"": ""Normal"", ""L6"": ""LC"", ""L7"": ""1 By pass""}}","('VALUE', 0.015409225416818958)","('VALUE', 0.015409225416818958)",True,True
chain,hes_L6_L7,retirada_condensado_linha@L4,"{""hes"": {""L4"": ""Normal"", ""L5"": ""Normal"", ""L6"": ""LC"", ""L7"": ""1 By pass""}}","('VALUE', 0.00024092793617083852)","('VALUE', 0.00024092793617083852)",True,True
chain,hes_L6_L7,retirada_condensado_linha@L5,"{""hes"": {""L4"": ""Normal"", ""L5"": ""Normal"", ""L6"": ""LC"", ""L7"": ""1 By pass""}}","('VALUE', 233.70009808571336)","('VALUE', 233.70009808571336)",True,True
chain,hes_L6_L7,retirada_condensado_linha@L6,"{""hes"": {""L4"": ""Normal"", ""L5"": ""Normal"", ""L6"": ""LC"", ""L7"": ""1 By pass""}}","('VALUE', 20.7644287102142)","('VALUE', 20.7644287102142)",True,True
chain,hes_L6_L7,retirada_condensado_linha@L7,"{""hes"": {""L4"": ""Normal"", ""L5"": ""Normal"", ""L6"": ""LC"", ""L7"": ""1 By pass""}}","('VALUE', 0.20141495848907773)","('VALUE', 0.20141495848907773)",True,True
chain,hes_L6_L7,retirada_condensado_total@L1_L7,"{""hes"": {""L4"": ""Normal"", ""L5"": ""Normal"", ""L6"": ""LC"", ""L7"": ""1 By pass""}}","('VALUE', 284.5754892163984)","('VALUE', 284.5754892163984)",True,True
chain,hes_L6_L7,retirada_cond_corr_ltp@L1_L3,"{""hes"": {""L4"": ""Normal"", ""L5"": ""Normal"", ""L6"": ""LC"", ""L7"": ""1 By pass e LC""}}","('VALUE', -99.49804134140493)","('VALUE', -99.49804134140493)",True,True
chain,hes_L6_L7,retirada_cond_corr_ltp@L4_L5,"{""hes"": {""L4"": ""Normal"", ""L5"": ""Normal"", ""L6"": ""LC"", ""L7"": ""1 By pass e LC""}}","('VALUE', 183.05806811635424)","('VALUE', 183.05806811635424)",True,True
chain,hes_L6_L7,retirada_cond_corr_ltp@L6_L7,"{""hes"": {""L4"": ""Normal"", ""L5"": ""Normal"", ""L6"": ""LC"", ""L7"": ""1 By pass e LC""}}","('VALUE', 47.936340992412426)","('VALUE', 47.936340992412426)",True,True
chain,hes_L6_L7,lth_grupo@L1_L3,"{""hes"": {""L4"": ""Normal"", ""L5"": ""Normal"", ""L6"": ""LC"", ""L7"": ""1 By pass e LC""}}","('VALUE', 647.0)","('VALUE', 647.0)",True,True
chain,hes_L6_L7,lth_grupo@L4_L5,"{""hes"": {""L4"": ""Normal"", ""L5"": ""Normal"", ""L6"": ""LC"", ""L7"": ""1 By pass e LC""}}","('VALUE', 50485.0)","('VALUE', 50485.0)",True,True
chain,hes_L6_L7,lth_grupo@L6_L7,"{""hes"": {""L4"": ""Normal"", ""L5"": ""Normal"", ""L6"": ""LC"", ""L7"": ""1 By pass e LC""}}","('VALUE', 1035.0)","('VALUE', 1035.0)",True,True
chain,hes_L6_L7,retirada_cond_corr_lth@L1_L3,"{""hes"": {""L4"": ""Normal"", ""L5"": ""Normal"", ""L6"": ""LC"", ""L7"": ""1 By pass e LC""}}","('VALUE', -94.47858997277207)","('VALUE', -94.47858997277207)",True,True
chain,hes_L6_L7,retirada_cond_corr_lth@L4_L5,"{""hes"": {""L4"": ""Normal"", ""L5"": ""Normal"", ""L6"": ""LC"", ""L7"": ""1 By pass e LC""}}","('VALUE', 146.29965359132473)","('VALUE', 146.29965359132473)",True,True
chain,hes_L6_L7,retirada_cond_corr_lth@L6_L7,"{""hes"": {""L4"": ""Normal"", ""L5"": ""Normal"", ""L6"": ""LC"", ""L7"": ""1 By pass e LC""}}","('VALUE', 51.05566759518641)","('VALUE', 51.05566759518641)",True,True
chain,hes_L6_L7,retirada_condensado_grupo@L1_L3,"{""hes"": {""L4"": ""Normal"", ""L5"": ""Normal"", ""L6"": ""LC"", ""L7"": ""1 By pass e LC""}}","('VALUE', 30015.0583541059)","('VALUE', 30015.0583541059)",True,True
chain,hes_L6_L7,retirada_condensado_grupo@L4_L5,"{""hes"": {""L4"": ""Normal"", ""L5"": ""Normal"", ""L6"": ""LC"", ""L7"": ""1 By pass e LC""}}","('VALUE', 26.483170949940984)","('VALUE', 26.483170949940984)",True,True
chain,hes_L6_L7,retirada_condensado_grupo@L6_L7,"{""hes"": {""L4"": ""Normal"", ""L5"": ""Normal"", ""L6"": ""LC"", ""L7"": ""1 By pass e LC""}}","('VALUE', 84.10560045439213)","('VALUE', 84.10560045439213)",True,True
chain,hes_L6_L7,retirada_condensado_linha@L1,"{""hes"": {""L4"": ""Normal"", ""L5"": ""Normal"", ""L6"": ""LC"", ""L7"": ""1 By pass e LC""}}","('VALUE', 14999.797322762866)","('VALUE', 14999.797322762866)",True,True
chain,hes_L6_L7,retirada_condensado_linha@L2,"{""hes"": {""L4"": ""Normal"", ""L5"": ""Normal"", ""L6"": ""LC"", ""L7"": ""1 By pass e LC""}}","('VALUE', 15.463708580167902)","('VALUE', 15.463708580167902)",True,True
chain,hes_L6_L7,retirada_condensado_linha@L3,"{""hes"": {""L4"": ""Normal"", ""L5"": ""Normal"", ""L6"": ""LC"", ""L7"": ""1 By pass e LC""}}","('VALUE', 14999.797322762866)","('VALUE', 14999.797322762866)",True,True
chain,hes_L6_L7,retirada_condensado_linha@L4,"{""hes"": {""L4"": ""Normal"", ""L5"": ""Normal"", ""L6"": ""LC"", ""L7"": ""1 By pass e LC""}}","('VALUE', 26.228752055007412)","('VALUE', 26.228752055007412)",True,True
chain,hes_L6_L7,retirada_condensado_linha@L5,"{""hes"": {""L4"": ""Normal"", ""L5"": ""Normal"", ""L6"": ""LC"", ""L7"": ""1 By pass e LC""}}","('VALUE', 0.2544188949335719)","('VALUE', 0.2544188949335719)",True,True
chain,hes_L6_L7,retirada_condensado_linha@L6,"{""hes"": {""L4"": ""Normal"", ""L5"": ""Normal"", ""L6"": ""LC"", ""L7"": ""1 By pass e LC""}}","('VALUE', 44.69379734291369)","('VALUE', 44.69379734291369)",True,True
chain,hes_L6_L7,retirada_condensado_linha@L7,"{""hes"": {""L4"": ""Normal"", ""L5"": ""Normal"", ""L6"": ""LC"", ""L7"": ""1 By pass e LC""}}","('VALUE', 39.41180311147844)","('VALUE', 39.41180311147844)",True,True
chain,hes_L6_L7,retirada_condensado_total@L1_L7,"{""hes"": {""L4"": ""Normal"", ""L5"": ""Normal"", ""L6"": ""LC"", ""L7"": ""1 By pass e LC""}}","('VALUE', 30125.647125510233)","('VALUE', 30125.647125510233)",True,True
chain,hes_L6_L7,retirada_cond_corr_ltp@L1_L3,"{""hes"": {""L4"": ""Normal"", ""L5"": ""Normal"", ""L6"": ""LC"", ""L7"": ""1 By pass e LC""}}","('VALUE', 183.05806811635424)","('VALUE', 183.05806811635424)",True,True
chain,hes_L6_L7,retirada_cond_corr_ltp@L4_L5,"{""hes"": {""L4"": ""Normal"", ""L5"": ""Normal"", ""L6"": ""LC"", ""L7"": ""1 By pass e LC""}}","('VALUE', 53.93641212842863)","('VALUE', 53.93641212842863)",True,True
chain,hes_L6_L7,retirada_cond_corr_ltp@L6_L7,"{""hes"": {""L4"": ""Normal"", ""L5"": ""Normal"", ""L6"": ""LC"", ""L7"": ""1 By pass e LC""}}","('VALUE', -99.49804134140493)","('VALUE', -99.49804134140493)",True,True
chain,hes_L6_L7,lth_grupo@L1_L3,"{""hes"": {""L4"": ""Normal"", ""L5"": ""Normal"", ""L6"": ""LC"", ""L7"": ""1 By pass e LC""}}","('VALUE', 733.6666666666666)","('VALUE', 733.6666666666666)",True,True
chain,hes_L6_L7,lth_grupo@L4_L5,"{""hes"": {""L4"": ""Normal"", ""L5"": ""Normal"", ""L6"": ""LC"", ""L7"": ""1 By pass e LC""}}","('VALUE', 550.5)","('VALUE', 550.5)",True,True
chain,hes_L6_L7,lth_grupo@L6_L7,"{""hes"": {""L4"": ""Normal"", ""L5"": ""Normal"", ""L6"": ""LC"", ""L7"": ""1 By pass e LC""}}","('VALUE', 50000.5)","('VALUE', 50000.5)",True,True
chain,hes_L6_L7,retirada_cond_corr_lth@L1_L3,"{""hes"": {""L4"": ""Normal"", ""L5"": ""Normal"", ""L6"": ""LC"", ""L7"": ""1 By pass e LC""}}","('VALUE', 44.35428284260564)","('VALUE', 44.35428284260564)",True,True
chain,hes_L6_L7,retirada_cond_corr_lth@L4_L5,"{""hes"": {""L4"": ""Normal"", ""L5"": ""Normal"", ""L6"": ""LC"", ""L7"": ""1 By pass e LC""}}","('VALUE', 39.626218799025494)","('VALUE', 39.626218799025494)",True,True
chain,hes_L6_L7,retirada_cond_corr_lth@L6_L7,"{""hes"": {""L4"": ""Normal"", ""L5"": ""Normal"", ""L6"": ""LC"", ""L7"": ""1 By pass e LC""}}","('VALUE', 146.11185115972796)","('VALUE', 146.11185115972796)",True,True
chain,hes_L6_L7,retirada_condensado_grupo@L1_L3,"{""hes"": {""L4"": ""Normal"", ""L5"": ""Normal"", ""L6"": ""LC"", ""L7"": ""1 By pass e LC""}}","('VALUE', 9678.888644178754)","('VALUE', 9678.888644178754)",True,True
chain,hes_L6_L7,retirada_condensado_grupo@L4_L5,"{""hes"": {""L4"": ""Normal"", ""L5"": ""Normal"", ""L6"": ""LC"", ""L7"": ""1 By pass e LC""}}","('VALUE', 71.37961334119373)","('VALUE', 71.37961334119373)",True,True
chain,hes_L6_L7,retirada_condensado_grupo@L6_L7,"{""hes"": {""L4"": ""Normal"", ""L5"": ""Normal"", ""L6"": ""LC"", ""L7"": ""1 By pass e LC""}}","('VALUE', 468.04899646012706)","('VALUE', 468.04899646012706)",True,True
chain,hes_L6_L7,retirada_condensado_linha@L1,"{""hes"": {""L4"": ""Normal"", ""L5"": ""Normal"", ""L6"": ""LC"", ""L7"": ""1 By pass e LC""}}","('VALUE', 4837.24557410115)","('VALUE', 4837.24557410115)",True,True
chain,hes_L6_L7,retirada_condensado_linha@L2,"{""hes"": {""L4"": ""Normal"", ""L5"": ""Normal"", ""L6"": ""LC"", ""L7"": ""1 By pass e LC""}}","('VALUE', 4837.24557410115)","('VALUE', 4837.24557410115)",True,True
chain,hes_L6_L7,retirada_condensado_linha@L3,"{""hes"": {""L4"": ""Normal"", ""L5"": ""Normal"", ""L6"": ""LC"", ""L7"": ""1 By pass e LC""}}","('VALUE', 4.39749597645559)","('VALUE', 4.39749597645559)",True,True
chain,hes_L6_L7,retirada_condensado_linha@L4,"{""hes"": {""L4"": ""Normal"", ""L5"": ""Normal"", ""L6"": ""LC"", ""L7"": ""1 By pass e LC""}}","('VALUE', 0.06483161974676997)","('VALUE', 0.06483161974676997)",True,True
chain,hes_L6_L7,retirada_condensado_linha@L5,"{""hes"": {""L4"": ""Normal"", ""L5"": ""Normal"", ""L6"": ""LC"", ""L7"": ""1 By pass e LC""}}","('VALUE', 71.31478172144696)","('VALUE', 71.31478172144696)",True,True
chain,hes_L6_L7,retirada_condensado_linha@L6,"{""hes"": {""L4"": ""Normal"", ""L5"": ""Normal"", ""L6"": ""LC"", ""L7"": ""1 By pass e LC""}}","('VALUE', 0.004680443160169669)","('VALUE', 0.004680443160169669)",True,True
chain,hes_L6_L7,retirada_condensado_linha@L7,"{""hes"": {""L4"": ""Normal"", ""L5"": ""Normal"", ""L6"": ""LC"", ""L7"": ""1 By pass e LC""}}","('VALUE', 468.0443160169669)","('VALUE', 468.0443160169669)",True,True
chain,hes_L6_L7,retirada_condensado_total@L1_L7,"{""hes"": {""L4"": ""Normal"", ""L5"": ""Normal"", ""L6"": ""LC"", ""L7"": ""1 By pass e LC""}}","('VALUE', 10218.317253980076)","('VALUE', 10218.317253980076)",True,True
chain,hes_L6_L7,retirada_cond_corr_ltp@L1_L3,"{""hes"": {""L4"": ""Normal"", ""L5"": ""Normal"", ""L6"": ""Overhaul/Parada"", ""L7"": ""Normal""}}","('VALUE', -99.49804134140493)","('VALUE', -99.49804134140493)",True,True
chain,hes_L6_L7,retirada_cond_corr_ltp@L4_L5,"{""hes"": {""L4"": ""Normal"", ""L5"": ""Normal"", ""L6"": ""Overhaul/Parada"", ""L7"": ""Normal""}}","('VALUE', -99.49804134140493)","('VALUE', -99.49804134140493)",True,True
chain,hes_L6_L7,retirada_cond_corr_ltp@L6_L7,"{""hes"": {""L4"": ""Normal"", ""L5"": ""Normal"", ""L6"": ""Overhaul/Parada"", ""L7"": ""Normal""}}","('VALUE', -99.49804134140493)","('VALUE', -99.49804134140493)",True,True
chain,hes_L6_L7,lth_grupo@L1_L3,"{""hes"": {""L4"": ""Normal"", ""L5"": ""Normal"", ""L6"": ""Overhaul/Parada"", ""L7"": ""Normal""}}","('VALUE', 66666.667)","('VALUE', 66666.667)",True,True
chain,hes_L6_L7,lth_grupo@L4_L5,"{""hes"": {""L4"": ""Normal"", ""L5"": ""Normal"", ""L6"": ""Overhaul/Parada"", ""L7"": ""Normal""}}","('VALUE', 485.5)","('VALUE', 485.5)",True,True
chain,hes_L6_L7,lth_grupo@L6_L7,"{""hes"": {""L4"": ""Normal"", ""L5"": ""Normal"", ""L6"": ""Overhaul/Parada"", ""L7"": ""Normal""}}","('VALUE', 550.5)","('VALUE', 550.5)",True,True
chain,hes_L6_L7,retirada_cond_corr_lth@L1_L3,"{""hes"": {""L4"": ""Normal"", ""L5"": ""Normal"", ""L6"": ""Overhaul/Parada"", ""L7"": ""Normal""}}","('VALUE', 132.17495629895296)","('VALUE', 132.17495629895296)",True,True
chain,hes_L6_L7,retirada_cond_corr_lth@L4_L5,"{""hes"": {""L4"": ""Normal"", ""L5"": ""Normal"", ""L6"": ""Overhaul/Parada"", ""L7"": ""Normal""}}","('VALUE', 36.313532380257854)","('VALUE', 36.313532380257854)",True,True
chain,hes_L6_L7,retirada_cond_corr_lth@L6_L7,"{""hes"": {""L4"": ""Normal"", ""L5"": ""Normal"", ""L6"": ""Overhaul/Parada"", ""L7"": ""Normal""}}","('VALUE', 38.7605207229585)","('VALUE', 38.7605207229585)",True,True
chain,hes_L6_L7,retirada_condensado_grupo@L1_L3,"{""hes"": {""L4"": ""Normal"", ""L5"": ""Normal"", ""L6"": ""Overhaul/Parada"", ""L7"": ""Normal""}}","('VALUE', 20695.018992921076)","('VALUE', 20695.018992921076)",True,True
chain,hes_L6_L7,retirada_condensado_grupo@L4_L5,"{""hes"": {""L4"": ""Normal"", ""L5"": ""Normal"", ""L6"": ""Overhaul/Parada"", ""L7"": ""Normal""}}","('VALUE', 371.6231474433256)","('VALUE', 371.6231474433256)",True,True
chain,hes_L6_L7,retirada_condensado_grupo@L6_L7,"{""hes"": {""L4"": ""Normal"", ""L5"": ""Normal"", ""L6"": ""Overhaul/Parada"", ""L7"": ""Normal""}}","('VALUE', 326.5171241287269)","('VALUE', 326.5171241287269)",True,True
chain,hes_L6_L7,retirada_condensado_linha@L1,"{""hes"": {""L4"": ""Normal"", ""L5"": ""Normal"", ""L6"": ""Overhaul/Parada"", ""L7"": ""Normal""}}","('VALUE', 10347.509444722991)","('VALUE', 10347.509444722991)",True,True
chain,hes_L6_L7,retirada_condensado_linha@L2,"{""hes"": {""L4"": ""Normal"", ""L5"": ""Normal"", ""L6"": ""Overhaul/Parada"", ""L7"": ""Normal""}}","('VALUE', 0.00010347509444722991)","('VALUE', 0.00010347509444722991)",True,True
chain,hes_L6_L7,retirada_condensado_linha@L3,"{""hes"": {""L4"": ""Normal"", ""L5"": ""Normal"", ""L6"": ""Overhaul/Parada"", ""L7"": ""Normal""}}","('VALUE', 10347.509444722991)","('VALUE', 10347.509444722991)",True,True
chain,hes_L6_L7,retirada_condensado_linha@L4,"{""hes"": {""L4"": ""Normal"", ""L5"": ""Normal"", ""L6"": ""Overhaul/Parada"", ""L7"": ""Normal""}}","('VALUE', 0.382722087995186)","('VALUE', 0.382722087995186)",True,True
chain,hes_L6_L7,retirada_condensado_linha@L5,"{""hes"": {""L4"": ""Normal"", ""L5"": ""Normal"", ""L6"": ""Overhaul/Parada"", ""L7"": ""Normal""}}","('VALUE', 371.2404253553304)","('VALUE', 371.2404253553304)",True,True
chain,hes_L6_L7,retirada_condensado_linha@L6,"{""hes"": {""L4"": ""Normal"", ""L5"": ""Normal"", ""L6"": ""Overhaul/Parada"", ""L7"": ""Normal""}}","('VALUE', 326.22055998328756)","('VALUE', 326.22055998328756)",True,True
chain,hes_L6_L7,retirada_condensado_linha@L7,"{""hes"": {""L4"": ""Normal"", ""L5"": ""Normal"", ""L6"": ""Overhaul/Parada"", ""L7"": ""Normal""}}","('VALUE', 0.29656414543935233)","('VALUE', 0.29656414543935233)",True,True
chain,hes_L6_L7,retirada_condensado_total@L1_L7,"{""hes"": {""L4"": ""Normal"", ""L5"": ""Normal"", ""L6"": ""Overhaul/Parada"", ""L7"": ""Normal""}}","('VALUE', 21393.15926449313)","('VALUE', 21393.15926449313)",True,True
chain,hes_L6_L7,retirada_cond_corr_ltp@L1_L3,"{""hes"": {""L4"": ""Normal"", ""L5"": ""Normal"", ""L6"": ""Overhaul/Parada"", ""L7"": ""Normal""}}","('VALUE', -99.49804134140493)","('VALUE', -99.49804134140493)",True,True
chain,hes_L6_L7,retirada_cond_corr_ltp@L4_L5,"{""hes"": {""L4"": ""Normal"", ""L5"": ""Normal"", ""L6"": ""Overhaul/Parada"", ""L7"": ""Normal""}}","('VALUE', 53.93641212842863)","('VALUE', 53.93641212842863)",True,True
chain,hes_L6_L7,retirada_cond_corr_ltp@L6_L7,"{""hes"": {""L4"": ""Normal"", ""L5"": ""Normal"", ""L6"": ""Overhaul/Parada"", ""L7"": ""Normal""}}","('VALUE', -99.49804134140493)","('VALUE', -99.49804134140493)",True,True
chain,hes_L6_L7,lth_grupo@L1_L3,"{""hes"": {""L4"": ""Normal"", ""L5"": ""Normal"", ""L6"": ""Overhaul/Parada"", ""L7"": ""Normal""}}","('VALUE', 33657.0)","('VALUE', 33657.0)",True,True
chain,hes_L6_L7,lth_grupo@L4_L5,"{""hes"": {""L4"": ""Normal"", ""L5"": ""Normal"", ""L6"": ""Overhaul/Parada"", ""L7"": ""Normal""}}","('VALUE', 485.5)","('VALUE', 485.5)",True,True
chain,hes_L6_L7,lth_grupo@L6_L7,"{""hes"": {""L4"": ""Normal"", ""L5"": ""Normal"", ""L6"": ""Overhaul/Parada"", ""L7"": ""Normal""}}","('VALUE', 100000.0)","('VALUE', 100000.0)",True,True
chain,hes_L6_L7,retirada_cond_corr_lth@L1_L3,"{""hes"": {""L4"": ""Normal"", ""L5"": ""Normal"", ""L6"": ""Overhaul/Parada"", ""L7"": ""Normal""}}","('VALUE', 119.72980299498084)","('VALUE', 119.72980299498084)",True,True
chain,hes_L6_L7,retirada_cond_corr_lth@L4_L5,"{""hes"": {""L4"": ""Normal"", ""L5"": ""Normal"", ""L6"": ""Overhaul/Parada"", ""L7"": ""Normal""}}","('VALUE', -100.0711674296085)","('VALUE', -100.0711674296085)",True,True
chain,hes_L6_L7,retirada_cond_corr_lth@L6_L7,"{""hes"": {""L4"": ""Normal"", ""L5"": ""Normal"", ""L6"": ""Overhaul/Parada"", ""L7"": ""Normal""}}","('VALUE', 159.61069775210666)","('VALUE', 159.61069775210666)",True,True
chain,hes_L6_L7,retirada_condensado_grupo@L1_L3,"{""hes"": {""L4"": ""Normal"", ""L5"": ""Normal"", ""L6"": ""Overhaul/Parada"", ""L7"": ""Normal""}}","('VALUE', 20657.683533009156)","('VALUE', 20657.683533009156)",True,True
chain,hes_L6_L7,retirada_condensado_grupo@L4_L5,"{""hes"": {""L4"": ""Normal"", ""L5"": ""Normal"", ""L6"": ""Overhaul/Parada"", ""L7"": ""Normal""}}","('VALUE', -208.01515911607424)","('VALUE', -208.01515911607424)",True,True
chain,hes_L6_L7,retirada_condensado_grupo@L6_L7,"{""hes"": {""L4"": ""Normal"", ""L5"": ""Normal"", ""L6"": ""Overhaul/Parada"", ""L7"": ""Normal""}}","('VALUE', 568.2174781870232)","('VALUE', 568.2174781870232)",True,True
chain,hes_L6_L7,retirada_condensado_linha@L1,"{""hes"": {""L4"": ""Normal"", ""L5"": ""Normal"", ""L6"": ""Overhaul/Parada"", ""L7"": ""Normal""}}","('VALUE', 0.2045902638679339)","('VALUE', 0.2045902638679339)",True,True
chain,hes_L6_L7,retirada_condensado_linha@L2,"{""hes"": {""L4"": ""Normal"", ""L5"": ""Normal"", ""L6"": ""Overhaul/Parada"", ""L7"": ""Normal""}}","('VALUE', 20459.026386793394)","('VALUE', 20459.026386793394)",True,True
chain,hes_L6_L7,retirada_condensado_linha@L3,"{""hes"": {""L4"": ""Normal"", ""L5"": ""Normal"", ""L6"": ""Overhaul/Parada"", ""L7"": ""Normal""}}","('VALUE', 198.4525559518959)","('VALUE', 198.4525559518959)",True,True
chain,hes_L6_L7,retirada_condensado_linha@L4,"{""hes"": {""L4"": ""Normal"", ""L5"": ""Normal"", ""L6"": ""Overhaul/Parada"", ""L7"": ""Normal""}}","('VALUE', -0.21422776428020004)","('VALUE', -0.21422776428020004)",True,True
chain,hes_L6_L7,retirada_condensado_linha@L5,"{""hes"": {""L4"": ""Normal"", ""L5"": ""Normal"", ""L6"": ""Overhaul/Parada"", ""L7"": ""Normal""}}","('VALUE', -207.80093135179405)","('VALUE', -207.80093135179405)",True,True
chain,hes_L6_L7,retirada_condensado_linha@L6,"{""hes"": {""L4"": ""Normal"", ""L5"": ""Normal"", ""L6"": ""Overhaul/Parada"", ""L7"": ""Normal""}}","('VALUE', 284.1087390935116)","('VALUE', 284.1087390935116)",True,True
chain,hes_L6_L7,retirada_condensado_linha@L7,"{""hes"": {""L4"": ""Normal"", ""L5"": ""Normal"", ""L6"": ""Overhaul/Parada"", ""L7"": ""Normal""}}","('VALUE', 284.1087390935116)","('VALUE', 284.1087390935116)",True,True
chain,hes_L6_L7,retirada_condensado_total@L1_L7,"{""hes"": {""L4"": ""Normal"", ""L5"": ""Normal"", ""L6"": ""Overhaul/Parada"", ""L7"": ""Normal""}}","('VALUE', 21017.885852080104)","('VALUE', 21017.885852080104)",True,True
chain,hes_L6_L7,retirada_cond_corr_ltp@L1_L3,"{""hes"": {""L4"": ""Normal"", ""L5"": ""Normal"", ""L6"": ""Overhaul/Parada"", ""L7"": ""LC""}}","('VALUE', 53.93641212842863)","('VALUE', 53.93641212842863)",True,True
chain,hes_L6_L7,retirada_cond_corr_ltp@L4_L5,"{""hes"": {""L4"": ""Normal"", ""L5"": ""Normal"", ""L6"": ""Overhaul/Parada"", ""L7"": ""LC""}}","('VALUE', 47.936340992412426)","('VALUE', 47.936340992412426)",True,True
chain,hes_L6_L7,retirada_cond_corr_ltp@L6_L7,"{""hes"": {""L4"": ""Normal"", ""L5"": ""Normal"", ""L6"": ""Overhaul/Parada"", ""L7"": ""LC""}}","('VALUE', -11.017375456696598)","('VALUE', -11.017375456696598)",True,True
chain,hes_L6_L7,lth_grupo@L1_L3,"{""hes"": {""L4"": ""Normal"", ""L5"": ""Normal"", ""L6"": ""Overhaul/Parada"", ""L7"": ""LC""}}","('VALUE', 33333.667)","('VALUE', 33333.667)",True,True
chain,hes_L6_L7,lth_grupo@L4_L5,"{""hes"": {""L4"": ""Normal"", ""L5"": ""Normal"", ""L6"": ""Overhaul/Parada"", ""L7"": ""LC""}}","('VALUE', 50000.0005)","('VALUE', 50000.0005)",True,True
chain,hes_L6_L7,lth_grupo@L6_L7,"{""hes"": {""L4"": ""Normal"", ""L5"": ""Normal"", ""L6"": ""Overhaul/Parada"", ""L7"": ""LC""}}","('VALUE', 1035.0)","('VALUE', 1035.0)",True,True
chain,hes_L6_L7,retirada_cond_corr_lth@L1_L3,"{""hes"": {""L4"": ""Normal"", ""L5"": ""Normal"", ""L6"": ""Overhaul/Parada"", ""L7"": ""LC""}}","('VALUE', 138.21541837406951)","('VALUE', 138.21541837406951)",True,True
chain,hes_L6_L7,retirada_cond_corr_lth@L4_L5,"{""hes"": {""L4"": ""Normal"", ""L5"": ""Normal"", ""L6"": ""Overhaul/Parada"", ""L7"": ""LC""}}","('VALUE', -9.812351774536836)","('VALUE', -9.812351774536836)",True,True
chain,hes_L6_L7,retirada_cond_corr_lth@L6_L7,"{""hes"": {""L4"": ""Normal"", ""L5"": ""Normal"", ""L6"": ""Overhaul/Parada"", ""L7"": ""LC""}}","('VALUE', 70.5949761653086)","('VALUE', 70.5949761653086)",True,True
chain,hes_L6_L7,retirada_condensado_grupo@L1_L3,"{""hes"": {""L4"": ""Normal"", ""L5"": ""Normal"", ""L6"": ""Overhaul/Parada"", ""L7"": ""LC""}}","('VALUE', 10348.837018736922)","('VALUE', 10348.837018736922)",True,True
chain,hes_L6_L7,retirada_condensado_grupo@L4_L5,"{""hes"": {""L4"": ""Normal"", ""L5"": ""Normal"", ""L6"": ""Overhaul/Parada"", ""L7"": ""LC""}}","('VALUE', -15.497385533898523)","('VALUE', -15.497385533898523)",True,True
chain,hes_L6_L7,retirada_condensado_grupo@L6_L7,"{""hes"": {""L4"": ""Normal"", ""L5"": ""Normal"", ""L6"": ""Overhaul/Parada"", ""L7"": ""LC""}}","('VALUE', 208.3862234015082)","('VALUE', 208.3862234015082)",True,True
chain,hes_L6_L7,retirada_condensado_linha@L1,"{""hes"": {""L4"": ""Normal"", ""L5"": ""Normal"", ""L6"": ""Overhaul/Parada"", ""L7"": ""LC""}}","('VALUE', 10348.733427915307)","('VALUE', 10348.733427915307)",True,True
chain,hes_L6_L7,retirada_condensado_linha@L2,"{""hes"": {""L4"": ""Normal"", ""L5"": ""Normal"", ""L6"": ""Overhaul/Parada"", ""L7"": ""LC""}}","('VALUE', 0.10348733427915308)","('VALUE', 0.10348733427915308)",True,True
chain,hes_L6_L7,retirada_condensado_linha@L3,"{""hes"": {""L4"": ""Normal"", ""L5"": ""Normal"", ""L6"": ""Overhaul/Parada"", ""L7"": ""LC""}}","('VALUE', 0.00010348733427915308)","('VALUE', 0.00010348733427915308)",True,True
chain,hes_L6_L7,retirada_condensado_linha@L4,"{""hes"": {""L4"": ""Normal"", ""L5"": ""Normal"", ""L6"": ""Overhaul/Parada"", ""L7"": ""LC""}}","('VALUE', -1.5497385378924668e-07)","('VALUE', -1.5497385378924668e-07)",True,True
chain,hes_L6_L7,retirada_condensado_linha@L5,"{""hes"": {""L4"": ""Normal"", ""L5"": ""Normal"", ""L6"": ""Overhaul/Parada"", ""L7"": ""LC""}}","('VALUE', -15.497385378924669)","('VALUE', -15.497385378924669)",True,True
chain,hes_L6_L7,retirada_condensado_linha@L6,"{""hes"": {""L4"": ""Normal"", ""L5"": ""Normal"", ""L6"": ""Overhaul/Parada"", ""L7"": ""LC""}}","('VALUE', 110.73664045490774)","('VALUE', 110.73664045490774)",True,True
chain,hes_L6_L7,retirada_condensado_linha@L7,"{""hes"": {""L4"": ""Normal"", ""L5"": ""Normal"", ""L6"": ""Overhaul/Parada"", ""L7"": ""LC""}}","('VALUE', 97.64958294660046)","('VALUE', 97.64958294660046)",True,True
chain,hes_L6_L7,retirada_condensado_total@L1_L7,"{""hes"": {""L4"": ""Normal"", ""L5"": ""Normal"", ""L6"": ""Overhaul/Parada"", ""L7"": ""LC""}}","('VALUE', 10541.725856604533)","('VALUE', 10541.725856604533)",True,True
chain,hes_L6_L7,retirada_cond_corr_ltp@L1_L3,"{""hes"": {""L4"": ""Normal"", ""L5"": ""Normal"", ""L6"": ""Overhaul/Parada"", ""L7"": ""LC""}}","('VALUE', -99.49804134140493)","('VALUE', -99.49804134140493)",True,True
chain,hes_L6_L7,retirada_cond_corr_ltp@L4_L5,"{""hes"": {""L4"": ""Normal"", ""L5"": ""Normal"", ""L6"": ""Overhaul/Parada"", ""L7"": ""LC""}}","('VALUE', -11.017375456696598)","('VALUE', -11.017375456696598)",True,True
chain,hes_L6_L7,retirada_cond_corr_ltp@L6_L7,"{""hes"": {""L4"": ""Normal"", ""L5"": ""Normal"", ""L6"": ""Overhaul/Parada"", ""L7"": ""LC""}}","('VALUE', -11.017375456696598)","('VALUE', -11.017375456696598)",True,True
chain,hes_L6_L7,lth_grupo@L1_L3,"{""hes"": {""L4"": ""Normal"", ""L5"": ""Normal"", ""L6"": ""Overhaul/Parada"", ""L7"": ""LC""}}","('VALUE', 647.0)","('VALUE', 647.0)",True,True
chain,hes_L6_L7,lth_grupo@L4_L5,"{""hes"": {""L4"": ""Normal"", ""L5"": ""Normal"", ""L6"": ""Overhaul/Parada"", ""L7"": ""LC""}}","('VALUE', 550.5)","('VALUE', 550.5)",True,True
chain,hes_L6_L7,lth_grupo@L6_L7,"{""hes"": {""L4"": ""Normal"", ""L5"": ""Normal"", ""L6"": ""Overhaul/Parada"", ""L7"": ""LC""}}","('VALUE', 50485.0)","('VALUE', 50485.0)",True,True
chain,hes_L6_L7,retirada_cond_corr_lth@L1_L3,"{""hes"": {""L4"": ""Normal"", ""L5"": ""Normal"", ""L6"": ""Overhaul/Parada"", ""L7"": ""LC""}}","('VALUE', -94.47858997277207)","('VALUE', -94.47858997277207)",True,True
chain,hes_L6_L7,retirada_cond_corr_lth@L4_L5,"{""hes"": {""L4"": ""Normal"", ""L5"": ""Normal"", ""L6"": ""Overhaul/Parada"", ""L7"": ""LC""}}","('VALUE', -97.62417908690786)","('VALUE', -97.62417908690786)",True,True
chain,hes_L6_L7,retirada_cond_corr_lth@L6_L7,"{""hes"": {""L4"": ""Normal"", ""L5"": ""Normal"", ""L6"": ""Overhaul/Parada"", ""L7"": ""LC""}}","('VALUE', -9.624354788663851)","('VALUE', -9.624354788663851)",True,True
chain,hes_L6_L7,retirada_condensado_grupo@L1_L3,"{""hes"": {""L4"": ""Normal"", ""L5"": ""Normal"", ""L6"": ""Overhaul/Parada"", ""L7"": ""LC""}}","('VALUE', 10110.058354105899)","('VALUE', 10110.058354105899)",True,True
chain,hes_L6_L7,retirada_condensado_grupo@L4_L5,"{""hes"": {""L4"": ""Normal"", ""L5"": ""Normal"", ""L6"": ""Overhaul/Parada"", ""L7"": ""LC""}}","('VALUE', -73.21360726042252)","('VALUE', -73.21360726042252)",True,True
chain,hes_L6_L7,retirada_condensado_grupo@L6_L7,"{""hes"": {""L4"": ""Normal"", ""L5"": ""Normal"", ""L6"": ""Overhaul/Parada"", ""L7"": ""LC""}}","('VALUE', 81.37228272438519)","('VALUE', 81.37228272438519)",True,True
chain,hes_L6_L7,retirada_condensado_linha@L1,"{""hes"": {""L4"": ""Normal"", ""L5"": ""Normal"", ""L6"": ""Overhaul/Parada"", ""L7"": ""LC""}}","('VALUE', 5052.424834354828)","('VALUE', 5052.424834354828)",True,True
chain,hes_L6_L7,retirada_condensado_linha@L2,"{""hes"": {""L4"": ""Normal"", ""L5"": ""Normal"", ""L6"": ""Overhaul/Parada"", ""L7"": ""LC""}}","('VALUE', 5.208685396242091)","('VALUE', 5.208685396242091)",True,True
chain,hes_L6_L7,retirada_condensado_linha@L3,"{""hes"": {""L4"": ""Normal"", ""L5"": ""Normal"", ""L6"": ""Overhaul/Parada"", ""L7"": ""LC""}}","('VALUE', 5052.424834354828)","('VALUE', 5052.424834354828)",True,True
chain,hes_L6_L7,retirada_condensado_linha@L4,"{""hes"": {""L4"": ""Normal"", ""L5"": ""Normal"", ""L6"": ""Overhaul/Parada"", ""L7"": ""LC""}}","('VALUE', -0.06649737262527022)","('VALUE', -0.06649737262527022)",True,True
chain,hes_L6_L7,retirada_condensado_linha@L5,"{""hes"": {""L4"": ""Normal"", ""L5"": ""Normal"", ""L6"": ""Overhaul/Parada"", ""L7"": ""LC""}}","('VALUE', -73.14710988779726)","('VALUE', -73.14710988779726)",True,True
chain,hes_L6_L7,retirada_condensado_linha@L6,"{""hes"": {""L4"": ""Normal"", ""L5"": ""Normal"", ""L6"": ""Overhaul/Parada"", ""L7"": ""LC""}}","('VALUE', 80.59055434721718)","('VALUE', 80.59055434721718)",True,True
chain,hes_L6_L7,retirada_condensado_linha@L7,"{""hes"": {""L4"": ""Normal"", ""L5"": ""Normal"", ""L6"": ""Overhaul/Parada"", ""L7"": ""LC""}}","('VALUE', 0.7817283771680066)","('VALUE', 0.7817283771680066)",True,True
chain,hes_L6_L7,retirada_condensado_total@L1_L7,"{""hes"": {""L4"": ""Normal"", ""L5"": ""Normal"", ""L6"": ""Overhaul/Parada"", ""L7"": ""LC""}}","('VALUE', 10118.217029569862)","('VALUE', 10118.217029569862)",True,True
chain,hes_L6_L7,retirada_cond_corr_ltp@L1_L3,"{""hes"": {""L4"": ""Normal"", ""L5"": ""Normal"", ""L6"": ""Overhaul/Parada"", ""L7"": ""Overhaul/Parada""}}","('VALUE', 47.936340992412426)","('VALUE', 47.936340992412426)",True,True
chain,hes_L6_L7,retirada_cond_corr_ltp@L4_L5,"{""hes"": {""L4"": ""Normal"", ""L5"": ""Normal"", ""L6"": ""Overhaul/Parada"", ""L7"": ""Overhaul/Parada""}}","('VALUE', -99.49804134140493)","('VALUE', -99.49804134140493)",True,True
chain,hes_L6_L7,retirada_cond_corr_ltp@L6_L7,"{""hes"": {""L4"": ""Normal"", ""L5"": ""Normal"", ""L6"": ""Overhaul/Parada"", ""L7"": ""Overhaul/Parada""}}","('VALUE', -11.017375456696598)","('VALUE', -11.017375456696598)",True,True
chain,hes_L6_L7,lth_grupo@L1_L3,"{""hes"": {""L4"": ""Normal"", ""L5"": ""Normal"", ""L6"": ""Overhaul/Parada"", ""L7"": ""Overhaul/Parada""}}","('VALUE', 33333.667)","('VALUE', 33333.667)",True,True
chain,hes_L6_L7,lth_grupo@L4_L5,"{""hes"": {""L4"": ""Normal"", ""L5"": ""Normal"", ""L6"": ""Overhaul/Parada"", ""L7"": ""Overhaul/Parada""}}","('VALUE', 1.0)","('VALUE', 1.0)",True,True
chain,hes_L6_L7,lth_grupo@L6_L7,"{""hes"": {""L4"": ""Normal"", ""L5"": ""Normal"", ""L6"": ""Overhaul/Parada"", ""L7"": ""Overhaul/Parada""}}","('VALUE', 970.0)","('VALUE', 970.0)",True,True
chain,hes_L6_L7,retirada_cond_corr_lth@L1_L3,"{""hes"": {""L4"": ""Normal"", ""L5"": ""Normal"", ""L6"": ""Overhaul/Parada"", ""L7"": ""Overhaul/Parada""}}","('VALUE', 119.54180788001429)","('VALUE', 119.54180788001429)",True,True
chain,hes_L6_L7,retirada_cond_corr_lth@L4_L5,"{""hes"": {""L4"": ""Normal"", ""L5"": ""Normal"", ""L6"": ""Overhaul/Parada"", ""L7"": ""Overhaul/Parada""}}","('VALUE', -64.60352567818856)","('VALUE', -64.60352567818856)",True,True
chain,hes_L6_L7,retirada_cond_corr_lth@L6_L7,"{""hes"": {""L4"": ""Normal"", ""L5"": ""Normal"", ""L6"": ""Overhaul/Parada"", ""L7"": ""Overhaul/Parada""}}","('VALUE', 49.79250674410167)","('VALUE', 49.79250674410167)",True,True
chain,hes_L6_L7,retirada_condensado_grupo@L1_L3,"{""hes"": {""L4"": ""Normal"", ""L5"": ""Normal"", ""L6"": ""Overhaul/Parada"", ""L7"": ""Overhaul/Parada""}}","('VALUE', 10262.816400662805)","('VALUE', 10262.816400662805)",True,True
chain,hes_L6_L7,retirada_condensado_grupo@L4_L5,"{""hes"": {""L4"": ""Normal"", ""L5"": ""Normal"", ""L6"": ""Overhaul/Parada"", ""L7"": ""Overhaul/Parada""}}","('VALUE', 169.78903132643273)","('VALUE', 169.78903132643273)",True,True
chain,hes_L6_L7,retirada_condensado_grupo@L6_L7,"{""hes"": {""L4"": ""Normal"", ""L5"": ""Normal"", ""L6"": ""Overhaul/Parada"", ""L7"": ""Overhaul/Parada""}}","('VALUE', 171.61976440159654)","('VALUE', 171.61976440159654)",True,True
chain,hes_L6_L7,retirada_condensado_linha@L1,"{""hes"": {""L4"": ""Normal"", ""L5"": ""Normal"", ""L6"": ""Overhaul/Parada"", ""L7"": ""Overhaul/Parada""}}","('VALUE', 0.00010262713670898959)","('VALUE', 0.00010262713670898959)",True,True
chain,hes_L6_L7,retirada_condensado_linha@L2,"{""hes"": {""L4"": ""Normal"", ""L5"": ""Normal"", ""L6"": ""Overhaul/Parada"", ""L7"": ""Overhaul/Parada""}}","('VALUE', 0.10262713670898958)","('VALUE', 0.10262713670898958)",True,True
chain,hes_L6_L7,retirada_condensado_linha@L3,"{""hes"": {""L4"": ""Normal"", ""L5"": ""Normal"", ""L6"": ""Overhaul/Parada"", ""L7"": ""Overhaul/Parada""}}","('VALUE', 10262.713670898958)","('VALUE', 10262.713670898958)",True,True
chain,hes_L6_L7,retirada_condensado_linha@L4,"{""hes"": {""L4"": ""Normal"", ""L5"": ""Normal"", ""L6"": ""Overhaul/Parada"", ""L7"": ""Overhaul/Parada""}}","('VALUE', 84.89451566321637)","('VALUE', 84.89451566321637)",True,True
chain,hes_L6_L7,retirada_condensado_linha@L5,"{""hes"": {""L4"": ""Normal"", ""L5"": ""Normal"", ""L6"": ""Overhaul/Parada"", ""L7"": ""Overhaul/Parada""}}","('VALUE', 84.89451566321637)","('VALUE', 84.89451566321637)",True,True
chain,hes_L6_L7,retirada_condensado_linha@L6,"{""hes"": {""L4"": ""Normal"", ""L5"": ""Normal"", ""L6"": ""Overhaul/Parada"", ""L7"": ""Overhaul/Parada""}}","('VALUE', 85.80988220079828)","('VALUE', 85.80988220079828)",True,True
chain,hes_L6_L7,retirada_condensado_linha@L7,"{""hes"": {""L4"": ""Normal"", ""L5"": ""Normal"", ""L6"": ""Overhaul/Parada"", ""L7"": ""Overhaul/Parada""}}","('VALUE', 85.80988220079828)","('VALUE', 85.80988220079828)",True,True
chain,hes_L6_L7,retirada_condensado_total@L1_L7,"{""hes"": {""L4"": ""Normal"", ""L5"": ""Normal"", ""L6"": ""Overhaul/Parada"", ""L7"": ""Overhaul/Parada""}}","('VALUE', 10604.225196390835)","('VALUE', 10604.225196390835)",True,True
chain,hes_L6_L7,retirada_cond_corr_ltp@L1_L3,"{""hes"": {""L4"": ""Normal"", ""L5"": ""Normal"", ""L6"": ""Overhaul/Parada"", ""L7"": ""Overhaul/Parada""}}","('VALUE', 47.936340992412426)","('VALUE', 47.936340992412426)",True,True
chain,hes_L6_L7,retirada_cond_corr_ltp@L4_L5,"{""hes"": {""L4"": ""Normal"", ""L5"": ""Normal"", ""L6"": ""Overhaul/Parada"", ""L7"": ""Overhaul/Parada""}}","('VALUE', 47.936340992412426)","('VALUE', 47.936340992412426)",True,True
chain,hes_L6_L7,retirada_cond_corr_ltp@L6_L7,"{""hes"": {""L4"": ""Normal"", ""L5"": ""Normal"", ""L6"": ""Overhaul/Parada"", ""L7"": ""Overhaul/Parada""}}","('VALUE', -99.49804134140493)","('VALUE', -99.49804134140493)",True,True
chain,hes_L6_L7,lth_grupo@L1_L3,"{""hes"": {""L4"": ""Normal"", ""L5"": ""Normal"", ""L6"": ""Overhaul/Parada"", ""L7"": ""Overhaul/Parada""}}","('VALUE', 34023.333333333336)","('VALUE', 34023.333333333336)",True,True
chain,hes_L6_L7,lth_grupo@L4_L5,"{""hes"": {""L4"": ""Normal"", ""L5"": ""Normal"", ""L6"": ""Overhaul/Parada"", ""L7"": ""Overhaul/Parada""}}","('VALUE', 485.5)","('VALUE', 485.5)",True,True
chain,hes_L6_L7,lth_grupo@L6_L7,"{""hes"": {""L4"": ""Normal"", ""L5"": ""Normal"", ""L6"": ""Overhaul/Parada"", ""L7"": ""Overhaul/Parada""}}","('VALUE', 1100.0)","('VALUE', 1100.0)",True,True
chain,hes_L6_L7,retirada_cond_corr_lth@L1_L3,"{""hes"": {""L4"": ""Normal"", ""L5"": ""Normal"", ""L6"": ""Overhaul/Parada"", ""L7"": ""Overhaul/Parada""}}","('VALUE', 138.6142402089672)","('VALUE', 138.6142402089672)",True,True
chain,hes_L6_L7,retirada_cond_corr_lth@L4_L5,"{""hes"": {""L4"": ""Normal"", ""L5"": ""Normal"", ""L6"": ""Overhaul/Parada"", ""L7"": ""Overhaul/Parada""}}","('VALUE', 55.852840950380056)","('VALUE', 55.852840950380056)",True,True
chain,hes_L6_L7,retirada_cond_corr_lth@L6_L7,"{""hes"": {""L4"": ""Normal"", ""L5"": ""Normal"", ""L6"": ""Overhaul/Parada"", ""L7"": ""Overhaul/Parada""}}","('VALUE', 52.241865561555585)","('VALUE', 52.241865561555585)",True,True
chain,hes_L6_L7,retirada_condensado_grupo@L1_L3,"{""hes"": {""L4"": ""Normal"", ""L5"": ""Normal"", ""L6"": ""Overhaul/Parada"", ""L7"": ""Overhaul/Parada""}}","('VALUE', 10319.033697649664)","('VALUE', 10319.033697649664)",True,True
chain,hes_L6_L7,retirada_condensado_grupo@L4_L5,"{""hes"": {""L4"": ""Normal"", ""L5"": ""Normal"", ""L6"": ""Overhaul/Parada"", ""L7"": ""Overhaul/Parada""}}","('VALUE', 115.83299991593526)","('VALUE', 115.83299991593526)",True,True
chain,hes_L6_L7,retirada_condensado_grupo@L6_L7,"{""hes"": {""L4"": ""Normal"", ""L5"": ""Normal"", ""L6"": ""Overhaul/Parada"", ""L7"": ""Overhaul/Parada""}}","('VALUE', 353.479813805921)","('VALUE', 353.479813805921)",True,True
chain,hes_L6_L7,retirada_condensado_linha@L1,"{""hes"": {""L4"": ""Normal"", ""L5"": ""Normal"", ""L6"": ""Overhaul/Parada"", ""L7"": ""Overhaul/Parada""}}","('VALUE', 98.06468782913856)","('VALUE', 98.06468782913856)",True,True
chain,hes_L6_L7,retirada_condensado_linha@L2,"{""hes"": {""L4"": ""Normal"", ""L5"": ""Normal"", ""L6"": ""Overhaul/Parada"", ""L7"": ""Overhaul/Parada""}}","('VALUE', 111.20737795056951)","('VALUE', 111.20737795056951)",True,True
chain,hes_L6_L7,retirada_condensado_linha@L3,"{""hes"": {""L4"": ""Normal"", ""L5"": ""Normal"", ""L6"": ""Overhaul/Parada"", ""L7"": ""Overhaul/Parada""}}","('VALUE', 10109.761631869955)","('VALUE', 10109.761631869955)",True,True
chain,hes_L6_L7,retirada_condensado_linha@L4,"{""hes"": {""L4"": ""Normal"", ""L5"": ""Normal"", ""L6"": ""Overhaul/Parada"", ""L7"": ""Overhaul/Parada""}}","('VALUE', 115.7137074340445)","('VALUE', 115.7137074340445)",True,True
chain,hes_L6_L7,retirada_condensado_linha@L5,"{""hes"": {""L4"": ""Normal"", ""L5"": ""Normal"", ""L6"": ""Overhaul/Parada"", ""L7"": ""Overhaul/Parada""}}","('VALUE', 0.11929248189076752)","('VALUE', 0.11929248189076752)",True,True
chain,hes_L6_L7,retirada_condensado_linha@L6,"{""hes"": {""L4"": ""Normal"", ""L5"": ""Normal"", ""L6"": ""Overhaul/Parada"", ""L7"": ""Overhaul/Parada""}}","('VALUE', 176.7399069029605)","('VALUE', 176.7399069029605)",True,True
chain,hes_L6_L7,retirada_condensado_linha@L7,"{""hes"": {""L4"": ""Normal"", ""L5"": ""Normal"", ""L6"": ""Overhaul/Parada"", ""L7"": ""Overhaul/Parada""}}","('VALUE', 176.7399069029605)","('VALUE', 176.7399069029605)",True,True
chain,hes_L6_L7,retirada_condensado_total@L1_L7,"{""hes"": {""L4"": ""Normal"", ""L5"": ""Normal"", ""L6"": ""Overhaul/Parada"", ""L7"": ""Overhaul/Parada""}}","('VALUE', 10788.346511371521)","('VALUE', 10788.346511371521)",True,True
chain,hes_L6_L7,retirada_cond_corr_ltp@L1_L3,"{""hes"": {""L4"": ""Normal"", ""L5"": ""Normal"", ""L6"": ""Overhaul/Parada"", ""L7"": ""1 By pass""}}","('VALUE', 53.93641212842863)","('VALUE', 53.93641212842863)",True,True
chain,hes_L6_L7,retirada_cond_corr_ltp@L4_L5,"{""hes"": {""L4"": ""Normal"", ""L5"": ""Normal"", ""L6"": ""Overhaul/Parada"", ""L7"": ""1 By pass""}}","('VALUE', 53.93641212842863)","('VALUE', 53.93641212842863)",True,True
chain,hes_L6_L7,retirada_cond_corr_ltp@L6_L7,"{""hes"": {""L4"": ""Normal"", ""L5"": ""Normal"", ""L6"": ""Overhaul/Parada"", ""L7"": ""1 By pass""}}","('VALUE', 183.05806811635424)","('VALUE', 183.05806811635424)",True,True
chain,hes_L6_L7,lth_grupo@L1_L3,"{""hes"": {""L4"": ""Normal"", ""L5"": ""Normal"", ""L6"": ""Overhaul/Parada"", ""L7"": ""1 By pass""}}","('VALUE', 367.00033333333334)","('VALUE', 367.00033333333334)",True,True
chain,hes_L6_L7,lth_grupo@L4_L5,"{""hes"": {""L4"": ""Normal"", ""L5"": ""Normal"", ""L6"": ""Overhaul/Parada"", ""L7"": ""1 By pass""}}","('VALUE', 550.5)","('VALUE', 550.5)",True,True
chain,hes_L6_L7,lth_grupo@L6_L7,"{""hes"": {""L4"": ""Normal"", ""L5"": ""Normal"", ""L6"": ""Overhaul/Parada"", ""L7"": ""1 By pass""}}","('VALUE', 485.5)","('VALUE', 485.5)",True,True
chain,hes_L6_L7,retirada_cond_corr_lth@L1_L3,"{""hes"": {""L4"": ""Normal"", ""L5"": ""Normal"", ""L6"": ""Overhaul/Parada"", ""L7"": ""1 By pass""}}","('VALUE', 31.729803507075985)","('VALUE', 31.729803507075985)",True,True
chain,hes_L6_L7,retirada_cond_corr_lth@L4_L5,"{""hes"": {""L4"": ""Normal"", ""L5"": ""Normal"", ""L6"": ""Overhaul/Parada"", ""L7"": ""1 By pass""}}","('VALUE', 39.626218799025494)","('VALUE', 39.626218799025494)",True,True
chain,hes_L6_L7,retirada_cond_corr_lth@L6_L7,"{""hes"": {""L4"": ""Normal"", ""L5"": ""Normal"", ""L6"": ""Overhaul/Parada"", ""L7"": ""1 By pass""}}","('VALUE', -100.0711674296085)","('VALUE', -100.0711674296085)",True,True
chain,hes_L6_L7,retirada_condensado_grupo@L1_L3,"{""hes"": {""L4"": ""Normal"", ""L5"": ""Normal"", ""L6"": ""Overhaul/Parada"", ""L7"": ""1 By pass""}}","('VALUE', 76.38017413594207)","('VALUE', 76.38017413594207)",True,True
chain,hes_L6_L7,retirada_condensado_grupo@L4_L5,"{""hes"": {""L4"": ""Normal"", ""L5"": ""Normal"", ""L6"": ""Overhaul/Parada"", ""L7"": ""1 By pass""}}","('VALUE', 71.37961334119373)","('VALUE', 71.37961334119373)",True,True
chain,hes_L6_L7,retirada_condensado_grupo@L6_L7,"{""hes"": {""L4"": ""Normal"", ""L5"": ""Normal"", ""L6"": ""Overhaul/Parada"", ""L7"": ""1 By pass""}}","('VALUE', -516.2584710919255)","('VALUE', -516.2584710919255)",True,True
chain,hes_L6_L7,retirada_condensado_linha@L1,"{""hes"": {""L4"": ""Normal"", ""L5"": ""Normal"", ""L6"": ""Overhaul/Parada"", ""L7"": ""1 By pass""}}","('VALUE', 0.06937339215490455)","('VALUE', 0.06937339215490455)",True,True
chain,hes_L6_L7,retirada_condensado_linha@L2,"{""hes"": {""L4"": ""Normal"", ""L5"": ""Normal"", ""L6"": ""Overhaul/Parada"", ""L7"": ""1 By pass""}}","('VALUE', 6.937339215490455e-05)","('VALUE', 6.937339215490455e-05)",True,True
chain,hes_L6_L7,retirada_condensado_linha@L3,"{""hes"": {""L4"": ""Normal"", ""L5"": ""Normal"", ""L6"": ""Overhaul/Parada"", ""L7"": ""1 By pass""}}","('VALUE', 76.31073137039502)","('VALUE', 76.31073137039502)",True,True
chain,hes_L6_L7,retirada_condensado_linha@L4,"{""hes"": {""L4"": ""Normal"", ""L5"": ""Normal"", ""L6"": ""Overhaul/Parada"", ""L7"": ""1 By pass""}}","('VALUE', 71.31478172144696)","('VALUE', 71.31478172144696)",True,True
chain,hes_L6_L7,retirada_condensado_linha@L5,"{""hes"": {""L4"": ""Normal"", ""L5"": ""Normal"", ""L6"": ""Overhaul/Parada"", ""L7"": ""1 By pass""}}","('VALUE', 0.06483161974676997)","('VALUE', 0.06483161974676997)",True,True
chain,hes_L6_L7,retirada_condensado_linha@L6,"{""hes"": {""L4"": ""Normal"", ""L5"": ""Normal"", ""L6"": ""Overhaul/Parada"", ""L7"": ""1 By pass""}}","('VALUE', -515.7267939847247)","('VALUE', -515.7267939847247)",True,True
chain,hes_L6_L7,retirada_condensado_linha@L7,"{""hes"": {""L4"": ""Normal"", ""L5"": ""Normal"", ""L6"": ""Overhaul/Parada"", ""L7"": ""1 By pass""}}","('VALUE', -0.5316771072007471)","('VALUE', -0.5316771072007471)",True,True
chain,hes_L6_L7,retirada_condensado_total@L1_L7,"{""hes"": {""L4"": ""Normal"", ""L5"": ""Normal"", ""L6"": ""Overhaul/Parada"", ""L7"": ""1 By pass""}}","('VALUE', -368.4986836147897)","('VALUE', -368.4986836147897)",True,True
chain,hes_L6_L7,retirada_cond_corr_ltp@L1_L3,"{""hes"": {""L4"": ""Normal"", ""L5"": ""Normal"", ""L6"": ""Overhaul/Parada"", ""L7"": ""1 By pass""}}","('VALUE', -11.017375456696598)","('VALUE', -11.017375456696598)",True,True
chain,hes_L6_L7,retirada_cond_corr_ltp@L4_L5,"{""hes"": {""L4"": ""Normal"", ""L5"": ""Normal"", ""L6"": ""Overhaul/Parada"", ""L7"": ""1 By pass""}}","('VALUE', 183.05806811635424)","('VALUE', 183.05806811635424)",True,True
chain,hes_L6_L7,retirada_cond_corr_ltp@L6_L7,"{""hes"": {""L4"": ""Normal"", ""L5"": ""Normal"", ""L6"": ""Overhaul/Parada"", ""L7"": ""1 By pass""}}","('VALUE', 47.936340992412426)","('VALUE', 47.936340992412426)",True,True
chain,hes_L6_L7,lth_grupo@L1_L3,"{""hes"": {""L4"": ""Normal"", ""L5"": ""Normal"", ""L6"": ""Overhaul/Parada"", ""L7"": ""1 By pass""}}","('VALUE', 323.667)","('VALUE', 323.667)",True,True
chain,hes_L6_L7,lth_grupo@L4_L5,"{""hes"": {""L4"": ""Normal"", ""L5"": ""Normal"", ""L6"": ""Overhaul/Parada"", ""L7"": ""1 By pass""}}","('VALUE', 1.0)","('VALUE', 1.0)",True,True
chain,hes_L6_L7,lth_grupo@L6_L7,"{""hes"": {""L4"": ""Normal"", ""L5"": ""Normal"", ""L6"": ""Overhaul/Parada"", ""L7"": ""1 By pass""}}","('VALUE', 50550.0)","('VALUE', 50550.0)",True,True
chain,hes_L6_L7,retirada_cond_corr_lth@L1_L3,"{""hes"": {""L4"": ""Normal"", ""L5"": ""Normal"", ""L6"": ""Overhaul/Parada"", ""L7"": ""1 By pass""}}","('VALUE', 29.282817532550652)","('VALUE', 29.282817532550652)",True,True
chain,hes_L6_L7,retirada_cond_corr_lth@L4_L5,"{""hes"": {""L4"": ""Normal"", ""L5"": ""Normal"", ""L6"": ""Overhaul/Parada"", ""L7"": ""1 By pass""}}","('VALUE', -84.14283424831076)","('VALUE', -84.14283424831076)",True,True
chain,hes_L6_L7,retirada_cond_corr_lth@L6_L7,"{""hes"": {""L4"": ""Normal"", ""L5"": ""Normal"", ""L6"": ""Overhaul/Parada"", ""L7"": ""1 By pass""}}","('VALUE', -9.599296637040283)","('VALUE', -9.599296637040283)",True,True
chain,hes_L6_L7,retirada_condensado_grupo@L1_L3,"{""hes"": {""L4"": ""Normal"", ""L5"": ""Normal"", ""L6"": ""Overhaul/Parada"", ""L7"": ""1 By pass""}}","('VALUE', 168.90057896774175)","('VALUE', 168.90057896774175)",True,True
chain,hes_L6_L7,retirada_condensado_grupo@L4_L5,"{""hes"": {""L4"": ""Normal"", ""L5"": ""Normal"", ""L6"": ""Overhaul/Parada"", ""L7"": ""1 By pass""}}","('VALUE', -434.40180472933)","('VALUE', -434.40180472933)",True,True
chain,hes_L6_L7,retirada_condensado_grupo@L6_L7,"{""hes"": {""L4"": ""Normal"", ""L5"": ""Normal"", ""L6"": ""Overhaul/Parada"", ""L7"": ""1 By pass""}}","('VALUE', -65.07127525890542)","('VALUE', -65.07127525890542)",True,True
chain,hes_L6_L7,retirada_condensado_linha@L1,"{""hes"": {""L4"": ""Normal"", ""L5"": ""Normal"", ""L6"": ""Overhaul/Parada"", ""L7"": ""1 By pass""}}","('VALUE', 0.00017394480434906014)","('VALUE', 0.00017394480434906014)",True,True
chain,hes_L6_L7,retirada_condensado_linha@L2,"{""hes"": {""L4"": ""Normal"", ""L5"": ""Normal"", ""L6"": ""Overhaul/Parada"", ""L7"": ""1 By pass""}}","('VALUE', 0.17394480434906015)","('VALUE', 0.17394480434906015)",True,True
chain,hes_L6_L7,retirada_condensado_linha@L3,"{""hes"": {""L4"": ""Normal"", ""L5"": ""Normal"", ""L6"": ""Overhaul/Parada"", ""L7"": ""1 By pass""}}","('VALUE', 168.72646021858833)","('VALUE', 168.72646021858833)",True,True
chain,hes_L6_L7,retirada_condensado_linha@L4,"{""hes"": {""L4"": ""Normal"", ""L5"": ""Normal"", ""L6"": ""Overhaul/Parada"", ""L7"": ""1 By pass""}}","('VALUE', -217.200902364665)","('VALUE', -217.200902364665)",True,True
chain,hes_L6_L7,retirada_condensado_linha@L5,"{""hes"": {""L4"": ""Normal"", ""L5"": ""Normal"", ""L6"": ""Overhaul/Parada"", ""L7"": ""1 By pass""}}","('VALUE', -217.200902364665)","('VALUE', -217.200902364665)",True,True
chain,hes_L6_L7,retirada_condensado_linha@L6,"{""hes"": {""L4"": ""Normal"", ""L5"": ""Normal"", ""L6"": ""Overhaul/Parada"", ""L7"": ""1 By pass""}}","('VALUE', -0.707996071066231)","('VALUE', -0.707996071066231)",True,True
chain,hes_L6_L7,retirada_condensado_linha@L7,"{""hes"": {""L4"": ""Normal"", ""L5"": ""Normal"", ""L6"": ""Overhaul/Parada"", ""L7"": ""1 By pass""}}","('VALUE', -64.36327918783918)","('VALUE', -64.36327918783918)",True,True
chain,hes_L6_L7,retirada_condensado_total@L1_L7,"{""hes"": {""L4"": ""Normal"", ""L5"": ""Normal"", ""L6"": ""Overhaul/Parada"", ""L7"": ""1 By pass""}}","('VALUE', -330.5725010204937)","('VALUE', -330.5725010204937)",True,True
chain,hes_L6_L7,retirada_cond_corr_ltp@L1_L3,"{""hes"": {""L4"": ""Normal"", ""L5"": ""Normal"", ""L6"": ""Overhaul/Parada"", ""L7"": ""1 By pass e LC""}}","('VALUE', -11.017375456696598)","('VALUE', -11.017375456696598)",True,True
chain,hes_L6_L7,retirada_cond_corr_ltp@L4_L5,"{""hes"": {""L4"": ""Normal"", ""L5"": ""Normal"", ""L6"": ""Overhaul/Parada"", ""L7"": ""1 By pass e LC""}}","('VALUE', -99.49804134140493)","('VALUE', -99.49804134140493)",True,True
chain,hes_L6_L7,retirada_cond_corr_ltp@L6_L7,"{""hes"": {""L4"": ""Normal"", ""L5"": ""Normal"", ""L6"": ""Overhaul/Parada"", ""L7"": ""1 By pass e LC""}}","('VALUE', 53.93641212842863)","('VALUE', 53.93641212842863)",True,True
chain,hes_L6_L7,lth_grupo@L1_L3,"{""hes"": {""L4"": ""Normal"", ""L5"": ""Normal"", ""L6"": ""Overhaul/Parada"", ""L7"": ""1 By pass e LC""}}","('VALUE', 1013.3333333333334)","('VALUE', 1013.3333333333334)",True,True
chain,hes_L6_L7,lth_grupo@L4_L5,"{""hes"": {""L4"": ""Normal"", ""L5"": ""Normal"", ""L6"": ""Overhaul/Parada"", ""L7"": ""1 By pass e LC""}}","('VALUE', 50000.0005)","('VALUE', 50000.0005)",True,True
chain,hes_L6_L7,lth_grupo@L6_L7,"{""hes"": {""L4"": ""Normal"", ""L5"": ""Normal"", ""L6"": ""Overhaul/Parada"", ""L7"": ""1 By pass e LC""}}","('VALUE', 100000.0)","('VALUE', 100000.0)",True,True
chain,hes_L6_L7,retirada_cond_corr_lth@L1_L3,"{""hes"": {""L4"": ""Normal"", ""L5"": ""Normal"", ""L6"": ""Overhaul/Parada"", ""L7"": ""1 By pass e LC""}}","('VALUE', 70.18295917094522)","('VALUE', 70.18295917094522)",True,True
chain,hes_L6_L7,retirada_cond_corr_lth@L4_L5,"{""hes"": {""L4"": ""Normal"", ""L5"": ""Normal"", ""L6"": ""Overhaul/Parada"", ""L7"": ""1 By pass e LC""}}","('VALUE', 126.5723480353295)","('VALUE', 126.5723480353295)",True,True
chain,hes_L6_L7,retirada_cond_corr_lth@L6_L7,"{""hes"": {""L4"": ""Normal"", ""L5"": ""Normal"", ""L6"": ""Overhaul/Parada"", ""L7"": ""1 By pass e LC""}}","('VALUE', 3.6866893721180958)","('VALUE', 3.6866893721180958)",True,True
chain,hes_L6_L7,retirada_condensado_grupo@L1_L3,"{""hes"": {""L4"": ""Normal"", ""L5"": ""Normal"", ""L6"": ""Overhaul/Parada"", ""L7"": ""1 By pass e LC""}}","('VALUE', 10243.601003882926)","('VALUE', 10243.601003882926)",True,True
chain,hes_L6_L7,retirada_condensado_grupo@L4_L5,"{""hes"": {""L4"": ""Normal"", ""L5"": ""Normal"", ""L6"": ""Overhaul/Parada"", ""L7"": ""1 By pass e LC""}}","('VALUE', 552.1407787534688)","('VALUE', 552.1407787534688)",True,True
chain,hes_L6_L7,retirada_condensado_grupo@L6_L7,"{""hes"": {""L4"": ""Normal"", ""L5"": ""Normal"", ""L6"": ""Overhaul/Parada"", ""L7"": ""1 By pass e LC""}}","('VALUE', -50.499445512621065)","('VALUE', -50.499445512621065)",True,True
chain,hes_L6_L7,retirada_condensado_linha@L1,"{""hes"": {""L4"": ""Normal"", ""L5"": ""Normal"", ""L6"": ""Overhaul/Parada"", ""L7"": ""1 By pass e LC""}}","('VALUE', 3268.5174255810653)","('VALUE', 3268.5174255810653)",True,True
chain,hes_L6_L7,retirada_condensado_linha@L2,"{""hes"": {""L4"": ""Normal"", ""L5"": ""Normal"", ""L6"": ""Overhaul/Parada"", ""L7"": ""1 By pass e LC""}}","('VALUE', 3706.5661527207953)","('VALUE', 3706.5661527207953)",True,True
chain,hes_L6_L7,retirada_condensado_linha@L3,"{""hes"": {""L4"": ""Normal"", ""L5"": ""Normal"", ""L6"": ""Overhaul/Parada"", ""L7"": ""1 By pass e LC""}}","('VALUE', 3268.5174255810653)","('VALUE', 3268.5174255810653)",True,True
chain,hes_L6_L7,retirada_condensado_linha@L4,"{""hes"": {""L4"": ""Normal"", ""L5"": ""Normal"", ""L6"": ""Overhaul/Parada"", ""L7"": ""1 By pass e LC""}}","('VALUE', 5.52140773232061e-06)","('VALUE', 5.52140773232061e-06)",True,True
chain,hes_L6_L7,retirada_condensado_linha@L5,"{""hes"": {""L4"": ""Normal"", ""L5"": ""Normal"", ""L6"": ""Overhaul/Parada"", ""L7"": ""1 By pass e LC""}}","('VALUE', 552.1407732320611)","('VALUE', 552.1407732320611)",True,True
chain,hes_L6_L7,retirada_condensado_linha@L6,"{""hes"": {""L4"": ""Normal"", ""L5"": ""Normal"", ""L6"": ""Overhaul/Parada"", ""L7"": ""1 By pass e LC""}}","('VALUE', -25.249722756310533)","('VALUE', -25.249722756310533)",True,True
chain,hes_L6_L7,retirada_condensado_linha@L7,"{""hes"": {""L4"": ""Normal"", ""L5"": ""Normal"", ""L6"": ""Overhaul/Parada"", ""L7"": ""1 By pass e LC""}}","('VALUE', -25.249722756310533)","('VALUE', -25.249722756310533)",True,True
chain,hes_L6_L7,retirada_condensado_total@L1_L7,"{""hes"": {""L4"": ""Normal"", ""L5"": ""Normal"", ""L6"": ""Overhaul/Parada"", ""L7"": ""1 By pass e LC""}}","('VALUE', 10745.242337123773)","('VALUE', 10745.242337123773)",True,True
chain,hes_L6_L7,retirada_cond_corr_ltp@L1_L3,"{""hes"": {""L4"": ""Normal"", ""L5"": ""Normal"", ""L6"": ""Overhaul/Parada"", ""L7"": ""1 By pass e LC""}}","('VALUE', -11.017375456696598)","('VALUE', -11.017375456696598)",True,True
chain,hes_L6_L7,retirada_cond_corr_ltp@L4_L5,"{""hes"": {""L4"": ""Normal"", ""L5"": ""Normal"", ""L6"": ""Overhaul/Parada"", ""L7"": ""1 By pass e LC""}}","('VALUE', 47.936340992412426)","('VALUE', 47.936340992412426)",True,True
chain,hes_L6_L7,retirada_cond_corr_ltp@L6_L7,"{""hes"": {""L4"": ""Normal"", ""L5"": ""Normal"", ""L6"": ""Overhaul/Parada"", ""L7"": ""1 By pass e LC""}}","('VALUE', -11.017375456696598)","('VALUE', -11.017375456696598)",True,True
chain,hes_L6_L7,lth_grupo@L1_L3,"{""hes"": {""L4"": ""Normal"", ""L5"": ""Normal"", ""L6"": ""Overhaul/Parada"", ""L7"": ""1 By pass e LC""}}","('VALUE', 33700.00033333334)","('VALUE', 33700.00033333334)",True,True
chain,hes_L6_L7,lth_grupo@L4_L5,"{""hes"": {""L4"": ""Normal"", ""L5"": ""Normal"", ""L6"": ""Overhaul/Parada"", ""L7"": ""1 By pass e LC""}}","('VALUE', 50485.0)","('VALUE', 50485.0)",True,True
chain,hes_L6_L7,lth_grupo@L6_L7,"{""hes"": {""L4"": ""Normal"", ""L5"": ""Normal"", ""L6"": ""Overhaul/Parada"", ""L7"": ""1 By pass e LC""}}","('VALUE', 550.0005)","('VALUE', 550.0005)",True,True
chain,hes_L6_L7,retirada_cond_corr_lth@L1_L3,"{""hes"": {""L4"": ""Normal"", ""L5"": ""Normal"", ""L6"": ""Overhaul/Parada"", ""L7"": ""1 By pass e LC""}}","('VALUE', 119.7546684611176)","('VALUE', 119.7546684611176)",True,True
chain,hes_L6_L7,retirada_cond_corr_lth@L4_L5,"{""hes"": {""L4"": ""Normal"", ""L5"": ""Normal"", ""L6"": ""Overhaul/Parada"", ""L7"": ""1 By pass e LC""}}","('VALUE', 127.6260430972695)","('VALUE', 127.6260430972695)",True,True
chain,hes_L6_L7,retirada_cond_corr_lth@L6_L7,"{""hes"": {""L4"": ""Normal"", ""L5"": ""Normal"", ""L6"": ""Overhaul/Parada"", ""L7"": ""1 By pass e LC""}}","('VALUE', 38.74284192468805)","('VALUE', 38.74284192468805)",True,True
chain,hes_L6_L7,retirada_condensado_grupo@L1_L3,"{""hes"": {""L4"": ""Normal"", ""L5"": ""Normal"", ""L6"": ""Overhaul/Parada"", ""L7"": ""1 By pass e LC""}}","('VALUE', 440.31613175344256)","('VALUE', 440.31613175344256)",True,True
chain,hes_L6_L7,retirada_condensado_grupo@L4_L5,"{""hes"": {""L4"": ""Normal"", ""L5"": ""Normal"", ""L6"": ""Overhaul/Parada"", ""L7"": ""1 By pass e LC""}}","('VALUE', 259.37940420971415)","('VALUE', 259.37940420971415)",True,True
chain,hes_L6_L7,retirada_condensado_grupo@L6_L7,"{""hes"": {""L4"": ""Normal"", ""L5"": ""Normal"", ""L6"": ""Overhaul/Parada"", ""L7"": ""1 By pass e LC""}}","('VALUE', 149.5204347627693)","('VALUE', 149.5204347627693)",True,True
chain,hes_L6_L7,retirada_condensado_linha@L1,"{""hes"": {""L4"": ""Normal"", ""L5"": ""Normal"", ""L6"": ""Overhaul/Parada"", ""L7"": ""1 By pass e LC""}}","('VALUE', 435.52534856398523)","('VALUE', 435.52534856398523)",True,True
chain,hes_L6_L7,retirada_condensado_linha@L2,"{""hes"": {""L4"": ""Normal"", ""L5"": ""Normal"", ""L6"": ""Overhaul/Parada"", ""L7"": ""1 By pass e LC""}}","('VALUE', 4.355253485639852e-06)","('VALUE', 4.355253485639852e-06)",True,True
chain,hes_L6_L7,retirada_condensado_linha@L3,"{""hes"": {""L4"": ""Normal"", ""L5"": ""Normal"", ""L6"": ""Overhaul/Parada"", ""L7"": ""1 By pass e LC""}}","('VALUE', 4.790778834203837)","('VALUE', 4.790778834203837)",True,True
chain,hes_L6_L7,retirada_condensado_linha@L4,"{""hes"": {""L4"": ""Normal"", ""L5"": ""Normal"", ""L6"": ""Overhaul/Parada"", ""L7"": ""1 By pass e LC""}}","('VALUE', 2.491809667063709)","('VALUE', 2.491809667063709)",True,True
chain,hes_L6_L7,retirada_condensado_linha@L5,"{""hes"": {""L4"": ""Normal"", ""L5"": ""Normal"", ""L6"": ""Overhaul/Parada"", ""L7"": ""1 By pass e LC""}}","('VALUE', 256.88759454265045)","('VALUE', 256.88759454265045)",True,True
chain,hes_L6_L7,retirada_condensado_linha@L6,"{""hes"": {""L4"": ""Normal"", ""L5"": ""Normal"", ""L6"": ""Overhaul/Parada"", ""L7"": ""1 By pass e LC""}}","('VALUE', 0.00013592754439565902)","('VALUE', 0.00013592754439565902)",True,True
chain,hes_L6_L7,retirada_condensado_linha@L7,"{""hes"": {""L4"": ""Normal"", ""L5"": ""Normal"", ""L6"": ""Overhaul/Parada"", ""L7"": ""1 By pass e LC""}}","('VALUE', 149.5202988352249)","('VALUE', 149.5202988352249)",True,True
chain,hes_L6_L7,retirada_condensado_total@L1_L7,"{""hes"": {""L4"": ""Normal"", ""L5"": ""Normal"", ""L6"": ""Overhaul/Parada"", ""L7"": ""1 By pass e LC""}}","('VALUE', 849.2159707259261)","('VALUE', 849.2159707259261)",True,True
chain,hes_L6_L7,retirada_cond_corr_ltp@L1_L3,"{""hes"": {""L4"": ""Normal"", ""L5"": ""Normal"", ""L6"": ""1 By pass"", ""L7"": ""Normal""}}","('VALUE', 47.936340992412426)","('VALUE', 47.936340992412426)",True,True
chain,hes_L6_L7,retirada_cond_corr_ltp@L4_L5,"{""hes"": {""L4"": ""Normal"", ""L5"": ""Normal"", ""L6"": ""1 By pass"", ""L7"": ""Normal""}}","('VALUE', 53.93641212842863)","('VALUE', 53.93641212842863)",True,True
chain,hes_L6_L7,retirada_cond_corr_ltp@L6_L7,"{""hes"": {""L4"": ""Normal"", ""L5"": ""Normal"", ""L6"": ""1 By pass"", ""L7"": ""Normal""}}","('VALUE', -11.017375456696598)","('VALUE', -11.017375456696598)",True,True
chain,hes_L6_L7,lth_grupo@L1_L3,"{""hes"": {""L4"": ""Normal"", ""L5"": ""Normal"", ""L6"": ""1 By pass"", ""L7"": ""Normal""}}","('VALUE', 33657.0)","('VALUE', 33657.0)",True,True
chain,hes_L6_L7,lth_grupo@L4_L5,"{""hes"": {""L4"": ""Normal"", ""L5"": ""Normal"", ""L6"": ""1 By pass"", ""L7"": ""Normal""}}","('VALUE', 50550.0)","('VALUE', 50550.0)",True,True
chain,hes_L6_L7,lth_grupo@L6_L7,"{""hes"": {""L4"": ""Normal"", ""L5"": ""Normal"", ""L6"": ""1 By pass"", ""L7"": ""Normal""}}","('VALUE', 0.001)","('VALUE', 0.001)",True,True
chain,hes_L6_L7,retirada_cond_corr_lth@L1_L3,"{""hes"": {""L4"": ""Normal"", ""L5"": ""Normal"", ""L6"": ""1 By pass"", ""L7"": ""Normal""}}","('VALUE', -17.52059489095248)","('VALUE', -17.52059489095248)",True,True
chain,hes_L6_L7,retirada_cond_corr_lth@L4_L5,"{""hes"": {""L4"": ""Normal"", ""L5"": ""Normal"", ""L6"": ""1 By pass"", ""L7"": ""Normal""}}","('VALUE', 146.3247117429483)","('VALUE', 146.3247117429483)",True,True
chain,hes_L6_L7,retirada_cond_corr_lth@L6_L7,"{""hes"": {""L4"": ""Normal"", ""L5"": ""Normal"", ""L6"": ""1 By pass"", ""L7"": ""Normal""}}","('VALUE', -355.05606811635425)","('VALUE', -355.05606811635425)",True,True
chain,hes_L6_L7,retirada_condensado_grupo@L1_L3,"{""hes"": {""L4"": ""Normal"", ""L5"": ""Normal"", ""L6"": ""1 By pass"", ""L7"": ""Normal""}}","('VALUE', -102.37080765009472)","('VALUE', -102.37080765009472)",True,True
chain,hes_L6_L7,retirada_condensado_grupo@L4_L5,"{""hes"": {""L4"": ""Normal"", ""L5"": ""Normal"", ""L6"": ""1 By pass"", ""L7"": ""Normal""}}","('VALUE', 284.77659922903933)","('VALUE', 284.77659922903933)",True,True
chain,hes_L6_L7,retirada_condensado_grupo@L6_L7,"{""hes"": {""L4"": ""Normal"", ""L5"": ""Normal"", ""L6"": ""1 By pass"", ""L7"": ""Normal""}}","('VALUE', -638.0773853193153)","('VALUE', -638.0773853193153)",True,True
chain,hes_L6_L7,retirada_condensado_linha@L1,"{""hes"": {""L4"": ""Normal"", ""L5"": ""Normal"", ""L6"": ""1 By pass"", ""L7"": ""Normal""}}","('VALUE', -101.38634622821871)","('VALUE', -101.38634622821871)",True,True
chain,hes_L6_L7,retirada_condensado_linha@L2,"{""hes"": {""L4"": ""Normal"", ""L5"": ""Normal"", ""L6"": ""1 By pass"", ""L7"": ""Normal""}}","('VALUE', -0.9834475584137214)","('VALUE', -0.9834475584137214)",True,True
chain,hes_L6_L7,retirada_condensado_linha@L3,"{""hes"": {""L4"": ""Normal"", ""L5"": ""Normal"", ""L6"": ""1 By pass"", ""L7"": ""Normal""}}","('VALUE', -0.0010138634622821872)","('VALUE', -0.0010138634622821872)",True,True
chain,hes_L6_L7,retirada_condensado_linha@L4,"{""hes"": {""L4"": ""Normal"", ""L5"": ""Normal"", ""L6"": ""1 By pass"", ""L7"": ""Normal""}}","('VALUE', 3.0984595366166494)","('VALUE', 3.0984595366166494)",True,True
chain,hes_L6_L7,retirada_condensado_linha@L5,"{""hes"": {""L4"": ""Normal"", ""L5"": ""Normal"", ""L6"": ""1 By pass"", ""L7"": ""Normal""}}","('VALUE', 281.6781396924227)","('VALUE', 281.6781396924227)",True,True
chain,hes_L6_L7,retirada_condensado_linha@L6,"{""hes"": {""L4"": ""Normal"", ""L5"": ""Normal"", ""L6"": ""1 By pass"", ""L7"": ""Normal""}}","('VALUE', -319.03869265965767)","('VALUE', -319.03869265965767)",True,True
chain,hes_L6_L7,retirada_condensado_linha@L7,"{""hes"": {""L4"": ""Normal"", ""L5"": ""Normal"", ""L6"": ""1 By pass"", ""L7"": ""Normal""}}","('VALUE', -319.03869265965767)","('VALUE', -319.03869265965767)",True,True
chain,hes_L6_L7,retirada_condensado_total@L1_L7,"{""hes"": {""L4"": ""Normal"", ""L5"": ""Normal"", ""L6"": ""1 By pass"", ""L7"": ""Normal""}}","('VALUE', -455.6715937403707)","('VALUE', -455.6715937403707)",True,True
chain,hes_L6_L7,retirada_cond_corr_ltp@L1_L3,"{""hes"": {""L4"": ""Normal"", ""L5"": ""Normal"", ""L6"": ""1 By pass"", ""L7"": ""Normal""}}","('VALUE', -99.49804134140493)","('VALUE', -99.49804134140493)",True,True
chain,hes_L6_L7,retirada_cond_corr_ltp@L4_L5,"{""hes"": {""L4"": ""Normal"", ""L5"": ""Normal"", ""L6"": ""1 By pass"", ""L7"": ""Normal""}}","('VALUE', 53.93641212842863)","('VALUE', 53.93641212842863)",True,True
chain,hes_L6_L7,retirada_cond_corr_ltp@L6_L7,"{""hes"": {""L4"": ""Normal"", ""L5"": ""Normal"", ""L6"": ""1 By pass"", ""L7"": ""Normal""}}","('VALUE', 47.936340992412426)","('VALUE', 47.936340992412426)",True,True
chain,hes_L6_L7,lth_grupo@L1_L3,"{""hes"": {""L4"": ""Normal"", ""L5"": ""Normal"", ""L6"": ""1 By pass"", ""L7"": ""Normal""}}","('VALUE', 733.6666666666666)","('VALUE', 733.6666666666666)",True,True
chain,hes_L6_L7,lth_grupo@L4_L5,"{""hes"": {""L4"": ""Normal"", ""L5"": ""Normal"", ""L6"": ""1 By pass"", ""L7"": ""Normal""}}","('VALUE', 0.5005)","('VALUE', 0.5005)",True,True
chain,hes_L6_L7,lth_grupo@L6_L7,"{""hes"": {""L4"": ""Normal"", ""L5"": ""Normal"", ""L6"": ""1 By pass"", ""L7"": ""Normal""}}","('VALUE', 50000.5)","('VALUE', 50000.5)",True,True
chain,hes_L6_L7,retirada_cond_corr_lth@L1_L3,"{""hes"": {""L4"": ""Normal"", ""L5"": ""Normal"", ""L6"": ""1 By pass"", ""L7"": ""Normal""}}","('VALUE', 44.35428284260564)","('VALUE', 44.35428284260564)",True,True
chain,hes_L6_L7,retirada_cond_corr_lth@L4_L5,"{""hes"": {""L4"": ""Normal"", ""L5"": ""Normal"", ""L6"": ""1 By pass"", ""L7"": ""Normal""}}","('VALUE', -96.75671224466191)","('VALUE', -96.75671224466191)",True,True
chain,hes_L6_L7,retirada_cond_corr_lth@L6_L7,"{""hes"": {""L4"": ""Normal"", ""L5"": ""Normal"", ""L6"": ""1 By pass"", ""L7"": ""Normal""}}","('VALUE', 126.57254258960575)","('VALUE', 126.57254258960575)",True,True
chain,hes_L6_L7,retirada_condensado_grupo@L1_L3,"{""hes"": {""L4"": ""Normal"", ""L5"": ""Normal"", ""L6"": ""1 By pass"", ""L7"": ""Normal""}}","('VALUE', 526.5569725520318)","('VALUE', 526.5569725520318)",True,True
chain,hes_L6_L7,retirada_condensado_grupo@L4_L5,"{""hes"": {""L4"": ""Normal"", ""L5"": ""Normal"", ""L6"": ""1 By pass"", ""L7"": ""Normal""}}","('VALUE', -201.38624874618108)","('VALUE', -201.38624874618108)",True,True
chain,hes_L6_L7,retirada_condensado_grupo@L6_L7,"{""hes"": {""L4"": ""Normal"", ""L5"": ""Normal"", ""L6"": ""1 By pass"", ""L7"": ""Normal""}}","('VALUE', 257.27240319438664)","('VALUE', 257.27240319438664)",True,True
chain,hes_L6_L7,retirada_condensado_linha@L1,"{""hes"": {""L4"": ""Normal"", ""L5"": ""Normal"", ""L6"": ""1 By pass"", ""L7"": ""Normal""}}","('VALUE', 263.15886860846655)","('VALUE', 263.15886860846655)",True,True
chain,hes_L6_L7,retirada_condensado_linha@L2,"{""hes"": {""L4"": ""Normal"", ""L5"": ""Normal"", ""L6"": ""1 By pass"", ""L7"": ""Normal""}}","('VALUE', 0.23923533509860598)","('VALUE', 0.23923533509860598)",True,True
chain,hes_L6_L7,retirada_condensado_linha@L3,"{""hes"": {""L4"": ""Normal"", ""L5"": ""Normal"", ""L6"": ""1 By pass"", ""L7"": ""Normal""}}","('VALUE', 263.15886860846655)","('VALUE', 263.15886860846655)",True,True
chain,hes_L6_L7,retirada_condensado_linha@L4,"{""hes"": {""L4"": ""Normal"", ""L5"": ""Normal"", ""L6"": ""1 By pass"", ""L7"": ""Normal""}}","('VALUE', -201.1850636824986)","('VALUE', -201.1850636824986)",True,True
chain,hes_L6_L7,retirada_condensado_linha@L5,"{""hes"": {""L4"": ""Normal"", ""L5"": ""Normal"", ""L6"": ""1 By pass"", ""L7"": ""Normal""}}","('VALUE', -0.2011850636824986)","('VALUE', -0.2011850636824986)",True,True
chain,hes_L6_L7,retirada_condensado_linha@L6,"{""hes"": {""L4"": ""Normal"", ""L5"": ""Normal"", ""L6"": ""1 By pass"", ""L7"": ""Normal""}}","('VALUE', 0.002572698304960817)","('VALUE', 0.002572698304960817)",True,True
chain,hes_L6_L7,retirada_condensado_linha@L7,"{""hes"": {""L4"": ""Normal"", ""L5"": ""Normal"", ""L6"": ""1 By pass"", ""L7"": ""Normal""}}","('VALUE', 257.2698304960817)","('VALUE', 257.2698304960817)",True,True
chain,hes_L6_L7,retirada_condensado_total@L1_L7,"{""hes"": {""L4"": ""Normal"", ""L5"": ""Normal"", ""L6"": ""1 By pass"", ""L7"": ""Normal""}}","('VALUE', 582.4431270002374)","('VALUE', 582.4431270002374)",True,True
chain,hes_L6_L7,retirada_cond_corr_ltp@L1_L3,"{""hes"": {""L4"": ""Normal"", ""L5"": ""Normal"", ""L6"": ""1 By pass"", ""L7"": ""LC""}}","('VALUE', -99.49804134140493)","('VALUE', -99.49804134140493)",True,True
chain,hes_L6_L7,retirada_cond_corr_ltp@L4_L5,"{""hes"": {""L4"": ""Normal"", ""L5"": ""Normal"", ""L6"": ""1 By pass"", ""L7"": ""LC""}}","('VALUE', 47.936340992412426)","('VALUE', 47.936340992412426)",True,True
chain,hes_L6_L7,retirada_cond_corr_ltp@L6_L7,"{""hes"": {""L4"": ""Normal"", ""L5"": ""Normal"", ""L6"": ""1 By pass"", ""L7"": ""LC""}}","('VALUE', 47.936340992412426)","('VALUE', 47.936340992412426)",True,True
chain,hes_L6_L7,lth_grupo@L1_L3,"{""hes"": {""L4"": ""Normal"", ""L5"": ""Normal"", ""L6"": ""1 By pass"", ""L7"": ""LC""}}","('VALUE', 33700.00033333334)","('VALUE', 33700.00033333334)",True,True
chain,hes_L6_L7,lth_grupo@L4_L5,"{""hes"": {""L4"": ""Normal"", ""L5"": ""Normal"", ""L6"": ""1 By pass"", ""L7"": ""LC""}}","('VALUE', 50550.0)","('VALUE', 50550.0)",True,True
chain,hes_L6_L7,lth_grupo@L6_L7,"{""hes"": {""L4"": ""Normal"", ""L5"": ""Normal"", ""L6"": ""1 By pass"", ""L7"": ""LC""}}","('VALUE', 50000.0005)","('VALUE', 50000.0005)",True,True
chain,hes_L6_L7,retirada_cond_corr_lth@L1_L3,"{""hes"": {""L4"": ""Normal"", ""L5"": ""Normal"", ""L6"": ""1 By pass"", ""L7"": ""LC""}}","('VALUE', 138.42827895517283)","('VALUE', 138.42827895517283)",True,True
chain,hes_L6_L7,retirada_cond_corr_lth@L4_L5,"{""hes"": {""L4"": ""Normal"", ""L5"": ""Normal"", ""L6"": ""1 By pass"", ""L7"": ""LC""}}","('VALUE', 126.78540317282608)","('VALUE', 126.78540317282608)",True,True
chain,hes_L6_L7,retirada_cond_corr_lth@L6_L7,"{""hes"": {""L4"": ""Normal"", ""L5"": ""Normal"", ""L6"": ""1 By pass"", ""L7"": ""LC""}}","('VALUE', 146.11165660545174)","('VALUE', 146.11165660545174)",True,True
chain,hes_L6_L7,retirada_condensado_grupo@L1_L3,"{""hes"": {""L4"": ""Normal"", ""L5"": ""Normal"", ""L6"": ""1 By pass"", ""L7"": ""LC""}}","('VALUE', 20761.778960889733)","('VALUE', 20761.778960889733)",True,True
chain,hes_L6_L7,retirada_condensado_grupo@L4_L5,"{""hes"": {""L4"": ""Normal"", ""L5"": ""Normal"", ""L6"": ""1 By pass"", ""L7"": ""LC""}}","('VALUE', 257.6981243608273)","('VALUE', 257.6981243608273)",True,True
chain,hes_L6_L7,retirada_condensado_grupo@L6_L7,"{""hes"": {""L4"": ""Normal"", ""L5"": ""Normal"", ""L6"": ""1 By pass"", ""L7"": ""LC""}}","('VALUE', 234.61091638731224)","('VALUE', 234.61091638731224)",True,True
chain,hes_L6_L7,retirada_condensado_linha@L1,"{""hes"": {""L4"": ""Normal"", ""L5"": ""Normal"", ""L6"": ""1 By pass"", ""L7"": ""LC""}}","('VALUE', 0.00020535884031187824)","('VALUE', 0.00020535884031187824)",True,True
chain,hes_L6_L7,retirada_condensado_linha@L2,"{""hes"": {""L4"": ""Normal"", ""L5"": ""Normal"", ""L6"": ""1 By pass"", ""L7"": ""LC""}}","('VALUE', 20535.884031187827)","('VALUE', 20535.884031187827)",True,True
chain,hes_L6_L7,retirada_condensado_linha@L3,"{""hes"": {""L4"": ""Normal"", ""L5"": ""Normal"", ""L6"": ""1 By pass"", ""L7"": ""LC""}}","('VALUE', 225.8947243430661)","('VALUE', 225.8947243430661)",True,True
chain,hes_L6_L7,retirada_condensado_linha@L4,"{""hes"": {""L4"": ""Normal"", ""L5"": ""Normal"", ""L6"": ""1 By pass"", ""L7"": ""LC""}}","('VALUE', 254.89428720160961)","('VALUE', 254.89428720160961)",True,True
chain,hes_L6_L7,retirada_condensado_linha@L5,"{""hes"": {""L4"": ""Normal"", ""L5"": ""Normal"", ""L6"": ""1 By pass"", ""L7"": ""LC""}}","('VALUE', 2.8038371592177054)","('VALUE', 2.8038371592177054)",True,True
chain,hes_L6_L7,retirada_condensado_linha@L6,"{""hes"": {""L4"": ""Normal"", ""L5"": ""Normal"", ""L6"": ""1 By pass"", ""L7"": ""LC""}}","('VALUE', 234.61091404120307)","('VALUE', 234.61091404120307)",True,True
chain,hes_L6_L7,retirada_condensado_linha@L7,"{""hes"": {""L4"": ""Normal"", ""L5"": ""Normal"", ""L6"": ""1 By pass"", ""L7"": ""LC""}}","('VALUE', 2.346109140412031e-06)","('VALUE', 2.346109140412031e-06)",True,True
chain,hes_L6_L7,retirada_condensado_total@L1_L7,"{""hes"": {""L4"": ""Normal"", ""L5"": ""Normal"", ""L6"": ""1 By pass"", ""L7"": ""LC""}}","('VALUE', 21254.088001637872)","('VALUE', 21254.088001637872)",True,True
chain,hes_L6_L7,retirada_cond_corr_ltp@L1_L3,"{""hes"": {""L4"": ""Normal"", ""L5"": ""Normal"", ""L6"": ""1 By pass"", ""L7"": ""LC""}}","('VALUE', 183.05806811635424)","('VALUE', 183.05806811635424)",True,True
chain,hes_L6_L7,retirada_cond_corr_ltp@L4_L5,"{""hes"": {""L4"": ""Normal"", ""L5"": ""Normal"", ""L6"": ""1 By pass"", ""L7"": ""LC""}}","('VALUE', -99.49804134140493)","('VALUE', -99.49804134140493)",True,True
chain,hes_L6_L7,retirada_cond_corr_ltp@L6_L7,"{""hes"": {""L4"": ""Normal"", ""L5"": ""Normal"", ""L6"": ""1 By pass"", ""L7"": ""LC""}}","('VALUE', 47.936340992412426)","('VALUE', 47.936340992412426)",True,True
chain,hes_L6_L7,lth_grupo@L1_L3,"{""hes"": {""L4"": ""Normal"", ""L5"": ""Normal"", ""L6"": ""1 By pass"", ""L7"": ""LC""}}","('VALUE', 1013.3333333333334)","('VALUE', 1013.3333333333334)",True,True
chain,hes_L6_L7,lth_grupo@L4_L5,"{""hes"": {""L4"": ""Normal"", ""L5"": ""Normal"", ""L6"": ""1 By pass"", ""L7"": ""LC""}}","('VALUE', 550.0005)","('VALUE', 550.0005)",True,True
chain,hes_L6_L7,lth_grupo@L6_L7,"{""hes"": {""L4"": ""Normal"", ""L5"": ""Normal"", ""L6"": ""1 By pass"", ""L7"": ""LC""}}","('VALUE', 100000.0)","('VALUE', 100000.0)",True,True
chain,hes_L6_L7,retirada_cond_corr_lth@L1_L3,"{""hes"": {""L4"": ""Normal"", ""L5"": ""Normal"", ""L6"": ""1 By pass"", ""L7"": ""LC""}}","('VALUE', 70.18295917094522)","('VALUE', 70.18295917094522)",True,True
chain,hes_L6_L7,retirada_cond_corr_lth@L4_L5,"{""hes"": {""L4"": ""Normal"", ""L5"": ""Normal"", ""L6"": ""1 By pass"", ""L7"": ""LC""}}","('VALUE', 39.60854000075504)","('VALUE', 39.60854000075504)",True,True
chain,hes_L6_L7,retirada_cond_corr_lth@L6_L7,"{""hes"": {""L4"": ""Normal"", ""L5"": ""Normal"", ""L6"": ""1 By pass"", ""L7"": ""LC""}}","('VALUE', 159.61069775210666)","('VALUE', 159.61069775210666)",True,True
chain,hes_L6_L7,retirada_condensado_grupo@L1_L3,"{""hes"": {""L4"": ""Normal"", ""L5"": ""Normal"", ""L6"": ""1 By pass"", ""L7"": ""LC""}}","('VALUE', 19708.374673163773)","('VALUE', 19708.374673163773)",True,True
chain,hes_L6_L7,retirada_condensado_grupo@L4_L5,"{""hes"": {""L4"": ""Normal"", ""L5"": ""Normal"", ""L6"": ""1 By pass"", ""L7"": ""LC""}}","('VALUE', 378.21316268431997)","('VALUE', 378.21316268431997)",True,True
chain,hes_L6_L7,retirada_condensado_grupo@L6_L7,"{""hes"": {""L4"": ""Normal"", ""L5"": ""Normal"", ""L6"": ""1 By pass"", ""L7"": ""LC""}}","('VALUE', 255.9843982028492)","('VALUE', 255.9843982028492)",True,True
chain,hes_L6_L7,retirada_condensado_linha@L1,"{""hes"": {""L4"": ""Normal"", ""L5"": ""Normal"", ""L6"": ""1 By pass"", ""L7"": ""LC""}}","('VALUE', 7131.319783052681)","('VALUE', 7131.319783052681)",True,True
chain,hes_L6_L7,retirada_condensado_linha@L2,"{""hes"": {""L4"": ""Normal"", ""L5"": ""Normal"", ""L6"": ""1 By pass"", ""L7"": ""LC""}}","('VALUE', 6288.527445055545)","('VALUE', 6288.527445055545)",True,True
chain,hes_L6_L7,retirada_condensado_linha@L3,"{""hes"": {""L4"": ""Normal"", ""L5"": ""Normal"", ""L6"": ""1 By pass"", ""L7"": ""LC""}}","('VALUE', 6288.527445055545)","('VALUE', 6288.527445055545)",True,True
chain,hes_L6_L7,retirada_condensado_linha@L4,"{""hes"": {""L4"": ""Normal"", ""L5"": ""Normal"", ""L6"": ""1 By pass"", ""L7"": ""LC""}}","('VALUE', 378.2128188544846)","('VALUE', 378.2128188544846)",True,True
chain,hes_L6_L7,retirada_condensado_linha@L5,"{""hes"": {""L4"": ""Normal"", ""L5"": ""Normal"", ""L6"": ""1 By pass"", ""L7"": ""LC""}}","('VALUE', 0.00034382983532225877)","('VALUE', 0.00034382983532225877)",True,True
chain,hes_L6_L7,retirada_condensado_linha@L6,"{""hes"": {""L4"": ""Normal"", ""L5"": ""Normal"", ""L6"": ""1 By pass"", ""L7"": ""LC""}}","('VALUE', 127.9921991014246)","('VALUE', 127.9921991014246)",True,True
chain,hes_L6_L7,retirada_condensado_linha@L7,"{""hes"": {""L4"": ""Normal"", ""L5"": ""Normal"", ""L6"": ""1 By pass"", ""L7"": ""LC""}}","('VALUE', 127.9921991014246)","('VALUE', 127.9921991014246)",True,True
chain,hes_L6_L7,retirada_condensado_total@L1_L7,"{""hes"": {""L4"": ""Normal"", ""L5"": ""Normal"", ""L6"": ""1 By pass"", ""L7"": ""LC""}}","('VALUE', 20342.572234050942)","('VALUE', 20342.572234050942)",True,True
chain,hes_L6_L7,retirada_cond_corr_ltp@L1_L3,"{""hes"": {""L4"": ""Normal"", ""L5"": ""Normal"", ""L6"": ""1 By pass"", ""L7"": ""Overhaul/Parada""}}","('VALUE', 53.93641212842863)","('VALUE', 53.93641212842863)",True,True
chain,hes_L6_L7,retirada_cond_corr_ltp@L4_L5,"{""hes"": {""L4"": ""Normal"", ""L5"": ""Normal"", ""L6"": ""1 By pass"", ""L7"": ""Overhaul/Parada""}}","('VALUE', 47.936340992412426)","('VALUE', 47.936340992412426)",True,True
chain,hes_L6_L7,retirada_cond_corr_ltp@L6_L7,"{""hes"": {""L4"": ""Normal"", ""L5"": ""Normal"", ""L6"": ""1 By pass"", ""L7"": ""Overhaul/Parada""}}","('VALUE', -99.49804134140493)","('VALUE', -99.49804134140493)",True,True
chain,hes_L6_L7,lth_grupo@L1_L3,"{""hes"": {""L4"": ""Normal"", ""L5"": ""Normal"", ""L6"": ""1 By pass"", ""L7"": ""Overhaul/Parada""}}","('VALUE', 1.0)","('VALUE', 1.0)",True,True
chain,hes_L6_L7,lth_grupo@L4_L5,"{""hes"": {""L4"": ""Normal"", ""L5"": ""Normal"", ""L6"": ""1 By pass"", ""L7"": ""Overhaul/Parada""}}","('VALUE', 485.0005)","('VALUE', 485.0005)",True,True
chain,hes_L6_L7,lth_grupo@L6_L7,"{""hes"": {""L4"": ""Normal"", ""L5"": ""Normal"", ""L6"": ""1 By pass"", ""L7"": ""Overhaul/Parada""}}","('VALUE', 50550.0)","('VALUE', 50550.0)",True,True
chain,hes_L6_L7,retirada_cond_corr_lth@L1_L3,"{""hes"": {""L4"": ""Normal"", ""L5"": ""Normal"", ""L6"": ""1 By pass"", ""L7"": ""Overhaul/Parada""}}","('VALUE', -64.60352567818856)","('VALUE', -64.60352567818856)",True,True
chain,hes_L6_L7,retirada_cond_corr_lth@L4_L5,"{""hes"": {""L4"": ""Normal"", ""L5"": ""Normal"", ""L6"": ""1 By pass"", ""L7"": ""Overhaul/Parada""}}","('VALUE', 37.159183556072946)","('VALUE', 37.159183556072946)",True,True
chain,hes_L6_L7,retirada_cond_corr_lth@L6_L7,"{""hes"": {""L4"": ""Normal"", ""L5"": ""Normal"", ""L6"": ""1 By pass"", ""L7"": ""Overhaul/Parada""}}","('VALUE', 126.78540317282608)","('VALUE', 126.78540317282608)",True,True
chain,hes_L6_L7,retirada_condensado_grupo@L1_L3,"{""hes"": {""L4"": ""Normal"", ""L5"": ""Normal"", ""L6"": ""1 By pass"", ""L7"": ""Overhaul/Parada""}}","('VALUE', -259.61981341985154)","('VALUE', -259.61981341985154)",True,True
chain,hes_L6_L7,retirada_condensado_grupo@L4_L5,"{""hes"": {""L4"": ""Normal"", ""L5"": ""Normal"", ""L6"": ""1 By pass"", ""L7"": ""Overhaul/Parada""}}","('VALUE', 78.44568512732104)","('VALUE', 78.44568512732104)",True,True
chain,hes_L6_L7,retirada_condensado_grupo@L6_L7,"{""hes"": {""L4"": ""Normal"", ""L5"": ""Normal"", ""L6"": ""1 By pass"", ""L7"": ""Overhaul/Parada""}}","('VALUE', 502.566889028462)","('VALUE', 502.566889028462)",True,True
chain,hes_L6_L7,retirada_condensado_linha@L1,"{""hes"": {""L4"": ""Normal"", ""L5"": ""Normal"", ""L6"": ""1 By pass"", ""L7"": ""Overhaul/Parada""}}","('VALUE', -86.53993780661717)","('VALUE', -86.53993780661717)",True,True
chain,hes_L6_L7,retirada_condensado_linha@L2,"{""hes"": {""L4"": ""Normal"", ""L5"": ""Normal"", ""L6"": ""1 By pass"", ""L7"": ""Overhaul/Parada""}}","('VALUE', -86.53993780661717)","('VALUE', -86.53993780661717)",True,True
chain,hes_L6_L7,retirada_condensado_linha@L3,"{""hes"": {""L4"": ""Normal"", ""L5"": ""Normal"", ""L6"": ""1 By pass"", ""L7"": ""Overhaul/Parada""}}","('VALUE', -86.53993780661717)","('VALUE', -86.53993780661717)",True,True
chain,hes_L6_L7,retirada_condensado_linha@L4,"{""hes"": {""L4"": ""Normal"", ""L5"": ""Normal"", ""L6"": ""1 By pass"", ""L7"": ""Overhaul/Parada""}}","('VALUE', 78.44560425556408)","('VALUE', 78.44560425556408)",True,True
chain,hes_L6_L7,retirada_condensado_linha@L5,"{""hes"": {""L4"": ""Normal"", ""L5"": ""Normal"", ""L6"": ""1 By pass"", ""L7"": ""Overhaul/Parada""}}","('VALUE', 8.087175696449905e-05)","('VALUE', 8.087175696449905e-05)",True,True
chain,hes_L6_L7,retirada_condensado_linha@L6,"{""hes"": {""L4"": ""Normal"", ""L5"": ""Normal"", ""L6"": ""1 By pass"", ""L7"": ""Overhaul/Parada""}}","('VALUE', 497.09880220421564)","('VALUE', 497.09880220421564)",True,True
chain,hes_L6_L7,retirada_condensado_linha@L7,"{""hes"": {""L4"": ""Normal"", ""L5"": ""Normal"", ""L6"": ""1 By pass"", ""L7"": ""Overhaul/Parada""}}","('VALUE', 5.468086824246372)","('VALUE', 5.468086824246372)",True,True
chain,hes_L6_L7,retirada_condensado_total@L1_L7,"{""hes"": {""L4"": ""Normal"", ""L5"": ""Normal"", ""L6"": ""1 By pass"", ""L7"": ""Overhaul/Parada""}}","('VALUE', 321.3927607359315)","('VALUE', 321.3927607359315)",True,True
chain,hes_L6_L7,retirada_cond_corr_ltp@L1_L3,"{""hes"": {""L4"": ""Normal"", ""L5"": ""Normal"", ""L6"": ""1 By pass"", ""L7"": ""Overhaul/Parada""}}","('VALUE', 47.936340992412426)","('VALUE', 47.936340992412426)",True,True
chain,hes_L6_L7,retirada_cond_corr_ltp@L4_L5,"{""hes"": {""L4"": ""Normal"", ""L5"": ""Normal"", ""L6"": ""1 By pass"", ""L7"": ""Overhaul/Parada""}}","('VALUE', 53.93641212842863)","('VALUE', 53.93641212842863)",True,True
chain,hes_L6_L7,retirada_cond_corr_ltp@L6_L7,"{""hes"": {""L4"": ""Normal"", ""L5"": ""Normal"", ""L6"": ""1 By pass"", ""L7"": ""Overhaul/Parada""}}","('VALUE', -11.017375456696598)","('VALUE', -11.017375456696598)",True,True
chain,hes_L6_L7,lth_grupo@L1_L3,"{""hes"": {""L4"": ""Normal"", ""L5"": ""Normal"", ""L6"": ""1 By pass"", ""L7"": ""Overhaul/Parada""}}","('VALUE', 33656.667)","('VALUE', 33656.667)",True,True
chain,hes_L6_L7,lth_grupo@L4_L5,"{""hes"": {""L4"": ""Normal"", ""L5"": ""Normal"", ""L6"": ""1 By pass"", ""L7"": ""Overhaul/Parada""}}","('VALUE', 50000.5)","('VALUE', 50000.5)",True,True
chain,hes_L6_L7,lth_grupo@L6_L7,"{""hes"": {""L4"": ""Normal"", ""L5"": ""Normal"", ""L6"": ""1 By pass"", ""L7"": ""Overhaul/Parada""}}","('VALUE', 0.5005)","('VALUE', 0.5005)",True,True
chain,hes_L6_L7,retirada_cond_corr_lth@L1_L3,"{""hes"": {""L4"": ""Normal"", ""L5"": ""Normal"", ""L6"": ""1 By pass"", ""L7"": ""Overhaul/Parada""}}","('VALUE', 118.86391223367508)","('VALUE', 118.86391223367508)",True,True
chain,hes_L6_L7,retirada_cond_corr_lth@L4_L5,"{""hes"": {""L4"": ""Normal"", ""L5"": ""Normal"", ""L6"": ""1 By pass"", ""L7"": ""Overhaul/Parada""}}","('VALUE', 126.57254258960575)","('VALUE', 126.57254258960575)",True,True
chain,hes_L6_L7,retirada_cond_corr_lth@L6_L7,"{""hes"": {""L4"": ""Normal"", ""L5"": ""Normal"", ""L6"": ""1 By pass"", ""L7"": ""Overhaul/Parada""}}","('VALUE', -78.08310175060669)","('VALUE', -78.08310175060669)",True,True
chain,hes_L6_L7,retirada_condensado_grupo@L1_L3,"{""hes"": {""L4"": ""Normal"", ""L5"": ""Normal"", ""L6"": ""1 By pass"", ""L7"": ""Overhaul/Parada""}}","('VALUE', 10259.782713723787)","('VALUE', 10259.782713723787)",True,True
chain,hes_L6_L7,retirada_condensado_grupo@L4_L5,"{""hes"": {""L4"": ""Normal"", ""L5"": ""Normal"", ""L6"": ""1 By pass"", ""L7"": ""Overhaul/Parada""}}","('VALUE', 245.27226092235423)","('VALUE', 245.27226092235423)",True,True
chain,hes_L6_L7,retirada_condensado_grupo@L6_L7,"{""hes"": {""L4"": ""Normal"", ""L5"": ""Normal"", ""L6"": ""1 By pass"", ""L7"": ""Overhaul/Parada""}}","('VALUE', -84.13145258782018)","('VALUE', -84.13145258782018)",True,True
chain,hes_L6_L7,retirada_condensado_linha@L1,"{""hes"": {""L4"": ""Normal"", ""L5"": ""Normal"", ""L6"": ""1 By pass"", ""L7"": ""Overhaul/Parada""}}","('VALUE', 98.56382226154552)","('VALUE', 98.56382226154552)",True,True
chain,hes_L6_L7,retirada_condensado_linha@L2,"{""hes"": {""L4"": ""Normal"", ""L5"": ""Normal"", ""L6"": ""1 By pass"", ""L7"": ""Overhaul/Parada""}}","('VALUE', 0.00010161218789850054)","('VALUE', 0.00010161218789850054)",True,True
chain,hes_L6_L7,retirada_condensado_linha@L3,"{""hes"": {""L4"": ""Normal"", ""L5"": ""Normal"", ""L6"": ""1 By pass"", ""L7"": ""Overhaul/Parada""}}","('VALUE', 10161.218789850052)","('VALUE', 10161.218789850052)",True,True
chain,hes_L6_L7,retirada_condensado_linha@L4,"{""hes"": {""L4"": ""Normal"", ""L5"": ""Normal"", ""L6"": ""1 By pass"", ""L7"": ""Overhaul/Parada""}}","('VALUE', 0.00245269808224272)","('VALUE', 0.00245269808224272)",True,True
chain,hes_L6_L7,retirada_condensado_linha@L5,"{""hes"": {""L4"": ""Normal"", ""L5"": ""Normal"", ""L6"": ""1 By pass"", ""L7"": ""Overhaul/Parada""}}","('VALUE', 245.269808224272)","('VALUE', 245.269808224272)",True,True
chain,hes_L6_L7,retirada_condensado_linha@L6,"{""hes"": {""L4"": ""Normal"", ""L5"": ""Normal"", ""L6"": ""1 By pass"", ""L7"": ""Overhaul/Parada""}}","('VALUE', -84.04740518263755)","('VALUE', -84.04740518263755)",True,True
chain,hes_L6_L7,retirada_condensado_linha@L7,"{""hes"": {""L4"": ""Normal"", ""L5"": ""Normal"", ""L6"": ""1 By pass"", ""L7"": ""Overhaul/Parada""}}","('VALUE', -0.08404740518263755)","('VALUE', -0.08404740518263755)",True,True
chain,hes_L6_L7,retirada_condensado_total@L1_L7,"{""hes"": {""L4"": ""Normal"", ""L5"": ""Normal"", ""L6"": ""1 By pass"", ""L7"": ""Overhaul/Parada""}}","('VALUE', 10420.923522058321)","('VALUE', 10420.923522058321)",True,True
chain,hes_L6_L7,retirada_cond_corr_ltp@L1_L3,"{""hes"": {""L4"": ""Normal"", ""L5"": ""Normal"", ""L6"": ""1 By pass"", ""L7"": ""1 By pass""}}","('VALUE', 183.05806811635424)","('VALUE', 183.05806811635424)",True,True
chain,hes_L6_L7,retirada_cond_corr_ltp@L4_L5,"{""hes"": {""L4"": ""Normal"", ""L5"": ""Normal"", ""L6"": ""1 By pass"", ""L7"": ""1 By pass""}}","('VALUE', 47.936340992412426)","('VALUE', 47.936340992412426)",True,True
chain,hes_L6_L7,retirada_cond_corr_ltp@L6_L7,"{""hes"": {""L4"": ""Normal"", ""L5"": ""Normal"", ""L6"": ""1 By pass"", ""L7"": ""1 By pass""}}","('VALUE', 183.05806811635424)","('VALUE', 183.05806811635424)",True,True
chain,hes_L6_L7,lth_grupo@L1_L3,"{""hes"": {""L4"": ""Normal"", ""L5"": ""Normal"", ""L6"": ""1 By pass"", ""L7"": ""1 By pass""}}","('VALUE', 323.334)","('VALUE', 323.334)",True,True
chain,hes_L6_L7,lth_grupo@L4_L5,"{""hes"": {""L4"": ""Normal"", ""L5"": ""Normal"", ""L6"": ""1 By pass"", ""L7"": ""1 By pass""}}","('VALUE', 550.0005)","('VALUE', 550.0005)",True,True
chain,hes_L6_L7,lth_grupo@L6_L7,"{""hes"": {""L4"": ""Normal"", ""L5"": ""Normal"", ""L6"": ""1 By pass"", ""L7"": ""1 By pass""}}","('VALUE', 50485.0)","('VALUE', 50485.0)",True,True
chain,hes_L6_L7,retirada_cond_corr_lth@L1_L3,"{""hes"": {""L4"": ""Normal"", ""L5"": ""Normal"", ""L6"": ""1 By pass"", ""L7"": ""1 By pass""}}","('VALUE', 29.262770652954984)","('VALUE', 29.262770652954984)",True,True
chain,hes_L6_L7,retirada_cond_corr_lth@L4_L5,"{""hes"": {""L4"": ""Normal"", ""L5"": ""Normal"", ""L6"": ""1 By pass"", ""L7"": ""1 By pass""}}","('VALUE', 39.60854000075504)","('VALUE', 39.60854000075504)",True,True
chain,hes_L6_L7,retirada_cond_corr_lth@L6_L7,"{""hes"": {""L4"": ""Normal"", ""L5"": ""Normal"", ""L6"": ""1 By pass"", ""L7"": ""1 By pass""}}","('VALUE', 127.6260430972695)","('VALUE', 127.6260430972695)",True,True
chain,hes_L6_L7,retirada_condensado_grupo@L1_L3,"{""hes"": {""L4"": ""Normal"", ""L5"": ""Normal"", ""L6"": ""1 By pass"", ""L7"": ""1 By pass""}}","('VALUE', 9586.614107609803)","('VALUE', 9586.614107609803)",True,True
chain,hes_L6_L7,retirada_condensado_grupo@L4_L5,"{""hes"": {""L4"": ""Normal"", ""L5"": ""Normal"", ""L6"": ""1 By pass"", ""L7"": ""1 By pass""}}","('VALUE', 83.34439801668523)","('VALUE', 83.34439801668523)",True,True
chain,hes_L6_L7,retirada_condensado_grupo@L6_L7,"{""hes"": {""L4"": ""Normal"", ""L5"": ""Normal"", ""L6"": ""1 By pass"", ""L7"": ""1 By pass""}}","('VALUE', -10.864050038169466)","('VALUE', -10.864050038169466)",True,True
chain,hes_L6_L7,retirada_condensado_linha@L1,"{""hes"": {""L4"": ""Normal"", ""L5"": ""Normal"", ""L6"": ""1 By pass"", ""L7"": ""1 By pass""}}","('VALUE', 9586.594341435904)","('VALUE', 9586.594341435904)",True,True
chain,hes_L6_L7,retirada_condensado_linha@L2,"{""hes"": {""L4"": ""Normal"", ""L5"": ""Normal"", ""L6"": ""1 By pass"", ""L7"": ""1 By pass""}}","('VALUE', 0.00988308694993392)","('VALUE', 0.00988308694993392)",True,True
chain,hes_L6_L7,retirada_condensado_linha@L3,"{""hes"": {""L4"": ""Normal"", ""L5"": ""Normal"", ""L6"": ""1 By pass"", ""L7"": ""1 By pass""}}","('VALUE', 0.00988308694993392)","('VALUE', 0.00988308694993392)",True,True
chain,hes_L6_L7,retirada_condensado_linha@L4,"{""hes"": {""L4"": ""Normal"", ""L5"": ""Normal"", ""L6"": ""1 By pass"", ""L7"": ""1 By pass""}}","('VALUE', 83.34432224911956)","('VALUE', 83.34432224911956)",True,True
chain,hes_L6_L7,retirada_condensado_linha@L5,"{""hes"": {""L4"": ""Normal"", ""L5"": ""Normal"", ""L6"": ""1 By pass"", ""L7"": ""1 By pass""}}","('VALUE', 7.576756568101778e-05)","('VALUE', 7.576756568101778e-05)",True,True
chain,hes_L6_L7,retirada_condensado_linha@L6,"{""hes"": {""L4"": ""Normal"", ""L5"": ""Normal"", ""L6"": ""1 By pass"", ""L7"": ""1 By pass""}}","('VALUE', -10.759681131196857)","('VALUE', -10.759681131196857)",True,True
chain,hes_L6_L7,retirada_condensado_linha@L7,"{""hes"": {""L4"": ""Normal"", ""L5"": ""Normal"", ""L6"": ""1 By pass"", ""L7"": ""1 By pass""}}","('VALUE', -0.1043689069726095)","('VALUE', -0.1043689069726095)",True,True
chain,hes_L6_L7,retirada_condensado_total@L1_L7,"{""hes"": {""L4"": ""Normal"", ""L5"": ""Normal"", ""L6"": ""1 By pass"", ""L7"": ""1 By pass""}}","('VALUE', 9659.094455588318)","('VALUE', 9659.094455588318)",True,True
chain,hes_L6_L7,retirada_cond_corr_ltp@L1_L3,"{""hes"": {""L4"": ""Normal"", ""L5"": ""Normal"", ""L6"": ""1 By pass"", ""L7"": ""1 By pass""}}","('VALUE', -99.49804134140493)","('VALUE', -99.49804134140493)",True,True
chain,hes_L6_L7,retirada_cond_corr_ltp@L4_L5,"{""hes"": {""L4"": ""Normal"", ""L5"": ""Normal"", ""L6"": ""1 By pass"", ""L7"": ""1 By pass""}}","('VALUE', 183.05806811635424)","('VALUE', 183.05806811635424)",True,True
chain,hes_L6_L7,retirada_cond_corr_ltp@L6_L7,"{""hes"": {""L4"": ""Normal"", ""L5"": ""Normal"", ""L6"": ""1 By pass"", ""L7"": ""1 By pass""}}","('VALUE', -99.49804134140493)","('VALUE', -99.49804134140493)",True,True
chain,hes_L6_L7,lth_grupo@L1_L3,"{""hes"": {""L4"": ""Normal"", ""L5"": ""Normal"", ""L6"": ""1 By pass"", ""L7"": ""1 By pass""}}","('VALUE', 367.00033333333334)","('VALUE', 367.00033333333334)",True,True
chain,hes_L6_L7,lth_grupo@L4_L5,"{""hes"": {""L4"": ""Normal"", ""L5"": ""Normal"", ""L6"": ""1 By pass"", ""L7"": ""1 By pass""}}","('VALUE', 0.5005)","('VALUE', 0.5005)",True,True
chain,hes_L6_L7,lth_grupo@L6_L7,"{""hes"": {""L4"": ""Normal"", ""L5"": ""Normal"", ""L6"": ""1 By pass"", ""L7"": ""1 By pass""}}","('VALUE', 50550.0)","('VALUE', 50550.0)",True,True
chain,hes_L6_L7,retirada_cond_corr_lth@L1_L3,"{""hes"": {""L4"": ""Normal"", ""L5"": ""Normal"", ""L6"": ""1 By pass"", ""L7"": ""1 By pass""}}","('VALUE', 50.40341400113121)","('VALUE', 50.40341400113121)",True,True
chain,hes_L6_L7,retirada_cond_corr_lth@L4_L5,"{""hes"": {""L4"": ""Normal"", ""L5"": ""Normal"", ""L6"": ""1 By pass"", ""L7"": ""1 By pass""}}","('VALUE', -97.6224103207289)","('VALUE', -97.6224103207289)",True,True
chain,hes_L6_L7,retirada_cond_corr_lth@L6_L7,"{""hes"": {""L4"": ""Normal"", ""L5"": ""Normal"", ""L6"": ""1 By pass"", ""L7"": ""1 By pass""}}","('VALUE', 146.3247117429483)","('VALUE', 146.3247117429483)",True,True
chain,hes_L6_L7,retirada_condensado_grupo@L1_L3,"{""hes"": {""L4"": ""Normal"", ""L5"": ""Normal"", ""L6"": ""1 By pass"", ""L7"": ""1 By pass""}}","('VALUE', 10543.704366027609)","('VALUE', 10543.704366027609)",True,True
chain,hes_L6_L7,retirada_condensado_grupo@L4_L5,"{""hes"": {""L4"": ""Normal"", ""L5"": ""Normal"", ""L6"": ""1 By pass"", ""L7"": ""1 By pass""}}","('VALUE', -461.3609568741663)","('VALUE', -461.3609568741663)",True,True
chain,hes_L6_L7,retirada_condensado_grupo@L6_L7,"{""hes"": {""L4"": ""Normal"", ""L5"": ""Normal"", ""L6"": ""1 By pass"", ""L7"": ""1 By pass""}}","('VALUE', 591.6455061687064)","('VALUE', 591.6455061687064)",True,True
chain,hes_L6_L7,retirada_condensado_linha@L1,"{""hes"": {""L4"": ""Normal"", ""L5"": ""Normal"", ""L6"": ""1 By pass"", ""L7"": ""1 By pass""}}","('VALUE', 0.009576471198507184)","('VALUE', 0.009576471198507184)",True,True
chain,hes_L6_L7,retirada_condensado_linha@L2,"{""hes"": {""L4"": ""Normal"", ""L5"": ""Normal"", ""L6"": ""1 By pass"", ""L7"": ""1 By pass""}}","('VALUE', 10534.118318357903)","('VALUE', 10534.118318357903)",True,True
chain,hes_L6_L7,retirada_condensado_linha@L3,"{""hes"": {""L4"": ""Normal"", ""L5"": ""Normal"", ""L6"": ""1 By pass"", ""L7"": ""1 By pass""}}","('VALUE', 9.576471198507184)","('VALUE', 9.576471198507184)",True,True
chain,hes_L6_L7,retirada_condensado_linha@L4,"{""hes"": {""L4"": ""Normal"", ""L5"": ""Normal"", ""L6"": ""1 By pass"", ""L7"": ""1 By pass""}}","('VALUE', -460.90005681734897)","('VALUE', -460.90005681734897)",True,True
chain,hes_L6_L7,retirada_condensado_linha@L5,"{""hes"": {""L4"": ""Normal"", ""L5"": ""Normal"", ""L6"": ""1 By pass"", ""L7"": ""1 By pass""}}","('VALUE', -0.46090005681734897)","('VALUE', -0.46090005681734897)",True,True
chain,hes_L6_L7,retirada_condensado_linha@L6,"{""hes"": {""L4"": ""Normal"", ""L5"": ""Normal"", ""L6"": ""1 By pass"", ""L7"": ""1 By pass""}}","('VALUE', 6.43729037374458)","('VALUE', 6.43729037374458)",True,True
chain,hes_L6_L7,retirada_condensado_linha@L7,"{""hes"": {""L4"": ""Normal"", ""L5"": ""Normal"", ""L6"": ""1 By pass"", ""L7"": ""1 By pass""}}","('VALUE', 585.2082157949618)","('VALUE', 585.2082157949618)",True,True
chain,hes_L6_L7,retirada_condensado_total@L1_L7,"{""hes"": {""L4"": ""Normal"", ""L5"": ""Normal"", ""L6"": ""1 By pass"", ""L7"": ""1 By pass""}}","('VALUE', 10673.988915322148)","('VALUE', 10673.988915322148)",True,True
chain,hes_L6_L7,retirada_cond_corr_ltp@L1_L3,"{""hes"": {""L4"": ""Normal"", ""L5"": ""Normal"", ""L6"": ""1 By pass"", ""L7"": ""1 By pass e LC""}}","('VALUE', 53.93641212842863)","('VALUE', 53.93641212842863)",True,True
chain,hes_L6_L7,retirada_cond_corr_ltp@L4_L5,"{""hes"": {""L4"": ""Normal"", ""L5"": ""Normal"", ""L6"": ""1 By pass"", ""L7"": ""1 By pass e LC""}}","('VALUE', 53.93641212842863)","('VALUE', 53.93641212842863)",True,True
chain,hes_L6_L7,retirada_cond_corr_ltp@L6_L7,"{""hes"": {""L4"": ""Normal"", ""L5"": ""Normal"", ""L6"": ""1 By pass"", ""L7"": ""1 By pass e LC""}}","('VALUE', -99.49804134140493)","('VALUE', -99.49804134140493)",True,True
chain,hes_L6_L7,lth_grupo@L1_L3,"{""hes"": {""L4"": ""Normal"", ""L5"": ""Normal"", ""L6"": ""1 By pass"", ""L7"": ""1 By pass e LC""}}","('VALUE', 367.00033333333334)","('VALUE', 367.00033333333334)",True,True
chain,hes_L6_L7,lth_grupo@L4_L5,"{""hes"": {""L4"": ""Normal"", ""L5"": ""Normal"", ""L6"": ""1 By pass"", ""L7"": ""1 By pass e LC""}}","('VALUE', 485.5)","('VALUE', 485.5)",True,True
chain,hes_L6_L7,lth_grupo@L6_L7,"{""hes"": {""L4"": ""Normal"", ""L5"": ""Normal"", ""L6"": ""1 By pass"", ""L7"": ""1 By pass e LC""}}","('VALUE', 0.5005)","('VALUE', 0.5005)",True,True
chain,hes_L6_L7,retirada_cond_corr_lth@L1_L3,"{""hes"": {""L4"": ""Normal"", ""L5"": ""Normal"", ""L6"": ""1 By pass"", ""L7"": ""1 By pass e LC""}}","('VALUE', 30.86410543100901)","('VALUE', 30.86410543100901)",True,True
chain,hes_L6_L7,retirada_cond_corr_lth@L4_L5,"{""hes"": {""L4"": ""Normal"", ""L5"": ""Normal"", ""L6"": ""1 By pass"", ""L7"": ""1 By pass e LC""}}","('VALUE', 37.179230456324845)","('VALUE', 37.179230456324845)",True,True
chain,hes_L6_L7,retirada_cond_corr_lth@L6_L7,"{""hes"": {""L4"": ""Normal"", ""L5"": ""Normal"", ""L6"": ""1 By pass"", ""L7"": ""1 By pass e LC""}}","('VALUE', -97.6224103207289)","('VALUE', -97.6224103207289)",True,True
chain,hes_L6_L7,retirada_condensado_grupo@L1_L3,"{""hes"": {""L4"": ""Normal"", ""L5"": ""Normal"", ""L6"": ""1 By pass"", ""L7"": ""1 By pass e LC""}}","('VALUE', 9977.783079907742)","('VALUE', 9977.783079907742)",True,True
chain,hes_L6_L7,retirada_condensado_grupo@L4_L5,"{""hes"": {""L4"": ""Normal"", ""L5"": ""Normal"", ""L6"": ""1 By pass"", ""L7"": ""1 By pass e LC""}}","('VALUE', 66.48563665579243)","('VALUE', 66.48563665579243)",True,True
chain,hes_L6_L7,retirada_condensado_grupo@L6_L7,"{""hes"": {""L4"": ""Normal"", ""L5"": ""Normal"", ""L6"": ""1 By pass"", ""L7"": ""1 By pass e LC""}}","('VALUE', 103.75126204135205)","('VALUE', 103.75126204135205)",True,True
chain,hes_L6_L7,retirada_condensado_linha@L1,"{""hes"": {""L4"": ""Normal"", ""L5"": ""Normal"", ""L6"": ""1 By pass"", ""L7"": ""1 By pass e LC""}}","('VALUE', 9968.711552395063)","('VALUE', 9968.711552395063)",True,True
chain,hes_L6_L7,retirada_condensado_linha@L2,"{""hes"": {""L4"": ""Normal"", ""L5"": ""Normal"", ""L6"": ""1 By pass"", ""L7"": ""1 By pass e LC""}}","('VALUE', 0.009062465047631875)","('VALUE', 0.009062465047631875)",True,True
chain,hes_L6_L7,retirada_condensado_linha@L3,"{""hes"": {""L4"": ""Normal"", ""L5"": ""Normal"", ""L6"": ""1 By pass"", ""L7"": ""1 By pass e LC""}}","('VALUE', 9.062465047631875)","('VALUE', 9.062465047631875)",True,True
chain,hes_L6_L7,retirada_condensado_linha@L4,"{""hes"": {""L4"": ""Normal"", ""L5"": ""Normal"", ""L6"": ""1 By pass"", ""L7"": ""1 By pass e LC""}}","('VALUE', 0.06847130448588304)","('VALUE', 0.06847130448588304)",True,True
chain,hes_L6_L7,retirada_condensado_linha@L5,"{""hes"": {""L4"": ""Normal"", ""L5"": ""Normal"", ""L6"": ""1 By pass"", ""L7"": ""1 By pass e LC""}}","('VALUE', 66.41716535130655)","('VALUE', 66.41716535130655)",True,True
chain,hes_L6_L7,retirada_condensado_linha@L6,"{""hes"": {""L4"": ""Normal"", ""L5"": ""Normal"", ""L6"": ""1 By pass"", ""L7"": ""1 By pass e LC""}}","('VALUE', 0.10364761442692515)","('VALUE', 0.10364761442692515)",True,True
chain,hes_L6_L7,retirada_condensado_linha@L7,"{""hes"": {""L4"": ""Normal"", ""L5"": ""Normal"", ""L6"": ""1 By pass"", ""L7"": ""1 By pass e LC""}}","('VALUE', 103.64761442692513)","('VALUE', 103.64761442692513)",True,True
chain,hes_L6_L7,retirada_condensado_total@L1_L7,"{""hes"": {""L4"": ""Normal"", ""L5"": ""Normal"", ""L6"": ""1 By pass"", ""L7"": ""1 By pass e LC""}}","('VALUE', 10148.019978604887)","('VALUE', 10148.019978604887)",True,True
chain,hes_L6_L7,retirada_cond_corr_ltp@L1_L3,"{""hes"": {""L4"": ""Normal"", ""L5"": ""Normal"", ""L6"": ""1 By pass"", ""L7"": ""1 By pass e LC""}}","('VALUE', 183.05806811635424)","('VALUE', 183.05806811635424)",True,True
chain,hes_L6_L7,retirada_cond_corr_ltp@L4_L5,"{""hes"": {""L4"": ""Normal"", ""L5"": ""Normal"", ""L6"": ""1 By pass"", ""L7"": ""1 By pass e LC""}}","('VALUE', -99.49804134140493)","('VALUE', -99.49804134140493)",True,True
chain,hes_L6_L7,retirada_cond_corr_ltp@L6_L7,"{""hes"": {""L4"": ""Normal"", ""L5"": ""Normal"", ""L6"": ""1 By pass"", ""L7"": ""1 By pass e LC""}}","('VALUE', 183.05806811635424)","('VALUE', 183.05806811635424)",True,True
chain,hes_L6_L7,lth_grupo@L1_L3,"{""hes"": {""L4"": ""Normal"", ""L5"": ""Normal"", ""L6"": ""1 By pass"", ""L7"": ""1 By pass e LC""}}","('VALUE', 34066.666666666664)","('VALUE', 34066.666666666664)",True,True
chain,hes_L6_L7,lth_grupo@L4_L5,"{""hes"": {""L4"": ""Normal"", ""L5"": ""Normal"", ""L6"": ""1 By pass"", ""L7"": ""1 By pass e LC""}}","('VALUE', 50485.0)","('VALUE', 50485.0)",True,True
chain,hes_L6_L7,lth_grupo@L6_L7,"{""hes"": {""L4"": ""Normal"", ""L5"": ""Normal"", ""L6"": ""1 By pass"", ""L7"": ""1 By pass e LC""}}","('VALUE', 50485.0)","('VALUE', 50485.0)",True,True
chain,hes_L6_L7,retirada_cond_corr_lth@L1_L3,"{""hes"": {""L4"": ""Normal"", ""L5"": ""Normal"", ""L6"": ""1 By pass"", ""L7"": ""1 By pass e LC""}}","('VALUE', 119.09971991261796)","('VALUE', 119.09971991261796)",True,True
chain,hes_L6_L7,retirada_cond_corr_lth@L4_L5,"{""hes"": {""L4"": ""Normal"", ""L5"": ""Normal"", ""L6"": ""1 By pass"", ""L7"": ""1 By pass e LC""}}","('VALUE', 146.29965359132473)","('VALUE', 146.29965359132473)",True,True
chain,hes_L6_L7,retirada_cond_corr_lth@L6_L7,"{""hes"": {""L4"": ""Normal"", ""L5"": ""Normal"", ""L6"": ""1 By pass"", ""L7"": ""1 By pass e LC""}}","('VALUE', -9.624354788663851)","('VALUE', -9.624354788663851)",True,True
chain,hes_L6_L7,retirada_condensado_grupo@L1_L3,"{""hes"": {""L4"": ""Normal"", ""L5"": ""Normal"", ""L6"": ""1 By pass"", ""L7"": ""1 By pass e LC""}}","('VALUE', 9855.124955388792)","('VALUE', 9855.124955388792)",True,True
chain,hes_L6_L7,retirada_condensado_grupo@L4_L5,"{""hes"": {""L4"": ""Normal"", ""L5"": ""Normal"", ""L6"": ""1 By pass"", ""L7"": ""1 By pass e LC""}}","('VALUE', 591.5953898654593)","('VALUE', 591.5953898654593)",True,True
chain,hes_L6_L7,retirada_condensado_grupo@L6_L7,"{""hes"": {""L4"": ""Normal"", ""L5"": ""Normal"", ""L6"": ""1 By pass"", ""L7"": ""1 By pass e LC""}}","('VALUE', -288.3648458100362)","('VALUE', -288.3648458100362)",True,True
chain,hes_L6_L7,retirada_condensado_linha@L1,"{""hes"": {""L4"": ""Normal"", ""L5"": ""Normal"", ""L6"": ""1 By pass"", ""L7"": ""1 By pass e LC""}}","('VALUE', 106.07277349244296)","('VALUE', 106.07277349244296)",True,True
chain,hes_L6_L7,retirada_condensado_linha@L2,"{""hes"": {""L4"": ""Normal"", ""L5"": ""Normal"", ""L6"": ""1 By pass"", ""L7"": ""1 By pass e LC""}}","('VALUE', 106.07277349244296)","('VALUE', 106.07277349244296)",True,True
chain,hes_L6_L7,retirada_condensado_linha@L3,"{""hes"": {""L4"": ""Normal"", ""L5"": ""Normal"", ""L6"": ""1 By pass"", ""L7"": ""1 By pass e LC""}}","('VALUE', 9642.979408403906)","('VALUE', 9642.979408403906)",True,True
chain,hes_L6_L7,retirada_condensado_linha@L4,"{""hes"": {""L4"": ""Normal"", ""L5"": ""Normal"", ""L6"": ""1 By pass"", ""L7"": ""1 By pass e LC""}}","('VALUE', 585.9120430478947)","('VALUE', 585.9120430478947)",True,True
chain,hes_L6_L7,retirada_condensado_linha@L5,"{""hes"": {""L4"": ""Normal"", ""L5"": ""Normal"", ""L6"": ""1 By pass"", ""L7"": ""1 By pass e LC""}}","('VALUE', 5.683346817564579)","('VALUE', 5.683346817564579)",True,True
chain,hes_L6_L7,retirada_condensado_linha@L6,"{""hes"": {""L4"": ""Normal"", ""L5"": ""Normal"", ""L6"": ""1 By pass"", ""L7"": ""1 By pass e LC""}}","('VALUE', -2.770267410475736)","('VALUE', -2.770267410475736)",True,True
chain,hes_L6_L7,retirada_condensado_linha@L7,"{""hes"": {""L4"": ""Normal"", ""L5"": ""Normal"", ""L6"": ""1 By pass"", ""L7"": ""1 By pass e LC""}}","('VALUE', -285.5945783995604)","('VALUE', -285.5945783995604)",True,True
chain,hes_L6_L7,retirada_condensado_total@L1_L7,"{""hes"": {""L4"": ""Normal"", ""L5"": ""Normal"", ""L6"": ""1 By pass"", ""L7"": ""1 By pass e LC""}}","('VALUE', 10158.355499444215)","('VALUE', 10158.355499444215)",True,True
chain,hes_L6_L7,retirada_cond_corr_ltp@L1_L3,"{""hes"": {""L4"": ""Normal"", ""L5"": ""Normal"", ""L6"": ""1 By pass e LC"", ""L7"": ""Normal""}}","('VALUE', -11.017375456696598)","('VALUE', -11.017375456696598)",True,True
chain,hes_L6_L7,retirada_cond_corr_ltp@L4_L5,"{""hes"": {""L4"": ""Normal"", ""L5"": ""Normal"", ""L6"": ""1 By pass e LC"", ""L7"": ""Normal""}}","('VALUE', -11.017375456696598)","('VALUE', -11.017375456696598)",True,True
chain,hes_L6_L7,retirada_cond_corr_ltp@L6_L7,"{""hes"": {""L4"": ""Normal"", ""L5"": ""Normal"", ""L6"": ""1 By pass e LC"", ""L7"": ""Normal""}}","('VALUE', 47.936340992412426)","('VALUE', 47.936340992412426)",True,True
chain,hes_L6_L7,lth_grupo@L1_L3,"{""hes"": {""L4"": ""Normal"", ""L5"": ""Normal"", ""L6"": ""1 By pass e LC"", ""L7"": ""Normal""}}","('VALUE', 646.667)","('VALUE', 646.667)",True,True
chain,hes_L6_L7,lth_grupo@L4_L5,"{""hes"": {""L4"": ""Normal"", ""L5"": ""Normal"", ""L6"": ""1 By pass e LC"", ""L7"": ""Normal""}}","('VALUE', 485.0005)","('VALUE', 485.0005)",True,True
chain,hes_L6_L7,lth_grupo@L6_L7,"{""hes"": {""L4"": ""Normal"", ""L5"": ""Normal"", ""L6"": ""1 By pass e LC"", ""L7"": ""Normal""}}","('VALUE', 50000.0005)","('VALUE', 50000.0005)",True,True
chain,hes_L6_L7,retirada_cond_corr_lth@L1_L3,"{""hes"": {""L4"": ""Normal"", ""L5"": ""Normal"", ""L6"": ""1 By pass e LC"", ""L7"": ""Normal""}}","('VALUE', 41.896083802352365)","('VALUE', 41.896083802352365)",True,True
chain,hes_L6_L7,retirada_cond_corr_lth@L4_L5,"{""hes"": {""L4"": ""Normal"", ""L5"": ""Normal"", ""L6"": ""1 By pass e LC"", ""L7"": ""Normal""}}","('VALUE', 36.293485480005955)","('VALUE', 36.293485480005955)",True,True
chain,hes_L6_L7,retirada_cond_corr_lth@L6_L7,"{""hes"": {""L4"": ""Normal"", ""L5"": ""Normal"", ""L6"": ""1 By pass e LC"", ""L7"": ""Normal""}}","('VALUE', 146.11165660545174)","('VALUE', 146.11165660545174)",True,True
chain,hes_L6_L7,retirada_condensado_grupo@L1_L3,"{""hes"": {""L4"": ""Normal"", ""L5"": ""Normal"", ""L6"": ""1 By pass e LC"", ""L7"": ""Normal""}}","('VALUE', 205.74037777714688)","('VALUE', 205.74037777714688)",True,True
chain,hes_L6_L7,retirada_condensado_grupo@L4_L5,"{""hes"": {""L4"": ""Normal"", ""L5"": ""Normal"", ""L6"": ""1 By pass e LC"", ""L7"": ""Normal""}}","('VALUE', 194.6217218734051)","('VALUE', 194.6217218734051)",True,True
chain,hes_L6_L7,retirada_condensado_grupo@L6_L7,"{""hes"": {""L4"": ""Normal"", ""L5"": ""Normal"", ""L6"": ""1 By pass e LC"", ""L7"": ""Normal""}}","('STATE', ('NO_APPLICABLE_RULE', None, None))","('STATE', ('NO_APPLICABLE_RULE', None, None))",True,True
chain,hes_L6_L7,retirada_condensado_linha@L1,"{""hes"": {""L4"": ""Normal"", ""L5"": ""Normal"", ""L6"": ""1 By pass e LC"", ""L7"": ""Normal""}}","('VALUE', 102.87013586273022)","('VALUE', 102.87013586273022)",True,True
chain,hes_L6_L7,retirada_condensado_linha@L2,"{""hes"": {""L4"": ""Normal"", ""L5"": ""Normal"", ""L6"": ""1 By pass e LC"", ""L7"": ""Normal""}}","('VALUE', 0.00010605168645642289)","('VALUE', 0.00010605168645642289)",True,True
chain,hes_L6_L7,retirada_condensado_linha@L3,"{""hes"": {""L4"": ""Normal"", ""L5"": ""Normal"", ""L6"": ""1 By pass e LC"", ""L7"": ""Normal""}}","('VALUE', 102.87013586273022)","('VALUE', 102.87013586273022)",True,True
chain,hes_L6_L7,retirada_condensado_linha@L4,"{""hes"": {""L4"": ""Normal"", ""L5"": ""Normal"", ""L6"": ""1 By pass e LC"", ""L7"": ""Normal""}}","('VALUE', 194.62152123266156)","('VALUE', 194.62152123266156)",True,True
chain,hes_L6_L7,retirada_condensado_linha@L5,"{""hes"": {""L4"": ""Normal"", ""L5"": ""Normal"", ""L6"": ""1 By pass e LC"", ""L7"": ""Normal""}}","('VALUE', 0.00020064074353882638)","('VALUE', 0.00020064074353882638)",True,True
chain,hes_L6_L7,retirada_condensado_linha@L6,"{""hes"": {""L4"": ""Normal"", ""L5"": ""Normal"", ""L6"": ""1 By pass e LC"", ""L7"": ""Normal""}}","('STATE', ('NO_APPLICABLE_RULE', None, None))","('STATE', ('NO_APPLICABLE_RULE', None, None))",True,True
chain,hes_L6_L7,retirada_condensado_linha@L7,"{""hes"": {""L4"": ""Normal"", ""L5"": ""Normal"", ""L6"": ""1 By pass e LC"", ""L7"": ""Normal""}}","('STATE', ('NO_APPLICABLE_RULE', None, None))","('STATE', ('NO_APPLICABLE_RULE', None, None))",True,True
chain,hes_L6_L7,retirada_condensado_total@L1_L7,"{""hes"": {""L4"": ""Normal"", ""L5"": ""Normal"", ""L6"": ""1 By pass e LC"", ""L7"": ""Normal""}}","('STATE', ('NO_APPLICABLE_RULE', None, None))","('STATE', ('NO_APPLICABLE_RULE', None, None))",True,True
chain,hes_L6_L7,retirada_cond_corr_ltp@L1_L3,"{""hes"": {""L4"": ""Normal"", ""L5"": ""Normal"", ""L6"": ""1 By pass e LC"", ""L7"": ""Normal""}}","('VALUE', 53.93641212842863)","('VALUE', 53.93641212842863)",True,True
chain,hes_L6_L7,retirada_cond_corr_ltp@L4_L5,"{""hes"": {""L4"": ""Normal"", ""L5"": ""Normal"", ""L6"": ""1 By pass e LC"", ""L7"": ""Normal""}}","('VALUE', 53.93641212842863)","('VALUE', 53.93641212842863)",True,True
chain,hes_L6_L7,retirada_cond_corr_ltp@L6_L7,"{""hes"": {""L4"": ""Normal"", ""L5"": ""Normal"", ""L6"": ""1 By pass e LC"", ""L7"": ""Normal""}}","('VALUE', 47.936340992412426)","('VALUE', 47.936340992412426)",True,True
chain,hes_L6_L7,lth_grupo@L1_L3,"{""hes"": {""L4"": ""Normal"", ""L5"": ""Normal"", ""L6"": ""1 By pass e LC"", ""L7"": ""Normal""}}","('VALUE', 690.0003333333334)","('VALUE', 690.0003333333334)",True,True
chain,hes_L6_L7,lth_grupo@L4_L5,"{""hes"": {""L4"": ""Normal"", ""L5"": ""Normal"", ""L6"": ""1 By pass e LC"", ""L7"": ""Normal""}}","('VALUE', 550.5)","('VALUE', 550.5)",True,True
chain,hes_L6_L7,lth_grupo@L6_L7,"{""hes"": {""L4"": ""Normal"", ""L5"": ""Normal"", ""L6"": ""1 By pass e LC"", ""L7"": ""Normal""}}","('VALUE', 550.5)","('VALUE', 550.5)",True,True
chain,hes_L6_L7,retirada_cond_corr_lth@L1_L3,"{""hes"": {""L4"": ""Normal"", ""L5"": ""Normal"", ""L6"": ""1 By pass e LC"", ""L7"": ""Normal""}}","('VALUE', 43.15924402299021)","('VALUE', 43.15924402299021)",True,True
chain,hes_L6_L7,retirada_cond_corr_lth@L4_L5,"{""hes"": {""L4"": ""Normal"", ""L5"": ""Normal"", ""L6"": ""1 By pass e LC"", ""L7"": ""Normal""}}","('VALUE', 58.299829293080705)","('VALUE', 58.299829293080705)",True,True
chain,hes_L6_L7,retirada_cond_corr_lth@L6_L7,"{""hes"": {""L4"": ""Normal"", ""L5"": ""Normal"", ""L6"": ""1 By pass e LC"", ""L7"": ""Normal""}}","('VALUE', -97.62417908690786)","('VALUE', -97.62417908690786)",True,True
chain,hes_L6_L7,retirada_condensado_grupo@L1_L3,"{""hes"": {""L4"": ""Normal"", ""L5"": ""Normal"", ""L6"": ""1 By pass e LC"", ""L7"": ""Normal""}}","('VALUE', 10015.668495683685)","('VALUE', 10015.668495683685)",True,True
chain,hes_L6_L7,retirada_condensado_grupo@L4_L5,"{""hes"": {""L4"": ""Normal"", ""L5"": ""Normal"", ""L6"": ""1 By pass e LC"", ""L7"": ""Normal""}}","('VALUE', 108.72683432930415)","('VALUE', 108.72683432930415)",True,True
chain,hes_L6_L7,retirada_condensado_grupo@L6_L7,"{""hes"": {""L4"": ""Normal"", ""L5"": ""Normal"", ""L6"": ""1 By pass e LC"", ""L7"": ""Normal""}}","('STATE', ('NO_APPLICABLE_RULE', None, None))","('STATE', ('NO_APPLICABLE_RULE', None, None))",True,True
chain,hes_L6_L7,retirada_condensado_linha@L1,"{""hes"": {""L4"": ""Normal"", ""L5"": ""Normal"", ""L6"": ""1 By pass e LC"", ""L7"": ""Normal""}}","('VALUE', 4693.330312793652)","('VALUE', 4693.330312793652)",True,True
chain,hes_L6_L7,retirada_condensado_linha@L2,"{""hes"": {""L4"": ""Normal"", ""L5"": ""Normal"", ""L6"": ""1 By pass e LC"", ""L7"": ""Normal""}}","('VALUE', 5322.333344405173)","('VALUE', 5322.333344405173)",True,True
chain,hes_L6_L7,retirada_condensado_linha@L3,"{""hes"": {""L4"": ""Normal"", ""L5"": ""Normal"", ""L6"": ""1 By pass e LC"", ""L7"": ""Normal""}}","('VALUE', 0.004838484858550158)","('VALUE', 0.004838484858550158)",True,True
chain,hes_L6_L7,retirada_condensado_linha@L4,"{""hes"": {""L4"": ""Normal"", ""L5"": ""Normal"", ""L6"": ""1 By pass e LC"", ""L7"": ""Normal""}}","('VALUE', 108.62808152791514)","('VALUE', 108.62808152791514)",True,True
chain,hes_L6_L7,retirada_condensado_linha@L5,"{""hes"": {""L4"": ""Normal"", ""L5"": ""Normal"", ""L6"": ""1 By pass e LC"", ""L7"": ""Normal""}}","('VALUE', 0.09875280138901377)","('VALUE', 0.09875280138901377)",True,True
chain,hes_L6_L7,retirada_condensado_linha@L6,"{""hes"": {""L4"": ""Normal"", ""L5"": ""Normal"", ""L6"": ""1 By pass e LC"", ""L7"": ""Normal""}}","('STATE', ('NO_APPLICABLE_RULE', None, None))","('STATE', ('NO_APPLICABLE_RULE', None, None))",True,True
chain,hes_L6_L7,retirada_condensado_linha@L7,"{""hes"": {""L4"": ""Normal"", ""L5"": ""Normal"", ""L6"": ""1 By pass e LC"", ""L7"": ""Normal""}}","('STATE', ('NO_APPLICABLE_RULE', None, None))","('STATE', ('NO_APPLICABLE_RULE', None, None))",True,True
chain,hes_L6_L7,retirada_condensado_total@L1_L7,"{""hes"": {""L4"": ""Normal"", ""L5"": ""Normal"", ""L6"": ""1 By pass e LC"", ""L7"": ""Normal""}}","('STATE', ('NO_APPLICABLE_RULE', None, None))","('STATE', ('NO_APPLICABLE_RULE', None, None))",True,True
chain,hes_L6_L7,retirada_cond_corr_ltp@L1_L3,"{""hes"": {""L4"": ""Normal"", ""L5"": ""Normal"", ""L6"": ""1 By pass e LC"", ""L7"": ""LC""}}","('VALUE', 183.05806811635424)","('VALUE', 183.05806811635424)",True,True
chain,hes_L6_L7,retirada_cond_corr_ltp@L4_L5,"{""hes"": {""L4"": ""Normal"", ""L5"": ""Normal"", ""L6"": ""1 By pass e LC"", ""L7"": ""LC""}}","('VALUE', -99.49804134140493)","('VALUE', -99.49804134140493)",True,True
chain,hes_L6_L7,retirada_cond_corr_ltp@L6_L7,"{""hes"": {""L4"": ""Normal"", ""L5"": ""Normal"", ""L6"": ""1 By pass e LC"", ""L7"": ""LC""}}","('VALUE', 47.936340992412426)","('VALUE', 47.936340992412426)",True,True
chain,hes_L6_L7,lth_grupo@L1_L3,"{""hes"": {""L4"": ""Normal"", ""L5"": ""Normal"", ""L6"": ""1 By pass e LC"", ""L7"": ""LC""}}","('VALUE', 690.3333333333334)","('VALUE', 690.3333333333334)",True,True
chain,hes_L6_L7,lth_grupo@L4_L5,"{""hes"": {""L4"": ""Normal"", ""L5"": ""Normal"", ""L6"": ""1 By pass e LC"", ""L7"": ""LC""}}","('VALUE', 485.5)","('VALUE', 485.5)",True,True
chain,hes_L6_L7,lth_grupo@L6_L7,"{""hes"": {""L4"": ""Normal"", ""L5"": ""Normal"", ""L6"": ""1 By pass e LC"", ""L7"": ""LC""}}","('VALUE', 50550.0)","('VALUE', 50550.0)",True,True
chain,hes_L6_L7,retirada_cond_corr_lth@L1_L3,"{""hes"": {""L4"": ""Normal"", ""L5"": ""Normal"", ""L6"": ""1 By pass e LC"", ""L7"": ""LC""}}","('VALUE', 62.70794912567902)","('VALUE', 62.70794912567902)",True,True
chain,hes_L6_L7,retirada_cond_corr_lth@L4_L5,"{""hes"": {""L4"": ""Normal"", ""L5"": ""Normal"", ""L6"": ""1 By pass e LC"", ""L7"": ""LC""}}","('VALUE', 55.852840950380056)","('VALUE', 55.852840950380056)",True,True
chain,hes_L6_L7,retirada_cond_corr_lth@L6_L7,"{""hes"": {""L4"": ""Normal"", ""L5"": ""Normal"", ""L6"": ""1 By pass e LC"", ""L7"": ""LC""}}","('VALUE', 126.78540317282608)","('VALUE', 126.78540317282608)",True,True
chain,hes_L6_L7,retirada_condensado_grupo@L1_L3,"{""hes"": {""L4"": ""Normal"", ""L5"": ""Normal"", ""L6"": ""1 By pass e LC"", ""L7"": ""LC""}}","('VALUE', 9734.949643027974)","('VALUE', 9734.949643027974)",True,True
chain,hes_L6_L7,retirada_condensado_grupo@L4_L5,"{""hes"": {""L4"": ""Normal"", ""L5"": ""Normal"", ""L6"": ""1 By pass e LC"", ""L7"": ""LC""}}","('VALUE', 410.70176458356997)","('VALUE', 410.70176458356997)",True,True
chain,hes_L6_L7,retirada_condensado_grupo@L6_L7,"{""hes"": {""L4"": ""Normal"", ""L5"": ""Normal"", ""L6"": ""1 By pass e LC"", ""L7"": ""LC""}}","('VALUE', 204.0110151189883)","('VALUE', 204.0110151189883)",True,True
chain,hes_L6_L7,retirada_condensado_linha@L1,"{""hes"": {""L4"": ""Normal"", ""L5"": ""Normal"", ""L6"": ""1 By pass e LC"", ""L7"": ""LC""}}","('VALUE', 5170.663740864689)","('VALUE', 5170.663740864689)",True,True
chain,hes_L6_L7,retirada_condensado_linha@L2,"{""hes"": {""L4"": ""Normal"", ""L5"": ""Normal"", ""L6"": ""1 By pass e LC"", ""L7"": ""LC""}}","('VALUE', 4559.5852987624985)","('VALUE', 4559.5852987624985)",True,True
chain,hes_L6_L7,retirada_condensado_linha@L3,"{""hes"": {""L4"": ""Normal"", ""L5"": ""Normal"", ""L6"": ""1 By pass e LC"", ""L7"": ""LC""}}","('VALUE', 4.700603400786081)","('VALUE', 4.700603400786081)",True,True
chain,hes_L6_L7,retirada_condensado_linha@L4,"{""hes"": {""L4"": ""Normal"", ""L5"": ""Normal"", ""L6"": ""1 By pass e LC"", ""L7"": ""LC""}}","('VALUE', 0.4229678317029557)","('VALUE', 0.4229678317029557)",True,True
chain,hes_L6_L7,retirada_condensado_linha@L5,"{""hes"": {""L4"": ""Normal"", ""L5"": ""Normal"", ""L6"": ""1 By pass e LC"", ""L7"": ""LC""}}","('VALUE', 410.278796751867)","('VALUE', 410.278796751867)",True,True
chain,hes_L6_L7,retirada_condensado_linha@L6,"{""hes"": {""L4"": ""Normal"", ""L5"": ""Normal"", ""L6"": ""1 By pass e LC"", ""L7"": ""LC""}}","('VALUE', 201.79131070127428)","('VALUE', 201.79131070127428)",True,True
chain,hes_L6_L7,retirada_condensado_linha@L7,"{""hes"": {""L4"": ""Normal"", ""L5"": ""Normal"", ""L6"": ""1 By pass e LC"", ""L7"": ""LC""}}","('VALUE', 2.219704417714017)","('VALUE', 2.219704417714017)",True,True
chain,hes_L6_L7,retirada_condensado_total@L1_L7,"{""hes"": {""L4"": ""Normal"", ""L5"": ""Normal"", ""L6"": ""1 By pass e LC"", ""L7"": ""LC""}}","('VALUE', 10349.662422730531)","('VALUE', 10349.662422730531)",True,True
chain,hes_L6_L7,retirada_cond_corr_ltp@L1_L3,"{""hes"": {""L4"": ""Normal"", ""L5"": ""Normal"", ""L6"": ""1 By pass e LC"", ""L7"": ""LC""}}","('VALUE', -11.017375456696598)","('VALUE', -11.017375456696598)",True,True
chain,hes_L6_L7,retirada_cond_corr_ltp@L4_L5,"{""hes"": {""L4"": ""Normal"", ""L5"": ""Normal"", ""L6"": ""1 By pass e LC"", ""L7"": ""LC""}}","('VALUE', 53.93641212842863)","('VALUE', 53.93641212842863)",True,True
chain,hes_L6_L7,retirada_cond_corr_ltp@L6_L7,"{""hes"": {""L4"": ""Normal"", ""L5"": ""Normal"", ""L6"": ""1 By pass e LC"", ""L7"": ""LC""}}","('VALUE', -11.017375456696598)","('VALUE', -11.017375456696598)",True,True
chain,hes_L6_L7,lth_grupo@L1_L3,"{""hes"": {""L4"": ""Normal"", ""L5"": ""Normal"", ""L6"": ""1 By pass e LC"", ""L7"": ""LC""}}","('VALUE', 33700.00033333334)","('VALUE', 33700.00033333334)",True,True
chain,hes_L6_L7,lth_grupo@L4_L5,"{""hes"": {""L4"": ""Normal"", ""L5"": ""Normal"", ""L6"": ""1 By pass e LC"", ""L7"": ""LC""}}","('VALUE', 50485.0)","('VALUE', 50485.0)",True,True
chain,hes_L6_L7,lth_grupo@L6_L7,"{""hes"": {""L4"": ""Normal"", ""L5"": ""Normal"", ""L6"": ""1 By pass e LC"", ""L7"": ""LC""}}","('VALUE', 0.5005)","('VALUE', 0.5005)",True,True
chain,hes_L6_L7,retirada_cond_corr_lth@L1_L3,"{""hes"": {""L4"": ""Normal"", ""L5"": ""Normal"", ""L6"": ""1 By pass e LC"", ""L7"": ""LC""}}","('VALUE', 118.88897038505061)","('VALUE', 118.88897038505061)",True,True
chain,hes_L6_L7,retirada_cond_corr_lth@L4_L5,"{""hes"": {""L4"": ""Normal"", ""L5"": ""Normal"", ""L6"": ""1 By pass e LC"", ""L7"": ""LC""}}","('VALUE', 146.29965359132473)","('VALUE', 146.29965359132473)",True,True
chain,hes_L6_L7,retirada_cond_corr_lth@L6_L7,"{""hes"": {""L4"": ""Normal"", ""L5"": ""Normal"", ""L6"": ""1 By pass e LC"", ""L7"": ""LC""}}","('VALUE', -97.6224103207289)","('VALUE', -97.6224103207289)",True,True
chain,hes_L6_L7,retirada_condensado_grupo@L1_L3,"{""hes"": {""L4"": ""Normal"", ""L5"": ""Normal"", ""L6"": ""1 By pass e LC"", ""L7"": ""LC""}}","('VALUE', 437.7190375252417)","('VALUE', 437.7190375252417)",True,True
chain,hes_L6_L7,retirada_condensado_grupo@L4_L5,"{""hes"": {""L4"": ""Normal"", ""L5"": ""Normal"", ""L6"": ""1 By pass e LC"", ""L7"": ""LC""}}","('VALUE', 284.7264829257922)","('VALUE', 284.7264829257922)",True,True
chain,hes_L6_L7,retirada_condensado_grupo@L6_L7,"{""hes"": {""L4"": ""Normal"", ""L5"": ""Normal"", ""L6"": ""1 By pass e LC"", ""L7"": ""LC""}}","('VALUE', -57.95797186805115)","('VALUE', -57.95797186805115)",True,True
chain,hes_L6_L7,retirada_condensado_linha@L1,"{""hes"": {""L4"": ""Normal"", ""L5"": ""Normal"", ""L6"": ""1 By pass e LC"", ""L7"": ""LC""}}","('VALUE', 4.329565115684239e-06)","('VALUE', 4.329565115684239e-06)",True,True
chain,hes_L6_L7,retirada_condensado_linha@L2,"{""hes"": {""L4"": ""Normal"", ""L5"": ""Normal"", ""L6"": ""1 By pass e LC"", ""L7"": ""LC""}}","('VALUE', 432.9565115684239)","('VALUE', 432.9565115684239)",True,True
chain,hes_L6_L7,retirada_condensado_linha@L3,"{""hes"": {""L4"": ""Normal"", ""L5"": ""Normal"", ""L6"": ""1 By pass e LC"", ""L7"": ""LC""}}","('VALUE', 4.762521627252663)","('VALUE', 4.762521627252663)",True,True
chain,hes_L6_L7,retirada_condensado_linha@L4,"{""hes"": {""L4"": ""Normal"", ""L5"": ""Normal"", ""L6"": ""1 By pass e LC"", ""L7"": ""LC""}}","('VALUE', 281.99116859046467)","('VALUE', 281.99116859046467)",True,True
chain,hes_L6_L7,retirada_condensado_linha@L5,"{""hes"": {""L4"": ""Normal"", ""L5"": ""Normal"", ""L6"": ""1 By pass e LC"", ""L7"": ""LC""}}","('VALUE', 2.7353143353275073)","('VALUE', 2.7353143353275073)",True,True
chain,hes_L6_L7,retirada_condensado_linha@L6,"{""hes"": {""L4"": ""Normal"", ""L5"": ""Normal"", ""L6"": ""1 By pass e LC"", ""L7"": ""LC""}}","('VALUE', -57.900071796254906)","('VALUE', -57.900071796254906)",True,True
chain,hes_L6_L7,retirada_condensado_linha@L7,"{""hes"": {""L4"": ""Normal"", ""L5"": ""Normal"", ""L6"": ""1 By pass e LC"", ""L7"": ""LC""}}","('VALUE', -0.05790007179625491)","('VALUE', -0.05790007179625491)",True,True
chain,hes_L6_L7,retirada_condensado_total@L1_L7,"{""hes"": {""L4"": ""Normal"", ""L5"": ""Normal"", ""L6"": ""1 By pass e LC"", ""L7"": ""LC""}}","('VALUE', 664.4875485829828)","('VALUE', 664.4875485829828)",True,True
chain,hes_L6_L7,retirada_cond_corr_ltp@L1_L3,"{""hes"": {""L4"": ""Normal"", ""L5"": ""Normal"", ""L6"": ""1 By pass e LC"", ""L7"": ""Overhaul/Parada""}}","('VALUE', -99.49804134140493)","('VALUE', -99.49804134140493)",True,True
chain,hes_L6_L7,retirada_cond_corr_ltp@L4_L5,"{""hes"": {""L4"": ""Normal"", ""L5"": ""Normal"", ""L6"": ""1 By pass e LC"", ""L7"": ""Overhaul/Parada""}}","('VALUE', -99.49804134140493)","('VALUE', -99.49804134140493)",True,True
chain,hes_L6_L7,retirada_cond_corr_ltp@L6_L7,"{""hes"": {""L4"": ""Normal"", ""L5"": ""Normal"", ""L6"": ""1 By pass e LC"", ""L7"": ""Overhaul/Parada""}}","('VALUE', 53.93641212842863)","('VALUE', 53.93641212842863)",True,True
chain,hes_L6_L7,lth_grupo@L1_L3,"{""hes"": {""L4"": ""Normal"", ""L5"": ""Normal"", ""L6"": ""1 By pass e LC"", ""L7"": ""Overhaul/Parada""}}","('VALUE', 66666.667)","('VALUE', 66666.667)",True,True
chain,hes_L6_L7,lth_grupo@L4_L5,"{""hes"": {""L4"": ""Normal"", ""L5"": ""Normal"", ""L6"": ""1 By pass e LC"", ""L7"": ""Overhaul/Parada""}}","('VALUE', 0.5005)","('VALUE', 0.5005)",True,True
chain,hes_L6_L7,lth_grupo@L6_L7,"{""hes"": {""L4"": ""Normal"", ""L5"": ""Normal"", ""L6"": ""1 By pass e LC"", ""L7"": ""Overhaul/Parada""}}","('VALUE', 0.5005)","('VALUE', 0.5005)",True,True
chain,hes_L6_L7,retirada_cond_corr_lth@L1_L3,"{""hes"": {""L4"": ""Normal"", ""L5"": ""Normal"", ""L6"": ""1 By pass e LC"", ""L7"": ""Overhaul/Parada""}}","('VALUE', 132.17495629895296)","('VALUE', 132.17495629895296)",True,True
chain,hes_L6_L7,retirada_cond_corr_lth@L4_L5,"{""hes"": {""L4"": ""Normal"", ""L5"": ""Normal"", ""L6"": ""1 By pass e LC"", ""L7"": ""Overhaul/Parada""}}","('VALUE', -78.08310175060669)","('VALUE', -78.08310175060669)",True,True
chain,hes_L6_L7,retirada_cond_corr_lth@L6_L7,"{""hes"": {""L4"": ""Normal"", ""L5"": ""Normal"", ""L6"": ""1 By pass e LC"", ""L7"": ""Overhaul/Parada""}}","('VALUE', -97.6224103207289)","('VALUE', -97.6224103207289)",True,True
chain,hes_L6_L7,retirada_condensado_grupo@L1_L3,"{""hes"": {""L4"": ""Normal"", ""L5"": ""Normal"", ""L6"": ""1 By pass e LC"", ""L7"": ""Overhaul/Parada""}}","('VALUE', 20742.018992921076)","('VALUE', 20742.018992921076)",True,True
chain,hes_L6_L7,retirada_condensado_grupo@L4_L5,"{""hes"": {""L4"": ""Normal"", ""L5"": ""Normal"", ""L6"": ""1 By pass e LC"", ""L7"": ""Overhaul/Parada""}}","('VALUE', 142.82987918159648)","('VALUE', 142.82987918159648)",True,True
chain,hes_L6_L7,retirada_condensado_grupo@L6_L7,"{""hes"": {""L4"": ""Normal"", ""L5"": ""Normal"", ""L6"": ""1 By pass e LC"", ""L7"": ""Overhaul/Parada""}}","('VALUE', -253.11764489831506)","('VALUE', -253.11764489831506)",True,True
chain,hes_L6_L7,retirada_condensado_linha@L1,"{""hes"": {""L4"": ""Normal"", ""L5"": ""Normal"", ""L6"": ""1 By pass e LC"", ""L7"": ""Overhaul/Parada""}}","('VALUE', 0.00010371009444605491)","('VALUE', 0.00010371009444605491)",True,True
chain,hes_L6_L7,retirada_condensado_linha@L2,"{""hes"": {""L4"": ""Normal"", ""L5"": ""Normal"", ""L6"": ""1 By pass e LC"", ""L7"": ""Overhaul/Parada""}}","('VALUE', 10371.009444605492)","('VALUE', 10371.009444605492)",True,True
chain,hes_L6_L7,retirada_condensado_linha@L3,"{""hes"": {""L4"": ""Normal"", ""L5"": ""Normal"", ""L6"": ""1 By pass e LC"", ""L7"": ""Overhaul/Parada""}}","('VALUE', 10371.009444605492)","('VALUE', 10371.009444605492)",True,True
chain,hes_L6_L7,retirada_condensado_linha@L4,"{""hes"": {""L4"": ""Normal"", ""L5"": ""Normal"", ""L6"": ""1 By pass e LC"", ""L7"": ""Overhaul/Parada""}}","('VALUE', 142.6871919896069)","('VALUE', 142.6871919896069)",True,True
chain,hes_L6_L7,retirada_condensado_linha@L5,"{""hes"": {""L4"": ""Normal"", ""L5"": ""Normal"", ""L6"": ""1 By pass e LC"", ""L7"": ""Overhaul/Parada""}}","('VALUE', 0.1426871919896069)","('VALUE', 0.1426871919896069)",True,True
chain,hes_L6_L7,retirada_condensado_linha@L6,"{""hes"": {""L4"": ""Normal"", ""L5"": ""Normal"", ""L6"": ""1 By pass e LC"", ""L7"": ""Overhaul/Parada""}}","('VALUE', -252.8647801181969)","('VALUE', -252.8647801181969)",True,True
chain,hes_L6_L7,retirada_condensado_linha@L7,"{""hes"": {""L4"": ""Normal"", ""L5"": ""Normal"", ""L6"": ""1 By pass e LC"", ""L7"": ""Overhaul/Parada""}}","('VALUE', -0.2528647801181969)","('VALUE', -0.2528647801181969)",True,True
chain,hes_L6_L7,retirada_condensado_total@L1_L7,"{""hes"": {""L4"": ""Normal"", ""L5"": ""Normal"", ""L6"": ""1 By pass e LC"", ""L7"": ""Overhaul/Parada""}}","('VALUE', 20631.73122720436)","('VALUE', 20631.73122720436)",True,True
chain,hes_L6_L7,retirada_cond_corr_ltp@L1_L3,"{""hes"": {""L4"": ""Normal"", ""L5"": ""Normal"", ""L6"": ""1 By pass e LC"", ""L7"": ""Overhaul/Parada""}}","('VALUE', -99.49804134140493)","('VALUE', -99.49804134140493)",True,True
chain,hes_L6_L7,retirada_cond_corr_ltp@L4_L5,"{""hes"": {""L4"": ""Normal"", ""L5"": ""Normal"", ""L6"": ""1 By pass e LC"", ""L7"": ""Overhaul/Parada""}}","('VALUE', -99.49804134140493)","('VALUE', -99.49804134140493)",True,True
chain,hes_L6_L7,retirada_cond_corr_ltp@L6_L7,"{""hes"": {""L4"": ""Normal"", ""L5"": ""Normal"", ""L6"": ""1 By pass e LC"", ""L7"": ""Overhaul/Parada""}}","('VALUE', 47.936340992412426)","('VALUE', 47.936340992412426)",True,True
chain,hes_L6_L7,lth_grupo@L1_L3,"{""hes"": {""L4"": ""Normal"", ""L5"": ""Normal"", ""L6"": ""1 By pass e LC"", ""L7"": ""Overhaul/Parada""}}","('VALUE', 33980.0)","('VALUE', 33980.0)",True,True
chain,hes_L6_L7,lth_grupo@L4_L5,"{""hes"": {""L4"": ""Normal"", ""L5"": ""Normal"", ""L6"": ""1 By pass e LC"", ""L7"": ""Overhaul/Parada""}}","('VALUE', 50485.0)","('VALUE', 50485.0)",True,True
chain,hes_L6_L7,lth_grupo@L6_L7,"{""hes"": {""L4"": ""Normal"", ""L5"": ""Normal"", ""L6"": ""1 By pass e LC"", ""L7"": ""Overhaul/Parada""}}","('VALUE', 50550.0)","('VALUE', 50550.0)",True,True
chain,hes_L6_L7,retirada_cond_corr_lth@L1_L3,"{""hes"": {""L4"": ""Normal"", ""L5"": ""Normal"", ""L6"": ""1 By pass e LC"", ""L7"": ""Overhaul/Parada""}}","('VALUE', 138.58942034383628)","('VALUE', 138.58942034383628)",True,True
chain,hes_L6_L7,retirada_cond_corr_lth@L4_L5,"{""hes"": {""L4"": ""Normal"", ""L5"": ""Normal"", ""L6"": ""1 By pass e LC"", ""L7"": ""Overhaul/Parada""}}","('VALUE', -9.624354788663851)","('VALUE', -9.624354788663851)",True,True
chain,hes_L6_L7,retirada_cond_corr_lth@L6_L7,"{""hes"": {""L4"": ""Normal"", ""L5"": ""Normal"", ""L6"": ""1 By pass e LC"", ""L7"": ""Overhaul/Parada""}}","('VALUE', 127.65110124889307)","('VALUE', 127.65110124889307)",True,True
chain,hes_L6_L7,retirada_condensado_grupo@L1_L3,"{""hes"": {""L4"": ""Normal"", ""L5"": ""Normal"", ""L6"": ""1 By pass e LC"", ""L7"": ""Overhaul/Parada""}}","('VALUE', 10810.262385055723)","('VALUE', 10810.262385055723)",True,True
chain,hes_L6_L7,retirada_condensado_grupo@L4_L5,"{""hes"": {""L4"": ""Normal"", ""L5"": ""Normal"", ""L6"": ""1 By pass e LC"", ""L7"": ""Overhaul/Parada""}}","('VALUE', 279.74737310548215)","('VALUE', 279.74737310548215)",True,True
chain,hes_L6_L7,retirada_condensado_grupo@L6_L7,"{""hes"": {""L4"": ""Normal"", ""L5"": ""Normal"", ""L6"": ""1 By pass e LC"", ""L7"": ""Overhaul/Parada""}}","('VALUE', 209.4295205129613)","('VALUE', 209.4295205129613)",True,True
chain,hes_L6_L7,retirada_condensado_linha@L1,"{""hes"": {""L4"": ""Normal"", ""L5"": ""Normal"", ""L6"": ""1 By pass e LC"", ""L7"": ""Overhaul/Parada""}}","('VALUE', 102.86398384838189)","('VALUE', 102.86398384838189)",True,True
chain,hes_L6_L7,retirada_condensado_linha@L2,"{""hes"": {""L4"": ""Normal"", ""L5"": ""Normal"", ""L6"": ""1 By pass e LC"", ""L7"": ""Overhaul/Parada""}}","('VALUE', 102.86398384838189)","('VALUE', 102.86398384838189)",True,True
chain,hes_L6_L7,retirada_condensado_linha@L3,"{""hes"": {""L4"": ""Normal"", ""L5"": ""Normal"", ""L6"": ""1 By pass e LC"", ""L7"": ""Overhaul/Parada""}}","('VALUE', 10604.53441735896)","('VALUE', 10604.53441735896)",True,True
chain,hes_L6_L7,retirada_condensado_linha@L4,"{""hes"": {""L4"": ""Normal"", ""L5"": ""Normal"", ""L6"": ""1 By pass e LC"", ""L7"": ""Overhaul/Parada""}}","('VALUE', 2.687480953870632)","('VALUE', 2.687480953870632)",True,True
chain,hes_L6_L7,retirada_condensado_linha@L5,"{""hes"": {""L4"": ""Normal"", ""L5"": ""Normal"", ""L6"": ""1 By pass e LC"", ""L7"": ""Overhaul/Parada""}}","('VALUE', 277.0598921516115)","('VALUE', 277.0598921516115)",True,True
chain,hes_L6_L7,retirada_condensado_linha@L6,"{""hes"": {""L4"": ""Normal"", ""L5"": ""Normal"", ""L6"": ""1 By pass e LC"", ""L7"": ""Overhaul/Parada""}}","('VALUE', 2.2786594714565522)","('VALUE', 2.2786594714565522)",True,True
chain,hes_L6_L7,retirada_condensado_linha@L7,"{""hes"": {""L4"": ""Normal"", ""L5"": ""Normal"", ""L6"": ""1 By pass e LC"", ""L7"": ""Overhaul/Parada""}}","('VALUE', 207.15086104150475)","('VALUE', 207.15086104150475)",True,True
chain,hes_L6_L7,retirada_condensado_total@L1_L7,"{""hes"": {""L4"": ""Normal"", ""L5"": ""Normal"", ""L6"": ""1 By pass e LC"", ""L7"": ""Overhaul/Parada""}}","('VALUE', 11299.439278674166)","('VALUE', 11299.439278674166)",True,True
chain,hes_L6_L7,retirada_cond_corr_ltp@L1_L3,"{""hes"": {""L4"": ""Normal"", ""L5"": ""Normal"", ""L6"": ""1 By pass e LC"", ""L7"": ""1 By pass""}}","('VALUE', 183.05806811635424)","('VALUE', 183.05806811635424)",True,True
chain,hes_L6_L7,retirada_cond_corr_ltp@L4_L5,"{""hes"": {""L4"": ""Normal"", ""L5"": ""Normal"", ""L6"": ""1 By pass e LC"", ""L7"": ""1 By pass""}}","('VALUE', 53.93641212842863)","('VALUE', 53.93641212842863)",True,True
chain,hes_L6_L7,retirada_cond_corr_ltp@L6_L7,"{""hes"": {""L4"": ""Normal"", ""L5"": ""Normal"", ""L6"": ""1 By pass e LC"", ""L7"": ""1 By pass""}}","('VALUE', -99.49804134140493)","('VALUE', -99.49804134140493)",True,True
chain,hes_L6_L7,lth_grupo@L1_L3,"{""hes"": {""L4"": ""Normal"", ""L5"": ""Normal"", ""L6"": ""1 By pass e LC"", ""L7"": ""1 By pass""}}","('VALUE', 733.6666666666666)","('VALUE', 733.6666666666666)",True,True
chain,hes_L6_L7,lth_grupo@L4_L5,"{""hes"": {""L4"": ""Normal"", ""L5"": ""Normal"", ""L6"": ""1 By pass e LC"", ""L7"": ""1 By pass""}}","('VALUE', 970.0)","('VALUE', 970.0)",True,True
chain,hes_L6_L7,lth_grupo@L6_L7,"{""hes"": {""L4"": ""Normal"", ""L5"": ""Normal"", ""L6"": ""1 By pass e LC"", ""L7"": ""1 By pass""}}","('VALUE', 550.5)","('VALUE', 550.5)",True,True
chain,hes_L6_L7,retirada_cond_corr_lth@L1_L3,"{""hes"": {""L4"": ""Normal"", ""L5"": ""Normal"", ""L6"": ""1 By pass e LC"", ""L7"": ""1 By pass""}}","('VALUE', 63.89359141272786)","('VALUE', 63.89359141272786)",True,True
chain,hes_L6_L7,retirada_cond_corr_lth@L4_L5,"{""hes"": {""L4"": ""Normal"", ""L5"": ""Normal"", ""L6"": ""1 By pass e LC"", ""L7"": ""1 By pass""}}","('VALUE', 50.658204820168635)","('VALUE', 50.658204820168635)",True,True
chain,hes_L6_L7,retirada_cond_corr_lth@L6_L7,"{""hes"": {""L4"": ""Normal"", ""L5"": ""Normal"", ""L6"": ""1 By pass e LC"", ""L7"": ""1 By pass""}}","('VALUE', -97.62417908690786)","('VALUE', -97.62417908690786)",True,True
chain,hes_L6_L7,retirada_condensado_grupo@L1_L3,"{""hes"": {""L4"": ""Normal"", ""L5"": ""Normal"", ""L6"": ""1 By pass e LC"", ""L7"": ""1 By pass""}}","('VALUE', -215.4934301108791)","('VALUE', -215.4934301108791)",True,True
chain,hes_L6_L7,retirada_condensado_grupo@L4_L5,"{""hes"": {""L4"": ""Normal"", ""L5"": ""Normal"", ""L6"": ""1 By pass e LC"", ""L7"": ""1 By pass""}}","('VALUE', 93.44358538348001)","('VALUE', 93.44358538348001)",True,True
chain,hes_L6_L7,retirada_condensado_grupo@L6_L7,"{""hes"": {""L4"": ""Normal"", ""L5"": ""Normal"", ""L6"": ""1 By pass e LC"", ""L7"": ""1 By pass""}}","('VALUE', 53.74772450899414)","('VALUE', 53.74772450899414)",True,True
chain,hes_L6_L7,retirada_condensado_linha@L1,"{""hes"": {""L4"": ""Normal"", ""L5"": ""Normal"", ""L6"": ""1 By pass e LC"", ""L7"": ""1 By pass""}}","('VALUE', -0.09790705593406593)","('VALUE', -0.09790705593406593)",True,True
chain,hes_L6_L7,retirada_condensado_linha@L2,"{""hes"": {""L4"": ""Normal"", ""L5"": ""Normal"", ""L6"": ""1 By pass e LC"", ""L7"": ""1 By pass""}}","('VALUE', -107.69776152747252)","('VALUE', -107.69776152747252)",True,True
chain,hes_L6_L7,retirada_condensado_linha@L3,"{""hes"": {""L4"": ""Normal"", ""L5"": ""Normal"", ""L6"": ""1 By pass e LC"", ""L7"": ""1 By pass""}}","('VALUE', -107.69776152747252)","('VALUE', -107.69776152747252)",True,True
chain,hes_L6_L7,retirada_condensado_linha@L4,"{""hes"": {""L4"": ""Normal"", ""L5"": ""Normal"", ""L6"": ""1 By pass e LC"", ""L7"": ""1 By pass""}}","('VALUE', 46.721792691740006)","('VALUE', 46.721792691740006)",True,True
chain,hes_L6_L7,retirada_condensado_linha@L5,"{""hes"": {""L4"": ""Normal"", ""L5"": ""Normal"", ""L6"": ""1 By pass e LC"", ""L7"": ""1 By pass""}}","('VALUE', 46.721792691740006)","('VALUE', 46.721792691740006)",True,True
chain,hes_L6_L7,retirada_condensado_linha@L6,"{""hes"": {""L4"": ""Normal"", ""L5"": ""Normal"", ""L6"": ""1 By pass e LC"", ""L7"": ""1 By pass""}}","('VALUE', 0.04881718847320085)","('VALUE', 0.04881718847320085)",True,True
chain,hes_L6_L7,retirada_condensado_linha@L7,"{""hes"": {""L4"": ""Normal"", ""L5"": ""Normal"", ""L6"": ""1 By pass e LC"", ""L7"": ""1 By pass""}}","('VALUE', 53.69890732052094)","('VALUE', 53.69890732052094)",True,True
chain,hes_L6_L7,retirada_condensado_total@L1_L7,"{""hes"": {""L4"": ""Normal"", ""L5"": ""Normal"", ""L6"": ""1 By pass e LC"", ""L7"": ""1 By pass""}}","('VALUE', -68.30212021840495)","('VALUE', -68.30212021840495)",True,True
chain,hes_L6_L7,retirada_cond_corr_ltp@L1_L3,"{""hes"": {""L4"": ""Normal"", ""L5"": ""Normal"", ""L6"": ""1 By pass e LC"", ""L7"": ""1 By pass""}}","('VALUE', 183.05806811635424)","('VALUE', 183.05806811635424)",True,True
chain,hes_L6_L7,retirada_cond_corr_ltp@L4_L5,"{""hes"": {""L4"": ""Normal"", ""L5"": ""Normal"", ""L6"": ""1 By pass e LC"", ""L7"": ""1 By pass""}}","('VALUE', 183.05806811635424)","('VALUE', 183.05806811635424)",True,True
chain,hes_L6_L7,retirada_cond_corr_ltp@L6_L7,"{""hes"": {""L4"": ""Normal"", ""L5"": ""Normal"", ""L6"": ""1 By pass e LC"", ""L7"": ""1 By pass""}}","('VALUE', -11.017375456696598)","('VALUE', -11.017375456696598)",True,True
chain,hes_L6_L7,lth_grupo@L1_L3,"{""hes"": {""L4"": ""Normal"", ""L5"": ""Normal"", ""L6"": ""1 By pass e LC"", ""L7"": ""1 By pass""}}","('VALUE', 34066.666666666664)","('VALUE', 34066.666666666664)",True,True
chain,hes_L6_L7,lth_grupo@L4_L5,"{""hes"": {""L4"": ""Normal"", ""L5"": ""Normal"", ""L6"": ""1 By pass e LC"", ""L7"": ""1 By pass""}}","('VALUE', 50485.0)","('VALUE', 50485.0)",True,True
chain,hes_L6_L7,lth_grupo@L6_L7,"{""hes"": {""L4"": ""Normal"", ""L5"": ""Normal"", ""L6"": ""1 By pass e LC"", ""L7"": ""1 By pass""}}","('VALUE', 1035.0)","('VALUE', 1035.0)",True,True
chain,hes_L6_L7,retirada_cond_corr_lth@L1_L3,"{""hes"": {""L4"": ""Normal"", ""L5"": ""Normal"", ""L6"": ""1 By pass e LC"", ""L7"": ""1 By pass""}}","('VALUE', 119.96541798868495)","('VALUE', 119.96541798868495)",True,True
chain,hes_L6_L7,retirada_cond_corr_lth@L4_L5,"{""hes"": {""L4"": ""Normal"", ""L5"": ""Normal"", ""L6"": ""1 By pass e LC"", ""L7"": ""1 By pass""}}","('VALUE', 126.76034502120251)","('VALUE', 126.76034502120251)",True,True
chain,hes_L6_L7,retirada_cond_corr_lth@L6_L7,"{""hes"": {""L4"": ""Normal"", ""L5"": ""Normal"", ""L6"": ""1 By pass e LC"", ""L7"": ""1 By pass""}}","('VALUE', 51.9213656712534)","('VALUE', 51.9213656712534)",True,True
chain,hes_L6_L7,retirada_condensado_grupo@L1_L3,"{""hes"": {""L4"": ""Normal"", ""L5"": ""Normal"", ""L6"": ""1 By pass e LC"", ""L7"": ""1 By pass""}}","('VALUE', -95.27795038300786)","('VALUE', -95.27795038300786)",True,True
chain,hes_L6_L7,retirada_condensado_grupo@L4_L5,"{""hes"": {""L4"": ""Normal"", ""L5"": ""Normal"", ""L6"": ""1 By pass e LC"", ""L7"": ""1 By pass""}}","('VALUE', -12.595446190303448)","('VALUE', -12.595446190303448)",True,True
chain,hes_L6_L7,retirada_condensado_grupo@L6_L7,"{""hes"": {""L4"": ""Normal"", ""L5"": ""Normal"", ""L6"": ""1 By pass e LC"", ""L7"": ""1 By pass""}}","('VALUE', 175.8774822559)","('VALUE', 175.8774822559)",True,True
chain,hes_L6_L7,retirada_condensado_linha@L1,"{""hes"": {""L4"": ""Normal"", ""L5"": ""Normal"", ""L6"": ""1 By pass e LC"", ""L7"": ""1 By pass""}}","('VALUE', -1.0254965305411805)","('VALUE', -1.0254965305411805)",True,True
chain,hes_L6_L7,retirada_condensado_linha@L2,"{""hes"": {""L4"": ""Normal"", ""L5"": ""Normal"", ""L6"": ""1 By pass e LC"", ""L7"": ""1 By pass""}}","('VALUE', -93.2269573219255)","('VALUE', -93.2269573219255)",True,True
chain,hes_L6_L7,retirada_condensado_linha@L3,"{""hes"": {""L4"": ""Normal"", ""L5"": ""Normal"", ""L6"": ""1 By pass e LC"", ""L7"": ""1 By pass""}}","('VALUE', -1.0254965305411805)","('VALUE', -1.0254965305411805)",True,True
chain,hes_L6_L7,retirada_condensado_linha@L4,"{""hes"": {""L4"": ""Normal"", ""L5"": ""Normal"", ""L6"": ""1 By pass e LC"", ""L7"": ""1 By pass""}}","('VALUE', -12.474444082701245)","('VALUE', -12.474444082701245)",True,True
chain,hes_L6_L7,retirada_condensado_linha@L5,"{""hes"": {""L4"": ""Normal"", ""L5"": ""Normal"", ""L6"": ""1 By pass e LC"", ""L7"": ""1 By pass""}}","('VALUE', -0.12100210760220209)","('VALUE', -0.12100210760220209)",True,True
chain,hes_L6_L7,retirada_condensado_linha@L6,"{""hes"": {""L4"": ""Normal"", ""L5"": ""Normal"", ""L6"": ""1 By pass e LC"", ""L7"": ""1 By pass""}}","('VALUE', 93.4614640007198)","('VALUE', 93.4614640007198)",True,True
chain,hes_L6_L7,retirada_condensado_linha@L7,"{""hes"": {""L4"": ""Normal"", ""L5"": ""Normal"", ""L6"": ""1 By pass e LC"", ""L7"": ""1 By pass""}}","('VALUE', 82.41601825518019)","('VALUE', 82.41601825518019)",True,True
chain,hes_L6_L7,retirada_condensado_total@L1_L7,"{""hes"": {""L4"": ""Normal"", ""L5"": ""Normal"", ""L6"": ""1 By pass e LC"", ""L7"": ""1 By pass""}}","('VALUE', 68.00408568258868)","('VALUE', 68.00408568258868)",True,True
chain,hes_L6_L7,retirada_cond_corr_ltp@L1_L3,"{""hes"": {""L4"": ""Normal"", ""L5"": ""Normal"", ""L6"": ""1 By pass e LC"", ""L7"": ""1 By pass e LC""}}","('VALUE', -99.49804134140493)","('VALUE', -99.49804134140493)",True,True
chain,hes_L6_L7,retirada_cond_corr_ltp@L4_L5,"{""hes"": {""L4"": ""Normal"", ""L5"": ""Normal"", ""L6"": ""1 By pass e LC"", ""L7"": ""1 By pass e LC""}}","('VALUE', -99.49804134140493)","('VALUE', -99.49804134140493)",True,True
chain,hes_L6_L7,retirada_cond_corr_ltp@L6_L7,"{""hes"": {""L4"": ""Normal"", ""L5"": ""Normal"", ""L6"": ""1 By pass e LC"", ""L7"": ""1 By pass e LC""}}","('VALUE', 53.93641212842863)","('VALUE', 53.93641212842863)",True,True
chain,hes_L6_L7,lth_grupo@L1_L3,"{""hes"": {""L4"": ""Normal"", ""L5"": ""Normal"", ""L6"": ""1 By pass e LC"", ""L7"": ""1 By pass e LC""}}","('VALUE', 33700.00033333334)","('VALUE', 33700.00033333334)",True,True
chain,hes_L6_L7,lth_grupo@L4_L5,"{""hes"": {""L4"": ""Normal"", ""L5"": ""Normal"", ""L6"": ""1 By pass e LC"", ""L7"": ""1 By pass e LC""}}","('VALUE', 485.0005)","('VALUE', 485.0005)",True,True
chain,hes_L6_L7,lth_grupo@L6_L7,"{""hes"": {""L4"": ""Normal"", ""L5"": ""Normal"", ""L6"": ""1 By pass e LC"", ""L7"": ""1 By pass e LC""}}","('VALUE', 0.001)","('VALUE', 0.001)",True,True
chain,hes_L6_L7,retirada_cond_corr_lth@L1_L3,"{""hes"": {""L4"": ""Normal"", ""L5"": ""Normal"", ""L6"": ""1 By pass e LC"", ""L7"": ""1 By pass e LC""}}","('VALUE', 118.88897038505061)","('VALUE', 118.88897038505061)",True,True
chain,hes_L6_L7,retirada_cond_corr_lth@L4_L5,"{""hes"": {""L4"": ""Normal"", ""L5"": ""Normal"", ""L6"": ""1 By pass e LC"", ""L7"": ""1 By pass e LC""}}","('VALUE', 36.293485480005955)","('VALUE', 36.293485480005955)",True,True
chain,hes_L6_L7,retirada_cond_corr_lth@L6_L7,"{""hes"": {""L4"": ""Normal"", ""L5"": ""Normal"", ""L6"": ""1 By pass e LC"", ""L7"": ""1 By pass e LC""}}","('VALUE', -217.8056702304209)","('VALUE', -217.8056702304209)",True,True
chain,hes_L6_L7,retirada_condensado_grupo@L1_L3,"{""hes"": {""L4"": ""Normal"", ""L5"": ""Normal"", ""L6"": ""1 By pass e LC"", ""L7"": ""1 By pass e LC""}}","('VALUE', 703.1610351793666)","('VALUE', 703.1610351793666)",True,True
chain,hes_L6_L7,retirada_condensado_grupo@L4_L5,"{""hes"": {""L4"": ""Normal"", ""L5"": ""Normal"", ""L6"": ""1 By pass e LC"", ""L7"": ""1 By pass e LC""}}","('VALUE', 371.58305364282177)","('VALUE', 371.58305364282177)",True,True
chain,hes_L6_L7,retirada_condensado_grupo@L6_L7,"{""hes"": {""L4"": ""Normal"", ""L5"": ""Normal"", ""L6"": ""1 By pass e LC"", ""L7"": ""1 By pass e LC""}}","('VALUE', -351.0916304015118)","('VALUE', -351.0916304015118)",True,True
chain,hes_L6_L7,retirada_condensado_linha@L1,"{""hes"": {""L4"": ""Normal"", ""L5"": ""Normal"", ""L6"": ""1 By pass e LC"", ""L7"": ""1 By pass e LC""}}","('VALUE', 6.955104136738501e-06)","('VALUE', 6.955104136738501e-06)",True,True
chain,hes_L6_L7,retirada_condensado_linha@L2,"{""hes"": {""L4"": ""Normal"", ""L5"": ""Normal"", ""L6"": ""1 By pass e LC"", ""L7"": ""1 By pass e LC""}}","('VALUE', 7.650614550412352)","('VALUE', 7.650614550412352)",True,True
chain,hes_L6_L7,retirada_condensado_linha@L3,"{""hes"": {""L4"": ""Normal"", ""L5"": ""Normal"", ""L6"": ""1 By pass e LC"", ""L7"": ""1 By pass e LC""}}","('VALUE', 695.51041367385)","('VALUE', 695.51041367385)",True,True
chain,hes_L6_L7,retirada_condensado_linha@L4,"{""hes"": {""L4"": ""Normal"", ""L5"": ""Normal"", ""L6"": ""1 By pass e LC"", ""L7"": ""1 By pass e LC""}}","('VALUE', 0.0003830749181112409)","('VALUE', 0.0003830749181112409)",True,True
chain,hes_L6_L7,retirada_condensado_linha@L5,"{""hes"": {""L4"": ""Normal"", ""L5"": ""Normal"", ""L6"": ""1 By pass e LC"", ""L7"": ""1 By pass e LC""}}","('VALUE', 371.5826705679037)","('VALUE', 371.5826705679037)",True,True
chain,hes_L6_L7,retirada_condensado_linha@L6,"{""hes"": {""L4"": ""Normal"", ""L5"": ""Normal"", ""L6"": ""1 By pass e LC"", ""L7"": ""1 By pass e LC""}}","('VALUE', -175.5458152007559)","('VALUE', -175.5458152007559)",True,True
chain,hes_L6_L7,retirada_condensado_linha@L7,"{""hes"": {""L4"": ""Normal"", ""L5"": ""Normal"", ""L6"": ""1 By pass e LC"", ""L7"": ""1 By pass e LC""}}","('VALUE', -175.5458152007559)","('VALUE', -175.5458152007559)",True,True
chain,hes_L6_L7,retirada_condensado_total@L1_L7,"{""hes"": {""L4"": ""Normal"", ""L5"": ""Normal"", ""L6"": ""1 By pass e LC"", ""L7"": ""1 By pass e LC""}}","('VALUE', 723.6524584206766)","('VALUE', 723.6524584206766)",True,True
chain,hes_L6_L7,retirada_cond_corr_ltp@L1_L3,"{""hes"": {""L4"": ""Normal"", ""L5"": ""Normal"", ""L6"": ""1 By pass e LC"", ""L7"": ""1 By pass e LC""}}","('VALUE', -11.017375456696598)","('VALUE', -11.017375456696598)",True,True
chain,hes_L6_L7,retirada_cond_corr_ltp@L4_L5,"{""hes"": {""L4"": ""Normal"", ""L5"": ""Normal"", ""L6"": ""1 By pass e LC"", ""L7"": ""1 By pass e LC""}}","('VALUE', 53.93641212842863)","('VALUE', 53.93641212842863)",True,True
chain,hes_L6_L7,retirada_cond_corr_ltp@L6_L7,"{""hes"": {""L4"": ""Normal"", ""L5"": ""Normal"", ""L6"": ""1 By pass e LC"", ""L7"": ""1 By pass e LC""}}","('VALUE', 47.936340992412426)","('VALUE', 47.936340992412426)",True,True
chain,hes_L6_L7,lth_grupo@L1_L3,"{""hes"": {""L4"": ""Normal"", ""L5"": ""Normal"", ""L6"": ""1 By pass e LC"", ""L7"": ""1 By pass e LC""}}","('VALUE', 690.0003333333334)","('VALUE', 690.0003333333334)",True,True
chain,hes_L6_L7,lth_grupo@L4_L5,"{""hes"": {""L4"": ""Normal"", ""L5"": ""Normal"", ""L6"": ""1 By pass e LC"", ""L7"": ""1 By pass e LC""}}","('VALUE', 1035.0)","('VALUE', 1035.0)",True,True
chain,hes_L6_L7,lth_grupo@L6_L7,"{""hes"": {""L4"": ""Normal"", ""L5"": ""Normal"", ""L6"": ""1 By pass e LC"", ""L7"": ""1 By pass e LC""}}","('VALUE', 50000.0005)","('VALUE', 50000.0005)",True,True
chain,hes_L6_L7,retirada_cond_corr_lth@L1_L3,"{""hes"": {""L4"": ""Normal"", ""L5"": ""Normal"", ""L6"": ""1 By pass e LC"", ""L7"": ""1 By pass e LC""}}","('VALUE', 43.15924402299021)","('VALUE', 43.15924402299021)",True,True
chain,hes_L6_L7,retirada_cond_corr_lth@L4_L5,"{""hes"": {""L4"": ""Normal"", ""L5"": ""Normal"", ""L6"": ""1 By pass e LC"", ""L7"": ""1 By pass e LC""}}","('VALUE', 70.5949761653086)","('VALUE', 70.5949761653086)",True,True
chain,hes_L6_L7,retirada_cond_corr_lth@L6_L7,"{""hes"": {""L4"": ""Normal"", ""L5"": ""Normal"", ""L6"": ""1 By pass e LC"", ""L7"": ""1 By pass e LC""}}","('VALUE', -9.812351774536836)","('VALUE', -9.812351774536836)",True,True
chain,hes_L6_L7,retirada_condensado_grupo@L1_L3,"{""hes"": {""L4"": ""Normal"", ""L5"": ""Normal"", ""L6"": ""1 By pass e LC"", ""L7"": ""1 By pass e LC""}}","('VALUE', 10210.52985843906)","('VALUE', 10210.52985843906)",True,True
chain,hes_L6_L7,retirada_condensado_grupo@L4_L5,"{""hes"": {""L4"": ""Normal"", ""L5"": ""Normal"", ""L6"": ""1 By pass e LC"", ""L7"": ""1 By pass e LC""}}","('VALUE', 133.31712807375993)","('VALUE', 133.31712807375993)",True,True
chain,hes_L6_L7,retirada_condensado_grupo@L6_L7,"{""hes"": {""L4"": ""Normal"", ""L5"": ""Normal"", ""L6"": ""1 By pass e LC"", ""L7"": ""1 By pass e LC""}}","('VALUE', -12.268763547669664)","('VALUE', -12.268763547669664)",True,True
chain,hes_L6_L7,retirada_condensado_linha@L1,"{""hes"": {""L4"": ""Normal"", ""L5"": ""Normal"", ""L6"": ""1 By pass e LC"", ""L7"": ""1 By pass e LC""}}","('VALUE', 5425.88281082133)","('VALUE', 5425.88281082133)",True,True
chain,hes_L6_L7,retirada_condensado_linha@L2,"{""hes"": {""L4"": ""Normal"", ""L5"": ""Normal"", ""L6"": ""1 By pass e LC"", ""L7"": ""1 By pass e LC""}}","('VALUE', 4784.642114996992)","('VALUE', 4784.642114996992)",True,True
chain,hes_L6_L7,retirada_condensado_linha@L3,"{""hes"": {""L4"": ""Normal"", ""L5"": ""Normal"", ""L6"": ""1 By pass e LC"", ""L7"": ""1 By pass e LC""}}","('VALUE', 0.004932620737110301)","('VALUE', 0.004932620737110301)",True,True
chain,hes_L6_L7,retirada_condensado_linha@L4,"{""hes"": {""L4"": ""Normal"", ""L5"": ""Normal"", ""L6"": ""1 By pass e LC"", ""L7"": ""1 By pass e LC""}}","('VALUE', 62.472277406544514)","('VALUE', 62.472277406544514)",True,True
chain,hes_L6_L7,retirada_condensado_linha@L5,"{""hes"": {""L4"": ""Normal"", ""L5"": ""Normal"", ""L6"": ""1 By pass e LC"", ""L7"": ""1 By pass e LC""}}","('VALUE', 70.84485066721543)","('VALUE', 70.84485066721543)",True,True
chain,hes_L6_L7,retirada_condensado_linha@L6,"{""hes"": {""L4"": ""Normal"", ""L5"": ""Normal"", ""L6"": ""1 By pass e LC"", ""L7"": ""1 By pass e LC""}}","('VALUE', -1.226876342498203e-07)","('VALUE', -1.226876342498203e-07)",True,True
chain,hes_L6_L7,retirada_condensado_linha@L7,"{""hes"": {""L4"": ""Normal"", ""L5"": ""Normal"", ""L6"": ""1 By pass e LC"", ""L7"": ""1 By pass e LC""}}","('VALUE', -12.268763424982028)","('VALUE', -12.268763424982028)",True,True
chain,hes_L6_L7,retirada_condensado_total@L1_L7,"{""hes"": {""L4"": ""Normal"", ""L5"": ""Normal"", ""L6"": ""1 By pass e LC"", ""L7"": ""1 By pass e LC""}}","('VALUE', 10331.57822296515)","('VALUE', 10331.57822296515)",True,True
chain,failure_ln,*,"{""vazao_ltp"": {""L1_L3"": 47.0, ""L4_L5"": 0.0, ""L6_L7"": 1320.0}, ""fator_retirada_cond_corr_lth"": {""L1_L3"": 1.1, ""L4_L5"": 1.1, ""L6_L7"": 1.1}, ""lth"": {""L1"": 1100.0, ""L2"": 0.001, ""L3"": 100000.0, ""L4"": 970.0, ""L5"": 100000.0, ""L6"": 0.001, ""L7"": 100000.0}, ""valor_retirada"": {""L1"": 0.0, ""L2"": 47.0, ""L3"": 0.0}, ""hes"": {""L4"": ""Normal"", ""L5"": ""Normal"", ""L6"": ""Normal"", ""L7"": ""Normal""}, ""desconto_retirada_41c"": {""L4_L5"": 3.0, ""L6_L7"": 0.0}, ""desconto_retirada_41d"": {""L4_L5"": 5.0}}","('FAILURE', 'LN_DOMAIN')","('FAILURE', 'LN_DOMAIN')",True,True
integrated_daily,2026-01-01,retirada_cond_corr_ltp@L1_L3,,"('VALUE', -77.97316455014742)","('VALUE', -77.97316455014742)",True,True
integrated_daily,2026-01-01,retirada_cond_corr_ltp@L4_L5,,"('VALUE', -77.84461622863684)","('VALUE', -77.84461622863684)",True,True
integrated_daily,2026-01-01,retirada_cond_corr_ltp@L6_L7,,"('VALUE', -77.7169108530004)","('VALUE', -77.7169108530004)",True,True
integrated_daily,2026-01-01,lth_grupo@L1_L3,,"('VALUE', 1.346568685)","('VALUE', 1.346568685)",True,True
integrated_daily,2026-01-01,lth_grupo@L4_L5,,"('VALUE', 1.349041643333333)","('VALUE', 1.349041643333333)",True,True
integrated_daily,2026-01-01,lth_grupo@L6_L7,,"('VALUE', 1.3510200099999998)","('VALUE', 1.3510200099999998)",True,True
integrated_daily,2026-01-01,retirada_cond_corr_lth@L1_L3,,"('VALUE', -71.79506341226892)","('VALUE', -71.79506341226892)",True,True
integrated_daily,2026-01-01,retirada_cond_corr_lth@L4_L5,,"('VALUE', -71.63327837395879)","('VALUE', -71.63327837395879)",True,True
integrated_daily,2026-01-01,retirada_cond_corr_lth@L6_L7,,"('VALUE', -71.47949766035994)","('VALUE', -71.47949766035994)",True,True
integrated_daily,2026-01-01,retirada_condensado_grupo@L1_L3,,"('VALUE', 23.2476034136355)","('VALUE', 23.2476034136355)",True,True
integrated_daily,2026-01-01,retirada_condensado_grupo@L4_L5,,"('VALUE', 112.4226757093561)","('VALUE', 112.4226757093561)",True,True
integrated_daily,2026-01-01,retirada_condensado_grupo@L6_L7,,"('VALUE', 112.47482638528092)","('VALUE', 112.47482638528092)",True,True
integrated_daily,2026-01-01,retirada_condensado_linha@L1,,"('VALUE', 7.743508609381717)","('VALUE', 7.743508609381717)",True,True
integrated_daily,2026-01-01,retirada_condensado_linha@L2,,"('VALUE', 7.749201137878497)","('VALUE', 7.749201137878497)",True,True
integrated_daily,2026-01-01,retirada_condensado_linha@L3,,"('VALUE', 7.754893666375282)","('VALUE', 7.754893666375282)",True,True
integrated_daily,2026-01-01,retirada_condensado_linha@L4,,"('VALUE', 56.190729403180285)","('VALUE', 56.190729403180285)",True,True
integrated_daily,2026-01-01,retirada_condensado_linha@L5,,"('VALUE', 56.23194630617582)","('VALUE', 56.23194630617582)",True,True
integrated_daily,2026-01-01,retirada_condensado_linha@L6,,"('VALUE', 56.21682537327872)","('VALUE', 56.21682537327872)",True,True
integrated_daily,2026-01-01,retirada_condensado_linha@L7,,"('VALUE', 56.25800101200219)","('VALUE', 56.25800101200219)",True,True
integrated_daily,2026-01-01,retirada_condensado_total@L1_L7,,"('VALUE', 248.1451055082725)","('VALUE', 248.1451055082725)",True,True
integrated_daily,2026-01-02,retirada_cond_corr_ltp@L1_L3,,"('VALUE', -77.97316455014742)","('VALUE', -77.97316455014742)",True,True
integrated_daily,2026-01-02,retirada_cond_corr_ltp@L4_L5,,"('VALUE', -77.84461622863684)","('VALUE', -77.84461622863684)",True,True
integrated_daily,2026-01-02,retirada_cond_corr_ltp@L6_L7,,"('VALUE', -77.7169108530004)","('VALUE', -77.7169108530004)",True,True
integrated_daily,2026-01-02,lth_grupo@L1_L3,,"('VALUE', 1.3465898733333335)","('VALUE', 1.3465898733333335)",True,True
integrated_daily,2026-01-02,lth_grupo@L4_L5,,"('VALUE', 1.3490628733333332)","('VALUE', 1.3490628733333332)",True,True
integrated_daily,2026-01-02,lth_grupo@L6_L7,,"('VALUE', 1.3510412733333332)","('VALUE', 1.3510412733333332)",True,True
integrated_daily,2026-01-02,retirada_cond_corr_lth@L1_L3,,"('VALUE', -71.79475697446904)","('VALUE', -71.79475697446904)",True,True
integrated_daily,2026-01-02,retirada_cond_corr_lth@L4_L5,,"('VALUE', -71.63297189639465)","('VALUE', -71.63297189639465)",True,True
integrated_daily,2026-01-02,retirada_cond_corr_lth@L6_L7,,"('VALUE', -71.47919115108924)","('VALUE', -71.47919115108924)",True,True
integrated_daily,2026-01-02,retirada_condensado_grupo@L1_L3,,"('VALUE', 23.248822727035133)","('VALUE', 23.248822727035133)",True,True
integrated_daily,2026-01-02,retirada_condensado_grupo@L4_L5,,"('VALUE', 112.42328866448437)","('VALUE', 112.42328866448437)",True,True
integrated_daily,2026-01-02,retirada_condensado_grupo@L6_L7,,"('VALUE', 112.47543940382232)","('VALUE', 112.47543940382232)",True,True
integrated_daily,2026-01-02,retirada_condensado_linha@L1,,"('VALUE', 7.743914742273291)","('VALUE', 7.743914742273291)",True,True
integrated_daily,2026-01-02,retirada_condensado_linha@L2,,"('VALUE', 7.749607575678376)","('VALUE', 7.749607575678376)",True,True
integrated_daily,2026-01-02,retirada_condensado_linha@L3,,"('VALUE', 7.755300409083463)","('VALUE', 7.755300409083463)",True,True
integrated_daily,2026-01-02,retirada_condensado_linha@L4,,"('VALUE', 56.19103574546962)","('VALUE', 56.19103574546962)",True,True
integrated_daily,2026-01-02,retirada_condensado_linha@L5,,"('VALUE', 56.232252919014755)","('VALUE', 56.232252919014755)",True,True
integrated_daily,2026-01-02,retirada_condensado_linha@L6,,"('VALUE', 56.21713174748403)","('VALUE', 56.21713174748403)",True,True
integrated_daily,2026-01-02,retirada_condensado_linha@L7,,"('VALUE', 56.258307656338296)","('VALUE', 56.258307656338296)",True,True
integrated_daily,2026-01-02,retirada_condensado_total@L1_L7,,"('VALUE', 248.14755079534183)","('VALUE', 248.14755079534183)",True,True
integrated_daily,2026-01-03,retirada_cond_corr_ltp@L1_L3,,"('VALUE', -77.97316455014742)","('VALUE', -77.97316455014742)",True,True
integrated_daily,2026-01-03,retirada_cond_corr_ltp@L4_L5,,"('VALUE', -77.84461622863684)","('VALUE', -77.84461622863684)",True,True
integrated_daily,2026-01-03,retirada_cond_corr_ltp@L6_L7,,"('VALUE', -77.7169108530004)","('VALUE', -77.7169108530004)",True,True
integrated_daily,2026-01-03,lth_grupo@L1_L3,,"('VALUE', 1.346611065)","('VALUE', 1.346611065)",True,True
integrated_daily,2026-01-03,lth_grupo@L4_L5,,"('VALUE', 1.3490841066666666)","('VALUE', 1.3490841066666666)",True,True
integrated_daily,2026-01-03,lth_grupo@L6_L7,,"('VALUE', 1.3510625399999998)","('VALUE', 1.3510625399999998)",True,True
integrated_daily,2026-01-03,retirada_cond_corr_lth@L1_L3,,"('VALUE', -71.79445049328342)","('VALUE', -71.79445049328342)",True,True
integrated_daily,2026-01-03,retirada_cond_corr_lth@L4_L5,,"('VALUE', -71.63266537553442)","('VALUE', -71.63266537553442)",True,True
integrated_daily,2026-01-03,retirada_cond_corr_lth@L6_L7,,"('VALUE', -71.4788845985939)","('VALUE', -71.4788845985939)",True,True
integrated_daily,2026-01-03,retirada_condensado_grupo@L1_L3,,"('VALUE', 23.250042170591986)","('VALUE', 23.250042170591986)",True,True
integrated_daily,2026-01-03,retirada_condensado_grupo@L4_L5,,"('VALUE', 112.42390170620484)","('VALUE', 112.42390170620484)",True,True
integrated_daily,2026-01-03,retirada_condensado_grupo@L6_L7,,"('VALUE', 112.47605250881301)","('VALUE', 112.47605250881301)",True,True
integrated_daily,2026-01-03,retirada_condensado_linha@L1,,"('VALUE', 7.744320918532362)","('VALUE', 7.744320918532362)",True,True
integrated_daily,2026-01-03,retirada_condensado_linha@L2,,"('VALUE', 7.7500140568639955)","('VALUE', 7.7500140568639955)",True,True
integrated_daily,2026-01-03,retirada_condensado_linha@L3,,"('VALUE', 7.755707195195628)","('VALUE', 7.755707195195628)",True,True
integrated_daily,2026-01-03,retirada_condensado_linha@L4,,"('VALUE', 56.19134213109059)","('VALUE', 56.19134213109059)",True,True
integrated_daily,2026-01-03,retirada_condensado_linha@L5,,"('VALUE', 56.23255957511426)","('VALUE', 56.23255957511426)",True,True
integrated_daily,2026-01-03,retirada_condensado_linha@L6,,"('VALUE', 56.217438164949414)","('VALUE', 56.217438164949414)",True,True
integrated_daily,2026-01-03,retirada_condensado_linha@L7,,"('VALUE', 56.2586143438636)","('VALUE', 56.2586143438636)",True,True
integrated_daily,2026-01-03,retirada_condensado_total@L1_L7,,"('VALUE', 248.14999638560985)","('VALUE', 248.14999638560985)",True,True
integrated_daily,2026-01-04,retirada_cond_corr_ltp@L1_L3,,"('VALUE', -77.97316455014742)","('VALUE', -77.97316455014742)",True,True
integrated_daily,2026-01-04,retirada_cond_corr_ltp@L4_L5,,"('VALUE', -77.84461622863684)","('VALUE', -77.84461622863684)",True,True
integrated_daily,2026-01-04,retirada_cond_corr_ltp@L6_L7,,"('VALUE', -77.7169108530004)","('VALUE', -77.7169108530004)",True,True
integrated_daily,2026-01-04,lth_grupo@L1_L3,,"('VALUE', 1.34663226)","('VALUE', 1.34663226)",True,True
integrated_daily,2026-01-04,lth_grupo@L4_L5,,"('VALUE', 1.349105343333333)","('VALUE', 1.349105343333333)",True,True
integrated_daily,2026-01-04,lth_grupo@L6_L7,,"('VALUE', 1.35108381)","('VALUE', 1.35108381)",True,True
integrated_daily,2026-01-04,retirada_cond_corr_lth@L1_L3,,"('VALUE', -71.7941439687142)","('VALUE', -71.7941439687142)",True,True
integrated_daily,2026-01-04,retirada_cond_corr_lth@L4_L5,,"('VALUE', -71.6323588113802)","('VALUE', -71.6323588113802)",True,True
integrated_daily,2026-01-04,retirada_cond_corr_lth@L6_L7,,"('VALUE', -71.47857800287599)","('VALUE', -71.47857800287599)",True,True
integrated_daily,2026-01-04,retirada_condensado_grupo@L1_L3,,"('VALUE', 23.25126174429966)","('VALUE', 23.25126174429966)",True,True
integrated_daily,2026-01-04,retirada_condensado_grupo@L4_L5,,"('VALUE', 112.42451483451327)","('VALUE', 112.42451483451327)",True,True
integrated_daily,2026-01-04,retirada_condensado_grupo@L6_L7,,"('VALUE', 112.47666570024882)","('VALUE', 112.47666570024882)",True,True
integrated_daily,2026-01-04,retirada_condensado_linha@L1,,"('VALUE', 7.744727138156801)","('VALUE', 7.744727138156801)",True,True
integrated_daily,2026-01-04,retirada_condensado_linha@L2,,"('VALUE', 7.750420581433218)","('VALUE', 7.750420581433218)",True,True
integrated_daily,2026-01-04,retirada_condensado_linha@L3,,"('VALUE', 7.756114024709638)","('VALUE', 7.756114024709638)",True,True
integrated_daily,2026-01-04,retirada_condensado_linha@L4,,"('VALUE', 56.19164856004107)","('VALUE', 56.19164856004107)",True,True
integrated_daily,2026-01-04,retirada_condensado_linha@L5,,"('VALUE', 56.23286627447222)","('VALUE', 56.23286627447222)",True,True
integrated_daily,2026-01-04,retirada_condensado_linha@L6,,"('VALUE', 56.21774462567279)","('VALUE', 56.21774462567279)",True,True
integrated_daily,2026-01-04,retirada_condensado_linha@L7,,"('VALUE', 56.258921074576016)","('VALUE', 56.258921074576016)",True,True
integrated_daily,2026-01-04,retirada_condensado_total@L1_L7,,"('VALUE', 248.15244227906175)","('VALUE', 248.15244227906175)",True,True
integrated_daily,2026-01-05,retirada_cond_corr_ltp@L1_L3,,"('VALUE', -77.97316455014742)","('VALUE', -77.97316455014742)",True,True
integrated_daily,2026-01-05,retirada_cond_corr_ltp@L4_L5,,"('VALUE', -77.84461622863684)","('VALUE', -77.84461622863684)",True,True
integrated_daily,2026-01-05,retirada_cond_corr_ltp@L6_L7,,"('VALUE', -77.7169108530004)","('VALUE', -77.7169108530004)",True,True
integrated_daily,2026-01-05,lth_grupo@L1_L3,,"('VALUE', 1.3466534583333332)","('VALUE', 1.3466534583333332)",True,True
integrated_daily,2026-01-05,lth_grupo@L4_L5,,"('VALUE', 1.349126583333333)","('VALUE', 1.349126583333333)",True,True
integrated_daily,2026-01-05,lth_grupo@L6_L7,,"('VALUE', 1.3511050833333331)","('VALUE', 1.3511050833333331)",True,True
integrated_daily,2026-01-05,retirada_cond_corr_lth@L1_L3,,"('VALUE', -71.7938374007635)","('VALUE', -71.7938374007635)",True,True
integrated_daily,2026-01-05,retirada_cond_corr_lth@L4_L5,,"('VALUE', -71.6320522039341)","('VALUE', -71.6320522039341)",True,True
integrated_daily,2026-01-05,retirada_cond_corr_lth@L6_L7,,"('VALUE', -71.4782713639377)","('VALUE', -71.4782713639377)",True,True
integrated_daily,2026-01-05,retirada_condensado_grupo@L1_L3,,"('VALUE', 23.25248144815177)","('VALUE', 23.25248144815177)",True,True
integrated_daily,2026-01-05,retirada_condensado_grupo@L4_L5,,"('VALUE', 112.42512804940549)","('VALUE', 112.42512804940549)",True,True
integrated_daily,2026-01-05,retirada_condensado_grupo@L6_L7,,"('VALUE', 112.47727897812541)","('VALUE', 112.47727897812541)",True,True
integrated_daily,2026-01-05,retirada_condensado_linha@L1,,"('VALUE', 7.745133401144478)","('VALUE', 7.745133401144478)",True,True
integrated_daily,2026-01-05,retirada_condensado_linha@L2,,"('VALUE', 7.750827149383922)","('VALUE', 7.750827149383922)",True,True
integrated_daily,2026-01-05,retirada_condensado_linha@L3,,"('VALUE', 7.756520897623368)","('VALUE', 7.756520897623368)",True,True
integrated_daily,2026-01-05,retirada_condensado_linha@L4,,"('VALUE', 56.19195503231893)","('VALUE', 56.19195503231893)",True,True
integrated_daily,2026-01-05,retirada_condensado_linha@L5,,"('VALUE', 56.23317301708655)","('VALUE', 56.23317301708655)",True,True
integrated_daily,2026-01-05,retirada_condensado_linha@L6,,"('VALUE', 56.21805112965201)","('VALUE', 56.21805112965201)",True,True
integrated_daily,2026-01-05,retirada_condensado_linha@L7,,"('VALUE', 56.25922784847341)","('VALUE', 56.25922784847341)",True,True
integrated_daily,2026-01-05,retirada_condensado_total@L1_L7,,"('VALUE', 248.15488847568267)","('VALUE', 248.15488847568267)",True,True
integrated_daily,2026-01-06,retirada_cond_corr_ltp@L1_L3,,"('VALUE', -77.97316455014742)","('VALUE', -77.97316455014742)",True,True
integrated_daily,2026-01-06,retirada_cond_corr_ltp@L4_L5,,"('VALUE', -77.84461622863684)","('VALUE', -77.84461622863684)",True,True
integrated_daily,2026-01-06,retirada_cond_corr_ltp@L6_L7,,"('VALUE', -77.7169108530004)","('VALUE', -77.7169108530004)",True,True
integrated_daily,2026-01-06,lth_grupo@L1_L3,,"('VALUE', 1.34667466)","('VALUE', 1.34667466)",True,True
integrated_daily,2026-01-06,lth_grupo@L4_L5,,"('VALUE', 1.3491478266666665)","('VALUE', 1.3491478266666665)",True,True
integrated_daily,2026-01-06,lth_grupo@L6_L7,,"('VALUE', 1.3511263599999999)","('VALUE', 1.3511263599999999)",True,True
integrated_daily,2026-01-06,retirada_cond_corr_lth@L1_L3,,"('VALUE', -71.79353078943342)","('VALUE', -71.79353078943342)",True,True
integrated_daily,2026-01-06,retirada_cond_corr_lth@L4_L5,,"('VALUE', -71.63174555319824)","('VALUE', -71.63174555319824)",True,True
integrated_daily,2026-01-06,retirada_cond_corr_lth@L6_L7,,"('VALUE', -71.47796468178109)","('VALUE', -71.47796468178109)",True,True
integrated_daily,2026-01-06,retirada_condensado_grupo@L1_L3,,"('VALUE', 23.253701282141993)","('VALUE', 23.253701282141993)",True,True
integrated_daily,2026-01-06,retirada_condensado_grupo@L4_L5,,"('VALUE', 112.42574135087719)","('VALUE', 112.42574135087719)",True,True
integrated_daily,2026-01-06,retirada_condensado_grupo@L6_L7,,"('VALUE', 112.47789234243862)","('VALUE', 112.47789234243862)",True,True
integrated_daily,2026-01-06,retirada_condensado_linha@L1,,"('VALUE', 7.745539707493292)","('VALUE', 7.745539707493292)",True,True
integrated_daily,2026-01-06,retirada_condensado_linha@L2,,"('VALUE', 7.751233760713996)","('VALUE', 7.751233760713996)",True,True
integrated_daily,2026-01-06,retirada_condensado_linha@L3,,"('VALUE', 7.756927813934703)","('VALUE', 7.756927813934703)",True,True
integrated_daily,2026-01-06,retirada_condensado_linha@L4,,"('VALUE', 56.19226154792206)","('VALUE', 56.19226154792206)",True,True
integrated_daily,2026-01-06,retirada_condensado_linha@L5,,"('VALUE', 56.233479802955124)","('VALUE', 56.233479802955124)",True,True
integrated_daily,2026-01-06,retirada_condensado_linha@L6,,"('VALUE', 56.21835767688497)","('VALUE', 56.21835767688497)",True,True
integrated_daily,2026-01-06,retirada_condensado_linha@L7,,"('VALUE', 56.25953466555365)","('VALUE', 56.25953466555365)",True,True
integrated_daily,2026-01-06,retirada_condensado_total@L1_L7,,"('VALUE', 248.15733497545781)","('VALUE', 248.15733497545781)",True,True
integrated_daily,2026-01-07,retirada_cond_corr_ltp@L1_L3,,"('VALUE', -77.97316455014742)","('VALUE', -77.97316455014742)",True,True
integrated_daily,2026-01-07,retirada_cond_corr_ltp@L4_L5,,"('VALUE', -77.84461622863684)","('VALUE', -77.84461622863684)",True,True
integrated_daily,2026-01-07,retirada_cond_corr_ltp@L6_L7,,"('VALUE', -77.7169108530004)","('VALUE', -77.7169108530004)",True,True
integrated_daily,2026-01-07,lth_grupo@L1_L3,,"('VALUE', 1.346695865)","('VALUE', 1.346695865)",True,True
integrated_daily,2026-01-07,lth_grupo@L4_L5,,"('VALUE', 1.3491690733333332)","('VALUE', 1.3491690733333332)",True,True
integrated_daily,2026-01-07,lth_grupo@L6_L7,,"('VALUE', 1.35114764)","('VALUE', 1.35114764)",True,True
integrated_daily,2026-01-07,retirada_cond_corr_lth@L1_L3,,"('VALUE', -71.7932241347261)","('VALUE', -71.7932241347261)",True,True
integrated_daily,2026-01-07,retirada_cond_corr_lth@L4_L5,,"('VALUE', -71.63143885917476)","('VALUE', -71.63143885917476)",True,True
integrated_daily,2026-01-07,retirada_cond_corr_lth@L6_L7,,"('VALUE', -71.4776579564083)","('VALUE', -71.4776579564083)",True,True
integrated_daily,2026-01-07,retirada_condensado_grupo@L1_L3,,"('VALUE', 23.25492124626394)","('VALUE', 23.25492124626394)",True,True
integrated_daily,2026-01-07,retirada_condensado_grupo@L4_L5,,"('VALUE', 112.42635473892415)","('VALUE', 112.42635473892415)",True,True
integrated_daily,2026-01-07,retirada_condensado_grupo@L6_L7,,"('VALUE', 112.47850579318421)","('VALUE', 112.47850579318421)",True,True
integrated_daily,2026-01-07,retirada_condensado_linha@L1,,"('VALUE', 7.745946057201115)","('VALUE', 7.745946057201115)",True,True
integrated_daily,2026-01-07,retirada_condensado_linha@L2,,"('VALUE', 7.7516404154213125)","('VALUE', 7.7516404154213125)",True,True
integrated_daily,2026-01-07,retirada_condensado_linha@L3,,"('VALUE', 7.757334773641512)","('VALUE', 7.757334773641512)",True,True
integrated_daily,2026-01-07,retirada_condensado_linha@L4,,"('VALUE', 56.192568106848334)","('VALUE', 56.192568106848334)",True,True
integrated_daily,2026-01-07,retirada_condensado_linha@L5,,"('VALUE', 56.23378663207581)","('VALUE', 56.23378663207581)",True,True
integrated_daily,2026-01-07,retirada_condensado_linha@L6,,"('VALUE', 56.218664267369576)","('VALUE', 56.218664267369576)",True,True
integrated_daily,2026-01-07,retirada_condensado_linha@L7,,"('VALUE', 56.25984152581464)","('VALUE', 56.25984152581464)",True,True
integrated_daily,2026-01-07,retirada_condensado_total@L1_L7,,"('VALUE', 248.1597817783723)","('VALUE', 248.1597817783723)",True,True
integrated_daily,2026-01-08,retirada_cond_corr_ltp@L1_L3,,"('VALUE', -77.97316455014742)","('VALUE', -77.97316455014742)",True,True
integrated_daily,2026-01-08,retirada_cond_corr_ltp@L4_L5,,"('VALUE', -77.84461622863684)","('VALUE', -77.84461622863684)",True,True
integrated_daily,2026-01-08,retirada_cond_corr_ltp@L6_L7,,"('VALUE', -77.7169108530004)","('VALUE', -77.7169108530004)",True,True
integrated_daily,2026-01-08,lth_grupo@L1_L3,,"('VALUE', 1.3467170733333333)","('VALUE', 1.3467170733333333)",True,True
integrated_daily,2026-01-08,lth_grupo@L4_L5,,"('VALUE', 1.349190323333333)","('VALUE', 1.349190323333333)",True,True
integrated_daily,2026-01-08,lth_grupo@L6_L7,,"('VALUE', 1.3511689233333333)","('VALUE', 1.3511689233333333)",True,True
integrated_daily,2026-01-08,retirada_cond_corr_lth@L1_L3,,"('VALUE', -71.79291743664369)","('VALUE', -71.79291743664369)",True,True
integrated_daily,2026-01-08,retirada_cond_corr_lth@L4_L5,,"('VALUE', -71.63113212186578)","('VALUE', -71.63113212186578)",True,True
integrated_daily,2026-01-08,retirada_cond_corr_lth@L6_L7,,"('VALUE', -71.47735118782145)","('VALUE', -71.47735118782145)",True,True
integrated_daily,2026-01-08,retirada_condensado_grupo@L1_L3,,"('VALUE', 23.256141340511174)","('VALUE', 23.256141340511174)",True,True
integrated_daily,2026-01-08,retirada_condensado_grupo@L4_L5,,"('VALUE', 112.42696821354212)","('VALUE', 112.42696821354212)",True,True
integrated_daily,2026-01-08,retirada_condensado_grupo@L6_L7,,"('VALUE', 112.47911933035789)","('VALUE', 112.47911933035789)",True,True
integrated_daily,2026-01-08,retirada_condensado_linha@L1,,"('VALUE', 7.746352450265805)","('VALUE', 7.746352450265805)",True,True
integrated_daily,2026-01-08,retirada_condensado_linha@L2,,"('VALUE', 7.752047113503723)","('VALUE', 7.752047113503723)",True,True
integrated_daily,2026-01-08,retirada_condensado_linha@L3,,"('VALUE', 7.757741776741644)","('VALUE', 7.757741776741644)",True,True
integrated_daily,2026-01-08,retirada_condensado_linha@L4,,"('VALUE', 56.19287470909563)","('VALUE', 56.19287470909563)",True,True
integrated_daily,2026-01-08,retirada_condensado_linha@L5,,"('VALUE', 56.23409350444649)","('VALUE', 56.23409350444649)",True,True
integrated_daily,2026-01-08,retirada_condensado_linha@L6,,"('VALUE', 56.21897090110365)","('VALUE', 56.21897090110365)",True,True
integrated_daily,2026-01-08,retirada_condensado_linha@L7,,"('VALUE', 56.26014842925423)","('VALUE', 56.26014842925423)",True,True
integrated_daily,2026-01-08,retirada_condensado_total@L1_L7,,"('VALUE', 248.16222888441118)","('VALUE', 248.16222888441118)",True,True
integrated_daily,2026-01-09,retirada_cond_corr_ltp@L1_L3,,"('VALUE', -77.97316455014742)","('VALUE', -77.97316455014742)",True,True
integrated_daily,2026-01-09,retirada_cond_corr_ltp@L4_L5,,"('VALUE', -77.84461622863684)","('VALUE', -77.84461622863684)",True,True
integrated_daily,2026-01-09,retirada_cond_corr_ltp@L6_L7,,"('VALUE', -77.7169108530004)","('VALUE', -77.7169108530004)",True,True
integrated_daily,2026-01-09,lth_grupo@L1_L3,,"('VALUE', 1.3467382849999998)","('VALUE', 1.3467382849999998)",True,True
integrated_daily,2026-01-09,lth_grupo@L4_L5,,"('VALUE', 1.3492115766666666)","('VALUE', 1.3492115766666666)",True,True
integrated_daily,2026-01-09,lth_grupo@L6_L7,,"('VALUE', 1.3511902099999997)","('VALUE', 1.3511902099999997)",True,True
integrated_daily,2026-01-09,retirada_cond_corr_lth@L1_L3,,"('VALUE', -71.79261069518829)","('VALUE', -71.79261069518829)",True,True
integrated_daily,2026-01-09,retirada_cond_corr_lth@L4_L5,,"('VALUE', -71.63082534127341)","('VALUE', -71.63082534127341)",True,True
integrated_daily,2026-01-09,retirada_cond_corr_lth@L6_L7,,"('VALUE', -71.47704437602266)","('VALUE', -71.47704437602266)",True,True
integrated_daily,2026-01-09,retirada_condensado_grupo@L1_L3,,"('VALUE', 23.257361564877385)","('VALUE', 23.257361564877385)",True,True
integrated_daily,2026-01-09,retirada_condensado_grupo@L4_L5,,"('VALUE', 112.42758177472686)","('VALUE', 112.42758177472686)",True,True
integrated_daily,2026-01-09,retirada_condensado_grupo@L6_L7,,"('VALUE', 112.47973295395548)","('VALUE', 112.47973295395548)",True,True
integrated_daily,2026-01-09,retirada_condensado_linha@L1,,"('VALUE', 7.746758886685262)","('VALUE', 7.746758886685262)",True,True
integrated_daily,2026-01-09,retirada_condensado_linha@L2,,"('VALUE', 7.752453854959128)","('VALUE', 7.752453854959128)",True,True
integrated_daily,2026-01-09,retirada_condensado_linha@L3,,"('VALUE', 7.758148823232993)","('VALUE', 7.758148823232993)",True,True
integrated_daily,2026-01-09,retirada_condensado_linha@L4,,"('VALUE', 56.19318135466183)","('VALUE', 56.19318135466183)",True,True
integrated_daily,2026-01-09,retirada_condensado_linha@L5,,"('VALUE', 56.234400420065036)","('VALUE', 56.234400420065036)",True,True
integrated_daily,2026-01-09,retirada_condensado_linha@L6,,"('VALUE', 56.21927757808512)","('VALUE', 56.21927757808512)",True,True
integrated_daily,2026-01-09,retirada_condensado_linha@L7,,"('VALUE', 56.260455375870364)","('VALUE', 56.260455375870364)",True,True
integrated_daily,2026-01-09,retirada_condensado_total@L1_L7,,"('VALUE', 248.16467629355972)","('VALUE', 248.16467629355972)",True,True
integrated_daily,2026-01-10,retirada_cond_corr_ltp@L1_L3,,"('VALUE', -77.97316455014742)","('VALUE', -77.97316455014742)",True,True
integrated_daily,2026-01-10,retirada_cond_corr_ltp@L4_L5,,"('VALUE', -77.84461622863684)","('VALUE', -77.84461622863684)",True,True
integrated_daily,2026-01-10,retirada_cond_corr_ltp@L6_L7,,"('VALUE', -77.7169108530004)","('VALUE', -77.7169108530004)",True,True
integrated_daily,2026-01-10,lth_grupo@L1_L3,,"('VALUE', 1.3467594999999999)","('VALUE', 1.3467594999999999)",True,True
integrated_daily,2026-01-10,lth_grupo@L4_L5,,"('VALUE', 1.3492328333333332)","('VALUE', 1.3492328333333332)",True,True
integrated_daily,2026-01-10,lth_grupo@L6_L7,,"('VALUE', 1.3512114999999998)","('VALUE', 1.3512114999999998)",True,True
integrated_daily,2026-01-10,retirada_cond_corr_lth@L1_L3,,"('VALUE', -71.79230391036202)","('VALUE', -71.79230391036202)",True,True
integrated_daily,2026-01-10,retirada_cond_corr_lth@L4_L5,,"('VALUE', -71.63051851739976)","('VALUE', -71.63051851739976)",True,True
integrated_daily,2026-01-10,retirada_cond_corr_lth@L6_L7,,"('VALUE', -71.47673752101404)","('VALUE', -71.47673752101404)",True,True
integrated_daily,2026-01-10,retirada_condensado_grupo@L1_L3,,"('VALUE', 23.258581919356182)","('VALUE', 23.258581919356182)",True,True
integrated_daily,2026-01-10,retirada_condensado_grupo@L4_L5,,"('VALUE', 112.42819542247415)","('VALUE', 112.42819542247415)",True,True
integrated_daily,2026-01-10,retirada_condensado_grupo@L6_L7,,"('VALUE', 112.48034666397271)","('VALUE', 112.48034666397271)",True,True
integrated_daily,2026-01-10,retirada_condensado_linha@L1,,"('VALUE', 7.7471653664573585)","('VALUE', 7.7471653664573585)",True,True
integrated_daily,2026-01-10,retirada_condensado_linha@L2,,"('VALUE', 7.7528606397853945)","('VALUE', 7.7528606397853945)",True,True
integrated_daily,2026-01-10,retirada_condensado_linha@L3,,"('VALUE', 7.758555913113429)","('VALUE', 7.758555913113429)",True,True
integrated_daily,2026-01-10,retirada_condensado_linha@L4,,"('VALUE', 56.1934880435448)","('VALUE', 56.1934880435448)",True,True
integrated_daily,2026-01-10,retirada_condensado_linha@L5,,"('VALUE', 56.23470737892934)","('VALUE', 56.23470737892934)",True,True
integrated_daily,2026-01-10,retirada_condensado_linha@L6,,"('VALUE', 56.21958429831185)","('VALUE', 56.21958429831185)",True,True
integrated_daily,2026-01-10,retirada_condensado_linha@L7,,"('VALUE', 56.26076236566087)","('VALUE', 56.26076236566087)",True,True
integrated_daily,2026-01-10,retirada_condensado_total@L1_L7,,"('VALUE', 248.16712400580303)","('VALUE', 248.16712400580303)",True,True
integrated_daily,2026-01-11,retirada_cond_corr_ltp@L1_L3,,"('VALUE', -77.97316455014742)","('VALUE', -77.97316455014742)",True,True
integrated_daily,2026-01-11,retirada_cond_corr_ltp@L4_L5,,"('VALUE', -77.84461622863684)","('VALUE', -77.84461622863684)",True,True
integrated_daily,2026-01-11,retirada_cond_corr_ltp@L6_L7,,"('VALUE', -77.7169108530004)","('VALUE', -77.7169108530004)",True,True
integrated_daily,2026-01-11,lth_grupo@L1_L3,,"('VALUE', 1.3467807183333331)","('VALUE', 1.3467807183333331)",True,True
integrated_daily,2026-01-11,lth_grupo@L4_L5,,"('VALUE', 1.3492540933333332)","('VALUE', 1.3492540933333332)",True,True
integrated_daily,2026-01-11,lth_grupo@L6_L7,,"('VALUE', 1.3512327933333332)","('VALUE', 1.3512327933333332)",True,True
integrated_daily,2026-01-11,retirada_cond_corr_lth@L1_L3,,"('VALUE', -71.79199708216703)","('VALUE', -71.79199708216703)",True,True
integrated_daily,2026-01-11,retirada_cond_corr_lth@L4_L5,,"('VALUE', -71.63021165024698)","('VALUE', -71.63021165024698)",True,True
integrated_daily,2026-01-11,retirada_cond_corr_lth@L6_L7,,"('VALUE', -71.47643062279772)","('VALUE', -71.47643062279772)",True,True
integrated_daily,2026-01-11,retirada_condensado_grupo@L1_L3,,"('VALUE', 23.259802403941162)","('VALUE', 23.259802403941162)",True,True
integrated_daily,2026-01-11,retirada_condensado_grupo@L4_L5,,"('VALUE', 112.42880915677972)","('VALUE', 112.42880915677972)",True,True
integrated_daily,2026-01-11,retirada_condensado_grupo@L6_L7,,"('VALUE', 112.48096046040536)","('VALUE', 112.48096046040536)",True,True
integrated_daily,2026-01-11,retirada_condensado_linha@L1,,"('VALUE', 7.747571889579964)","('VALUE', 7.747571889579964)",True,True
integrated_daily,2026-01-11,retirada_condensado_linha@L2,,"('VALUE', 7.753267467980387)","('VALUE', 7.753267467980387)",True,True
integrated_daily,2026-01-11,retirada_condensado_linha@L3,,"('VALUE', 7.758963046380812)","('VALUE', 7.758963046380812)",True,True
integrated_daily,2026-01-11,retirada_condensado_linha@L4,,"('VALUE', 56.19379477574244)","('VALUE', 56.19379477574244)",True,True
integrated_daily,2026-01-11,retirada_condensado_linha@L5,,"('VALUE', 56.23501438103729)","('VALUE', 56.23501438103729)",True,True
integrated_daily,2026-01-11,retirada_condensado_linha@L6,,"('VALUE', 56.2198910617817)","('VALUE', 56.2198910617817)",True,True
integrated_daily,2026-01-11,retirada_condensado_linha@L7,,"('VALUE', 56.26106939862365)","('VALUE', 56.26106939862365)",True,True
integrated_daily,2026-01-11,retirada_condensado_total@L1_L7,,"('VALUE', 248.16957202112624)","('VALUE', 248.16957202112624)",True,True
integrated_daily,2026-01-12,retirada_cond_corr_ltp@L1_L3,,"('VALUE', -77.97316455014742)","('VALUE', -77.97316455014742)",True,True
integrated_daily,2026-01-12,retirada_cond_corr_ltp@L4_L5,,"('VALUE', -77.84461622863684)","('VALUE', -77.84461622863684)",True,True
integrated_daily,2026-01-12,retirada_cond_corr_ltp@L6_L7,,"('VALUE', -77.7169108530004)","('VALUE', -77.7169108530004)",True,True
integrated_daily,2026-01-12,lth_grupo@L1_L3,,"('VALUE', 1.3468019399999998)","('VALUE', 1.3468019399999998)",True,True
integrated_daily,2026-01-12,lth_grupo@L4_L5,,"('VALUE', 1.3492753566666669)","('VALUE', 1.3492753566666669)",True,True
integrated_daily,2026-01-12,lth_grupo@L6_L7,,"('VALUE', 1.3512540899999999)","('VALUE', 1.3512540899999999)",True,True
integrated_daily,2026-01-12,retirada_cond_corr_lth@L1_L3,,"('VALUE', -71.79169021060541)","('VALUE', -71.79169021060541)",True,True
integrated_daily,2026-01-12,retirada_cond_corr_lth@L4_L5,,"('VALUE', -71.62990473981716)","('VALUE', -71.62990473981716)",True,True
integrated_daily,2026-01-12,retirada_cond_corr_lth@L6_L7,,"('VALUE', -71.4761236813758)","('VALUE', -71.4761236813758)",True,True
integrated_daily,2026-01-12,retirada_condensado_grupo@L1_L3,,"('VALUE', 23.26102301862602)","('VALUE', 23.26102301862602)",True,True
integrated_daily,2026-01-12,retirada_condensado_grupo@L4_L5,,"('VALUE', 112.42942297763935)","('VALUE', 112.42942297763935)",True,True
integrated_daily,2026-01-12,retirada_condensado_grupo@L6_L7,,"('VALUE', 112.4815743432492)","('VALUE', 112.4815743432492)",True,True
integrated_daily,2026-01-12,retirada_condensado_linha@L1,,"('VALUE', 7.747978456050979)","('VALUE', 7.747978456050979)",True,True
integrated_daily,2026-01-12,retirada_condensado_linha@L2,,"('VALUE', 7.753674339542008)","('VALUE', 7.753674339542008)",True,True
integrated_daily,2026-01-12,retirada_condensado_linha@L3,,"('VALUE', 7.759370223033035)","('VALUE', 7.759370223033035)",True,True
integrated_daily,2026-01-12,retirada_condensado_linha@L4,,"('VALUE', 56.194101551252615)","('VALUE', 56.194101551252615)",True,True
integrated_daily,2026-01-12,retirada_condensado_linha@L5,,"('VALUE', 56.23532142638672)","('VALUE', 56.23532142638672)",True,True
integrated_daily,2026-01-12,retirada_condensado_linha@L6,,"('VALUE', 56.22019786849261)","('VALUE', 56.22019786849261)",True,True
integrated_daily,2026-01-12,retirada_condensado_linha@L7,,"('VALUE', 56.2613764747566)","('VALUE', 56.2613764747566)",True,True
integrated_daily,2026-01-12,retirada_condensado_total@L1_L7,,"('VALUE', 248.17202033951457)","('VALUE', 248.17202033951457)",True,True
integrated_daily,2026-01-13,retirada_cond_corr_ltp@L1_L3,,"('VALUE', -77.97316455014742)","('VALUE', -77.97316455014742)",True,True
integrated_daily,2026-01-13,retirada_cond_corr_ltp@L4_L5,,"('VALUE', -77.84461622863684)","('VALUE', -77.84461622863684)",True,True
integrated_daily,2026-01-13,retirada_cond_corr_ltp@L6_L7,,"('VALUE', -77.7169108530004)","('VALUE', -77.7169108530004)",True,True
integrated_daily,2026-01-13,lth_grupo@L1_L3,,"('VALUE', 1.3468231649999998)","('VALUE', 1.3468231649999998)",True,True
integrated_daily,2026-01-13,lth_grupo@L4_L5,,"('VALUE', 1.3492966233333332)","('VALUE', 1.3492966233333332)",True,True
integrated_daily,2026-01-13,lth_grupo@L6_L7,,"('VALUE', 1.3512753899999999)","('VALUE', 1.3512753899999999)",True,True
integrated_daily,2026-01-13,retirada_cond_corr_lth@L1_L3,,"('VALUE', -71.79138329567932)","('VALUE', -71.79138329567932)",True,True
integrated_daily,2026-01-13,retirada_cond_corr_lth@L4_L5,,"('VALUE', -71.62959778611246)","('VALUE', -71.62959778611246)",True,True
integrated_daily,2026-01-13,retirada_cond_corr_lth@L6_L7,,"('VALUE', -71.4758166967504)","('VALUE', -71.4758166967504)",True,True
integrated_daily,2026-01-13,retirada_condensado_grupo@L1_L3,,"('VALUE', 23.26224376340428)","('VALUE', 23.26224376340428)",True,True
integrated_daily,2026-01-13,retirada_condensado_grupo@L4_L5,,"('VALUE', 112.43003688504876)","('VALUE', 112.43003688504876)",True,True
integrated_daily,2026-01-13,retirada_condensado_grupo@L6_L7,,"('VALUE', 112.4821883125)","('VALUE', 112.4821883125)",True,True
integrated_daily,2026-01-13,retirada_condensado_linha@L1,,"('VALUE', 7.748385065868247)","('VALUE', 7.748385065868247)",True,True
integrated_daily,2026-01-13,retirada_condensado_linha@L2,,"('VALUE', 7.754081254468094)","('VALUE', 7.754081254468094)",True,True
integrated_daily,2026-01-13,retirada_condensado_linha@L3,,"('VALUE', 7.759777443067939)","('VALUE', 7.759777443067939)",True,True
integrated_daily,2026-01-13,retirada_condensado_linha@L4,,"('VALUE', 56.194408370073205)","('VALUE', 56.194408370073205)",True,True
integrated_daily,2026-01-13,retirada_condensado_linha@L5,,"('VALUE', 56.235628514975566)","('VALUE', 56.235628514975566)",True,True
integrated_daily,2026-01-13,retirada_condensado_linha@L6,,"('VALUE', 56.22050471844241)","('VALUE', 56.22050471844241)",True,True
integrated_daily,2026-01-13,retirada_condensado_linha@L7,,"('VALUE', 56.26168359405758)","('VALUE', 56.26168359405758)",True,True
integrated_daily,2026-01-13,retirada_condensado_total@L1_L7,,"('VALUE', 248.17446896095305)","('VALUE', 248.17446896095305)",True,True
integrated_daily,2026-01-14,retirada_cond_corr_ltp@L1_L3,,"('VALUE', -77.97316455014742)","('VALUE', -77.97316455014742)",True,True
integrated_daily,2026-01-14,retirada_cond_corr_ltp@L4_L5,,"('VALUE', -77.84461622863684)","('VALUE', -77.84461622863684)",True,True
integrated_daily,2026-01-14,retirada_cond_corr_ltp@L6_L7,,"('VALUE', -77.7169108530004)","('VALUE', -77.7169108530004)",True,True
integrated_daily,2026-01-14,lth_grupo@L1_L3,,"('VALUE', 1.3468443933333332)","('VALUE', 1.3468443933333332)",True,True
integrated_daily,2026-01-14,lth_grupo@L4_L5,,"('VALUE', 1.349317893333333)","('VALUE', 1.349317893333333)",True,True
integrated_daily,2026-01-14,lth_grupo@L6_L7,,"('VALUE', 1.3512966933333332)","('VALUE', 1.3512966933333332)",True,True
integrated_daily,2026-01-14,retirada_cond_corr_lth@L1_L3,,"('VALUE', -71.79107633739088)","('VALUE', -71.79107633739088)",True,True
integrated_daily,2026-01-14,retirada_cond_corr_lth@L4_L5,,"('VALUE', -71.62929078913497)","('VALUE', -71.62929078913497)",True,True
integrated_daily,2026-01-14,retirada_cond_corr_lth@L6_L7,,"('VALUE', -71.47550966892366)","('VALUE', -71.47550966892366)",True,True
integrated_daily,2026-01-14,retirada_condensado_grupo@L1_L3,,"('VALUE', 23.263464638269618)","('VALUE', 23.263464638269618)",True,True
integrated_daily,2026-01-14,retirada_condensado_grupo@L4_L5,,"('VALUE', 112.43065087900374)","('VALUE', 112.43065087900374)",True,True
integrated_daily,2026-01-14,retirada_condensado_grupo@L6_L7,,"('VALUE', 112.48280236815347)","('VALUE', 112.48280236815347)",True,True
integrated_daily,2026-01-14,retirada_condensado_linha@L1,,"('VALUE', 7.748791719029662)","('VALUE', 7.748791719029662)",True,True
integrated_daily,2026-01-14,retirada_condensado_linha@L2,,"('VALUE', 7.754488212756537)","('VALUE', 7.754488212756537)",True,True
integrated_daily,2026-01-14,retirada_condensado_linha@L3,,"('VALUE', 7.760184706483416)","('VALUE', 7.760184706483416)",True,True
integrated_daily,2026-01-14,retirada_condensado_linha@L4,,"('VALUE', 56.19471523220208)","('VALUE', 56.19471523220208)",True,True
integrated_daily,2026-01-14,retirada_condensado_linha@L5,,"('VALUE', 56.23593564680166)","('VALUE', 56.23593564680166)",True,True
integrated_daily,2026-01-14,retirada_condensado_linha@L6,,"('VALUE', 56.22081161162901)","('VALUE', 56.22081161162901)",True,True
integrated_daily,2026-01-14,retirada_condensado_linha@L7,,"('VALUE', 56.26199075652446)","('VALUE', 56.26199075652446)",True,True
integrated_daily,2026-01-14,retirada_condensado_total@L1_L7,,"('VALUE', 248.17691788542683)","('VALUE', 248.17691788542683)",True,True
integrated_daily,2026-01-15,retirada_cond_corr_ltp@L1_L3,,"('VALUE', -77.97316455014742)","('VALUE', -77.97316455014742)",True,True
integrated_daily,2026-01-15,retirada_cond_corr_ltp@L4_L5,,"('VALUE', -77.84461622863684)","('VALUE', -77.84461622863684)",True,True
integrated_daily,2026-01-15,retirada_cond_corr_ltp@L6_L7,,"('VALUE', -77.7169108530004)","('VALUE', -77.7169108530004)",True,True
integrated_daily,2026-01-15,lth_grupo@L1_L3,,"('VALUE', 1.3468656249999997)","('VALUE', 1.3468656249999997)",True,True
integrated_daily,2026-01-15,lth_grupo@L4_L5,,"('VALUE', 1.3493391666666663)","('VALUE', 1.3493391666666663)",True,True
integrated_daily,2026-01-15,lth_grupo@L6_L7,,"('VALUE', 1.351318)","('VALUE', 1.351318)",True,True
integrated_daily,2026-01-15,retirada_cond_corr_lth@L1_L3,,"('VALUE', -71.7907693357422)","('VALUE', -71.7907693357422)",True,True
integrated_daily,2026-01-15,retirada_cond_corr_lth@L4_L5,,"('VALUE', -71.62898374888684)","('VALUE', -71.62898374888684)",True,True
integrated_daily,2026-01-15,retirada_cond_corr_lth@L6_L7,,"('VALUE', -71.47520259789769)","('VALUE', -71.47520259789769)",True,True
integrated_daily,2026-01-15,retirada_condensado_grupo@L1_L3,,"('VALUE', 23.264685643215657)","('VALUE', 23.264685643215657)",True,True
integrated_daily,2026-01-15,retirada_condensado_grupo@L4_L5,,"('VALUE', 112.4312649595)","('VALUE', 112.4312649595)",True,True
integrated_daily,2026-01-15,retirada_condensado_grupo@L6_L7,,"('VALUE', 112.48341651020542)","('VALUE', 112.48341651020542)",True,True
integrated_daily,2026-01-15,retirada_condensado_linha@L1,,"('VALUE', 7.749198415533107)","('VALUE', 7.749198415533107)",True,True
integrated_daily,2026-01-15,retirada_condensado_linha@L2,,"('VALUE', 7.754895214405218)","('VALUE', 7.754895214405218)",True,True
integrated_daily,2026-01-15,retirada_condensado_linha@L3,,"('VALUE', 7.760592013277331)","('VALUE', 7.760592013277331)",True,True
integrated_daily,2026-01-15,retirada_condensado_linha@L4,,"('VALUE', 56.195022137637096)","('VALUE', 56.195022137637096)",True,True
integrated_daily,2026-01-15,retirada_condensado_linha@L5,,"('VALUE', 56.23624282186291)","('VALUE', 56.23624282186291)",True,True
integrated_daily,2026-01-15,retirada_condensado_linha@L6,,"('VALUE', 56.221118548050256)","('VALUE', 56.221118548050256)",True,True
integrated_daily,2026-01-15,retirada_condensado_linha@L7,,"('VALUE', 56.262297962155145)","('VALUE', 56.262297962155145)",True,True
integrated_daily,2026-01-15,retirada_condensado_total@L1_L7,,"('VALUE', 248.17936711292106)","('VALUE', 248.17936711292106)",True,True
integrated_daily,2026-01-16,retirada_cond_corr_ltp@L1_L3,,"('VALUE', -77.97316455014742)","('VALUE', -77.97316455014742)",True,True
integrated_daily,2026-01-16,retirada_cond_corr_ltp@L4_L5,,"('VALUE', -77.84461622863684)","('VALUE', -77.84461622863684)",True,True
integrated_daily,2026-01-16,retirada_cond_corr_ltp@L6_L7,,"('VALUE', -77.7169108530004)","('VALUE', -77.7169108530004)",True,True
integrated_daily,2026-01-16,lth_grupo@L1_L3,,"('VALUE', 1.3468868599999997)","('VALUE', 1.3468868599999997)",True,True
integrated_daily,2026-01-16,lth_grupo@L4_L5,,"('VALUE', 1.349360443333333)","('VALUE', 1.349360443333333)",True,True
integrated_daily,2026-01-16,lth_grupo@L6_L7,,"('VALUE', 1.3513393099999997)","('VALUE', 1.3513393099999997)",True,True
integrated_daily,2026-01-16,retirada_cond_corr_lth@L1_L3,,"('VALUE', -71.79046229073542)","('VALUE', -71.79046229073542)",True,True
integrated_daily,2026-01-16,retirada_cond_corr_lth@L4_L5,,"('VALUE', -71.62867666537015)","('VALUE', -71.62867666537015)",True,True
integrated_daily,2026-01-16,retirada_cond_corr_lth@L6_L7,,"('VALUE', -71.47489548367462)","('VALUE', -71.47489548367462)",True,True
integrated_daily,2026-01-16,retirada_condensado_grupo@L1_L3,,"('VALUE', 23.26590677823599)","('VALUE', 23.26590677823599)",True,True
integrated_daily,2026-01-16,retirada_condensado_grupo@L4_L5,,"('VALUE', 112.43187912653337)","('VALUE', 112.43187912653337)",True,True
integrated_daily,2026-01-16,retirada_condensado_grupo@L6_L7,,"('VALUE', 112.48403073865157)","('VALUE', 112.48403073865157)",True,True
integrated_daily,2026-01-16,retirada_condensado_linha@L1,,"('VALUE', 7.749605155376445)","('VALUE', 7.749605155376445)",True,True
integrated_daily,2026-01-16,retirada_condensado_linha@L2,,"('VALUE', 7.755302259411997)","('VALUE', 7.755302259411997)",True,True
integrated_daily,2026-01-16,retirada_condensado_linha@L3,,"('VALUE', 7.760999363447549)","('VALUE', 7.760999363447549)",True,True
integrated_daily,2026-01-16,retirada_condensado_linha@L4,,"('VALUE', 56.195329086376184)","('VALUE', 56.195329086376184)",True,True
integrated_daily,2026-01-16,retirada_condensado_linha@L5,,"('VALUE', 56.236550040157184)","('VALUE', 56.236550040157184)",True,True
integrated_daily,2026-01-16,retirada_condensado_linha@L6,,"('VALUE', 56.221425527704056)","('VALUE', 56.221425527704056)",True,True
integrated_daily,2026-01-16,retirada_condensado_linha@L7,,"('VALUE', 56.26260521094752)","('VALUE', 56.26260521094752)",True,True
integrated_daily,2026-01-16,retirada_condensado_total@L1_L7,,"('VALUE', 248.18181664342094)","('VALUE', 248.18181664342094)",True,True
integrated_daily,2026-01-17,retirada_cond_corr_ltp@L1_L3,,"('VALUE', -77.97316455014742)","('VALUE', -77.97316455014742)",True,True
integrated_daily,2026-01-17,retirada_cond_corr_ltp@L4_L5,,"('VALUE', -77.84461622863684)","('VALUE', -77.84461622863684)",True,True
integrated_daily,2026-01-17,retirada_cond_corr_ltp@L6_L7,,"('VALUE', -77.7169108530004)","('VALUE', -77.7169108530004)",True,True
integrated_daily,2026-01-17,lth_grupo@L1_L3,,"('VALUE', 1.3469080983333332)","('VALUE', 1.3469080983333332)",True,True
integrated_daily,2026-01-17,lth_grupo@L4_L5,,"('VALUE', 1.349381723333333)","('VALUE', 1.349381723333333)",True,True
integrated_daily,2026-01-17,lth_grupo@L6_L7,,"('VALUE', 1.351360623333333)","('VALUE', 1.351360623333333)",True,True
integrated_daily,2026-01-17,retirada_cond_corr_lth@L1_L3,,"('VALUE', -71.79015520237266)","('VALUE', -71.79015520237266)",True,True
integrated_daily,2026-01-17,retirada_cond_corr_lth@L4_L5,,"('VALUE', -71.62836953858708)","('VALUE', -71.62836953858708)",True,True
integrated_daily,2026-01-17,retirada_cond_corr_lth@L6_L7,,"('VALUE', -71.47458832625655)","('VALUE', -71.47458832625655)",True,True
integrated_daily,2026-01-17,retirada_condensado_grupo@L1_L3,,"('VALUE', 23.26712804332427)","('VALUE', 23.26712804332427)",True,True
integrated_daily,2026-01-17,retirada_condensado_grupo@L4_L5,,"('VALUE', 112.43249338009952)","('VALUE', 112.43249338009952)",True,True
integrated_daily,2026-01-17,retirada_condensado_grupo@L6_L7,,"('VALUE', 112.4846450534877)","('VALUE', 112.4846450534877)",True,True
integrated_daily,2026-01-17,retirada_condensado_linha@L1,,"('VALUE', 7.750011938557564)","('VALUE', 7.750011938557564)",True,True
integrated_daily,2026-01-17,retirada_condensado_linha@L2,,"('VALUE', 7.755709347774757)","('VALUE', 7.755709347774757)",True,True
integrated_daily,2026-01-17,retirada_condensado_linha@L3,,"('VALUE', 7.76140675699195)","('VALUE', 7.76140675699195)",True,True
integrated_daily,2026-01-17,retirada_condensado_linha@L4,,"('VALUE', 56.195636078417174)","('VALUE', 56.195636078417174)",True,True
integrated_daily,2026-01-17,retirada_condensado_linha@L5,,"('VALUE', 56.236857301682356)","('VALUE', 56.236857301682356)",True,True
integrated_daily,2026-01-17,retirada_condensado_linha@L6,,"('VALUE', 56.22173255058826)","('VALUE', 56.22173255058826)",True,True
integrated_daily,2026-01-17,retirada_condensado_linha@L7,,"('VALUE', 56.26291250289944)","('VALUE', 56.26291250289944)",True,True
integrated_daily,2026-01-17,retirada_condensado_total@L1_L7,,"('VALUE', 248.1842664769115)","('VALUE', 248.1842664769115)",True,True
integrated_daily,2026-01-18,retirada_cond_corr_ltp@L1_L3,,"('VALUE', -77.97316455014742)","('VALUE', -77.97316455014742)",True,True
integrated_daily,2026-01-18,retirada_cond_corr_ltp@L4_L5,,"('VALUE', -77.84461622863684)","('VALUE', -77.84461622863684)",True,True
integrated_daily,2026-01-18,retirada_cond_corr_ltp@L6_L7,,"('VALUE', -77.7169108530004)","('VALUE', -77.7169108530004)",True,True
integrated_daily,2026-01-18,lth_grupo@L1_L3,,"('VALUE', 1.34692934)","('VALUE', 1.34692934)",True,True
integrated_daily,2026-01-18,lth_grupo@L4_L5,,"('VALUE', 1.3494030066666665)","('VALUE', 1.3494030066666665)",True,True
integrated_daily,2026-01-18,lth_grupo@L6_L7,,"('VALUE', 1.3513819399999998)","('VALUE', 1.3513819399999998)",True,True
integrated_daily,2026-01-18,retirada_cond_corr_lth@L1_L3,,"('VALUE', -71.78984807065606)","('VALUE', -71.78984807065606)",True,True
integrated_daily,2026-01-18,retirada_cond_corr_lth@L4_L5,,"('VALUE', -71.6280623685397)","('VALUE', -71.6280623685397)",True,True
integrated_daily,2026-01-18,retirada_cond_corr_lth@L6_L7,,"('VALUE', -71.4742811256456)","('VALUE', -71.4742811256456)",True,True
integrated_daily,2026-01-18,retirada_condensado_grupo@L1_L3,,"('VALUE', 23.268349438474058)","('VALUE', 23.268349438474058)",True,True
integrated_daily,2026-01-18,retirada_condensado_grupo@L4_L5,,"('VALUE', 112.43310772019427)","('VALUE', 112.43310772019427)",True,True
integrated_daily,2026-01-18,retirada_condensado_grupo@L6_L7,,"('VALUE', 112.48525945470959)","('VALUE', 112.48525945470959)",True,True
integrated_daily,2026-01-18,retirada_condensado_linha@L1,,"('VALUE', 7.75041876507432)","('VALUE', 7.75041876507432)",True,True
integrated_daily,2026-01-18,retirada_condensado_linha@L2,,"('VALUE', 7.756116479491353)","('VALUE', 7.756116479491353)",True,True
integrated_daily,2026-01-18,retirada_condensado_linha@L3,,"('VALUE', 7.761814193908384)","('VALUE', 7.761814193908384)",True,True
integrated_daily,2026-01-18,retirada_condensado_linha@L4,,"('VALUE', 56.195943113757956)","('VALUE', 56.195943113757956)",True,True
integrated_daily,2026-01-18,retirada_condensado_linha@L5,,"('VALUE', 56.23716460643631)","('VALUE', 56.23716460643631)",True,True
integrated_daily,2026-01-18,retirada_condensado_linha@L6,,"('VALUE', 56.22203961670077)","('VALUE', 56.22203961670077)",True,True
integrated_daily,2026-01-18,retirada_condensado_linha@L7,,"('VALUE', 56.263219838008816)","('VALUE', 56.263219838008816)",True,True
integrated_daily,2026-01-18,retirada_condensado_total@L1_L7,,"('VALUE', 248.1867166133779)","('VALUE', 248.1867166133779)",True,True
integrated_daily,2026-01-19,retirada_cond_corr_ltp@L1_L3,,"('VALUE', -77.97316455014742)","('VALUE', -77.97316455014742)",True,True
integrated_daily,2026-01-19,retirada_cond_corr_ltp@L4_L5,,"('VALUE', -77.84461622863684)","('VALUE', -77.84461622863684)",True,True
integrated_daily,2026-01-19,retirada_cond_corr_ltp@L6_L7,,"('VALUE', -77.7169108530004)","('VALUE', -77.7169108530004)",True,True
integrated_daily,2026-01-19,lth_grupo@L1_L3,,"('VALUE', 1.346950585)","('VALUE', 1.346950585)",True,True
integrated_daily,2026-01-19,lth_grupo@L4_L5,,"('VALUE', 1.3494242933333331)","('VALUE', 1.3494242933333331)",True,True
integrated_daily,2026-01-19,lth_grupo@L6_L7,,"('VALUE', 1.3514032599999997)","('VALUE', 1.3514032599999997)",True,True
integrated_daily,2026-01-19,retirada_cond_corr_lth@L1_L3,,"('VALUE', -71.78954089558773)","('VALUE', -71.78954089558773)",True,True
integrated_daily,2026-01-19,retirada_cond_corr_lth@L4_L5,,"('VALUE', -71.62775515523018)","('VALUE', -71.62775515523018)",True,True
integrated_daily,2026-01-19,retirada_cond_corr_lth@L6_L7,,"('VALUE', -71.4739738818439)","('VALUE', -71.4739738818439)",True,True
integrated_daily,2026-01-19,retirada_condensado_grupo@L1_L3,,"('VALUE', 23.269570963679044)","('VALUE', 23.269570963679044)",True,True
integrated_daily,2026-01-19,retirada_condensado_grupo@L4_L5,,"('VALUE', 112.43372214681332)","('VALUE', 112.43372214681332)",True,True
integrated_daily,2026-01-19,retirada_condensado_grupo@L6_L7,,"('VALUE', 112.48587394231299)","('VALUE', 112.48587394231299)",True,True
integrated_daily,2026-01-19,retirada_condensado_linha@L1,,"('VALUE', 7.750825634924617)","('VALUE', 7.750825634924617)",True,True
integrated_daily,2026-01-19,retirada_condensado_linha@L2,,"('VALUE', 7.756523654559681)","('VALUE', 7.756523654559681)",True,True
integrated_daily,2026-01-19,retirada_condensado_linha@L3,,"('VALUE', 7.762221674194745)","('VALUE', 7.762221674194745)",True,True
integrated_daily,2026-01-19,retirada_condensado_linha@L4,,"('VALUE', 56.19625019239641)","('VALUE', 56.19625019239641)",True,True
integrated_daily,2026-01-19,retirada_condensado_linha@L5,,"('VALUE', 56.237471954416904)","('VALUE', 56.237471954416904)",True,True
integrated_daily,2026-01-19,retirada_condensado_linha@L6,,"('VALUE', 56.22234672603948)","('VALUE', 56.22234672603948)",True,True
integrated_daily,2026-01-19,retirada_condensado_linha@L7,,"('VALUE', 56.26352721627352)","('VALUE', 56.26352721627352)",True,True
integrated_daily,2026-01-19,retirada_condensado_total@L1_L7,,"('VALUE', 248.18916705280537)","('VALUE', 248.18916705280537)",True,True
integrated_daily,2026-01-20,retirada_cond_corr_ltp@L1_L3,,"('VALUE', -77.97316455014742)","('VALUE', -77.97316455014742)",True,True
integrated_daily,2026-01-20,retirada_cond_corr_ltp@L4_L5,,"('VALUE', -77.84461622863684)","('VALUE', -77.84461622863684)",True,True
integrated_daily,2026-01-20,retirada_cond_corr_ltp@L6_L7,,"('VALUE', -77.7169108530004)","('VALUE', -77.7169108530004)",True,True
integrated_daily,2026-01-20,lth_grupo@L1_L3,,"('VALUE', 1.3469718333333331)","('VALUE', 1.3469718333333331)",True,True
integrated_daily,2026-01-20,lth_grupo@L4_L5,,"('VALUE', 1.3494455833333334)","('VALUE', 1.3494455833333334)",True,True
integrated_daily,2026-01-20,lth_grupo@L6_L7,,"('VALUE', 1.3514245833333332)","('VALUE', 1.3514245833333332)",True,True
integrated_daily,2026-01-20,retirada_cond_corr_lth@L1_L3,,"('VALUE', -71.78923367716982)","('VALUE', -71.78923367716982)",True,True
integrated_daily,2026-01-20,retirada_cond_corr_lth@L4_L5,,"('VALUE', -71.6274478986606)","('VALUE', -71.6274478986606)",True,True
integrated_daily,2026-01-20,retirada_cond_corr_lth@L6_L7,,"('VALUE', -71.47366659485357)","('VALUE', -71.47366659485357)",True,True
integrated_daily,2026-01-20,retirada_condensado_grupo@L1_L3,,"('VALUE', 23.270792618932795)","('VALUE', 23.270792618932795)",True,True
integrated_daily,2026-01-20,retirada_condensado_grupo@L4_L5,,"('VALUE', 112.43433665995246)","('VALUE', 112.43433665995246)",True,True
integrated_daily,2026-01-20,retirada_condensado_grupo@L6_L7,,"('VALUE', 112.48648851629366)","('VALUE', 112.48648851629366)",True,True
integrated_daily,2026-01-20,retirada_condensado_linha@L1,,"('VALUE', 7.751232548106308)","('VALUE', 7.751232548106308)",True,True
integrated_daily,2026-01-20,retirada_condensado_linha@L2,,"('VALUE', 7.756930872977598)","('VALUE', 7.756930872977598)",True,True
integrated_daily,2026-01-20,retirada_condensado_linha@L3,,"('VALUE', 7.762629197848888)","('VALUE', 7.762629197848888)",True,True
integrated_daily,2026-01-20,retirada_condensado_linha@L4,,"('VALUE', 56.19655731433041)","('VALUE', 56.19655731433041)",True,True
integrated_daily,2026-01-20,retirada_condensado_linha@L5,,"('VALUE', 56.23777934562204)","('VALUE', 56.23777934562204)",True,True
integrated_daily,2026-01-20,retirada_condensado_linha@L6,,"('VALUE', 56.222653878602245)","('VALUE', 56.222653878602245)",True,True
integrated_daily,2026-01-20,retirada_condensado_linha@L7,,"('VALUE', 56.263834637691424)","('VALUE', 56.263834637691424)",True,True
integrated_daily,2026-01-20,retirada_condensado_total@L1_L7,,"('VALUE', 248.19161779517893)","('VALUE', 248.19161779517893)",True,True
integrated_daily,2026-01-21,retirada_cond_corr_ltp@L1_L3,,"('VALUE', -77.97316455014742)","('VALUE', -77.97316455014742)",True,True
integrated_daily,2026-01-21,retirada_cond_corr_ltp@L4_L5,,"('VALUE', -77.84461622863684)","('VALUE', -77.84461622863684)",True,True
integrated_daily,2026-01-21,retirada_cond_corr_ltp@L6_L7,,"('VALUE', -77.7169108530004)","('VALUE', -77.7169108530004)",True,True
integrated_daily,2026-01-21,lth_grupo@L1_L3,,"('VALUE', 1.346993085)","('VALUE', 1.346993085)",True,True
integrated_daily,2026-01-21,lth_grupo@L4_L5,,"('VALUE', 1.3494668766666664)","('VALUE', 1.3494668766666664)",True,True
integrated_daily,2026-01-21,lth_grupo@L6_L7,,"('VALUE', 1.3514459099999998)","('VALUE', 1.3514459099999998)",True,True
integrated_daily,2026-01-21,retirada_cond_corr_lth@L1_L3,,"('VALUE', -71.78892641540443)","('VALUE', -71.78892641540443)",True,True
integrated_daily,2026-01-21,retirada_cond_corr_lth@L4_L5,,"('VALUE', -71.62714059883312)","('VALUE', -71.62714059883312)",True,True
integrated_daily,2026-01-21,retirada_cond_corr_lth@L6_L7,,"('VALUE', -71.47335926467673)","('VALUE', -71.47335926467673)",True,True
integrated_daily,2026-01-21,retirada_condensado_grupo@L1_L3,,"('VALUE', 23.27201440422895)","('VALUE', 23.27201440422895)",True,True
integrated_daily,2026-01-21,retirada_condensado_grupo@L4_L5,,"('VALUE', 112.43495125960743)","('VALUE', 112.43495125960743)",True,True
integrated_daily,2026-01-21,retirada_condensado_grupo@L6_L7,,"('VALUE', 112.48710317664734)","('VALUE', 112.48710317664734)",True,True
integrated_daily,2026-01-21,retirada_condensado_linha@L1,,"('VALUE', 7.751639504617278)","('VALUE', 7.751639504617278)",True,True
integrated_daily,2026-01-21,retirada_condensado_linha@L2,,"('VALUE', 7.757338134742982)","('VALUE', 7.757338134742982)",True,True
integrated_daily,2026-01-21,retirada_condensado_linha@L3,,"('VALUE', 7.763036764868689)","('VALUE', 7.763036764868689)",True,True
integrated_daily,2026-01-21,retirada_condensado_linha@L4,,"('VALUE', 56.196864479557846)","('VALUE', 56.196864479557846)",True,True
integrated_daily,2026-01-21,retirada_condensado_linha@L5,,"('VALUE', 56.23808678004959)","('VALUE', 56.23808678004959)",True,True
integrated_daily,2026-01-21,retirada_condensado_linha@L6,,"('VALUE', 56.22296107438694)","('VALUE', 56.22296107438694)",True,True
integrated_daily,2026-01-21,retirada_condensado_linha@L7,,"('VALUE', 56.264142102260415)","('VALUE', 56.264142102260415)",True,True
integrated_daily,2026-01-21,retirada_condensado_total@L1_L7,,"('VALUE', 248.1940688404837)","('VALUE', 248.1940688404837)",True,True
integrated_daily,2026-01-22,retirada_cond_corr_ltp@L1_L3,,"('VALUE', -77.97316455014742)","('VALUE', -77.97316455014742)",True,True
integrated_daily,2026-01-22,retirada_cond_corr_ltp@L4_L5,,"('VALUE', -77.84461622863684)","('VALUE', -77.84461622863684)",True,True
integrated_daily,2026-01-22,retirada_cond_corr_ltp@L6_L7,,"('VALUE', -77.7169108530004)","('VALUE', -77.7169108530004)",True,True
integrated_daily,2026-01-22,lth_grupo@L1_L3,,"('VALUE', 1.3470143399999996)","('VALUE', 1.3470143399999996)",True,True
integrated_daily,2026-01-22,lth_grupo@L4_L5,,"('VALUE', 1.349488173333333)","('VALUE', 1.349488173333333)",True,True
integrated_daily,2026-01-22,lth_grupo@L6_L7,,"('VALUE', 1.3514672399999998)","('VALUE', 1.3514672399999998)",True,True
integrated_daily,2026-01-22,retirada_cond_corr_lth@L1_L3,,"('VALUE', -71.78861911029372)","('VALUE', -71.78861911029372)",True,True
integrated_daily,2026-01-22,retirada_cond_corr_lth@L4_L5,,"('VALUE', -71.62683325574984)","('VALUE', -71.62683325574984)",True,True
integrated_daily,2026-01-22,retirada_cond_corr_lth@L6_L7,,"('VALUE', -71.4730518913155)","('VALUE', -71.4730518913155)",True,True
integrated_daily,2026-01-22,retirada_condensado_grupo@L1_L3,,"('VALUE', 23.27323631956108)","('VALUE', 23.27323631956108)",True,True
integrated_daily,2026-01-22,retirada_condensado_grupo@L4_L5,,"('VALUE', 112.43556594577399)","('VALUE', 112.43556594577399)",True,True
integrated_daily,2026-01-22,retirada_condensado_grupo@L6_L7,,"('VALUE', 112.48771792336979)","('VALUE', 112.48771792336979)",True,True
integrated_daily,2026-01-22,retirada_condensado_linha@L1,,"('VALUE', 7.75204650445539)","('VALUE', 7.75204650445539)",True,True
integrated_daily,2026-01-22,retirada_condensado_linha@L2,,"('VALUE', 7.757745439853692)","('VALUE', 7.757745439853692)",True,True
integrated_daily,2026-01-22,retirada_condensado_linha@L3,,"('VALUE', 7.763444375251999)","('VALUE', 7.763444375251999)",True,True
integrated_daily,2026-01-22,retirada_condensado_linha@L4,,"('VALUE', 56.19717168807657)","('VALUE', 56.19717168807657)",True,True
integrated_daily,2026-01-22,retirada_condensado_linha@L5,,"('VALUE', 56.23839425769742)","('VALUE', 56.23839425769742)",True,True
integrated_daily,2026-01-22,retirada_condensado_linha@L6,,"('VALUE', 56.22326831339145)","('VALUE', 56.22326831339145)",True,True
integrated_daily,2026-01-22,retirada_condensado_linha@L7,,"('VALUE', 56.26444960997834)","('VALUE', 56.26444960997834)",True,True
integrated_daily,2026-01-22,retirada_condensado_total@L1_L7,,"('VALUE', 248.19652018870485)","('VALUE', 248.19652018870485)",True,True
integrated_daily,2026-01-23,retirada_cond_corr_ltp@L1_L3,,"('VALUE', -77.97316455014742)","('VALUE', -77.97316455014742)",True,True
integrated_daily,2026-01-23,retirada_cond_corr_ltp@L4_L5,,"('VALUE', -77.84461622863684)","('VALUE', -77.84461622863684)",True,True
integrated_daily,2026-01-23,retirada_cond_corr_ltp@L6_L7,,"('VALUE', -77.7169108530004)","('VALUE', -77.7169108530004)",True,True
integrated_daily,2026-01-23,lth_grupo@L1_L3,,"('VALUE', 1.347035598333333)","('VALUE', 1.347035598333333)",True,True
integrated_daily,2026-01-23,lth_grupo@L4_L5,,"('VALUE', 1.349509473333333)","('VALUE', 1.349509473333333)",True,True
integrated_daily,2026-01-23,lth_grupo@L6_L7,,"('VALUE', 1.3514885733333333)","('VALUE', 1.3514885733333333)",True,True
integrated_daily,2026-01-23,retirada_cond_corr_lth@L1_L3,,"('VALUE', -71.7883117618398)","('VALUE', -71.7883117618398)",True,True
integrated_daily,2026-01-23,retirada_cond_corr_lth@L4_L5,,"('VALUE', -71.62652586941292)","('VALUE', -71.62652586941292)",True,True
integrated_daily,2026-01-23,retirada_cond_corr_lth@L6_L7,,"('VALUE', -71.47274447477201)","('VALUE', -71.47274447477201)",True,True
integrated_daily,2026-01-23,retirada_condensado_grupo@L1_L3,,"('VALUE', 23.274458364922868)","('VALUE', 23.274458364922868)",True,True
integrated_daily,2026-01-23,retirada_condensado_grupo@L4_L5,,"('VALUE', 112.43618071844784)","('VALUE', 112.43618071844784)",True,True
integrated_daily,2026-01-23,retirada_condensado_grupo@L6_L7,,"('VALUE', 112.48833275645677)","('VALUE', 112.48833275645677)",True,True
integrated_daily,2026-01-23,retirada_condensado_linha@L1,,"('VALUE', 7.752453547618536)","('VALUE', 7.752453547618536)",True,True
integrated_daily,2026-01-23,retirada_condensado_linha@L2,,"('VALUE', 7.758152788307623)","('VALUE', 7.758152788307623)",True,True
integrated_daily,2026-01-23,retirada_condensado_linha@L3,,"('VALUE', 7.763852028996711)","('VALUE', 7.763852028996711)",True,True
integrated_daily,2026-01-23,retirada_condensado_linha@L4,,"('VALUE', 56.197478939884434)","('VALUE', 56.197478939884434)",True,True
integrated_daily,2026-01-23,retirada_condensado_linha@L5,,"('VALUE', 56.23870177856341)","('VALUE', 56.23870177856341)",True,True
integrated_daily,2026-01-23,retirada_condensado_linha@L6,,"('VALUE', 56.22357559561367)","('VALUE', 56.22357559561367)",True,True
integrated_daily,2026-01-23,retirada_condensado_linha@L7,,"('VALUE', 56.26475716084311)","('VALUE', 56.26475716084311)",True,True
integrated_daily,2026-01-23,retirada_condensado_total@L1_L7,,"('VALUE', 248.1989718398275)","('VALUE', 248.1989718398275)",True,True
integrated_daily,2026-01-24,retirada_cond_corr_ltp@L1_L3,,"('VALUE', -77.97316455014742)","('VALUE', -77.97316455014742)",True,True
integrated_daily,2026-01-24,retirada_cond_corr_ltp@L4_L5,,"('VALUE', -77.84461622863684)","('VALUE', -77.84461622863684)",True,True
integrated_daily,2026-01-24,retirada_cond_corr_ltp@L6_L7,,"('VALUE', -77.7169108530004)","('VALUE', -77.7169108530004)",True,True
integrated_daily,2026-01-24,lth_grupo@L1_L3,,"('VALUE', 1.3470568599999997)","('VALUE', 1.3470568599999997)",True,True
integrated_daily,2026-01-24,lth_grupo@L4_L5,,"('VALUE', 1.3495307766666667)","('VALUE', 1.3495307766666667)",True,True
integrated_daily,2026-01-24,lth_grupo@L6_L7,,"('VALUE', 1.3515099099999999)","('VALUE', 1.3515099099999999)",True,True
integrated_daily,2026-01-24,retirada_cond_corr_lth@L1_L3,,"('VALUE', -71.78800437004479)","('VALUE', -71.78800437004479)",True,True
integrated_daily,2026-01-24,retirada_cond_corr_lth@L4_L5,,"('VALUE', -71.62621843982443)","('VALUE', -71.62621843982443)",True,True
integrated_daily,2026-01-24,retirada_cond_corr_lth@L6_L7,,"('VALUE', -71.47243701504838)","('VALUE', -71.47243701504838)",True,True
integrated_daily,2026-01-24,retirada_condensado_grupo@L1_L3,,"('VALUE', 23.27568054030788)","('VALUE', 23.27568054030788)",True,True
integrated_daily,2026-01-24,retirada_condensado_grupo@L4_L5,,"('VALUE', 112.43679557762482)","('VALUE', 112.43679557762482)",True,True
integrated_daily,2026-01-24,retirada_condensado_grupo@L6_L7,,"('VALUE', 112.48894767590403)","('VALUE', 112.48894767590403)",True,True
integrated_daily,2026-01-24,retirada_condensado_linha@L1,,"('VALUE', 7.752860634104579)","('VALUE', 7.752860634104579)",True,True
integrated_daily,2026-01-24,retirada_condensado_linha@L2,,"('VALUE', 7.758560180102626)","('VALUE', 7.758560180102626)",True,True
integrated_daily,2026-01-24,retirada_condensado_linha@L3,,"('VALUE', 7.7642597261006765)","('VALUE', 7.7642597261006765)",True,True
integrated_daily,2026-01-24,retirada_condensado_linha@L4,,"('VALUE', 56.19778623497937)","('VALUE', 56.19778623497937)",True,True
integrated_daily,2026-01-24,retirada_condensado_linha@L5,,"('VALUE', 56.239009342645446)","('VALUE', 56.239009342645446)",True,True
integrated_daily,2026-01-24,retirada_condensado_linha@L6,,"('VALUE', 56.223882921051434)","('VALUE', 56.223882921051434)",True,True
integrated_daily,2026-01-24,retirada_condensado_linha@L7,,"('VALUE', 56.265064754852595)","('VALUE', 56.265064754852595)",True,True
integrated_daily,2026-01-24,retirada_condensado_total@L1_L7,,"('VALUE', 248.20142379383674)","('VALUE', 248.20142379383674)",True,True
integrated_daily,2026-01-25,retirada_cond_corr_ltp@L1_L3,,"('VALUE', -77.97316455014742)","('VALUE', -77.97316455014742)",True,True
integrated_daily,2026-01-25,retirada_cond_corr_ltp@L4_L5,,"('VALUE', -77.84461622863684)","('VALUE', -77.84461622863684)",True,True
integrated_daily,2026-01-25,retirada_cond_corr_ltp@L6_L7,,"('VALUE', -77.7169108530004)","('VALUE', -77.7169108530004)",True,True
integrated_daily,2026-01-25,lth_grupo@L1_L3,,"('VALUE', 1.3470781249999997)","('VALUE', 1.3470781249999997)",True,True
integrated_daily,2026-01-25,lth_grupo@L4_L5,,"('VALUE', 1.3495520833333332)","('VALUE', 1.3495520833333332)",True,True
integrated_daily,2026-01-25,lth_grupo@L6_L7,,"('VALUE', 1.35153125)","('VALUE', 1.35153125)",True,True
integrated_daily,2026-01-25,retirada_cond_corr_lth@L1_L3,,"('VALUE', -71.78769693491083)","('VALUE', -71.78769693491083)",True,True
integrated_daily,2026-01-25,retirada_cond_corr_lth@L4_L5,,"('VALUE', -71.62591096698654)","('VALUE', -71.62591096698654)",True,True
integrated_daily,2026-01-25,retirada_cond_corr_lth@L6_L7,,"('VALUE', -71.47212951214671)","('VALUE', -71.47212951214671)",True,True
integrated_daily,2026-01-25,retirada_condensado_grupo@L1_L3,,"('VALUE', 23.27690284570977)","('VALUE', 23.27690284570977)",True,True
integrated_daily,2026-01-25,retirada_condensado_grupo@L4_L5,,"('VALUE', 112.4374105233006)","('VALUE', 112.4374105233006)",True,True
integrated_daily,2026-01-25,retirada_condensado_grupo@L6_L7,,"('VALUE', 112.48956268170738)","('VALUE', 112.48956268170738)",True,True
integrated_daily,2026-01-25,retirada_condensado_linha@L1,,"('VALUE', 7.753267763911404)","('VALUE', 7.753267763911404)",True,True
integrated_daily,2026-01-25,retirada_condensado_linha@L2,,"('VALUE', 7.75896761523659)","('VALUE', 7.75896761523659)",True,True
integrated_daily,2026-01-25,retirada_condensado_linha@L3,,"('VALUE', 7.764667466561777)","('VALUE', 7.764667466561777)",True,True
integrated_daily,2026-01-25,retirada_condensado_linha@L4,,"('VALUE', 56.1980935733592)","('VALUE', 56.1980935733592)",True,True
integrated_daily,2026-01-25,retirada_condensado_linha@L5,,"('VALUE', 56.23931694994139)","('VALUE', 56.23931694994139)",True,True
integrated_daily,2026-01-25,retirada_condensado_linha@L6,,"('VALUE', 56.22419028970268)","('VALUE', 56.22419028970268)",True,True
integrated_daily,2026-01-25,retirada_condensado_linha@L7,,"('VALUE', 56.26537239200471)","('VALUE', 56.26537239200471)",True,True
integrated_daily,2026-01-25,retirada_condensado_total@L1_L7,,"('VALUE', 248.20387605071775)","('VALUE', 248.20387605071775)",True,True
integrated_daily,2026-01-26,retirada_cond_corr_ltp@L1_L3,,"('VALUE', -77.97316455014742)","('VALUE', -77.97316455014742)",True,True
integrated_daily,2026-01-26,retirada_cond_corr_ltp@L4_L5,,"('VALUE', -77.84461622863684)","('VALUE', -77.84461622863684)",True,True
integrated_daily,2026-01-26,retirada_cond_corr_ltp@L6_L7,,"('VALUE', -77.7169108530004)","('VALUE', -77.7169108530004)",True,True
integrated_daily,2026-01-26,lth_grupo@L1_L3,,"('VALUE', 1.347099393333333)","('VALUE', 1.347099393333333)",True,True
integrated_daily,2026-01-26,lth_grupo@L4_L5,,"('VALUE', 1.3495733933333334)","('VALUE', 1.3495733933333334)",True,True
integrated_daily,2026-01-26,lth_grupo@L6_L7,,"('VALUE', 1.351552593333333)","('VALUE', 1.351552593333333)",True,True
integrated_daily,2026-01-26,retirada_cond_corr_lth@L1_L3,,"('VALUE', -71.78738945644005)","('VALUE', -71.78738945644005)",True,True
integrated_daily,2026-01-26,retirada_cond_corr_lth@L4_L5,,"('VALUE', -71.62560345090134)","('VALUE', -71.62560345090134)",True,True
integrated_daily,2026-01-26,retirada_cond_corr_lth@L6_L7,,"('VALUE', -71.47182196606916)","('VALUE', -71.47182196606916)",True,True
integrated_daily,2026-01-26,retirada_condensado_grupo@L1_L3,,"('VALUE', 23.27812528112209)","('VALUE', 23.27812528112209)",True,True
integrated_daily,2026-01-26,retirada_condensado_grupo@L4_L5,,"('VALUE', 112.438025555471)","('VALUE', 112.438025555471)",True,True
integrated_daily,2026-01-26,retirada_condensado_grupo@L6_L7,,"('VALUE', 112.49017777386248)","('VALUE', 112.49017777386248)",True,True
integrated_daily,2026-01-26,retirada_condensado_linha@L1,,"('VALUE', 7.753674937036867)","('VALUE', 7.753674937036867)",True,True
integrated_daily,2026-01-26,retirada_condensado_linha@L2,,"('VALUE', 7.759375093707364)","('VALUE', 7.759375093707364)",True,True
integrated_daily,2026-01-26,retirada_condensado_linha@L3,,"('VALUE', 7.76507525037786)","('VALUE', 7.76507525037786)",True,True
integrated_daily,2026-01-26,retirada_condensado_linha@L4,,"('VALUE', 56.19840095502185)","('VALUE', 56.19840095502185)",True,True
integrated_daily,2026-01-26,retirada_condensado_linha@L5,,"('VALUE', 56.23962460044913)","('VALUE', 56.23962460044913)",True,True
integrated_daily,2026-01-26,retirada_condensado_linha@L6,,"('VALUE', 56.22449770156521)","('VALUE', 56.22449770156521)",True,True
integrated_daily,2026-01-26,retirada_condensado_linha@L7,,"('VALUE', 56.265680072297265)","('VALUE', 56.265680072297265)",True,True
integrated_daily,2026-01-26,retirada_condensado_total@L1_L7,,"('VALUE', 248.20632861045559)","('VALUE', 248.20632861045559)",True,True
integrated_daily,2026-01-27,retirada_cond_corr_ltp@L1_L3,,"('VALUE', -77.97316455014742)","('VALUE', -77.97316455014742)",True,True
integrated_daily,2026-01-27,retirada_cond_corr_ltp@L4_L5,,"('VALUE', -77.84461622863684)","('VALUE', -77.84461622863684)",True,True
integrated_daily,2026-01-27,retirada_cond_corr_ltp@L6_L7,,"('VALUE', -77.7169108530004)","('VALUE', -77.7169108530004)",True,True
integrated_daily,2026-01-27,lth_grupo@L1_L3,,"('VALUE', 1.347120665)","('VALUE', 1.347120665)",True,True
integrated_daily,2026-01-27,lth_grupo@L4_L5,,"('VALUE', 1.3495947066666665)","('VALUE', 1.3495947066666665)",True,True
integrated_daily,2026-01-27,lth_grupo@L6_L7,,"('VALUE', 1.3515739399999998)","('VALUE', 1.3515739399999998)",True,True
integrated_daily,2026-01-27,retirada_cond_corr_lth@L1_L3,,"('VALUE', -71.78708193463457)","('VALUE', -71.78708193463457)",True,True
integrated_daily,2026-01-27,retirada_cond_corr_lth@L4_L5,,"('VALUE', -71.62529589157099)","('VALUE', -71.62529589157099)",True,True
integrated_daily,2026-01-27,retirada_cond_corr_lth@L6_L7,,"('VALUE', -71.47151437681781)","('VALUE', -71.47151437681781)",True,True
integrated_daily,2026-01-27,retirada_condensado_grupo@L1_L3,,"('VALUE', 23.279347846538535)","('VALUE', 23.279347846538535)",True,True
integrated_daily,2026-01-27,retirada_condensado_grupo@L4_L5,,"('VALUE', 112.4386406741317)","('VALUE', 112.4386406741317)",True,True
integrated_daily,2026-01-27,retirada_condensado_grupo@L6_L7,,"('VALUE', 112.49079295236518)","('VALUE', 112.49079295236518)",True,True
integrated_daily,2026-01-27,retirada_condensado_linha@L1,,"('VALUE', 7.7540821534788655)","('VALUE', 7.7540821534788655)",True,True
integrated_daily,2026-01-27,retirada_condensado_linha@L2,,"('VALUE', 7.7597826155128455)","('VALUE', 7.7597826155128455)",True,True
integrated_daily,2026-01-27,retirada_condensado_linha@L3,,"('VALUE', 7.765483077546822)","('VALUE', 7.765483077546822)",True,True
integrated_daily,2026-01-27,retirada_condensado_linha@L4,,"('VALUE', 56.198708379965176)","('VALUE', 56.198708379965176)",True,True
integrated_daily,2026-01-27,retirada_condensado_linha@L5,,"('VALUE', 56.239932294166536)","('VALUE', 56.239932294166536)",True,True
integrated_daily,2026-01-27,retirada_condensado_linha@L6,,"('VALUE', 56.22480515663698)","('VALUE', 56.22480515663698)",True,True
integrated_daily,2026-01-27,retirada_condensado_linha@L7,,"('VALUE', 56.26598779572819)","('VALUE', 56.26598779572819)",True,True
integrated_daily,2026-01-27,retirada_condensado_total@L1_L7,,"('VALUE', 248.20878147303543)","('VALUE', 248.20878147303543)",True,True
integrated_daily,2026-01-28,retirada_cond_corr_ltp@L1_L3,,"('VALUE', -77.97316455014742)","('VALUE', -77.97316455014742)",True,True
integrated_daily,2026-01-28,retirada_cond_corr_ltp@L4_L5,,"('VALUE', -77.84461622863684)","('VALUE', -77.84461622863684)",True,True
integrated_daily,2026-01-28,retirada_cond_corr_ltp@L6_L7,,"('VALUE', -77.7169108530004)","('VALUE', -77.7169108530004)",True,True
integrated_daily,2026-01-28,lth_grupo@L1_L3,,"('VALUE', 1.34714194)","('VALUE', 1.34714194)",True,True
integrated_daily,2026-01-28,lth_grupo@L4_L5,,"('VALUE', 1.3496160233333332)","('VALUE', 1.3496160233333332)",True,True
integrated_daily,2026-01-28,lth_grupo@L6_L7,,"('VALUE', 1.3515952899999997)","('VALUE', 1.3515952899999997)",True,True
integrated_daily,2026-01-28,retirada_cond_corr_lth@L1_L3,,"('VALUE', -71.78677436949653)","('VALUE', -71.78677436949653)",True,True
integrated_daily,2026-01-28,retirada_cond_corr_lth@L4_L5,,"('VALUE', -71.6249882889976)","('VALUE', -71.6249882889976)",True,True
integrated_daily,2026-01-28,retirada_cond_corr_lth@L6_L7,,"('VALUE', -71.47120674439479)","('VALUE', -71.47120674439479)",True,True
integrated_daily,2026-01-28,retirada_condensado_grupo@L1_L3,,"('VALUE', 23.280570541952667)","('VALUE', 23.280570541952667)",True,True
integrated_daily,2026-01-28,retirada_condensado_grupo@L4_L5,,"('VALUE', 112.43925587927848)","('VALUE', 112.43925587927848)",True,True
integrated_daily,2026-01-28,retirada_condensado_grupo@L6_L7,,"('VALUE', 112.49140821721122)","('VALUE', 112.49140821721122)",True,True
integrated_daily,2026-01-28,retirada_condensado_linha@L1,,"('VALUE', 7.754489413235261)","('VALUE', 7.754489413235261)",True,True
integrated_daily,2026-01-28,retirada_condensado_linha@L2,,"('VALUE', 7.7601901806508895)","('VALUE', 7.7601901806508895)",True,True
integrated_daily,2026-01-28,retirada_condensado_linha@L3,,"('VALUE', 7.7658909480665175)","('VALUE', 7.7658909480665175)",True,True
integrated_daily,2026-01-28,retirada_condensado_linha@L4,,"('VALUE', 56.19901584818701)","('VALUE', 56.19901584818701)",True,True
integrated_daily,2026-01-28,retirada_condensado_linha@L5,,"('VALUE', 56.24024003109146)","('VALUE', 56.24024003109146)",True,True
integrated_daily,2026-01-28,retirada_condensado_linha@L6,,"('VALUE', 56.225112654915854)","('VALUE', 56.225112654915854)",True,True
integrated_daily,2026-01-28,retirada_condensado_linha@L7,,"('VALUE', 56.266295562295376)","('VALUE', 56.266295562295376)",True,True
integrated_daily,2026-01-28,retirada_condensado_total@L1_L7,,"('VALUE', 248.21123463844236)","('VALUE', 248.21123463844236)",True,True
integrated_daily,2026-01-29,retirada_cond_corr_ltp@L1_L3,,"('VALUE', -77.97316455014742)","('VALUE', -77.97316455014742)",True,True
integrated_daily,2026-01-29,retirada_cond_corr_ltp@L4_L5,,"('VALUE', -77.84461622863684)","('VALUE', -77.84461622863684)",True,True
integrated_daily,2026-01-29,retirada_cond_corr_ltp@L6_L7,,"('VALUE', -77.7169108530004)","('VALUE', -77.7169108530004)",True,True
integrated_daily,2026-01-29,lth_grupo@L1_L3,,"('VALUE', 1.347163218333333)","('VALUE', 1.347163218333333)",True,True
integrated_daily,2026-01-29,lth_grupo@L4_L5,,"('VALUE', 1.3496373433333333)","('VALUE', 1.3496373433333333)",True,True
integrated_daily,2026-01-29,lth_grupo@L6_L7,,"('VALUE', 1.351616643333333)","('VALUE', 1.351616643333333)",True,True
integrated_daily,2026-01-29,retirada_cond_corr_lth@L1_L3,,"('VALUE', -71.78646676102807)","('VALUE', -71.78646676102807)",True,True
integrated_daily,2026-01-29,retirada_cond_corr_lth@L4_L5,,"('VALUE', -71.62468064318328)","('VALUE', -71.62468064318328)",True,True
integrated_daily,2026-01-29,retirada_cond_corr_lth@L6_L7,,"('VALUE', -71.47089906880225)","('VALUE', -71.47089906880225)",True,True
integrated_daily,2026-01-29,retirada_condensado_grupo@L1_L3,,"('VALUE', 23.28179336735805)","('VALUE', 23.28179336735805)",True,True
integrated_daily,2026-01-29,retirada_condensado_grupo@L4_L5,,"('VALUE', 112.43987117090711)","('VALUE', 112.43987117090711)",True,True
integrated_daily,2026-01-29,retirada_condensado_grupo@L6_L7,,"('VALUE', 112.49202356839629)","('VALUE', 112.49202356839629)",True,True
integrated_daily,2026-01-29,retirada_condensado_linha@L1,,"('VALUE', 7.754896716303907)","('VALUE', 7.754896716303907)",True,True
integrated_daily,2026-01-29,retirada_condensado_linha@L2,,"('VALUE', 7.760597789119349)","('VALUE', 7.760597789119349)",True,True
integrated_daily,2026-01-29,retirada_condensado_linha@L3,,"('VALUE', 7.76629886193479)","('VALUE', 7.76629886193479)",True,True
integrated_daily,2026-01-29,retirada_condensado_linha@L4,,"('VALUE', 56.19932335968529)","('VALUE', 56.19932335968529)",True,True
integrated_daily,2026-01-29,retirada_condensado_linha@L5,,"('VALUE', 56.24054781122182)","('VALUE', 56.24054781122182)",True,True
integrated_daily,2026-01-29,retirada_condensado_linha@L6,,"('VALUE', 56.22542019639964)","('VALUE', 56.22542019639964)",True,True
integrated_daily,2026-01-29,retirada_condensado_linha@L7,,"('VALUE', 56.26660337199665)","('VALUE', 56.26660337199665)",True,True
integrated_daily,2026-01-29,retirada_condensado_total@L1_L7,,"('VALUE', 248.21368810666144)","('VALUE', 248.21368810666144)",True,True
integrated_daily,2026-01-30,retirada_cond_corr_ltp@L1_L3,,"('VALUE', -77.97316455014742)","('VALUE', -77.97316455014742)",True,True
integrated_daily,2026-01-30,retirada_cond_corr_ltp@L4_L5,,"('VALUE', -77.84461622863684)","('VALUE', -77.84461622863684)",True,True
integrated_daily,2026-01-30,retirada_cond_corr_ltp@L6_L7,,"('VALUE', -77.7169108530004)","('VALUE', -77.7169108530004)",True,True
integrated_daily,2026-01-30,lth_grupo@L1_L3,,"('VALUE', 1.3471844999999998)","('VALUE', 1.3471844999999998)",True,True
integrated_daily,2026-01-30,lth_grupo@L4_L5,,"('VALUE', 1.3496586666666663)","('VALUE', 1.3496586666666663)",True,True
integrated_daily,2026-01-30,lth_grupo@L6_L7,,"('VALUE', 1.351638)","('VALUE', 1.351638)",True,True
integrated_daily,2026-01-30,retirada_cond_corr_lth@L1_L3,,"('VALUE', -71.78615910923129)","('VALUE', -71.78615910923129)",True,True
integrated_daily,2026-01-30,retirada_cond_corr_lth@L4_L5,,"('VALUE', -71.6243729541302)","('VALUE', -71.6243729541302)",True,True
integrated_daily,2026-01-30,retirada_cond_corr_lth@L6_L7,,"('VALUE', -71.4705913500423)","('VALUE', -71.4705913500423)",True,True
integrated_daily,2026-01-30,retirada_condensado_grupo@L1_L3,,"('VALUE', 23.283016322748374)","('VALUE', 23.283016322748374)",True,True
integrated_daily,2026-01-30,retirada_condensado_grupo@L4_L5,,"('VALUE', 112.44048654901329)","('VALUE', 112.44048654901329)",True,True
integrated_daily,2026-01-30,retirada_condensado_grupo@L6_L7,,"('VALUE', 112.4926390059162)","('VALUE', 112.4926390059162)",True,True
integrated_daily,2026-01-30,retirada_condensado_linha@L1,,"('VALUE', 7.755304062682712)","('VALUE', 7.755304062682712)",True,True
integrated_daily,2026-01-30,retirada_condensado_linha@L2,,"('VALUE', 7.761005440916125)","('VALUE', 7.761005440916125)",True,True
integrated_daily,2026-01-30,retirada_condensado_linha@L3,,"('VALUE', 7.766706819149539)","('VALUE', 7.766706819149539)",True,True
integrated_daily,2026-01-30,retirada_condensado_linha@L4,,"('VALUE', 56.19963091445784)","('VALUE', 56.19963091445784)",True,True
integrated_daily,2026-01-30,retirada_condensado_linha@L5,,"('VALUE', 56.24085563455545)","('VALUE', 56.24085563455545)",True,True
integrated_daily,2026-01-30,retirada_condensado_linha@L6,,"('VALUE', 56.22572778108628)","('VALUE', 56.22572778108628)",True,True
integrated_daily,2026-01-30,retirada_condensado_linha@L7,,"('VALUE', 56.266911224829926)","('VALUE', 56.266911224829926)",True,True
integrated_daily,2026-01-30,retirada_condensado_total@L1_L7,,"('VALUE', 248.21614187767787)","('VALUE', 248.21614187767787)",True,True
integrated_daily,2026-01-31,retirada_cond_corr_ltp@L1_L3,,"('VALUE', -77.97316455014742)","('VALUE', -77.97316455014742)",True,True
integrated_daily,2026-01-31,retirada_cond_corr_ltp@L4_L5,,"('VALUE', -77.84461622863684)","('VALUE', -77.84461622863684)",True,True
integrated_daily,2026-01-31,retirada_cond_corr_ltp@L6_L7,,"('VALUE', -77.7169108530004)","('VALUE', -77.7169108530004)",True,True
integrated_daily,2026-01-31,lth_grupo@L1_L3,,"('VALUE', 1.3472057849999999)","('VALUE', 1.3472057849999999)",True,True
integrated_daily,2026-01-31,lth_grupo@L4_L5,,"('VALUE', 1.349679993333333)","('VALUE', 1.349679993333333)",True,True
integrated_daily,2026-01-31,lth_grupo@L6_L7,,"('VALUE', 1.3516593599999998)","('VALUE', 1.3516593599999998)",True,True
integrated_daily,2026-01-31,retirada_cond_corr_lth@L1_L3,,"('VALUE', -71.78585141410834)","('VALUE', -71.78585141410834)",True,True
integrated_daily,2026-01-31,retirada_cond_corr_lth@L4_L5,,"('VALUE', -71.62406522184043)","('VALUE', -71.62406522184043)",True,True
integrated_daily,2026-01-31,retirada_cond_corr_lth@L6_L7,,"('VALUE', -71.47028358811706)","('VALUE', -71.47028358811706)",True,True
integrated_daily,2026-01-31,retirada_condensado_grupo@L1_L3,,"('VALUE', 23.28423940811724)","('VALUE', 23.28423940811724)",True,True
integrated_daily,2026-01-31,retirada_condensado_grupo@L4_L5,,"('VALUE', 112.44110201359283)","('VALUE', 112.44110201359283)",True,True
integrated_daily,2026-01-31,retirada_condensado_grupo@L6_L7,,"('VALUE', 112.49325452976669)","('VALUE', 112.49325452976669)",True,True
integrated_daily,2026-01-31,retirada_condensado_linha@L1,,"('VALUE', 7.755711452369533)","('VALUE', 7.755711452369533)",True,True
integrated_daily,2026-01-31,retirada_condensado_linha@L2,,"('VALUE', 7.761413136039081)","('VALUE', 7.761413136039081)",True,True
integrated_daily,2026-01-31,retirada_condensado_linha@L3,,"('VALUE', 7.7671148197086275)","('VALUE', 7.7671148197086275)",True,True
integrated_daily,2026-01-31,retirada_condensado_linha@L4,,"('VALUE', 56.19993851250255)","('VALUE', 56.19993851250255)",True,True
integrated_daily,2026-01-31,retirada_condensado_linha@L5,,"('VALUE', 56.24116350109028)","('VALUE', 56.24116350109028)",True,True
integrated_daily,2026-01-31,retirada_condensado_linha@L6,,"('VALUE', 56.226035408973644)","('VALUE', 56.226035408973644)",True,True
integrated_daily,2026-01-31,retirada_condensado_linha@L7,,"('VALUE', 56.26721912079305)","('VALUE', 56.26721912079305)",True,True
integrated_daily,2026-01-31,retirada_condensado_total@L1_L7,,"('VALUE', 248.21859595147674)","('VALUE', 248.21859595147674)",True,True
integrated_daily,2026-02-01,retirada_cond_corr_ltp@L1_L3,,"('VALUE', -77.97316455014742)","('VALUE', -77.97316455014742)",True,True
integrated_daily,2026-02-01,retirada_cond_corr_ltp@L4_L5,,"('VALUE', -77.84461622863684)","('VALUE', -77.84461622863684)",True,True
integrated_daily,2026-02-01,retirada_cond_corr_ltp@L6_L7,,"('VALUE', -77.7169108530004)","('VALUE', -77.7169108530004)",True,True
integrated_daily,2026-02-01,lth_grupo@L1_L3,,"('VALUE', 1.3472270733333334)","('VALUE', 1.3472270733333334)",True,True
integrated_daily,2026-02-01,lth_grupo@L4_L5,,"('VALUE', 1.349701323333333)","('VALUE', 1.349701323333333)",True,True
integrated_daily,2026-02-01,lth_grupo@L6_L7,,"('VALUE', 1.351680723333333)","('VALUE', 1.351680723333333)",True,True
integrated_daily,2026-02-01,retirada_cond_corr_lth@L1_L3,,"('VALUE', -71.78554367566134)","('VALUE', -71.78554367566134)",True,True
integrated_daily,2026-02-01,retirada_cond_corr_lth@L4_L5,,"('VALUE', -71.62375744631612)","('VALUE', -71.62375744631612)",True,True
integrated_daily,2026-02-01,retirada_cond_corr_lth@L6_L7,,"('VALUE', -71.46997578302866)","('VALUE', -71.46997578302866)",True,True
integrated_daily,2026-02-01,retirada_condensado_grupo@L1_L3,,"('VALUE', 23.285462623458216)","('VALUE', 23.285462623458216)",True,True
integrated_daily,2026-02-01,retirada_condensado_grupo@L4_L5,,"('VALUE', 112.44171756464144)","('VALUE', 112.44171756464144)",True,True
integrated_daily,2026-02-01,retirada_condensado_grupo@L6_L7,,"('VALUE', 112.49387013994348)","('VALUE', 112.49387013994348)",True,True
integrated_daily,2026-02-01,retirada_condensado_linha@L1,,"('VALUE', 7.756118885362239)","('VALUE', 7.756118885362239)",True,True
integrated_daily,2026-02-01,retirada_condensado_linha@L2,,"('VALUE', 7.761820874486072)","('VALUE', 7.761820874486072)",True,True
integrated_daily,2026-02-01,retirada_condensado_linha@L3,,"('VALUE', 7.767522863609903)","('VALUE', 7.767522863609903)",True,True
integrated_daily,2026-02-01,retirada_condensado_linha@L4,,"('VALUE', 56.200246153817304)","('VALUE', 56.200246153817304)",True,True
integrated_daily,2026-02-01,retirada_condensado_linha@L5,,"('VALUE', 56.24147141082414)","('VALUE', 56.24147141082414)",True,True
integrated_daily,2026-02-01,retirada_condensado_linha@L6,,"('VALUE', 56.22634308005956)","('VALUE', 56.22634308005956)",True,True
integrated_daily,2026-02-01,retirada_condensado_linha@L7,,"('VALUE', 56.26752705988392)","('VALUE', 56.26752705988392)",True,True
integrated_daily,2026-02-01,retirada_condensado_total@L1_L7,,"('VALUE', 248.22105032804313)","('VALUE', 248.22105032804313)",True,True
integrated_aggregation,AGR-AREA_41-RETIRADA_CONDENSADO_GRUPO-GRUPO-L1_L3-MENSAL-AVERAGE,VAR16019@L1_L3@2026-01-01,1 diários,"('VALUE', 23.2476034136355)","('VALUE', 23.2476034136355)",True,True
integrated_aggregation,AGR-AREA_41-RETIRADA_CONDENSADO_GRUPO-GRUPO-L1_L3-MENSAL-AVERAGE,VAR16019@L1_L3@2026-01-02,2 diários,"('VALUE', 23.248213070335318)","('VALUE', 23.248213070335318)",True,True
integrated_aggregation,AGR-AREA_41-RETIRADA_CONDENSADO_GRUPO-GRUPO-L1_L3-MENSAL-AVERAGE,VAR16019@L1_L3@2026-01-03,3 diários,"('VALUE', 23.248822770420873)","('VALUE', 23.248822770420873)",True,True
integrated_aggregation,AGR-AREA_41-RETIRADA_CONDENSADO_GRUPO-GRUPO-L1_L3-MENSAL-AVERAGE,VAR16019@L1_L3@2026-01-04,4 diários,"('VALUE', 23.249432513890568)","('VALUE', 23.249432513890568)",True,True
integrated_aggregation,AGR-AREA_41-RETIRADA_CONDENSADO_GRUPO-GRUPO-L1_L3-MENSAL-AVERAGE,VAR16019@L1_L3@2026-01-05,5 diários,"('VALUE', 23.25004230074281)","('VALUE', 23.25004230074281)",True,True
integrated_aggregation,AGR-AREA_41-RETIRADA_CONDENSADO_GRUPO-GRUPO-L1_L3-MENSAL-AVERAGE,VAR16019@L1_L3@2026-01-06,6 diários,"('VALUE', 23.250652130976007)","('VALUE', 23.250652130976007)",True,True
integrated_aggregation,AGR-AREA_41-RETIRADA_CONDENSADO_GRUPO-GRUPO-L1_L3-MENSAL-AVERAGE,VAR16019@L1_L3@2026-01-07,7 diários,"('VALUE', 23.25126200458857)","('VALUE', 23.25126200458857)",True,True
integrated_aggregation,AGR-AREA_41-RETIRADA_CONDENSADO_GRUPO-GRUPO-L1_L3-MENSAL-AVERAGE,VAR16019@L1_L3@2026-01-08,8 diários,"('VALUE', 23.251871921578893)","('VALUE', 23.251871921578893)",True,True
integrated_aggregation,AGR-AREA_41-RETIRADA_CONDENSADO_GRUPO-GRUPO-L1_L3-MENSAL-AVERAGE,VAR16019@L1_L3@2026-01-09,9 diários,"('VALUE', 23.252481881945393)","('VALUE', 23.252481881945393)",True,True
integrated_aggregation,AGR-AREA_41-RETIRADA_CONDENSADO_GRUPO-GRUPO-L1_L3-MENSAL-AVERAGE,VAR16019@L1_L3@2026-01-10,10 diários,"('VALUE', 23.25309188568647)","('VALUE', 23.25309188568647)",True,True
integrated_aggregation,AGR-AREA_41-RETIRADA_CONDENSADO_GRUPO-GRUPO-L1_L3-MENSAL-AVERAGE,VAR16019@L1_L3@2026-01-11,11 diários,"('VALUE', 23.253701932800535)","('VALUE', 23.253701932800535)",True,True
integrated_aggregation,AGR-AREA_41-RETIRADA_CONDENSADO_GRUPO-GRUPO-L1_L3-MENSAL-AVERAGE,VAR16019@L1_L3@2026-01-12,12 diários,"('VALUE', 23.25431202328599)","('VALUE', 23.25431202328599)",True,True
integrated_aggregation,AGR-AREA_41-RETIRADA_CONDENSADO_GRUPO-GRUPO-L1_L3-MENSAL-AVERAGE,VAR16019@L1_L3@2026-01-13,13 diários,"('VALUE', 23.254922157141245)","('VALUE', 23.254922157141245)",True,True
integrated_aggregation,AGR-AREA_41-RETIRADA_CONDENSADO_GRUPO-GRUPO-L1_L3-MENSAL-AVERAGE,VAR16019@L1_L3@2026-01-14,14 diários,"('VALUE', 23.2555323343647)","('VALUE', 23.2555323343647)",True,True
integrated_aggregation,AGR-AREA_41-RETIRADA_CONDENSADO_GRUPO-GRUPO-L1_L3-MENSAL-AVERAGE,VAR16019@L1_L3@2026-01-15,15 diários,"('VALUE', 23.256142554954764)","('VALUE', 23.256142554954764)",True,True
integrated_aggregation,AGR-AREA_41-RETIRADA_CONDENSADO_GRUPO-GRUPO-L1_L3-MENSAL-AVERAGE,VAR16019@L1_L3@2026-01-16,16 diários,"('VALUE', 23.256752818909842)","('VALUE', 23.256752818909842)",True,True
integrated_aggregation,AGR-AREA_41-RETIRADA_CONDENSADO_GRUPO-GRUPO-L1_L3-MENSAL-AVERAGE,VAR16019@L1_L3@2026-01-17,17 diários,"('VALUE', 23.257363126228338)","('VALUE', 23.257363126228338)",True,True
integrated_aggregation,AGR-AREA_41-RETIRADA_CONDENSADO_GRUPO-GRUPO-L1_L3-MENSAL-AVERAGE,VAR16019@L1_L3@2026-01-18,18 diários,"('VALUE', 23.257973476908653)","('VALUE', 23.257973476908653)",True,True
integrated_aggregation,AGR-AREA_41-RETIRADA_CONDENSADO_GRUPO-GRUPO-L1_L3-MENSAL-AVERAGE,VAR16019@L1_L3@2026-01-19,19 diários,"('VALUE', 23.2585838709492)","('VALUE', 23.2585838709492)",True,True
integrated_aggregation,AGR-AREA_41-RETIRADA_CONDENSADO_GRUPO-GRUPO-L1_L3-MENSAL-AVERAGE,VAR16019@L1_L3@2026-01-20,20 diários,"('VALUE', 23.259194308348377)","('VALUE', 23.259194308348377)",True,True
integrated_aggregation,AGR-AREA_41-RETIRADA_CONDENSADO_GRUPO-GRUPO-L1_L3-MENSAL-AVERAGE,VAR16019@L1_L3@2026-01-21,21 diários,"('VALUE', 23.259804789104596)","('VALUE', 23.259804789104596)",True,True
integrated_aggregation,AGR-AREA_41-RETIRADA_CONDENSADO_GRUPO-GRUPO-L1_L3-MENSAL-AVERAGE,VAR16019@L1_L3@2026-01-22,22 diários,"('VALUE', 23.260415313216257)","('VALUE', 23.260415313216257)",True,True
integrated_aggregation,AGR-AREA_41-RETIRADA_CONDENSADO_GRUPO-GRUPO-L1_L3-MENSAL-AVERAGE,VAR16019@L1_L3@2026-01-23,23 diários,"('VALUE', 23.26102588068176)","('VALUE', 23.26102588068176)",True,True
integrated_aggregation,AGR-AREA_41-RETIRADA_CONDENSADO_GRUPO-GRUPO-L1_L3-MENSAL-AVERAGE,VAR16019@L1_L3@2026-01-24,24 diários,"('VALUE', 23.261636491499516)","('VALUE', 23.261636491499516)",True,True
integrated_aggregation,AGR-AREA_41-RETIRADA_CONDENSADO_GRUPO-GRUPO-L1_L3-MENSAL-AVERAGE,VAR16019@L1_L3@2026-01-25,25 diários,"('VALUE', 23.262247145667924)","('VALUE', 23.262247145667924)",True,True
integrated_aggregation,AGR-AREA_41-RETIRADA_CONDENSADO_GRUPO-GRUPO-L1_L3-MENSAL-AVERAGE,VAR16019@L1_L3@2026-01-26,26 diários,"('VALUE', 23.262857843185394)","('VALUE', 23.262857843185394)",True,True
integrated_aggregation,AGR-AREA_41-RETIRADA_CONDENSADO_GRUPO-GRUPO-L1_L3-MENSAL-AVERAGE,VAR16019@L1_L3@2026-01-27,27 diários,"('VALUE', 23.263468584050322)","('VALUE', 23.263468584050322)",True,True
integrated_aggregation,AGR-AREA_41-RETIRADA_CONDENSADO_GRUPO-GRUPO-L1_L3-MENSAL-AVERAGE,VAR16019@L1_L3@2026-01-28,28 diários,"('VALUE', 23.26407936826112)","('VALUE', 23.26407936826112)",True,True
integrated_aggregation,AGR-AREA_41-RETIRADA_CONDENSADO_GRUPO-GRUPO-L1_L3-MENSAL-AVERAGE,VAR16019@L1_L3@2026-01-29,29 diários,"('VALUE', 23.26469019581619)","('VALUE', 23.26469019581619)",True,True
integrated_aggregation,AGR-AREA_41-RETIRADA_CONDENSADO_GRUPO-GRUPO-L1_L3-MENSAL-AVERAGE,VAR16019@L1_L3@2026-01-30,30 diários,"('VALUE', 23.265301066713928)","('VALUE', 23.265301066713928)",True,True
integrated_aggregation,AGR-AREA_41-RETIRADA_CONDENSADO_GRUPO-GRUPO-L1_L3-MENSAL-AVERAGE,VAR16019@L1_L3@2026-01-31,31 diários,"('VALUE', 23.265911980952747)","('VALUE', 23.265911980952747)",True,True
integrated_aggregation,AGR-AREA_41-RETIRADA_CONDENSADO_GRUPO-GRUPO-L1_L3-MENSAL-AVERAGE,VAR16019@L1_L3@2026-02-01,1 diários,"('VALUE', 23.285462623458216)","('VALUE', 23.285462623458216)",True,True
integrated_aggregation,AGR-AREA_41-RETIRADA_CONDENSADO_GRUPO-GRUPO-L1_L3-ANUAL-AVERAGE,VAR16020@L1_L3@2026-01-01,1 diários,"('VALUE', 23.2476034136355)","('VALUE', 23.2476034136355)",True,True
integrated_aggregation,AGR-AREA_41-RETIRADA_CONDENSADO_GRUPO-GRUPO-L1_L3-ANUAL-AVERAGE,VAR16020@L1_L3@2026-01-02,2 diários,"('VALUE', 23.248213070335318)","('VALUE', 23.248213070335318)",True,True
integrated_aggregation,AGR-AREA_41-RETIRADA_CONDENSADO_GRUPO-GRUPO-L1_L3-ANUAL-AVERAGE,VAR16020@L1_L3@2026-01-03,3 diários,"('VALUE', 23.248822770420873)","('VALUE', 23.248822770420873)",True,True
integrated_aggregation,AGR-AREA_41-RETIRADA_CONDENSADO_GRUPO-GRUPO-L1_L3-ANUAL-AVERAGE,VAR16020@L1_L3@2026-01-04,4 diários,"('VALUE', 23.249432513890568)","('VALUE', 23.249432513890568)",True,True
integrated_aggregation,AGR-AREA_41-RETIRADA_CONDENSADO_GRUPO-GRUPO-L1_L3-ANUAL-AVERAGE,VAR16020@L1_L3@2026-01-05,5 diários,"('VALUE', 23.25004230074281)","('VALUE', 23.25004230074281)",True,True
integrated_aggregation,AGR-AREA_41-RETIRADA_CONDENSADO_GRUPO-GRUPO-L1_L3-ANUAL-AVERAGE,VAR16020@L1_L3@2026-01-06,6 diários,"('VALUE', 23.250652130976007)","('VALUE', 23.250652130976007)",True,True
integrated_aggregation,AGR-AREA_41-RETIRADA_CONDENSADO_GRUPO-GRUPO-L1_L3-ANUAL-AVERAGE,VAR16020@L1_L3@2026-01-07,7 diários,"('VALUE', 23.25126200458857)","('VALUE', 23.25126200458857)",True,True
integrated_aggregation,AGR-AREA_41-RETIRADA_CONDENSADO_GRUPO-GRUPO-L1_L3-ANUAL-AVERAGE,VAR16020@L1_L3@2026-01-08,8 diários,"('VALUE', 23.251871921578893)","('VALUE', 23.251871921578893)",True,True
integrated_aggregation,AGR-AREA_41-RETIRADA_CONDENSADO_GRUPO-GRUPO-L1_L3-ANUAL-AVERAGE,VAR16020@L1_L3@2026-01-09,9 diários,"('VALUE', 23.252481881945393)","('VALUE', 23.252481881945393)",True,True
integrated_aggregation,AGR-AREA_41-RETIRADA_CONDENSADO_GRUPO-GRUPO-L1_L3-ANUAL-AVERAGE,VAR16020@L1_L3@2026-01-10,10 diários,"('VALUE', 23.25309188568647)","('VALUE', 23.25309188568647)",True,True
integrated_aggregation,AGR-AREA_41-RETIRADA_CONDENSADO_GRUPO-GRUPO-L1_L3-ANUAL-AVERAGE,VAR16020@L1_L3@2026-01-11,11 diários,"('VALUE', 23.253701932800535)","('VALUE', 23.253701932800535)",True,True
integrated_aggregation,AGR-AREA_41-RETIRADA_CONDENSADO_GRUPO-GRUPO-L1_L3-ANUAL-AVERAGE,VAR16020@L1_L3@2026-01-12,12 diários,"('VALUE', 23.25431202328599)","('VALUE', 23.25431202328599)",True,True
integrated_aggregation,AGR-AREA_41-RETIRADA_CONDENSADO_GRUPO-GRUPO-L1_L3-ANUAL-AVERAGE,VAR16020@L1_L3@2026-01-13,13 diários,"('VALUE', 23.254922157141245)","('VALUE', 23.254922157141245)",True,True
integrated_aggregation,AGR-AREA_41-RETIRADA_CONDENSADO_GRUPO-GRUPO-L1_L3-ANUAL-AVERAGE,VAR16020@L1_L3@2026-01-14,14 diários,"('VALUE', 23.2555323343647)","('VALUE', 23.2555323343647)",True,True
integrated_aggregation,AGR-AREA_41-RETIRADA_CONDENSADO_GRUPO-GRUPO-L1_L3-ANUAL-AVERAGE,VAR16020@L1_L3@2026-01-15,15 diários,"('VALUE', 23.256142554954764)","('VALUE', 23.256142554954764)",True,True
integrated_aggregation,AGR-AREA_41-RETIRADA_CONDENSADO_GRUPO-GRUPO-L1_L3-ANUAL-AVERAGE,VAR16020@L1_L3@2026-01-16,16 diários,"('VALUE', 23.256752818909842)","('VALUE', 23.256752818909842)",True,True
integrated_aggregation,AGR-AREA_41-RETIRADA_CONDENSADO_GRUPO-GRUPO-L1_L3-ANUAL-AVERAGE,VAR16020@L1_L3@2026-01-17,17 diários,"('VALUE', 23.257363126228338)","('VALUE', 23.257363126228338)",True,True
integrated_aggregation,AGR-AREA_41-RETIRADA_CONDENSADO_GRUPO-GRUPO-L1_L3-ANUAL-AVERAGE,VAR16020@L1_L3@2026-01-18,18 diários,"('VALUE', 23.257973476908653)","('VALUE', 23.257973476908653)",True,True
integrated_aggregation,AGR-AREA_41-RETIRADA_CONDENSADO_GRUPO-GRUPO-L1_L3-ANUAL-AVERAGE,VAR16020@L1_L3@2026-01-19,19 diários,"('VALUE', 23.2585838709492)","('VALUE', 23.2585838709492)",True,True
integrated_aggregation,AGR-AREA_41-RETIRADA_CONDENSADO_GRUPO-GRUPO-L1_L3-ANUAL-AVERAGE,VAR16020@L1_L3@2026-01-20,20 diários,"('VALUE', 23.259194308348377)","('VALUE', 23.259194308348377)",True,True
integrated_aggregation,AGR-AREA_41-RETIRADA_CONDENSADO_GRUPO-GRUPO-L1_L3-ANUAL-AVERAGE,VAR16020@L1_L3@2026-01-21,21 diários,"('VALUE', 23.259804789104596)","('VALUE', 23.259804789104596)",True,True
integrated_aggregation,AGR-AREA_41-RETIRADA_CONDENSADO_GRUPO-GRUPO-L1_L3-ANUAL-AVERAGE,VAR16020@L1_L3@2026-01-22,22 diários,"('VALUE', 23.260415313216257)","('VALUE', 23.260415313216257)",True,True
integrated_aggregation,AGR-AREA_41-RETIRADA_CONDENSADO_GRUPO-GRUPO-L1_L3-ANUAL-AVERAGE,VAR16020@L1_L3@2026-01-23,23 diários,"('VALUE', 23.26102588068176)","('VALUE', 23.26102588068176)",True,True
integrated_aggregation,AGR-AREA_41-RETIRADA_CONDENSADO_GRUPO-GRUPO-L1_L3-ANUAL-AVERAGE,VAR16020@L1_L3@2026-01-24,24 diários,"('VALUE', 23.261636491499516)","('VALUE', 23.261636491499516)",True,True
integrated_aggregation,AGR-AREA_41-RETIRADA_CONDENSADO_GRUPO-GRUPO-L1_L3-ANUAL-AVERAGE,VAR16020@L1_L3@2026-01-25,25 diários,"('VALUE', 23.262247145667924)","('VALUE', 23.262247145667924)",True,True
integrated_aggregation,AGR-AREA_41-RETIRADA_CONDENSADO_GRUPO-GRUPO-L1_L3-ANUAL-AVERAGE,VAR16020@L1_L3@2026-01-26,26 diários,"('VALUE', 23.262857843185394)","('VALUE', 23.262857843185394)",True,True
integrated_aggregation,AGR-AREA_41-RETIRADA_CONDENSADO_GRUPO-GRUPO-L1_L3-ANUAL-AVERAGE,VAR16020@L1_L3@2026-01-27,27 diários,"('VALUE', 23.263468584050322)","('VALUE', 23.263468584050322)",True,True
integrated_aggregation,AGR-AREA_41-RETIRADA_CONDENSADO_GRUPO-GRUPO-L1_L3-ANUAL-AVERAGE,VAR16020@L1_L3@2026-01-28,28 diários,"('VALUE', 23.26407936826112)","('VALUE', 23.26407936826112)",True,True
integrated_aggregation,AGR-AREA_41-RETIRADA_CONDENSADO_GRUPO-GRUPO-L1_L3-ANUAL-AVERAGE,VAR16020@L1_L3@2026-01-29,29 diários,"('VALUE', 23.26469019581619)","('VALUE', 23.26469019581619)",True,True
integrated_aggregation,AGR-AREA_41-RETIRADA_CONDENSADO_GRUPO-GRUPO-L1_L3-ANUAL-AVERAGE,VAR16020@L1_L3@2026-01-30,30 diários,"('VALUE', 23.265301066713928)","('VALUE', 23.265301066713928)",True,True
integrated_aggregation,AGR-AREA_41-RETIRADA_CONDENSADO_GRUPO-GRUPO-L1_L3-ANUAL-AVERAGE,VAR16020@L1_L3@2026-01-31,31 diários,"('VALUE', 23.265911980952747)","('VALUE', 23.265911980952747)",True,True
integrated_aggregation,AGR-AREA_41-RETIRADA_CONDENSADO_GRUPO-GRUPO-L1_L3-ANUAL-AVERAGE,VAR16020@L1_L3@2026-02-01,32 diários,"('VALUE', 23.266522938531043)","('VALUE', 23.266522938531043)",True,True
integrated_aggregation,AGR-AREA_41-RETIRADA_CONDENSADO_GRUPO-GRUPO-L4_L5-MENSAL-AVERAGE,VAR16026@L4_L5@2026-01-01,1 diários,"('VALUE', 112.4226757093561)","('VALUE', 112.4226757093561)",True,True
integrated_aggregation,AGR-AREA_41-RETIRADA_CONDENSADO_GRUPO-GRUPO-L4_L5-MENSAL-AVERAGE,VAR16026@L4_L5@2026-01-02,2 diários,"('VALUE', 112.42298218692024)","('VALUE', 112.42298218692024)",True,True
integrated_aggregation,AGR-AREA_41-RETIRADA_CONDENSADO_GRUPO-GRUPO-L4_L5-MENSAL-AVERAGE,VAR16026@L4_L5@2026-01-03,3 diários,"('VALUE', 112.42328869334843)","('VALUE', 112.42328869334843)",True,True
integrated_aggregation,AGR-AREA_41-RETIRADA_CONDENSADO_GRUPO-GRUPO-L4_L5-MENSAL-AVERAGE,VAR16026@L4_L5@2026-01-04,4 diários,"('VALUE', 112.42359522863964)","('VALUE', 112.42359522863964)",True,True
integrated_aggregation,AGR-AREA_41-RETIRADA_CONDENSADO_GRUPO-GRUPO-L4_L5-MENSAL-AVERAGE,VAR16026@L4_L5@2026-01-05,5 diários,"('VALUE', 112.42390179279282)","('VALUE', 112.42390179279282)",True,True
integrated_aggregation,AGR-AREA_41-RETIRADA_CONDENSADO_GRUPO-GRUPO-L4_L5-MENSAL-AVERAGE,VAR16026@L4_L5@2026-01-06,6 diários,"('VALUE', 112.42420838580688)","('VALUE', 112.42420838580688)",True,True
integrated_aggregation,AGR-AREA_41-RETIRADA_CONDENSADO_GRUPO-GRUPO-L4_L5-MENSAL-AVERAGE,VAR16026@L4_L5@2026-01-07,7 diários,"('VALUE', 112.42451500768077)","('VALUE', 112.42451500768077)",True,True
integrated_aggregation,AGR-AREA_41-RETIRADA_CONDENSADO_GRUPO-GRUPO-L4_L5-MENSAL-AVERAGE,VAR16026@L4_L5@2026-01-08,8 diários,"('VALUE', 112.42482165841344)","('VALUE', 112.42482165841344)",True,True
integrated_aggregation,AGR-AREA_41-RETIRADA_CONDENSADO_GRUPO-GRUPO-L4_L5-MENSAL-AVERAGE,VAR16026@L4_L5@2026-01-09,9 diários,"('VALUE', 112.42512833800382)","('VALUE', 112.42512833800382)",True,True
integrated_aggregation,AGR-AREA_41-RETIRADA_CONDENSADO_GRUPO-GRUPO-L4_L5-MENSAL-AVERAGE,VAR16026@L4_L5@2026-01-10,10 diários,"('VALUE', 112.42543504645084)","('VALUE', 112.42543504645084)",True,True
integrated_aggregation,AGR-AREA_41-RETIRADA_CONDENSADO_GRUPO-GRUPO-L4_L5-MENSAL-AVERAGE,VAR16026@L4_L5@2026-01-11,11 diários,"('VALUE', 112.42574178375348)","('VALUE', 112.42574178375348)",True,True
integrated_aggregation,AGR-AREA_41-RETIRADA_CONDENSADO_GRUPO-GRUPO-L4_L5-MENSAL-AVERAGE,VAR16026@L4_L5@2026-01-12,12 diários,"('VALUE', 112.42604854991065)","('VALUE', 112.42604854991065)",True,True
integrated_aggregation,AGR-AREA_41-RETIRADA_CONDENSADO_GRUPO-GRUPO-L4_L5-MENSAL-AVERAGE,VAR16026@L4_L5@2026-01-13,13 diários,"('VALUE', 112.42635534492128)","('VALUE', 112.42635534492128)",True,True
integrated_aggregation,AGR-AREA_41-RETIRADA_CONDENSADO_GRUPO-GRUPO-L4_L5-MENSAL-AVERAGE,VAR16026@L4_L5@2026-01-14,14 diários,"('VALUE', 112.4266621687843)","('VALUE', 112.4266621687843)",True,True
integrated_aggregation,AGR-AREA_41-RETIRADA_CONDENSADO_GRUPO-GRUPO-L4_L5-MENSAL-AVERAGE,VAR16026@L4_L5@2026-01-15,15 diários,"('VALUE', 112.42696902149868)","('VALUE', 112.42696902149868)",True,True
integrated_aggregation,AGR-AREA_41-RETIRADA_CONDENSADO_GRUPO-GRUPO-L4_L5-MENSAL-AVERAGE,VAR16026@L4_L5@2026-01-16,16 diários,"('VALUE', 112.42727590306335)","('VALUE', 112.42727590306335)",True,True
integrated_aggregation,AGR-AREA_41-RETIRADA_CONDENSADO_GRUPO-GRUPO-L4_L5-MENSAL-AVERAGE,VAR16026@L4_L5@2026-01-17,17 diários,"('VALUE', 112.42758281347723)","('VALUE', 112.42758281347723)",True,True
integrated_aggregation,AGR-AREA_41-RETIRADA_CONDENSADO_GRUPO-GRUPO-L4_L5-MENSAL-AVERAGE,VAR16026@L4_L5@2026-01-18,18 diários,"('VALUE', 112.4278897527393)","('VALUE', 112.4278897527393)",True,True
integrated_aggregation,AGR-AREA_41-RETIRADA_CONDENSADO_GRUPO-GRUPO-L4_L5-MENSAL-AVERAGE,VAR16026@L4_L5@2026-01-19,19 diários,"('VALUE', 112.42819672084845)","('VALUE', 112.42819672084845)",True,True
integrated_aggregation,AGR-AREA_41-RETIRADA_CONDENSADO_GRUPO-GRUPO-L4_L5-MENSAL-AVERAGE,VAR16026@L4_L5@2026-01-20,20 diários,"('VALUE', 112.42850371780364)","('VALUE', 112.42850371780364)",True,True
integrated_aggregation,AGR-AREA_41-RETIRADA_CONDENSADO_GRUPO-GRUPO-L4_L5-MENSAL-AVERAGE,VAR16026@L4_L5@2026-01-21,21 diários,"('VALUE', 112.42881074360382)","('VALUE', 112.42881074360382)",True,True
integrated_aggregation,AGR-AREA_41-RETIRADA_CONDENSADO_GRUPO-GRUPO-L4_L5-MENSAL-AVERAGE,VAR16026@L4_L5@2026-01-22,22 diários,"('VALUE', 112.42911779824793)","('VALUE', 112.42911779824793)",True,True
integrated_aggregation,AGR-AREA_41-RETIRADA_CONDENSADO_GRUPO-GRUPO-L4_L5-MENSAL-AVERAGE,VAR16026@L4_L5@2026-01-23,23 diários,"('VALUE', 112.42942488173487)","('VALUE', 112.42942488173487)",True,True
integrated_aggregation,AGR-AREA_41-RETIRADA_CONDENSADO_GRUPO-GRUPO-L4_L5-MENSAL-AVERAGE,VAR16026@L4_L5@2026-01-24,24 diários,"('VALUE', 112.42973199406362)","('VALUE', 112.42973199406362)",True,True
integrated_aggregation,AGR-AREA_41-RETIRADA_CONDENSADO_GRUPO-GRUPO-L4_L5-MENSAL-AVERAGE,VAR16026@L4_L5@2026-01-25,25 diários,"('VALUE', 112.43003913523309)","('VALUE', 112.43003913523309)",True,True
integrated_aggregation,AGR-AREA_41-RETIRADA_CONDENSADO_GRUPO-GRUPO-L4_L5-MENSAL-AVERAGE,VAR16026@L4_L5@2026-01-26,26 diários,"('VALUE', 112.43034630524224)","('VALUE', 112.43034630524224)",True,True
integrated_aggregation,AGR-AREA_41-RETIRADA_CONDENSADO_GRUPO-GRUPO-L4_L5-MENSAL-AVERAGE,VAR16026@L4_L5@2026-01-27,27 diários,"('VALUE', 112.43065350409)","('VALUE', 112.43065350409)",True,True
integrated_aggregation,AGR-AREA_41-RETIRADA_CONDENSADO_GRUPO-GRUPO-L4_L5-MENSAL-AVERAGE,VAR16026@L4_L5@2026-01-28,28 diários,"('VALUE', 112.4309607317753)","('VALUE', 112.4309607317753)",True,True
integrated_aggregation,AGR-AREA_41-RETIRADA_CONDENSADO_GRUPO-GRUPO-L4_L5-MENSAL-AVERAGE,VAR16026@L4_L5@2026-01-29,29 diários,"('VALUE', 112.4312679882971)","('VALUE', 112.4312679882971)",True,True
integrated_aggregation,AGR-AREA_41-RETIRADA_CONDENSADO_GRUPO-GRUPO-L4_L5-MENSAL-AVERAGE,VAR16026@L4_L5@2026-01-30,30 diários,"('VALUE', 112.4315752736543)","('VALUE', 112.4315752736543)",True,True
integrated_aggregation,AGR-AREA_41-RETIRADA_CONDENSADO_GRUPO-GRUPO-L4_L5-MENSAL-AVERAGE,VAR16026@L4_L5@2026-01-31,31 diários,"('VALUE', 112.43188258784586)","('VALUE', 112.43188258784586)",True,True
integrated_aggregation,AGR-AREA_41-RETIRADA_CONDENSADO_GRUPO-GRUPO-L4_L5-MENSAL-AVERAGE,VAR16026@L4_L5@2026-02-01,1 diários,"('VALUE', 112.44171756464144)","('VALUE', 112.44171756464144)",True,True
integrated_aggregation,AGR-AREA_41-RETIRADA_CONDENSADO_GRUPO-GRUPO-L4_L5-ANUAL-AVERAGE,VAR16027@L4_L5@2026-01-01,1 diários,"('VALUE', 112.4226757093561)","('VALUE', 112.4226757093561)",True,True
integrated_aggregation,AGR-AREA_41-RETIRADA_CONDENSADO_GRUPO-GRUPO-L4_L5-ANUAL-AVERAGE,VAR16027@L4_L5@2026-01-02,2 diários,"('VALUE', 112.42298218692024)","('VALUE', 112.42298218692024)",True,True
integrated_aggregation,AGR-AREA_41-RETIRADA_CONDENSADO_GRUPO-GRUPO-L4_L5-ANUAL-AVERAGE,VAR16027@L4_L5@2026-01-03,3 diários,"('VALUE', 112.42328869334843)","('VALUE', 112.42328869334843)",True,True
integrated_aggregation,AGR-AREA_41-RETIRADA_CONDENSADO_GRUPO-GRUPO-L4_L5-ANUAL-AVERAGE,VAR16027@L4_L5@2026-01-04,4 diários,"('VALUE', 112.42359522863964)","('VALUE', 112.42359522863964)",True,True
integrated_aggregation,AGR-AREA_41-RETIRADA_CONDENSADO_GRUPO-GRUPO-L4_L5-ANUAL-AVERAGE,VAR16027@L4_L5@2026-01-05,5 diários,"('VALUE', 112.42390179279282)","('VALUE', 112.42390179279282)",True,True
integrated_aggregation,AGR-AREA_41-RETIRADA_CONDENSADO_GRUPO-GRUPO-L4_L5-ANUAL-AVERAGE,VAR16027@L4_L5@2026-01-06,6 diários,"('VALUE', 112.42420838580688)","('VALUE', 112.42420838580688)",True,True
integrated_aggregation,AGR-AREA_41-RETIRADA_CONDENSADO_GRUPO-GRUPO-L4_L5-ANUAL-AVERAGE,VAR16027@L4_L5@2026-01-07,7 diários,"('VALUE', 112.42451500768077)","('VALUE', 112.42451500768077)",True,True
integrated_aggregation,AGR-AREA_41-RETIRADA_CONDENSADO_GRUPO-GRUPO-L4_L5-ANUAL-AVERAGE,VAR16027@L4_L5@2026-01-08,8 diários,"('VALUE', 112.42482165841344)","('VALUE', 112.42482165841344)",True,True
integrated_aggregation,AGR-AREA_41-RETIRADA_CONDENSADO_GRUPO-GRUPO-L4_L5-ANUAL-AVERAGE,VAR16027@L4_L5@2026-01-09,9 diários,"('VALUE', 112.42512833800382)","('VALUE', 112.42512833800382)",True,True
integrated_aggregation,AGR-AREA_41-RETIRADA_CONDENSADO_GRUPO-GRUPO-L4_L5-ANUAL-AVERAGE,VAR16027@L4_L5@2026-01-10,10 diários,"('VALUE', 112.42543504645084)","('VALUE', 112.42543504645084)",True,True
integrated_aggregation,AGR-AREA_41-RETIRADA_CONDENSADO_GRUPO-GRUPO-L4_L5-ANUAL-AVERAGE,VAR16027@L4_L5@2026-01-11,11 diários,"('VALUE', 112.42574178375348)","('VALUE', 112.42574178375348)",True,True
integrated_aggregation,AGR-AREA_41-RETIRADA_CONDENSADO_GRUPO-GRUPO-L4_L5-ANUAL-AVERAGE,VAR16027@L4_L5@2026-01-12,12 diários,"('VALUE', 112.42604854991065)","('VALUE', 112.42604854991065)",True,True
integrated_aggregation,AGR-AREA_41-RETIRADA_CONDENSADO_GRUPO-GRUPO-L4_L5-ANUAL-AVERAGE,VAR16027@L4_L5@2026-01-13,13 diários,"('VALUE', 112.42635534492128)","('VALUE', 112.42635534492128)",True,True
integrated_aggregation,AGR-AREA_41-RETIRADA_CONDENSADO_GRUPO-GRUPO-L4_L5-ANUAL-AVERAGE,VAR16027@L4_L5@2026-01-14,14 diários,"('VALUE', 112.4266621687843)","('VALUE', 112.4266621687843)",True,True
integrated_aggregation,AGR-AREA_41-RETIRADA_CONDENSADO_GRUPO-GRUPO-L4_L5-ANUAL-AVERAGE,VAR16027@L4_L5@2026-01-15,15 diários,"('VALUE', 112.42696902149868)","('VALUE', 112.42696902149868)",True,True
integrated_aggregation,AGR-AREA_41-RETIRADA_CONDENSADO_GRUPO-GRUPO-L4_L5-ANUAL-AVERAGE,VAR16027@L4_L5@2026-01-16,16 diários,"('VALUE', 112.42727590306335)","('VALUE', 112.42727590306335)",True,True
integrated_aggregation,AGR-AREA_41-RETIRADA_CONDENSADO_GRUPO-GRUPO-L4_L5-ANUAL-AVERAGE,VAR16027@L4_L5@2026-01-17,17 diários,"('VALUE', 112.42758281347723)","('VALUE', 112.42758281347723)",True,True
integrated_aggregation,AGR-AREA_41-RETIRADA_CONDENSADO_GRUPO-GRUPO-L4_L5-ANUAL-AVERAGE,VAR16027@L4_L5@2026-01-18,18 diários,"('VALUE', 112.4278897527393)","('VALUE', 112.4278897527393)",True,True
integrated_aggregation,AGR-AREA_41-RETIRADA_CONDENSADO_GRUPO-GRUPO-L4_L5-ANUAL-AVERAGE,VAR16027@L4_L5@2026-01-19,19 diários,"('VALUE', 112.42819672084845)","('VALUE', 112.42819672084845)",True,True
integrated_aggregation,AGR-AREA_41-RETIRADA_CONDENSADO_GRUPO-GRUPO-L4_L5-ANUAL-AVERAGE,VAR16027@L4_L5@2026-01-20,20 diários,"('VALUE', 112.42850371780364)","('VALUE', 112.42850371780364)",True,True
integrated_aggregation,AGR-AREA_41-RETIRADA_CONDENSADO_GRUPO-GRUPO-L4_L5-ANUAL-AVERAGE,VAR16027@L4_L5@2026-01-21,21 diários,"('VALUE', 112.42881074360382)","('VALUE', 112.42881074360382)",True,True
integrated_aggregation,AGR-AREA_41-RETIRADA_CONDENSADO_GRUPO-GRUPO-L4_L5-ANUAL-AVERAGE,VAR16027@L4_L5@2026-01-22,22 diários,"('VALUE', 112.42911779824793)","('VALUE', 112.42911779824793)",True,True
integrated_aggregation,AGR-AREA_41-RETIRADA_CONDENSADO_GRUPO-GRUPO-L4_L5-ANUAL-AVERAGE,VAR16027@L4_L5@2026-01-23,23 diários,"('VALUE', 112.42942488173487)","('VALUE', 112.42942488173487)",True,True
integrated_aggregation,AGR-AREA_41-RETIRADA_CONDENSADO_GRUPO-GRUPO-L4_L5-ANUAL-AVERAGE,VAR16027@L4_L5@2026-01-24,24 diários,"('VALUE', 112.42973199406362)","('VALUE', 112.42973199406362)",True,True
integrated_aggregation,AGR-AREA_41-RETIRADA_CONDENSADO_GRUPO-GRUPO-L4_L5-ANUAL-AVERAGE,VAR16027@L4_L5@2026-01-25,25 diários,"('VALUE', 112.43003913523309)","('VALUE', 112.43003913523309)",True,True
integrated_aggregation,AGR-AREA_41-RETIRADA_CONDENSADO_GRUPO-GRUPO-L4_L5-ANUAL-AVERAGE,VAR16027@L4_L5@2026-01-26,26 diários,"('VALUE', 112.43034630524224)","('VALUE', 112.43034630524224)",True,True
integrated_aggregation,AGR-AREA_41-RETIRADA_CONDENSADO_GRUPO-GRUPO-L4_L5-ANUAL-AVERAGE,VAR16027@L4_L5@2026-01-27,27 diários,"('VALUE', 112.43065350409)","('VALUE', 112.43065350409)",True,True
integrated_aggregation,AGR-AREA_41-RETIRADA_CONDENSADO_GRUPO-GRUPO-L4_L5-ANUAL-AVERAGE,VAR16027@L4_L5@2026-01-28,28 diários,"('VALUE', 112.4309607317753)","('VALUE', 112.4309607317753)",True,True
integrated_aggregation,AGR-AREA_41-RETIRADA_CONDENSADO_GRUPO-GRUPO-L4_L5-ANUAL-AVERAGE,VAR16027@L4_L5@2026-01-29,29 diários,"('VALUE', 112.4312679882971)","('VALUE', 112.4312679882971)",True,True
integrated_aggregation,AGR-AREA_41-RETIRADA_CONDENSADO_GRUPO-GRUPO-L4_L5-ANUAL-AVERAGE,VAR16027@L4_L5@2026-01-30,30 diários,"('VALUE', 112.4315752736543)","('VALUE', 112.4315752736543)",True,True
integrated_aggregation,AGR-AREA_41-RETIRADA_CONDENSADO_GRUPO-GRUPO-L4_L5-ANUAL-AVERAGE,VAR16027@L4_L5@2026-01-31,31 diários,"('VALUE', 112.43188258784586)","('VALUE', 112.43188258784586)",True,True
integrated_aggregation,AGR-AREA_41-RETIRADA_CONDENSADO_GRUPO-GRUPO-L4_L5-ANUAL-AVERAGE,VAR16027@L4_L5@2026-02-01,32 diários,"('VALUE', 112.43218993087072)","('VALUE', 112.43218993087072)",True,True
integrated_aggregation,AGR-AREA_41-RETIRADA_CONDENSADO_GRUPO-GRUPO-L6_L7-MENSAL-AVERAGE,VAR16029@L6_L7@2026-01-01,1 diários,"('VALUE', 112.47482638528092)","('VALUE', 112.47482638528092)",True,True
integrated_aggregation,AGR-AREA_41-RETIRADA_CONDENSADO_GRUPO-GRUPO-L6_L7-MENSAL-AVERAGE,VAR16029@L6_L7@2026-01-02,2 diários,"('VALUE', 112.47513289455162)","('VALUE', 112.47513289455162)",True,True
integrated_aggregation,AGR-AREA_41-RETIRADA_CONDENSADO_GRUPO-GRUPO-L6_L7-MENSAL-AVERAGE,VAR16029@L6_L7@2026-01-03,3 diários,"('VALUE', 112.47543943263877)","('VALUE', 112.47543943263877)",True,True
integrated_aggregation,AGR-AREA_41-RETIRADA_CONDENSADO_GRUPO-GRUPO-L6_L7-MENSAL-AVERAGE,VAR16029@L6_L7@2026-01-04,4 diários,"('VALUE', 112.47574599954127)","('VALUE', 112.47574599954127)",True,True
integrated_aggregation,AGR-AREA_41-RETIRADA_CONDENSADO_GRUPO-GRUPO-L6_L7-MENSAL-AVERAGE,VAR16029@L6_L7@2026-01-05,5 diários,"('VALUE', 112.4760525952581)","('VALUE', 112.4760525952581)",True,True
integrated_aggregation,AGR-AREA_41-RETIRADA_CONDENSADO_GRUPO-GRUPO-L6_L7-MENSAL-AVERAGE,VAR16029@L6_L7@2026-01-06,6 diários,"('VALUE', 112.4763592197882)","('VALUE', 112.4763592197882)",True,True
integrated_aggregation,AGR-AREA_41-RETIRADA_CONDENSADO_GRUPO-GRUPO-L6_L7-MENSAL-AVERAGE,VAR16029@L6_L7@2026-01-07,7 diários,"('VALUE', 112.47666587313049)","('VALUE', 112.47666587313049)",True,True
integrated_aggregation,AGR-AREA_41-RETIRADA_CONDENSADO_GRUPO-GRUPO-L6_L7-MENSAL-AVERAGE,VAR16029@L6_L7@2026-01-08,8 diários,"('VALUE', 112.47697255528391)","('VALUE', 112.47697255528391)",True,True
integrated_aggregation,AGR-AREA_41-RETIRADA_CONDENSADO_GRUPO-GRUPO-L6_L7-MENSAL-AVERAGE,VAR16029@L6_L7@2026-01-09,9 diários,"('VALUE', 112.47727926624742)","('VALUE', 112.47727926624742)",True,True
integrated_aggregation,AGR-AREA_41-RETIRADA_CONDENSADO_GRUPO-GRUPO-L6_L7-MENSAL-AVERAGE,VAR16029@L6_L7@2026-01-10,10 diários,"('VALUE', 112.47758600601995)","('VALUE', 112.47758600601995)",True,True
integrated_aggregation,AGR-AREA_41-RETIRADA_CONDENSADO_GRUPO-GRUPO-L6_L7-MENSAL-AVERAGE,VAR16029@L6_L7@2026-01-11,11 diários,"('VALUE', 112.47789277460043)","('VALUE', 112.47789277460043)",True,True
integrated_aggregation,AGR-AREA_41-RETIRADA_CONDENSADO_GRUPO-GRUPO-L6_L7-MENSAL-AVERAGE,VAR16029@L6_L7@2026-01-12,12 diários,"('VALUE', 112.47819957198783)","('VALUE', 112.47819957198783)",True,True
integrated_aggregation,AGR-AREA_41-RETIRADA_CONDENSADO_GRUPO-GRUPO-L6_L7-MENSAL-AVERAGE,VAR16029@L6_L7@2026-01-13,13 diários,"('VALUE', 112.47850639818108)","('VALUE', 112.47850639818108)",True,True
integrated_aggregation,AGR-AREA_41-RETIRADA_CONDENSADO_GRUPO-GRUPO-L6_L7-MENSAL-AVERAGE,VAR16029@L6_L7@2026-01-14,14 diários,"('VALUE', 112.4788132531791)","('VALUE', 112.4788132531791)",True,True
integrated_aggregation,AGR-AREA_41-RETIRADA_CONDENSADO_GRUPO-GRUPO-L6_L7-MENSAL-AVERAGE,VAR16029@L6_L7@2026-01-15,15 diários,"('VALUE', 112.47912013698085)","('VALUE', 112.47912013698085)",True,True
integrated_aggregation,AGR-AREA_41-RETIRADA_CONDENSADO_GRUPO-GRUPO-L6_L7-MENSAL-AVERAGE,VAR16029@L6_L7@2026-01-16,16 diários,"('VALUE', 112.47942704958528)","('VALUE', 112.47942704958528)",True,True
integrated_aggregation,AGR-AREA_41-RETIRADA_CONDENSADO_GRUPO-GRUPO-L6_L7-MENSAL-AVERAGE,VAR16029@L6_L7@2026-01-17,17 diários,"('VALUE', 112.4797339909913)","('VALUE', 112.4797339909913)",True,True
integrated_aggregation,AGR-AREA_41-RETIRADA_CONDENSADO_GRUPO-GRUPO-L6_L7-MENSAL-AVERAGE,VAR16029@L6_L7@2026-01-18,18 diários,"('VALUE', 112.48004096119787)","('VALUE', 112.48004096119787)",True,True
integrated_aggregation,AGR-AREA_41-RETIRADA_CONDENSADO_GRUPO-GRUPO-L6_L7-MENSAL-AVERAGE,VAR16029@L6_L7@2026-01-19,19 diários,"('VALUE', 112.48034796020393)","('VALUE', 112.48034796020393)",True,True
integrated_aggregation,AGR-AREA_41-RETIRADA_CONDENSADO_GRUPO-GRUPO-L6_L7-MENSAL-AVERAGE,VAR16029@L6_L7@2026-01-20,20 diários,"('VALUE', 112.48065498800842)","('VALUE', 112.48065498800842)",True,True
integrated_aggregation,AGR-AREA_41-RETIRADA_CONDENSADO_GRUPO-GRUPO-L6_L7-MENSAL-AVERAGE,VAR16029@L6_L7@2026-01-21,21 diários,"('VALUE', 112.48096204461028)","('VALUE', 112.48096204461028)",True,True
integrated_aggregation,AGR-AREA_41-RETIRADA_CONDENSADO_GRUPO-GRUPO-L6_L7-MENSAL-AVERAGE,VAR16029@L6_L7@2026-01-22,22 diários,"('VALUE', 112.48126913000846)","('VALUE', 112.48126913000846)",True,True
integrated_aggregation,AGR-AREA_41-RETIRADA_CONDENSADO_GRUPO-GRUPO-L6_L7-MENSAL-AVERAGE,VAR16029@L6_L7@2026-01-23,23 diários,"('VALUE', 112.48157624420185)","('VALUE', 112.48157624420185)",True,True
integrated_aggregation,AGR-AREA_41-RETIRADA_CONDENSADO_GRUPO-GRUPO-L6_L7-MENSAL-AVERAGE,VAR16029@L6_L7@2026-01-24,24 diários,"('VALUE', 112.48188338718944)","('VALUE', 112.48188338718944)",True,True
integrated_aggregation,AGR-AREA_41-RETIRADA_CONDENSADO_GRUPO-GRUPO-L6_L7-MENSAL-AVERAGE,VAR16029@L6_L7@2026-01-25,25 diários,"('VALUE', 112.48219055897016)","('VALUE', 112.48219055897016)",True,True
integrated_aggregation,AGR-AREA_41-RETIRADA_CONDENSADO_GRUPO-GRUPO-L6_L7-MENSAL-AVERAGE,VAR16029@L6_L7@2026-01-26,26 diários,"('VALUE', 112.48249775954294)","('VALUE', 112.48249775954294)",True,True
integrated_aggregation,AGR-AREA_41-RETIRADA_CONDENSADO_GRUPO-GRUPO-L6_L7-MENSAL-AVERAGE,VAR16029@L6_L7@2026-01-27,27 diários,"('VALUE', 112.48280498890672)","('VALUE', 112.48280498890672)",True,True
integrated_aggregation,AGR-AREA_41-RETIRADA_CONDENSADO_GRUPO-GRUPO-L6_L7-MENSAL-AVERAGE,VAR16029@L6_L7@2026-01-28,28 diários,"('VALUE', 112.48311224706046)","('VALUE', 112.48311224706046)",True,True
integrated_aggregation,AGR-AREA_41-RETIRADA_CONDENSADO_GRUPO-GRUPO-L6_L7-MENSAL-AVERAGE,VAR16029@L6_L7@2026-01-29,29 diários,"('VALUE', 112.48341953400308)","('VALUE', 112.48341953400308)",True,True
integrated_aggregation,AGR-AREA_41-RETIRADA_CONDENSADO_GRUPO-GRUPO-L6_L7-MENSAL-AVERAGE,VAR16029@L6_L7@2026-01-30,30 diários,"('VALUE', 112.48372684973351)","('VALUE', 112.48372684973351)",True,True
integrated_aggregation,AGR-AREA_41-RETIRADA_CONDENSADO_GRUPO-GRUPO-L6_L7-MENSAL-AVERAGE,VAR16029@L6_L7@2026-01-31,31 diários,"('VALUE', 112.48403419425071)","('VALUE', 112.48403419425071)",True,True
integrated_aggregation,AGR-AREA_41-RETIRADA_CONDENSADO_GRUPO-GRUPO-L6_L7-MENSAL-AVERAGE,VAR16029@L6_L7@2026-02-01,1 diários,"('VALUE', 112.49387013994348)","('VALUE', 112.49387013994348)",True,True
integrated_aggregation,AGR-AREA_41-RETIRADA_CONDENSADO_GRUPO-GRUPO-L6_L7-ANUAL-AVERAGE,VAR16030@L6_L7@2026-01-01,1 diários,"('VALUE', 112.47482638528092)","('VALUE', 112.47482638528092)",True,True
integrated_aggregation,AGR-AREA_41-RETIRADA_CONDENSADO_GRUPO-GRUPO-L6_L7-ANUAL-AVERAGE,VAR16030@L6_L7@2026-01-02,2 diários,"('VALUE', 112.47513289455162)","('VALUE', 112.47513289455162)",True,True
integrated_aggregation,AGR-AREA_41-RETIRADA_CONDENSADO_GRUPO-GRUPO-L6_L7-ANUAL-AVERAGE,VAR16030@L6_L7@2026-01-03,3 diários,"('VALUE', 112.47543943263877)","('VALUE', 112.47543943263877)",True,True
integrated_aggregation,AGR-AREA_41-RETIRADA_CONDENSADO_GRUPO-GRUPO-L6_L7-ANUAL-AVERAGE,VAR16030@L6_L7@2026-01-04,4 diários,"('VALUE', 112.47574599954127)","('VALUE', 112.47574599954127)",True,True
integrated_aggregation,AGR-AREA_41-RETIRADA_CONDENSADO_GRUPO-GRUPO-L6_L7-ANUAL-AVERAGE,VAR16030@L6_L7@2026-01-05,5 diários,"('VALUE', 112.4760525952581)","('VALUE', 112.4760525952581)",True,True
integrated_aggregation,AGR-AREA_41-RETIRADA_CONDENSADO_GRUPO-GRUPO-L6_L7-ANUAL-AVERAGE,VAR16030@L6_L7@2026-01-06,6 diários,"('VALUE', 112.4763592197882)","('VALUE', 112.4763592197882)",True,True
integrated_aggregation,AGR-AREA_41-RETIRADA_CONDENSADO_GRUPO-GRUPO-L6_L7-ANUAL-AVERAGE,VAR16030@L6_L7@2026-01-07,7 diários,"('VALUE', 112.47666587313049)","('VALUE', 112.47666587313049)",True,True
integrated_aggregation,AGR-AREA_41-RETIRADA_CONDENSADO_GRUPO-GRUPO-L6_L7-ANUAL-AVERAGE,VAR16030@L6_L7@2026-01-08,8 diários,"('VALUE', 112.47697255528391)","('VALUE', 112.47697255528391)",True,True
integrated_aggregation,AGR-AREA_41-RETIRADA_CONDENSADO_GRUPO-GRUPO-L6_L7-ANUAL-AVERAGE,VAR16030@L6_L7@2026-01-09,9 diários,"('VALUE', 112.47727926624742)","('VALUE', 112.47727926624742)",True,True
integrated_aggregation,AGR-AREA_41-RETIRADA_CONDENSADO_GRUPO-GRUPO-L6_L7-ANUAL-AVERAGE,VAR16030@L6_L7@2026-01-10,10 diários,"('VALUE', 112.47758600601995)","('VALUE', 112.47758600601995)",True,True
integrated_aggregation,AGR-AREA_41-RETIRADA_CONDENSADO_GRUPO-GRUPO-L6_L7-ANUAL-AVERAGE,VAR16030@L6_L7@2026-01-11,11 diários,"('VALUE', 112.47789277460043)","('VALUE', 112.47789277460043)",True,True
integrated_aggregation,AGR-AREA_41-RETIRADA_CONDENSADO_GRUPO-GRUPO-L6_L7-ANUAL-AVERAGE,VAR16030@L6_L7@2026-01-12,12 diários,"('VALUE', 112.47819957198783)","('VALUE', 112.47819957198783)",True,True
integrated_aggregation,AGR-AREA_41-RETIRADA_CONDENSADO_GRUPO-GRUPO-L6_L7-ANUAL-AVERAGE,VAR16030@L6_L7@2026-01-13,13 diários,"('VALUE', 112.47850639818108)","('VALUE', 112.47850639818108)",True,True
integrated_aggregation,AGR-AREA_41-RETIRADA_CONDENSADO_GRUPO-GRUPO-L6_L7-ANUAL-AVERAGE,VAR16030@L6_L7@2026-01-14,14 diários,"('VALUE', 112.4788132531791)","('VALUE', 112.4788132531791)",True,True
integrated_aggregation,AGR-AREA_41-RETIRADA_CONDENSADO_GRUPO-GRUPO-L6_L7-ANUAL-AVERAGE,VAR16030@L6_L7@2026-01-15,15 diários,"('VALUE', 112.47912013698085)","('VALUE', 112.47912013698085)",True,True
integrated_aggregation,AGR-AREA_41-RETIRADA_CONDENSADO_GRUPO-GRUPO-L6_L7-ANUAL-AVERAGE,VAR16030@L6_L7@2026-01-16,16 diários,"('VALUE', 112.47942704958528)","('VALUE', 112.47942704958528)",True,True
integrated_aggregation,AGR-AREA_41-RETIRADA_CONDENSADO_GRUPO-GRUPO-L6_L7-ANUAL-AVERAGE,VAR16030@L6_L7@2026-01-17,17 diários,"('VALUE', 112.4797339909913)","('VALUE', 112.4797339909913)",True,True
integrated_aggregation,AGR-AREA_41-RETIRADA_CONDENSADO_GRUPO-GRUPO-L6_L7-ANUAL-AVERAGE,VAR16030@L6_L7@2026-01-18,18 diários,"('VALUE', 112.48004096119787)","('VALUE', 112.48004096119787)",True,True
integrated_aggregation,AGR-AREA_41-RETIRADA_CONDENSADO_GRUPO-GRUPO-L6_L7-ANUAL-AVERAGE,VAR16030@L6_L7@2026-01-19,19 diários,"('VALUE', 112.48034796020393)","('VALUE', 112.48034796020393)",True,True
integrated_aggregation,AGR-AREA_41-RETIRADA_CONDENSADO_GRUPO-GRUPO-L6_L7-ANUAL-AVERAGE,VAR16030@L6_L7@2026-01-20,20 diários,"('VALUE', 112.48065498800842)","('VALUE', 112.48065498800842)",True,True
integrated_aggregation,AGR-AREA_41-RETIRADA_CONDENSADO_GRUPO-GRUPO-L6_L7-ANUAL-AVERAGE,VAR16030@L6_L7@2026-01-21,21 diários,"('VALUE', 112.48096204461028)","('VALUE', 112.48096204461028)",True,True
integrated_aggregation,AGR-AREA_41-RETIRADA_CONDENSADO_GRUPO-GRUPO-L6_L7-ANUAL-AVERAGE,VAR16030@L6_L7@2026-01-22,22 diários,"('VALUE', 112.48126913000846)","('VALUE', 112.48126913000846)",True,True
integrated_aggregation,AGR-AREA_41-RETIRADA_CONDENSADO_GRUPO-GRUPO-L6_L7-ANUAL-AVERAGE,VAR16030@L6_L7@2026-01-23,23 diários,"('VALUE', 112.48157624420185)","('VALUE', 112.48157624420185)",True,True
integrated_aggregation,AGR-AREA_41-RETIRADA_CONDENSADO_GRUPO-GRUPO-L6_L7-ANUAL-AVERAGE,VAR16030@L6_L7@2026-01-24,24 diários,"('VALUE', 112.48188338718944)","('VALUE', 112.48188338718944)",True,True
integrated_aggregation,AGR-AREA_41-RETIRADA_CONDENSADO_GRUPO-GRUPO-L6_L7-ANUAL-AVERAGE,VAR16030@L6_L7@2026-01-25,25 diários,"('VALUE', 112.48219055897016)","('VALUE', 112.48219055897016)",True,True
integrated_aggregation,AGR-AREA_41-RETIRADA_CONDENSADO_GRUPO-GRUPO-L6_L7-ANUAL-AVERAGE,VAR16030@L6_L7@2026-01-26,26 diários,"('VALUE', 112.48249775954294)","('VALUE', 112.48249775954294)",True,True
integrated_aggregation,AGR-AREA_41-RETIRADA_CONDENSADO_GRUPO-GRUPO-L6_L7-ANUAL-AVERAGE,VAR16030@L6_L7@2026-01-27,27 diários,"('VALUE', 112.48280498890672)","('VALUE', 112.48280498890672)",True,True
integrated_aggregation,AGR-AREA_41-RETIRADA_CONDENSADO_GRUPO-GRUPO-L6_L7-ANUAL-AVERAGE,VAR16030@L6_L7@2026-01-28,28 diários,"('VALUE', 112.48311224706046)","('VALUE', 112.48311224706046)",True,True
integrated_aggregation,AGR-AREA_41-RETIRADA_CONDENSADO_GRUPO-GRUPO-L6_L7-ANUAL-AVERAGE,VAR16030@L6_L7@2026-01-29,29 diários,"('VALUE', 112.48341953400308)","('VALUE', 112.48341953400308)",True,True
integrated_aggregation,AGR-AREA_41-RETIRADA_CONDENSADO_GRUPO-GRUPO-L6_L7-ANUAL-AVERAGE,VAR16030@L6_L7@2026-01-30,30 diários,"('VALUE', 112.48372684973351)","('VALUE', 112.48372684973351)",True,True
integrated_aggregation,AGR-AREA_41-RETIRADA_CONDENSADO_GRUPO-GRUPO-L6_L7-ANUAL-AVERAGE,VAR16030@L6_L7@2026-01-31,31 diários,"('VALUE', 112.48403419425071)","('VALUE', 112.48403419425071)",True,True
integrated_aggregation,AGR-AREA_41-RETIRADA_CONDENSADO_GRUPO-GRUPO-L6_L7-ANUAL-AVERAGE,VAR16030@L6_L7@2026-02-01,32 diários,"('VALUE', 112.4843415675536)","('VALUE', 112.4843415675536)",True,True
integrated_aggregation,AGR-AREA_41-RETIRADA_CONDENSADO_LINHA-LINHA-L1_L7-MENSAL-AVERAGE,VAR16032@L1@2026-01-01,1 diários,"('VALUE', 7.743508609381717)","('VALUE', 7.743508609381717)",True,True
integrated_aggregation,AGR-AREA_41-RETIRADA_CONDENSADO_LINHA-LINHA-L1_L7-MENSAL-AVERAGE,VAR16032@L1@2026-01-02,2 diários,"('VALUE', 7.7437116758275035)","('VALUE', 7.7437116758275035)",True,True
integrated_aggregation,AGR-AREA_41-RETIRADA_CONDENSADO_LINHA-LINHA-L1_L7-MENSAL-AVERAGE,VAR16032@L1@2026-01-03,3 diários,"('VALUE', 7.743914756729123)","('VALUE', 7.743914756729123)",True,True
integrated_aggregation,AGR-AREA_41-RETIRADA_CONDENSADO_LINHA-LINHA-L1_L7-MENSAL-AVERAGE,VAR16032@L1@2026-01-04,4 diários,"('VALUE', 7.744117852086043)","('VALUE', 7.744117852086043)",True,True
integrated_aggregation,AGR-AREA_41-RETIRADA_CONDENSADO_LINHA-LINHA-L1_L7-MENSAL-AVERAGE,VAR16032@L1@2026-01-05,5 diários,"('VALUE', 7.74432096189773)","('VALUE', 7.74432096189773)",True,True
integrated_aggregation,AGR-AREA_41-RETIRADA_CONDENSADO_LINHA-LINHA-L1_L7-MENSAL-AVERAGE,VAR16032@L1@2026-01-06,6 diários,"('VALUE', 7.744524086163657)","('VALUE', 7.744524086163657)",True,True
integrated_aggregation,AGR-AREA_41-RETIRADA_CONDENSADO_LINHA-LINHA-L1_L7-MENSAL-AVERAGE,VAR16032@L1@2026-01-07,7 diários,"('VALUE', 7.7447272248832935)","('VALUE', 7.7447272248832935)",True,True
integrated_aggregation,AGR-AREA_41-RETIRADA_CONDENSADO_LINHA-LINHA-L1_L7-MENSAL-AVERAGE,VAR16032@L1@2026-01-08,8 diários,"('VALUE', 7.744930378056107)","('VALUE', 7.744930378056107)",True,True
integrated_aggregation,AGR-AREA_41-RETIRADA_CONDENSADO_LINHA-LINHA-L1_L7-MENSAL-AVERAGE,VAR16032@L1@2026-01-09,9 diários,"('VALUE', 7.745133545681568)","('VALUE', 7.745133545681568)",True,True
integrated_aggregation,AGR-AREA_41-RETIRADA_CONDENSADO_LINHA-LINHA-L1_L7-MENSAL-AVERAGE,VAR16032@L1@2026-01-10,10 diários,"('VALUE', 7.745336727759147)","('VALUE', 7.745336727759147)",True,True
integrated_aggregation,AGR-AREA_41-RETIRADA_CONDENSADO_LINHA-LINHA-L1_L7-MENSAL-AVERAGE,VAR16032@L1@2026-01-11,11 diários,"('VALUE', 7.745539924288312)","('VALUE', 7.745539924288312)",True,True
integrated_aggregation,AGR-AREA_41-RETIRADA_CONDENSADO_LINHA-LINHA-L1_L7-MENSAL-AVERAGE,VAR16032@L1@2026-01-12,12 diários,"('VALUE', 7.745743135268533)","('VALUE', 7.745743135268533)",True,True
integrated_aggregation,AGR-AREA_41-RETIRADA_CONDENSADO_LINHA-LINHA-L1_L7-MENSAL-AVERAGE,VAR16032@L1@2026-01-13,13 diários,"('VALUE', 7.74594636069928)","('VALUE', 7.74594636069928)",True,True
integrated_aggregation,AGR-AREA_41-RETIRADA_CONDENSADO_LINHA-LINHA-L1_L7-MENSAL-AVERAGE,VAR16032@L1@2026-01-14,14 diários,"('VALUE', 7.746149600580023)","('VALUE', 7.746149600580023)",True,True
integrated_aggregation,AGR-AREA_41-RETIRADA_CONDENSADO_LINHA-LINHA-L1_L7-MENSAL-AVERAGE,VAR16032@L1@2026-01-15,15 diários,"('VALUE', 7.746352854910228)","('VALUE', 7.746352854910228)",True,True
integrated_aggregation,AGR-AREA_41-RETIRADA_CONDENSADO_LINHA-LINHA-L1_L7-MENSAL-AVERAGE,VAR16032@L1@2026-01-16,16 diários,"('VALUE', 7.746556123689366)","('VALUE', 7.746556123689366)",True,True
integrated_aggregation,AGR-AREA_41-RETIRADA_CONDENSADO_LINHA-LINHA-L1_L7-MENSAL-AVERAGE,VAR16032@L1@2026-01-17,17 diários,"('VALUE', 7.746759406916908)","('VALUE', 7.746759406916908)",True,True
integrated_aggregation,AGR-AREA_41-RETIRADA_CONDENSADO_LINHA-LINHA-L1_L7-MENSAL-AVERAGE,VAR16032@L1@2026-01-18,18 diários,"('VALUE', 7.74696270459232)","('VALUE', 7.74696270459232)",True,True
integrated_aggregation,AGR-AREA_41-RETIRADA_CONDENSADO_LINHA-LINHA-L1_L7-MENSAL-AVERAGE,VAR16032@L1@2026-01-19,19 diários,"('VALUE', 7.747166016715073)","('VALUE', 7.747166016715073)",True,True
integrated_aggregation,AGR-AREA_41-RETIRADA_CONDENSADO_LINHA-LINHA-L1_L7-MENSAL-AVERAGE,VAR16032@L1@2026-01-20,20 diários,"('VALUE', 7.7473693432846344)","('VALUE', 7.7473693432846344)",True,True
integrated_aggregation,AGR-AREA_41-RETIRADA_CONDENSADO_LINHA-LINHA-L1_L7-MENSAL-AVERAGE,VAR16032@L1@2026-01-21,21 diários,"('VALUE', 7.747572684300475)","('VALUE', 7.747572684300475)",True,True
integrated_aggregation,AGR-AREA_41-RETIRADA_CONDENSADO_LINHA-LINHA-L1_L7-MENSAL-AVERAGE,VAR16032@L1@2026-01-22,22 diários,"('VALUE', 7.747776039762062)","('VALUE', 7.747776039762062)",True,True
integrated_aggregation,AGR-AREA_41-RETIRADA_CONDENSADO_LINHA-LINHA-L1_L7-MENSAL-AVERAGE,VAR16032@L1@2026-01-23,23 diários,"('VALUE', 7.747979409668865)","('VALUE', 7.747979409668865)",True,True
integrated_aggregation,AGR-AREA_41-RETIRADA_CONDENSADO_LINHA-LINHA-L1_L7-MENSAL-AVERAGE,VAR16032@L1@2026-01-24,24 diários,"('VALUE', 7.748182794020354)","('VALUE', 7.748182794020354)",True,True
integrated_aggregation,AGR-AREA_41-RETIRADA_CONDENSADO_LINHA-LINHA-L1_L7-MENSAL-AVERAGE,VAR16032@L1@2026-01-25,25 diários,"('VALUE', 7.748386192815996)","('VALUE', 7.748386192815996)",True,True
integrated_aggregation,AGR-AREA_41-RETIRADA_CONDENSADO_LINHA-LINHA-L1_L7-MENSAL-AVERAGE,VAR16032@L1@2026-01-26,26 diários,"('VALUE', 7.74858960605526)","('VALUE', 7.74858960605526)",True,True
integrated_aggregation,AGR-AREA_41-RETIRADA_CONDENSADO_LINHA-LINHA-L1_L7-MENSAL-AVERAGE,VAR16032@L1@2026-01-27,27 diários,"('VALUE', 7.748793033737615)","('VALUE', 7.748793033737615)",True,True
integrated_aggregation,AGR-AREA_41-RETIRADA_CONDENSADO_LINHA-LINHA-L1_L7-MENSAL-AVERAGE,VAR16032@L1@2026-01-28,28 diários,"('VALUE', 7.748996475862532)","('VALUE', 7.748996475862532)",True,True
integrated_aggregation,AGR-AREA_41-RETIRADA_CONDENSADO_LINHA-LINHA-L1_L7-MENSAL-AVERAGE,VAR16032@L1@2026-01-29,29 diários,"('VALUE', 7.749199932429475)","('VALUE', 7.749199932429475)",True,True
integrated_aggregation,AGR-AREA_41-RETIRADA_CONDENSADO_LINHA-LINHA-L1_L7-MENSAL-AVERAGE,VAR16032@L1@2026-01-30,30 diários,"('VALUE', 7.749403403437916)","('VALUE', 7.749403403437916)",True,True
integrated_aggregation,AGR-AREA_41-RETIRADA_CONDENSADO_LINHA-LINHA-L1_L7-MENSAL-AVERAGE,VAR16032@L1@2026-01-31,31 diários,"('VALUE', 7.749606888887323)","('VALUE', 7.749606888887323)",True,True
integrated_aggregation,AGR-AREA_41-RETIRADA_CONDENSADO_LINHA-LINHA-L1_L7-MENSAL-AVERAGE,VAR16032@L1@2026-02-01,1 diários,"('VALUE', 7.756118885362239)","('VALUE', 7.756118885362239)",True,True
integrated_aggregation,AGR-AREA_41-RETIRADA_CONDENSADO_LINHA-LINHA-L1_L7-MENSAL-AVERAGE,VAR16032@L2@2026-01-01,1 diários,"('VALUE', 7.749201137878497)","('VALUE', 7.749201137878497)",True,True
integrated_aggregation,AGR-AREA_41-RETIRADA_CONDENSADO_LINHA-LINHA-L1_L7-MENSAL-AVERAGE,VAR16032@L2@2026-01-02,2 diários,"('VALUE', 7.749404356778436)","('VALUE', 7.749404356778436)",True,True
integrated_aggregation,AGR-AREA_41-RETIRADA_CONDENSADO_LINHA-LINHA-L1_L7-MENSAL-AVERAGE,VAR16032@L2@2026-01-03,3 diários,"('VALUE', 7.74960759014029)","('VALUE', 7.74960759014029)",True,True
integrated_aggregation,AGR-AREA_41-RETIRADA_CONDENSADO_LINHA-LINHA-L1_L7-MENSAL-AVERAGE,VAR16032@L2@2026-01-04,4 diários,"('VALUE', 7.749810837963522)","('VALUE', 7.749810837963522)",True,True
integrated_aggregation,AGR-AREA_41-RETIRADA_CONDENSADO_LINHA-LINHA-L1_L7-MENSAL-AVERAGE,VAR16032@L2@2026-01-05,5 diários,"('VALUE', 7.7500141002476015)","('VALUE', 7.7500141002476015)",True,True
integrated_aggregation,AGR-AREA_41-RETIRADA_CONDENSADO_LINHA-LINHA-L1_L7-MENSAL-AVERAGE,VAR16032@L2@2026-01-06,6 diários,"('VALUE', 7.750217376992)","('VALUE', 7.750217376992)",True,True
integrated_aggregation,AGR-AREA_41-RETIRADA_CONDENSADO_LINHA-LINHA-L1_L7-MENSAL-AVERAGE,VAR16032@L2@2026-01-07,7 diários,"('VALUE', 7.750420668196187)","('VALUE', 7.750420668196187)",True,True
integrated_aggregation,AGR-AREA_41-RETIRADA_CONDENSADO_LINHA-LINHA-L1_L7-MENSAL-AVERAGE,VAR16032@L2@2026-01-08,8 diários,"('VALUE', 7.750623973859629)","('VALUE', 7.750623973859629)",True,True
integrated_aggregation,AGR-AREA_41-RETIRADA_CONDENSADO_LINHA-LINHA-L1_L7-MENSAL-AVERAGE,VAR16032@L2@2026-01-09,9 diários,"('VALUE', 7.7508272939817955)","('VALUE', 7.7508272939817955)",True,True
integrated_aggregation,AGR-AREA_41-RETIRADA_CONDENSADO_LINHA-LINHA-L1_L7-MENSAL-AVERAGE,VAR16032@L2@2026-01-10,10 diários,"('VALUE', 7.751030628562155)","('VALUE', 7.751030628562155)",True,True
integrated_aggregation,AGR-AREA_41-RETIRADA_CONDENSADO_LINHA-LINHA-L1_L7-MENSAL-AVERAGE,VAR16032@L2@2026-01-11,11 diários,"('VALUE', 7.751233977600177)","('VALUE', 7.751233977600177)",True,True
integrated_aggregation,AGR-AREA_41-RETIRADA_CONDENSADO_LINHA-LINHA-L1_L7-MENSAL-AVERAGE,VAR16032@L2@2026-01-12,12 diários,"('VALUE', 7.751437341095329)","('VALUE', 7.751437341095329)",True,True
integrated_aggregation,AGR-AREA_41-RETIRADA_CONDENSADO_LINHA-LINHA-L1_L7-MENSAL-AVERAGE,VAR16032@L2@2026-01-13,13 diários,"('VALUE', 7.75164071904708)","('VALUE', 7.75164071904708)",True,True
integrated_aggregation,AGR-AREA_41-RETIRADA_CONDENSADO_LINHA-LINHA-L1_L7-MENSAL-AVERAGE,VAR16032@L2@2026-01-14,14 diários,"('VALUE', 7.751844111454899)","('VALUE', 7.751844111454899)",True,True
integrated_aggregation,AGR-AREA_41-RETIRADA_CONDENSADO_LINHA-LINHA-L1_L7-MENSAL-AVERAGE,VAR16032@L2@2026-01-15,15 diários,"('VALUE', 7.752047518318253)","('VALUE', 7.752047518318253)",True,True
integrated_aggregation,AGR-AREA_41-RETIRADA_CONDENSADO_LINHA-LINHA-L1_L7-MENSAL-AVERAGE,VAR16032@L2@2026-01-16,16 diários,"('VALUE', 7.752250939636612)","('VALUE', 7.752250939636612)",True,True
integrated_aggregation,AGR-AREA_41-RETIRADA_CONDENSADO_LINHA-LINHA-L1_L7-MENSAL-AVERAGE,VAR16032@L2@2026-01-17,17 diários,"('VALUE', 7.752454375409445)","('VALUE', 7.752454375409445)",True,True
integrated_aggregation,AGR-AREA_41-RETIRADA_CONDENSADO_LINHA-LINHA-L1_L7-MENSAL-AVERAGE,VAR16032@L2@2026-01-18,18 diários,"('VALUE', 7.752657825636216)","('VALUE', 7.752657825636216)",True,True
integrated_aggregation,AGR-AREA_41-RETIRADA_CONDENSADO_LINHA-LINHA-L1_L7-MENSAL-AVERAGE,VAR16032@L2@2026-01-19,19 diários,"('VALUE', 7.7528612903164)","('VALUE', 7.7528612903164)",True,True
integrated_aggregation,AGR-AREA_41-RETIRADA_CONDENSADO_LINHA-LINHA-L1_L7-MENSAL-AVERAGE,VAR16032@L2@2026-01-20,20 diários,"('VALUE', 7.753064769449459)","('VALUE', 7.753064769449459)",True,True
integrated_aggregation,AGR-AREA_41-RETIRADA_CONDENSADO_LINHA-LINHA-L1_L7-MENSAL-AVERAGE,VAR16032@L2@2026-01-21,21 diários,"('VALUE', 7.753268263034864)","('VALUE', 7.753268263034864)",True,True
integrated_aggregation,AGR-AREA_41-RETIRADA_CONDENSADO_LINHA-LINHA-L1_L7-MENSAL-AVERAGE,VAR16032@L2@2026-01-22,22 diários,"('VALUE', 7.753471771072085)","('VALUE', 7.753471771072085)",True,True
integrated_aggregation,AGR-AREA_41-RETIRADA_CONDENSADO_LINHA-LINHA-L1_L7-MENSAL-AVERAGE,VAR16032@L2@2026-01-23,23 diários,"('VALUE', 7.753675293560586)","('VALUE', 7.753675293560586)",True,True
integrated_aggregation,AGR-AREA_41-RETIRADA_CONDENSADO_LINHA-LINHA-L1_L7-MENSAL-AVERAGE,VAR16032@L2@2026-01-24,24 diários,"('VALUE', 7.753878830499837)","('VALUE', 7.753878830499837)",True,True
integrated_aggregation,AGR-AREA_41-RETIRADA_CONDENSADO_LINHA-LINHA-L1_L7-MENSAL-AVERAGE,VAR16032@L2@2026-01-25,25 diários,"('VALUE', 7.754082381889308)","('VALUE', 7.754082381889308)",True,True
integrated_aggregation,AGR-AREA_41-RETIRADA_CONDENSADO_LINHA-LINHA-L1_L7-MENSAL-AVERAGE,VAR16032@L2@2026-01-26,26 diários,"('VALUE', 7.754285947728464)","('VALUE', 7.754285947728464)",True,True
integrated_aggregation,AGR-AREA_41-RETIRADA_CONDENSADO_LINHA-LINHA-L1_L7-MENSAL-AVERAGE,VAR16032@L2@2026-01-27,27 diários,"('VALUE', 7.754489528016775)","('VALUE', 7.754489528016775)",True,True
integrated_aggregation,AGR-AREA_41-RETIRADA_CONDENSADO_LINHA-LINHA-L1_L7-MENSAL-AVERAGE,VAR16032@L2@2026-01-28,28 diários,"('VALUE', 7.754693122753707)","('VALUE', 7.754693122753707)",True,True
integrated_aggregation,AGR-AREA_41-RETIRADA_CONDENSADO_LINHA-LINHA-L1_L7-MENSAL-AVERAGE,VAR16032@L2@2026-01-29,29 diários,"('VALUE', 7.75489673193873)","('VALUE', 7.75489673193873)",True,True
integrated_aggregation,AGR-AREA_41-RETIRADA_CONDENSADO_LINHA-LINHA-L1_L7-MENSAL-AVERAGE,VAR16032@L2@2026-01-30,30 diários,"('VALUE', 7.75510035557131)","('VALUE', 7.75510035557131)",True,True
integrated_aggregation,AGR-AREA_41-RETIRADA_CONDENSADO_LINHA-LINHA-L1_L7-MENSAL-AVERAGE,VAR16032@L2@2026-01-31,31 diários,"('VALUE', 7.755303993650915)","('VALUE', 7.755303993650915)",True,True
integrated_aggregation,AGR-AREA_41-RETIRADA_CONDENSADO_LINHA-LINHA-L1_L7-MENSAL-AVERAGE,VAR16032@L2@2026-02-01,1 diários,"('VALUE', 7.761820874486072)","('VALUE', 7.761820874486072)",True,True
integrated_aggregation,AGR-AREA_41-RETIRADA_CONDENSADO_LINHA-LINHA-L1_L7-MENSAL-AVERAGE,VAR16032@L3@2026-01-01,1 diários,"('VALUE', 7.754893666375282)","('VALUE', 7.754893666375282)",True,True
integrated_aggregation,AGR-AREA_41-RETIRADA_CONDENSADO_LINHA-LINHA-L1_L7-MENSAL-AVERAGE,VAR16032@L3@2026-01-02,2 diários,"('VALUE', 7.755097037729373)","('VALUE', 7.755097037729373)",True,True
integrated_aggregation,AGR-AREA_41-RETIRADA_CONDENSADO_LINHA-LINHA-L1_L7-MENSAL-AVERAGE,VAR16032@L3@2026-01-03,3 diários,"('VALUE', 7.755300423551458)","('VALUE', 7.755300423551458)",True,True
integrated_aggregation,AGR-AREA_41-RETIRADA_CONDENSADO_LINHA-LINHA-L1_L7-MENSAL-AVERAGE,VAR16032@L3@2026-01-04,4 diários,"('VALUE', 7.7555038238410035)","('VALUE', 7.7555038238410035)",True,True
integrated_aggregation,AGR-AREA_41-RETIRADA_CONDENSADO_LINHA-LINHA-L1_L7-MENSAL-AVERAGE,VAR16032@L3@2026-01-05,5 diários,"('VALUE', 7.755707238597476)","('VALUE', 7.755707238597476)",True,True
integrated_aggregation,AGR-AREA_41-RETIRADA_CONDENSADO_LINHA-LINHA-L1_L7-MENSAL-AVERAGE,VAR16032@L3@2026-01-06,6 diários,"('VALUE', 7.7559106678203475)","('VALUE', 7.7559106678203475)",True,True
integrated_aggregation,AGR-AREA_41-RETIRADA_CONDENSADO_LINHA-LINHA-L1_L7-MENSAL-AVERAGE,VAR16032@L3@2026-01-07,7 diários,"('VALUE', 7.756114111509085)","('VALUE', 7.756114111509085)",True,True
integrated_aggregation,AGR-AREA_41-RETIRADA_CONDENSADO_LINHA-LINHA-L1_L7-MENSAL-AVERAGE,VAR16032@L3@2026-01-08,8 diários,"('VALUE', 7.756317569663155)","('VALUE', 7.756317569663155)",True,True
integrated_aggregation,AGR-AREA_41-RETIRADA_CONDENSADO_LINHA-LINHA-L1_L7-MENSAL-AVERAGE,VAR16032@L3@2026-01-09,9 diários,"('VALUE', 7.756521042282025)","('VALUE', 7.756521042282025)",True,True
integrated_aggregation,AGR-AREA_41-RETIRADA_CONDENSADO_LINHA-LINHA-L1_L7-MENSAL-AVERAGE,VAR16032@L3@2026-01-10,10 diários,"('VALUE', 7.756724529365165)","('VALUE', 7.756724529365165)",True,True
integrated_aggregation,AGR-AREA_41-RETIRADA_CONDENSADO_LINHA-LINHA-L1_L7-MENSAL-AVERAGE,VAR16032@L3@2026-01-11,11 diários,"('VALUE', 7.756928030912042)","('VALUE', 7.756928030912042)",True,True
integrated_aggregation,AGR-AREA_41-RETIRADA_CONDENSADO_LINHA-LINHA-L1_L7-MENSAL-AVERAGE,VAR16032@L3@2026-01-12,12 diários,"('VALUE', 7.757131546922125)","('VALUE', 7.757131546922125)",True,True
integrated_aggregation,AGR-AREA_41-RETIRADA_CONDENSADO_LINHA-LINHA-L1_L7-MENSAL-AVERAGE,VAR16032@L3@2026-01-13,13 diários,"('VALUE', 7.75733507739488)","('VALUE', 7.75733507739488)",True,True
integrated_aggregation,AGR-AREA_41-RETIRADA_CONDENSADO_LINHA-LINHA-L1_L7-MENSAL-AVERAGE,VAR16032@L3@2026-01-14,14 diários,"('VALUE', 7.7575386223297755)","('VALUE', 7.7575386223297755)",True,True
integrated_aggregation,AGR-AREA_41-RETIRADA_CONDENSADO_LINHA-LINHA-L1_L7-MENSAL-AVERAGE,VAR16032@L3@2026-01-15,15 diários,"('VALUE', 7.75774218172628)","('VALUE', 7.75774218172628)",True,True
integrated_aggregation,AGR-AREA_41-RETIRADA_CONDENSADO_LINHA-LINHA-L1_L7-MENSAL-AVERAGE,VAR16032@L3@2026-01-16,16 diários,"('VALUE', 7.757945755583859)","('VALUE', 7.757945755583859)",True,True
integrated_aggregation,AGR-AREA_41-RETIRADA_CONDENSADO_LINHA-LINHA-L1_L7-MENSAL-AVERAGE,VAR16032@L3@2026-01-17,17 diários,"('VALUE', 7.758149343901982)","('VALUE', 7.758149343901982)",True,True
integrated_aggregation,AGR-AREA_41-RETIRADA_CONDENSADO_LINHA-LINHA-L1_L7-MENSAL-AVERAGE,VAR16032@L3@2026-01-18,18 diários,"('VALUE', 7.758352946680115)","('VALUE', 7.758352946680115)",True,True
integrated_aggregation,AGR-AREA_41-RETIRADA_CONDENSADO_LINHA-LINHA-L1_L7-MENSAL-AVERAGE,VAR16032@L3@2026-01-19,19 diários,"('VALUE', 7.758556563917726)","('VALUE', 7.758556563917726)",True,True
integrated_aggregation,AGR-AREA_41-RETIRADA_CONDENSADO_LINHA-LINHA-L1_L7-MENSAL-AVERAGE,VAR16032@L3@2026-01-20,20 diários,"('VALUE', 7.758760195614284)","('VALUE', 7.758760195614284)",True,True
integrated_aggregation,AGR-AREA_41-RETIRADA_CONDENSADO_LINHA-LINHA-L1_L7-MENSAL-AVERAGE,VAR16032@L3@2026-01-21,21 diários,"('VALUE', 7.758963841769257)","('VALUE', 7.758963841769257)",True,True
integrated_aggregation,AGR-AREA_41-RETIRADA_CONDENSADO_LINHA-LINHA-L1_L7-MENSAL-AVERAGE,VAR16032@L3@2026-01-22,22 diários,"('VALUE', 7.759167502382109)","('VALUE', 7.759167502382109)",True,True
integrated_aggregation,AGR-AREA_41-RETIRADA_CONDENSADO_LINHA-LINHA-L1_L7-MENSAL-AVERAGE,VAR16032@L3@2026-01-23,23 diários,"('VALUE', 7.7593711774523095)","('VALUE', 7.7593711774523095)",True,True
integrated_aggregation,AGR-AREA_41-RETIRADA_CONDENSADO_LINHA-LINHA-L1_L7-MENSAL-AVERAGE,VAR16032@L3@2026-01-24,24 diários,"('VALUE', 7.7595748669793245)","('VALUE', 7.7595748669793245)",True,True
integrated_aggregation,AGR-AREA_41-RETIRADA_CONDENSADO_LINHA-LINHA-L1_L7-MENSAL-AVERAGE,VAR16032@L3@2026-01-25,25 diários,"('VALUE', 7.759778570962623)","('VALUE', 7.759778570962623)",True,True
integrated_aggregation,AGR-AREA_41-RETIRADA_CONDENSADO_LINHA-LINHA-L1_L7-MENSAL-AVERAGE,VAR16032@L3@2026-01-26,26 diários,"('VALUE', 7.759982289401671)","('VALUE', 7.759982289401671)",True,True
integrated_aggregation,AGR-AREA_41-RETIRADA_CONDENSADO_LINHA-LINHA-L1_L7-MENSAL-AVERAGE,VAR16032@L3@2026-01-27,27 diários,"('VALUE', 7.760186022295936)","('VALUE', 7.760186022295936)",True,True
integrated_aggregation,AGR-AREA_41-RETIRADA_CONDENSADO_LINHA-LINHA-L1_L7-MENSAL-AVERAGE,VAR16032@L3@2026-01-28,28 diários,"('VALUE', 7.760389769644886)","('VALUE', 7.760389769644886)",True,True
integrated_aggregation,AGR-AREA_41-RETIRADA_CONDENSADO_LINHA-LINHA-L1_L7-MENSAL-AVERAGE,VAR16032@L3@2026-01-29,29 diários,"('VALUE', 7.760593531447985)","('VALUE', 7.760593531447985)",True,True
integrated_aggregation,AGR-AREA_41-RETIRADA_CONDENSADO_LINHA-LINHA-L1_L7-MENSAL-AVERAGE,VAR16032@L3@2026-01-30,30 diários,"('VALUE', 7.760797307704704)","('VALUE', 7.760797307704704)",True,True
integrated_aggregation,AGR-AREA_41-RETIRADA_CONDENSADO_LINHA-LINHA-L1_L7-MENSAL-AVERAGE,VAR16032@L3@2026-01-31,31 diários,"('VALUE', 7.761001098414508)","('VALUE', 7.761001098414508)",True,True
integrated_aggregation,AGR-AREA_41-RETIRADA_CONDENSADO_LINHA-LINHA-L1_L7-MENSAL-AVERAGE,VAR16032@L3@2026-02-01,1 diários,"('VALUE', 7.767522863609903)","('VALUE', 7.767522863609903)",True,True
integrated_aggregation,AGR-AREA_41-RETIRADA_CONDENSADO_LINHA-LINHA-L1_L7-MENSAL-AVERAGE,VAR16032@L4@2026-01-01,1 diários,"('VALUE', 56.190729403180285)","('VALUE', 56.190729403180285)",True,True
integrated_aggregation,AGR-AREA_41-RETIRADA_CONDENSADO_LINHA-LINHA-L1_L7-MENSAL-AVERAGE,VAR16032@L4@2026-01-02,2 diários,"('VALUE', 56.19088257432495)","('VALUE', 56.19088257432495)",True,True
integrated_aggregation,AGR-AREA_41-RETIRADA_CONDENSADO_LINHA-LINHA-L1_L7-MENSAL-AVERAGE,VAR16032@L4@2026-01-03,3 diários,"('VALUE', 56.1910357599135)","('VALUE', 56.1910357599135)",True,True
integrated_aggregation,AGR-AREA_41-RETIRADA_CONDENSADO_LINHA-LINHA-L1_L7-MENSAL-AVERAGE,VAR16032@L4@2026-01-04,4 diários,"('VALUE', 56.19118895994539)","('VALUE', 56.19118895994539)",True,True
integrated_aggregation,AGR-AREA_41-RETIRADA_CONDENSADO_LINHA-LINHA-L1_L7-MENSAL-AVERAGE,VAR16032@L4@2026-01-05,5 diários,"('VALUE', 56.19134217442011)","('VALUE', 56.19134217442011)",True,True
integrated_aggregation,AGR-AREA_41-RETIRADA_CONDENSADO_LINHA-LINHA-L1_L7-MENSAL-AVERAGE,VAR16032@L4@2026-01-06,6 diários,"('VALUE', 56.19149540333709)","('VALUE', 56.19149540333709)",True,True
integrated_aggregation,AGR-AREA_41-RETIRADA_CONDENSADO_LINHA-LINHA-L1_L7-MENSAL-AVERAGE,VAR16032@L4@2026-01-07,7 diários,"('VALUE', 56.191648646695846)","('VALUE', 56.191648646695846)",True,True
integrated_aggregation,AGR-AREA_41-RETIRADA_CONDENSADO_LINHA-LINHA-L1_L7-MENSAL-AVERAGE,VAR16032@L4@2026-01-08,8 diários,"('VALUE', 56.19180190449582)","('VALUE', 56.19180190449582)",True,True
integrated_aggregation,AGR-AREA_41-RETIRADA_CONDENSADO_LINHA-LINHA-L1_L7-MENSAL-AVERAGE,VAR16032@L4@2026-01-09,9 diários,"('VALUE', 56.191955176736485)","('VALUE', 56.191955176736485)",True,True
integrated_aggregation,AGR-AREA_41-RETIRADA_CONDENSADO_LINHA-LINHA-L1_L7-MENSAL-AVERAGE,VAR16032@L4@2026-01-10,10 diários,"('VALUE', 56.19210846341732)","('VALUE', 56.19210846341732)",True,True
integrated_aggregation,AGR-AREA_41-RETIRADA_CONDENSADO_LINHA-LINHA-L1_L7-MENSAL-AVERAGE,VAR16032@L4@2026-01-11,11 diários,"('VALUE', 56.19226176453778)","('VALUE', 56.19226176453778)",True,True
integrated_aggregation,AGR-AREA_41-RETIRADA_CONDENSADO_LINHA-LINHA-L1_L7-MENSAL-AVERAGE,VAR16032@L4@2026-01-12,12 diários,"('VALUE', 56.192415080097355)","('VALUE', 56.192415080097355)",True,True
integrated_aggregation,AGR-AREA_41-RETIRADA_CONDENSADO_LINHA-LINHA-L1_L7-MENSAL-AVERAGE,VAR16032@L4@2026-01-13,13 diários,"('VALUE', 56.1925684100955)","('VALUE', 56.1925684100955)",True,True
integrated_aggregation,AGR-AREA_41-RETIRADA_CONDENSADO_LINHA-LINHA-L1_L7-MENSAL-AVERAGE,VAR16032@L4@2026-01-14,14 diários,"('VALUE', 56.19272175453168)","('VALUE', 56.19272175453168)",True,True
integrated_aggregation,AGR-AREA_41-RETIRADA_CONDENSADO_LINHA-LINHA-L1_L7-MENSAL-AVERAGE,VAR16032@L4@2026-01-15,15 diários,"('VALUE', 56.19287511340538)","('VALUE', 56.19287511340538)",True,True
integrated_aggregation,AGR-AREA_41-RETIRADA_CONDENSADO_LINHA-LINHA-L1_L7-MENSAL-AVERAGE,VAR16032@L4@2026-01-16,16 diários,"('VALUE', 56.19302848671605)","('VALUE', 56.19302848671605)",True,True
integrated_aggregation,AGR-AREA_41-RETIRADA_CONDENSADO_LINHA-LINHA-L1_L7-MENSAL-AVERAGE,VAR16032@L4@2026-01-17,17 diários,"('VALUE', 56.19318187446317)","('VALUE', 56.19318187446317)",True,True
integrated_aggregation,AGR-AREA_41-RETIRADA_CONDENSADO_LINHA-LINHA-L1_L7-MENSAL-AVERAGE,VAR16032@L4@2026-01-18,18 diários,"('VALUE', 56.193335276646216)","('VALUE', 56.193335276646216)",True,True
integrated_aggregation,AGR-AREA_41-RETIRADA_CONDENSADO_LINHA-LINHA-L1_L7-MENSAL-AVERAGE,VAR16032@L4@2026-01-19,19 diários,"('VALUE', 56.193488693264655)","('VALUE', 56.193488693264655)",True,True
integrated_aggregation,AGR-AREA_41-RETIRADA_CONDENSADO_LINHA-LINHA-L1_L7-MENSAL-AVERAGE,VAR16032@L4@2026-01-20,20 diários,"('VALUE', 56.19364212431795)","('VALUE', 56.19364212431795)",True,True
integrated_aggregation,AGR-AREA_41-RETIRADA_CONDENSADO_LINHA-LINHA-L1_L7-MENSAL-AVERAGE,VAR16032@L4@2026-01-21,21 diários,"('VALUE', 56.19379556980556)","('VALUE', 56.19379556980556)",True,True
integrated_aggregation,AGR-AREA_41-RETIRADA_CONDENSADO_LINHA-LINHA-L1_L7-MENSAL-AVERAGE,VAR16032@L4@2026-01-22,22 diários,"('VALUE', 56.19394902972697)","('VALUE', 56.19394902972697)",True,True
integrated_aggregation,AGR-AREA_41-RETIRADA_CONDENSADO_LINHA-LINHA-L1_L7-MENSAL-AVERAGE,VAR16032@L4@2026-01-23,23 diários,"('VALUE', 56.19410250408164)","('VALUE', 56.19410250408164)",True,True
integrated_aggregation,AGR-AREA_41-RETIRADA_CONDENSADO_LINHA-LINHA-L1_L7-MENSAL-AVERAGE,VAR16032@L4@2026-01-24,24 diários,"('VALUE', 56.194255992869046)","('VALUE', 56.194255992869046)",True,True
integrated_aggregation,AGR-AREA_41-RETIRADA_CONDENSADO_LINHA-LINHA-L1_L7-MENSAL-AVERAGE,VAR16032@L4@2026-01-25,25 diários,"('VALUE', 56.19440949608865)","('VALUE', 56.19440949608865)",True,True
integrated_aggregation,AGR-AREA_41-RETIRADA_CONDENSADO_LINHA-LINHA-L1_L7-MENSAL-AVERAGE,VAR16032@L4@2026-01-26,26 diários,"('VALUE', 56.19456301373994)","('VALUE', 56.19456301373994)",True,True
integrated_aggregation,AGR-AREA_41-RETIRADA_CONDENSADO_LINHA-LINHA-L1_L7-MENSAL-AVERAGE,VAR16032@L4@2026-01-27,27 diários,"('VALUE', 56.19471654582235)","('VALUE', 56.19471654582235)",True,True
integrated_aggregation,AGR-AREA_41-RETIRADA_CONDENSADO_LINHA-LINHA-L1_L7-MENSAL-AVERAGE,VAR16032@L4@2026-01-28,28 diários,"('VALUE', 56.19487009233537)","('VALUE', 56.19487009233537)",True,True
integrated_aggregation,AGR-AREA_41-RETIRADA_CONDENSADO_LINHA-LINHA-L1_L7-MENSAL-AVERAGE,VAR16032@L4@2026-01-29,29 diários,"('VALUE', 56.19502365327847)","('VALUE', 56.19502365327847)",True,True
integrated_aggregation,AGR-AREA_41-RETIRADA_CONDENSADO_LINHA-LINHA-L1_L7-MENSAL-AVERAGE,VAR16032@L4@2026-01-30,30 diários,"('VALUE', 56.19517722865112)","('VALUE', 56.19517722865112)",True,True
integrated_aggregation,AGR-AREA_41-RETIRADA_CONDENSADO_LINHA-LINHA-L1_L7-MENSAL-AVERAGE,VAR16032@L4@2026-01-31,31 diários,"('VALUE', 56.195330818452774)","('VALUE', 56.195330818452774)",True,True
integrated_aggregation,AGR-AREA_41-RETIRADA_CONDENSADO_LINHA-LINHA-L1_L7-MENSAL-AVERAGE,VAR16032@L4@2026-02-01,1 diários,"('VALUE', 56.200246153817304)","('VALUE', 56.200246153817304)",True,True
integrated_aggregation,AGR-AREA_41-RETIRADA_CONDENSADO_LINHA-LINHA-L1_L7-MENSAL-AVERAGE,VAR16032@L5@2026-01-01,1 diários,"('VALUE', 56.23194630617582)","('VALUE', 56.23194630617582)",True,True
integrated_aggregation,AGR-AREA_41-RETIRADA_CONDENSADO_LINHA-LINHA-L1_L7-MENSAL-AVERAGE,VAR16032@L5@2026-01-02,2 diários,"('VALUE', 56.23209961259529)","('VALUE', 56.23209961259529)",True,True
integrated_aggregation,AGR-AREA_41-RETIRADA_CONDENSADO_LINHA-LINHA-L1_L7-MENSAL-AVERAGE,VAR16032@L5@2026-01-03,3 diários,"('VALUE', 56.23225293343495)","('VALUE', 56.23225293343495)",True,True
integrated_aggregation,AGR-AREA_41-RETIRADA_CONDENSADO_LINHA-LINHA-L1_L7-MENSAL-AVERAGE,VAR16032@L5@2026-01-04,4 diários,"('VALUE', 56.23240626869427)","('VALUE', 56.23240626869427)",True,True
integrated_aggregation,AGR-AREA_41-RETIRADA_CONDENSADO_LINHA-LINHA-L1_L7-MENSAL-AVERAGE,VAR16032@L5@2026-01-05,5 diários,"('VALUE', 56.232559618372726)","('VALUE', 56.232559618372726)",True,True
integrated_aggregation,AGR-AREA_41-RETIRADA_CONDENSADO_LINHA-LINHA-L1_L7-MENSAL-AVERAGE,VAR16032@L5@2026-01-06,6 diários,"('VALUE', 56.23271298246979)","('VALUE', 56.23271298246979)",True,True
integrated_aggregation,AGR-AREA_41-RETIRADA_CONDENSADO_LINHA-LINHA-L1_L7-MENSAL-AVERAGE,VAR16032@L5@2026-01-07,7 diários,"('VALUE', 56.232866360984936)","('VALUE', 56.232866360984936)",True,True
integrated_aggregation,AGR-AREA_41-RETIRADA_CONDENSADO_LINHA-LINHA-L1_L7-MENSAL-AVERAGE,VAR16032@L5@2026-01-08,8 diários,"('VALUE', 56.23301975391763)","('VALUE', 56.23301975391763)",True,True
integrated_aggregation,AGR-AREA_41-RETIRADA_CONDENSADO_LINHA-LINHA-L1_L7-MENSAL-AVERAGE,VAR16032@L5@2026-01-09,9 diários,"('VALUE', 56.23317316126734)","('VALUE', 56.23317316126734)",True,True
integrated_aggregation,AGR-AREA_41-RETIRADA_CONDENSADO_LINHA-LINHA-L1_L7-MENSAL-AVERAGE,VAR16032@L5@2026-01-10,10 diários,"('VALUE', 56.233326583033545)","('VALUE', 56.233326583033545)",True,True
integrated_aggregation,AGR-AREA_41-RETIRADA_CONDENSADO_LINHA-LINHA-L1_L7-MENSAL-AVERAGE,VAR16032@L5@2026-01-11,11 diários,"('VALUE', 56.233480019215705)","('VALUE', 56.233480019215705)",True,True
integrated_aggregation,AGR-AREA_41-RETIRADA_CONDENSADO_LINHA-LINHA-L1_L7-MENSAL-AVERAGE,VAR16032@L5@2026-01-12,12 diários,"('VALUE', 56.23363346981329)","('VALUE', 56.23363346981329)",True,True
integrated_aggregation,AGR-AREA_41-RETIRADA_CONDENSADO_LINHA-LINHA-L1_L7-MENSAL-AVERAGE,VAR16032@L5@2026-01-13,13 diários,"('VALUE', 56.23378693482577)","('VALUE', 56.23378693482577)",True,True
integrated_aggregation,AGR-AREA_41-RETIRADA_CONDENSADO_LINHA-LINHA-L1_L7-MENSAL-AVERAGE,VAR16032@L5@2026-01-14,14 diários,"('VALUE', 56.23394041425262)","('VALUE', 56.23394041425262)",True,True
integrated_aggregation,AGR-AREA_41-RETIRADA_CONDENSADO_LINHA-LINHA-L1_L7-MENSAL-AVERAGE,VAR16032@L5@2026-01-15,15 diários,"('VALUE', 56.23409390809331)","('VALUE', 56.23409390809331)",True,True
integrated_aggregation,AGR-AREA_41-RETIRADA_CONDENSADO_LINHA-LINHA-L1_L7-MENSAL-AVERAGE,VAR16032@L5@2026-01-16,16 diários,"('VALUE', 56.2342474163473)","('VALUE', 56.2342474163473)",True,True
integrated_aggregation,AGR-AREA_41-RETIRADA_CONDENSADO_LINHA-LINHA-L1_L7-MENSAL-AVERAGE,VAR16032@L5@2026-01-17,17 diários,"('VALUE', 56.234400939014066)","('VALUE', 56.234400939014066)",True,True
integrated_aggregation,AGR-AREA_41-RETIRADA_CONDENSADO_LINHA-LINHA-L1_L7-MENSAL-AVERAGE,VAR16032@L5@2026-01-18,18 diários,"('VALUE', 56.23455447609308)","('VALUE', 56.23455447609308)",True,True
integrated_aggregation,AGR-AREA_41-RETIRADA_CONDENSADO_LINHA-LINHA-L1_L7-MENSAL-AVERAGE,VAR16032@L5@2026-01-19,19 diários,"('VALUE', 56.23470802758381)","('VALUE', 56.23470802758381)",True,True
integrated_aggregation,AGR-AREA_41-RETIRADA_CONDENSADO_LINHA-LINHA-L1_L7-MENSAL-AVERAGE,VAR16032@L5@2026-01-20,20 diários,"('VALUE', 56.23486159348572)","('VALUE', 56.23486159348572)",True,True
integrated_aggregation,AGR-AREA_41-RETIRADA_CONDENSADO_LINHA-LINHA-L1_L7-MENSAL-AVERAGE,VAR16032@L5@2026-01-21,21 diários,"('VALUE', 56.23501517379829)","('VALUE', 56.23501517379829)",True,True
integrated_aggregation,AGR-AREA_41-RETIRADA_CONDENSADO_LINHA-LINHA-L1_L7-MENSAL-AVERAGE,VAR16032@L5@2026-01-22,22 diários,"('VALUE', 56.23516876852097)","('VALUE', 56.23516876852097)",True,True
integrated_aggregation,AGR-AREA_41-RETIRADA_CONDENSADO_LINHA-LINHA-L1_L7-MENSAL-AVERAGE,VAR16032@L5@2026-01-23,23 diários,"('VALUE', 56.23532237765325)","('VALUE', 56.23532237765325)",True,True
integrated_aggregation,AGR-AREA_41-RETIRADA_CONDENSADO_LINHA-LINHA-L1_L7-MENSAL-AVERAGE,VAR16032@L5@2026-01-24,24 diários,"('VALUE', 56.23547600119459)","('VALUE', 56.23547600119459)",True,True
integrated_aggregation,AGR-AREA_41-RETIRADA_CONDENSADO_LINHA-LINHA-L1_L7-MENSAL-AVERAGE,VAR16032@L5@2026-01-25,25 diários,"('VALUE', 56.23562963914446)","('VALUE', 56.23562963914446)",True,True
integrated_aggregation,AGR-AREA_41-RETIRADA_CONDENSADO_LINHA-LINHA-L1_L7-MENSAL-AVERAGE,VAR16032@L5@2026-01-26,26 diários,"('VALUE', 56.23578329150234)","('VALUE', 56.23578329150234)",True,True
integrated_aggregation,AGR-AREA_41-RETIRADA_CONDENSADO_LINHA-LINHA-L1_L7-MENSAL-AVERAGE,VAR16032@L5@2026-01-27,27 diários,"('VALUE', 56.23593695826767)","('VALUE', 56.23593695826767)",True,True
integrated_aggregation,AGR-AREA_41-RETIRADA_CONDENSADO_LINHA-LINHA-L1_L7-MENSAL-AVERAGE,VAR16032@L5@2026-01-28,28 diários,"('VALUE', 56.23609063943995)","('VALUE', 56.23609063943995)",True,True
integrated_aggregation,AGR-AREA_41-RETIRADA_CONDENSADO_LINHA-LINHA-L1_L7-MENSAL-AVERAGE,VAR16032@L5@2026-01-29,29 diários,"('VALUE', 56.23624433501863)","('VALUE', 56.23624433501863)",True,True
integrated_aggregation,AGR-AREA_41-RETIRADA_CONDENSADO_LINHA-LINHA-L1_L7-MENSAL-AVERAGE,VAR16032@L5@2026-01-30,30 diários,"('VALUE', 56.23639804500319)","('VALUE', 56.23639804500319)",True,True
integrated_aggregation,AGR-AREA_41-RETIRADA_CONDENSADO_LINHA-LINHA-L1_L7-MENSAL-AVERAGE,VAR16032@L5@2026-01-31,31 diários,"('VALUE', 56.2365517693931)","('VALUE', 56.2365517693931)",True,True
integrated_aggregation,AGR-AREA_41-RETIRADA_CONDENSADO_LINHA-LINHA-L1_L7-MENSAL-AVERAGE,VAR16032@L5@2026-02-01,1 diários,"('VALUE', 56.24147141082414)","('VALUE', 56.24147141082414)",True,True
integrated_aggregation,AGR-AREA_41-RETIRADA_CONDENSADO_LINHA-LINHA-L1_L7-MENSAL-AVERAGE,VAR16032@L6@2026-01-01,1 diários,"('VALUE', 56.21682537327872)","('VALUE', 56.21682537327872)",True,True
integrated_aggregation,AGR-AREA_41-RETIRADA_CONDENSADO_LINHA-LINHA-L1_L7-MENSAL-AVERAGE,VAR16032@L6@2026-01-02,2 diários,"('VALUE', 56.21697856038138)","('VALUE', 56.21697856038138)",True,True
integrated_aggregation,AGR-AREA_41-RETIRADA_CONDENSADO_LINHA-LINHA-L1_L7-MENSAL-AVERAGE,VAR16032@L6@2026-01-03,3 diários,"('VALUE', 56.21713176190406)","('VALUE', 56.21713176190406)",True,True
integrated_aggregation,AGR-AREA_41-RETIRADA_CONDENSADO_LINHA-LINHA-L1_L7-MENSAL-AVERAGE,VAR16032@L6@2026-01-04,4 diários,"('VALUE', 56.21728497784624)","('VALUE', 56.21728497784624)",True,True
integrated_aggregation,AGR-AREA_41-RETIRADA_CONDENSADO_LINHA-LINHA-L1_L7-MENSAL-AVERAGE,VAR16032@L6@2026-01-05,5 diários,"('VALUE', 56.2174382082074)","('VALUE', 56.2174382082074)",True,True
integrated_aggregation,AGR-AREA_41-RETIRADA_CONDENSADO_LINHA-LINHA-L1_L7-MENSAL-AVERAGE,VAR16032@L6@2026-01-06,6 diários,"('VALUE', 56.217591452986994)","('VALUE', 56.217591452986994)",True,True
integrated_aggregation,AGR-AREA_41-RETIRADA_CONDENSADO_LINHA-LINHA-L1_L7-MENSAL-AVERAGE,VAR16032@L6@2026-01-07,7 diários,"('VALUE', 56.21774471218451)","('VALUE', 56.21774471218451)",True,True
integrated_aggregation,AGR-AREA_41-RETIRADA_CONDENSADO_LINHA-LINHA-L1_L7-MENSAL-AVERAGE,VAR16032@L6@2026-01-08,8 diários,"('VALUE', 56.217897985799404)","('VALUE', 56.217897985799404)",True,True
integrated_aggregation,AGR-AREA_41-RETIRADA_CONDENSADO_LINHA-LINHA-L1_L7-MENSAL-AVERAGE,VAR16032@L6@2026-01-09,9 diários,"('VALUE', 56.21805127383115)","('VALUE', 56.21805127383115)",True,True
integrated_aggregation,AGR-AREA_41-RETIRADA_CONDENSADO_LINHA-LINHA-L1_L7-MENSAL-AVERAGE,VAR16032@L6@2026-01-10,10 diários,"('VALUE', 56.21820457627922)","('VALUE', 56.21820457627922)",True,True
integrated_aggregation,AGR-AREA_41-RETIRADA_CONDENSADO_LINHA-LINHA-L1_L7-MENSAL-AVERAGE,VAR16032@L6@2026-01-11,11 diários,"('VALUE', 56.218357893143086)","('VALUE', 56.218357893143086)",True,True
integrated_aggregation,AGR-AREA_41-RETIRADA_CONDENSADO_LINHA-LINHA-L1_L7-MENSAL-AVERAGE,VAR16032@L6@2026-01-12,12 diários,"('VALUE', 56.21851122442221)","('VALUE', 56.21851122442221)",True,True
integrated_aggregation,AGR-AREA_41-RETIRADA_CONDENSADO_LINHA-LINHA-L1_L7-MENSAL-AVERAGE,VAR16032@L6@2026-01-13,13 diários,"('VALUE', 56.21866457011607)","('VALUE', 56.21866457011607)",True,True
integrated_aggregation,AGR-AREA_41-RETIRADA_CONDENSADO_LINHA-LINHA-L1_L7-MENSAL-AVERAGE,VAR16032@L6@2026-01-14,14 diários,"('VALUE', 56.218817930224134)","('VALUE', 56.218817930224134)",True,True
integrated_aggregation,AGR-AREA_41-RETIRADA_CONDENSADO_LINHA-LINHA-L1_L7-MENSAL-AVERAGE,VAR16032@L6@2026-01-15,15 diários,"('VALUE', 56.21897130474588)","('VALUE', 56.21897130474588)",True,True
integrated_aggregation,AGR-AREA_41-RETIRADA_CONDENSADO_LINHA-LINHA-L1_L7-MENSAL-AVERAGE,VAR16032@L6@2026-01-16,16 diários,"('VALUE', 56.21912469368076)","('VALUE', 56.21912469368076)",True,True
integrated_aggregation,AGR-AREA_41-RETIRADA_CONDENSADO_LINHA-LINHA-L1_L7-MENSAL-AVERAGE,VAR16032@L6@2026-01-17,17 diários,"('VALUE', 56.219278097028266)","('VALUE', 56.219278097028266)",True,True
integrated_aggregation,AGR-AREA_41-RETIRADA_CONDENSADO_LINHA-LINHA-L1_L7-MENSAL-AVERAGE,VAR16032@L6@2026-01-18,18 diários,"('VALUE', 56.21943151478784)","('VALUE', 56.21943151478784)",True,True
integrated_aggregation,AGR-AREA_41-RETIRADA_CONDENSADO_LINHA-LINHA-L1_L7-MENSAL-AVERAGE,VAR16032@L6@2026-01-19,19 diários,"('VALUE', 56.21958494695898)","('VALUE', 56.21958494695898)",True,True
integrated_aggregation,AGR-AREA_41-RETIRADA_CONDENSADO_LINHA-LINHA-L1_L7-MENSAL-AVERAGE,VAR16032@L6@2026-01-20,20 diários,"('VALUE', 56.219738393541135)","('VALUE', 56.219738393541135)",True,True
integrated_aggregation,AGR-AREA_41-RETIRADA_CONDENSADO_LINHA-LINHA-L1_L7-MENSAL-AVERAGE,VAR16032@L6@2026-01-21,21 diários,"('VALUE', 56.21989185453379)","('VALUE', 56.21989185453379)",True,True
integrated_aggregation,AGR-AREA_41-RETIRADA_CONDENSADO_LINHA-LINHA-L1_L7-MENSAL-AVERAGE,VAR16032@L6@2026-01-22,22 diários,"('VALUE', 56.220045329936404)","('VALUE', 56.220045329936404)",True,True
integrated_aggregation,AGR-AREA_41-RETIRADA_CONDENSADO_LINHA-LINHA-L1_L7-MENSAL-AVERAGE,VAR16032@L6@2026-01-23,23 diários,"('VALUE', 56.22019881974847)","('VALUE', 56.22019881974847)",True,True
integrated_aggregation,AGR-AREA_41-RETIRADA_CONDENSADO_LINHA-LINHA-L1_L7-MENSAL-AVERAGE,VAR16032@L6@2026-01-24,24 diários,"('VALUE', 56.22035232396942)","('VALUE', 56.22035232396942)",True,True
integrated_aggregation,AGR-AREA_41-RETIRADA_CONDENSADO_LINHA-LINHA-L1_L7-MENSAL-AVERAGE,VAR16032@L6@2026-01-25,25 diários,"('VALUE', 56.22050584259875)","('VALUE', 56.22050584259875)",True,True
integrated_aggregation,AGR-AREA_41-RETIRADA_CONDENSADO_LINHA-LINHA-L1_L7-MENSAL-AVERAGE,VAR16032@L6@2026-01-26,26 diários,"('VALUE', 56.220659375635925)","('VALUE', 56.220659375635925)",True,True
integrated_aggregation,AGR-AREA_41-RETIRADA_CONDENSADO_LINHA-LINHA-L1_L7-MENSAL-AVERAGE,VAR16032@L6@2026-01-27,27 diários,"('VALUE', 56.2208129230804)","('VALUE', 56.2208129230804)",True,True
integrated_aggregation,AGR-AREA_41-RETIRADA_CONDENSADO_LINHA-LINHA-L1_L7-MENSAL-AVERAGE,VAR16032@L6@2026-01-28,28 diários,"('VALUE', 56.22096648493167)","('VALUE', 56.22096648493167)",True,True
integrated_aggregation,AGR-AREA_41-RETIRADA_CONDENSADO_LINHA-LINHA-L1_L7-MENSAL-AVERAGE,VAR16032@L6@2026-01-29,29 diários,"('VALUE', 56.22112006118919)","('VALUE', 56.22112006118919)",True,True
integrated_aggregation,AGR-AREA_41-RETIRADA_CONDENSADO_LINHA-LINHA-L1_L7-MENSAL-AVERAGE,VAR16032@L6@2026-01-30,30 diários,"('VALUE', 56.22127365185243)","('VALUE', 56.22127365185243)",True,True
integrated_aggregation,AGR-AREA_41-RETIRADA_CONDENSADO_LINHA-LINHA-L1_L7-MENSAL-AVERAGE,VAR16032@L6@2026-01-31,31 diários,"('VALUE', 56.22142725692085)","('VALUE', 56.22142725692085)",True,True
integrated_aggregation,AGR-AREA_41-RETIRADA_CONDENSADO_LINHA-LINHA-L1_L7-MENSAL-AVERAGE,VAR16032@L6@2026-02-01,1 diários,"('VALUE', 56.22634308005956)","('VALUE', 56.22634308005956)",True,True
integrated_aggregation,AGR-AREA_41-RETIRADA_CONDENSADO_LINHA-LINHA-L1_L7-MENSAL-AVERAGE,VAR16032@L7@2026-01-01,1 diários,"('VALUE', 56.25800101200219)","('VALUE', 56.25800101200219)",True,True
integrated_aggregation,AGR-AREA_41-RETIRADA_CONDENSADO_LINHA-LINHA-L1_L7-MENSAL-AVERAGE,VAR16032@L7@2026-01-02,2 diários,"('VALUE', 56.25815433417024)","('VALUE', 56.25815433417024)",True,True
integrated_aggregation,AGR-AREA_41-RETIRADA_CONDENSADO_LINHA-LINHA-L1_L7-MENSAL-AVERAGE,VAR16032@L7@2026-01-03,3 diários,"('VALUE', 56.258307670734695)","('VALUE', 56.258307670734695)",True,True
integrated_aggregation,AGR-AREA_41-RETIRADA_CONDENSADO_LINHA-LINHA-L1_L7-MENSAL-AVERAGE,VAR16032@L7@2026-01-04,4 diários,"('VALUE', 56.25846102169503)","('VALUE', 56.25846102169503)",True,True
integrated_aggregation,AGR-AREA_41-RETIRADA_CONDENSADO_LINHA-LINHA-L1_L7-MENSAL-AVERAGE,VAR16032@L7@2026-01-05,5 diários,"('VALUE', 56.258614387050706)","('VALUE', 56.258614387050706)",True,True
integrated_aggregation,AGR-AREA_41-RETIRADA_CONDENSADO_LINHA-LINHA-L1_L7-MENSAL-AVERAGE,VAR16032@L7@2026-01-06,6 diários,"('VALUE', 56.25876776680119)","('VALUE', 56.25876776680119)",True,True
integrated_aggregation,AGR-AREA_41-RETIRADA_CONDENSADO_LINHA-LINHA-L1_L7-MENSAL-AVERAGE,VAR16032@L7@2026-01-07,7 diários,"('VALUE', 56.258921160945974)","('VALUE', 56.258921160945974)",True,True
integrated_aggregation,AGR-AREA_41-RETIRADA_CONDENSADO_LINHA-LINHA-L1_L7-MENSAL-AVERAGE,VAR16032@L7@2026-01-08,8 diários,"('VALUE', 56.259074569484504)","('VALUE', 56.259074569484504)",True,True
integrated_aggregation,AGR-AREA_41-RETIRADA_CONDENSADO_LINHA-LINHA-L1_L7-MENSAL-AVERAGE,VAR16032@L7@2026-01-09,9 diários,"('VALUE', 56.25922799241627)","('VALUE', 56.25922799241627)",True,True
integrated_aggregation,AGR-AREA_41-RETIRADA_CONDENSADO_LINHA-LINHA-L1_L7-MENSAL-AVERAGE,VAR16032@L7@2026-01-10,10 diários,"('VALUE', 56.259381429740735)","('VALUE', 56.259381429740735)",True,True
integrated_aggregation,AGR-AREA_41-RETIRADA_CONDENSADO_LINHA-LINHA-L1_L7-MENSAL-AVERAGE,VAR16032@L7@2026-01-11,11 diários,"('VALUE', 56.25953488145737)","('VALUE', 56.25953488145737)",True,True
integrated_aggregation,AGR-AREA_41-RETIRADA_CONDENSADO_LINHA-LINHA-L1_L7-MENSAL-AVERAGE,VAR16032@L7@2026-01-12,12 diários,"('VALUE', 56.259688347565636)","('VALUE', 56.259688347565636)",True,True
integrated_aggregation,AGR-AREA_41-RETIRADA_CONDENSADO_LINHA-LINHA-L1_L7-MENSAL-AVERAGE,VAR16032@L7@2026-01-13,13 diários,"('VALUE', 56.259841828065014)","('VALUE', 56.259841828065014)",True,True
integrated_aggregation,AGR-AREA_41-RETIRADA_CONDENSADO_LINHA-LINHA-L1_L7-MENSAL-AVERAGE,VAR16032@L7@2026-01-14,14 diários,"('VALUE', 56.25999532295498)","('VALUE', 56.25999532295498)",True,True
integrated_aggregation,AGR-AREA_41-RETIRADA_CONDENSADO_LINHA-LINHA-L1_L7-MENSAL-AVERAGE,VAR16032@L7@2026-01-15,15 diários,"('VALUE', 56.26014883223499)","('VALUE', 56.26014883223499)",True,True
integrated_aggregation,AGR-AREA_41-RETIRADA_CONDENSADO_LINHA-LINHA-L1_L7-MENSAL-AVERAGE,VAR16032@L7@2026-01-16,16 diários,"('VALUE', 56.26030235590452)","('VALUE', 56.26030235590452)",True,True
integrated_aggregation,AGR-AREA_41-RETIRADA_CONDENSADO_LINHA-LINHA-L1_L7-MENSAL-AVERAGE,VAR16032@L7@2026-01-17,17 diários,"('VALUE', 56.26045589396305)","('VALUE', 56.26045589396305)",True,True
integrated_aggregation,AGR-AREA_41-RETIRADA_CONDENSADO_LINHA-LINHA-L1_L7-MENSAL-AVERAGE,VAR16032@L7@2026-01-18,18 diários,"('VALUE', 56.26060944641003)","('VALUE', 56.26060944641003)",True,True
integrated_aggregation,AGR-AREA_41-RETIRADA_CONDENSADO_LINHA-LINHA-L1_L7-MENSAL-AVERAGE,VAR16032@L7@2026-01-19,19 diários,"('VALUE', 56.260763013244954)","('VALUE', 56.260763013244954)",True,True
integrated_aggregation,AGR-AREA_41-RETIRADA_CONDENSADO_LINHA-LINHA-L1_L7-MENSAL-AVERAGE,VAR16032@L7@2026-01-20,20 diários,"('VALUE', 56.260916594467275)","('VALUE', 56.260916594467275)",True,True
integrated_aggregation,AGR-AREA_41-RETIRADA_CONDENSADO_LINHA-LINHA-L1_L7-MENSAL-AVERAGE,VAR16032@L7@2026-01-21,21 diários,"('VALUE', 56.261070190076474)","('VALUE', 56.261070190076474)",True,True
integrated_aggregation,AGR-AREA_41-RETIRADA_CONDENSADO_LINHA-LINHA-L1_L7-MENSAL-AVERAGE,VAR16032@L7@2026-01-22,22 diários,"('VALUE', 56.26122380007201)","('VALUE', 56.26122380007201)",True,True
integrated_aggregation,AGR-AREA_41-RETIRADA_CONDENSADO_LINHA-LINHA-L1_L7-MENSAL-AVERAGE,VAR16032@L7@2026-01-23,23 diários,"('VALUE', 56.261377424453364)","('VALUE', 56.261377424453364)",True,True
integrated_aggregation,AGR-AREA_41-RETIRADA_CONDENSADO_LINHA-LINHA-L1_L7-MENSAL-AVERAGE,VAR16032@L7@2026-01-24,24 diários,"('VALUE', 56.26153106322)","('VALUE', 56.26153106322)",True,True
integrated_aggregation,AGR-AREA_41-RETIRADA_CONDENSADO_LINHA-LINHA-L1_L7-MENSAL-AVERAGE,VAR16032@L7@2026-01-25,25 diários,"('VALUE', 56.26168471637139)","('VALUE', 56.26168471637139)",True,True
integrated_aggregation,AGR-AREA_41-RETIRADA_CONDENSADO_LINHA-LINHA-L1_L7-MENSAL-AVERAGE,VAR16032@L7@2026-01-26,26 diários,"('VALUE', 56.261838383907005)","('VALUE', 56.261838383907005)",True,True
integrated_aggregation,AGR-AREA_41-RETIRADA_CONDENSADO_LINHA-LINHA-L1_L7-MENSAL-AVERAGE,VAR16032@L7@2026-01-27,27 diários,"('VALUE', 56.26199206582631)","('VALUE', 56.26199206582631)",True,True
integrated_aggregation,AGR-AREA_41-RETIRADA_CONDENSADO_LINHA-LINHA-L1_L7-MENSAL-AVERAGE,VAR16032@L7@2026-01-28,28 diários,"('VALUE', 56.26214576212878)","('VALUE', 56.26214576212878)",True,True
integrated_aggregation,AGR-AREA_41-RETIRADA_CONDENSADO_LINHA-LINHA-L1_L7-MENSAL-AVERAGE,VAR16032@L7@2026-01-29,29 diários,"('VALUE', 56.26229947281387)","('VALUE', 56.26229947281387)",True,True
integrated_aggregation,AGR-AREA_41-RETIRADA_CONDENSADO_LINHA-LINHA-L1_L7-MENSAL-AVERAGE,VAR16032@L7@2026-01-30,30 diários,"('VALUE', 56.26245319788108)","('VALUE', 56.26245319788108)",True,True
integrated_aggregation,AGR-AREA_41-RETIRADA_CONDENSADO_LINHA-LINHA-L1_L7-MENSAL-AVERAGE,VAR16032@L7@2026-01-31,31 diários,"('VALUE', 56.26260693732985)","('VALUE', 56.26260693732985)",True,True
integrated_aggregation,AGR-AREA_41-RETIRADA_CONDENSADO_LINHA-LINHA-L1_L7-MENSAL-AVERAGE,VAR16032@L7@2026-02-01,1 diários,"('VALUE', 56.26752705988392)","('VALUE', 56.26752705988392)",True,True
integrated_aggregation,AGR-AREA_41-RETIRADA_CONDENSADO_LINHA-LINHA-L1_L7-ANUAL-AVERAGE,VAR16033@L1@2026-01-01,1 diários,"('VALUE', 7.743508609381717)","('VALUE', 7.743508609381717)",True,True
integrated_aggregation,AGR-AREA_41-RETIRADA_CONDENSADO_LINHA-LINHA-L1_L7-ANUAL-AVERAGE,VAR16033@L1@2026-01-02,2 diários,"('VALUE', 7.7437116758275035)","('VALUE', 7.7437116758275035)",True,True
integrated_aggregation,AGR-AREA_41-RETIRADA_CONDENSADO_LINHA-LINHA-L1_L7-ANUAL-AVERAGE,VAR16033@L1@2026-01-03,3 diários,"('VALUE', 7.743914756729123)","('VALUE', 7.743914756729123)",True,True
integrated_aggregation,AGR-AREA_41-RETIRADA_CONDENSADO_LINHA-LINHA-L1_L7-ANUAL-AVERAGE,VAR16033@L1@2026-01-04,4 diários,"('VALUE', 7.744117852086043)","('VALUE', 7.744117852086043)",True,True
integrated_aggregation,AGR-AREA_41-RETIRADA_CONDENSADO_LINHA-LINHA-L1_L7-ANUAL-AVERAGE,VAR16033@L1@2026-01-05,5 diários,"('VALUE', 7.74432096189773)","('VALUE', 7.74432096189773)",True,True
integrated_aggregation,AGR-AREA_41-RETIRADA_CONDENSADO_LINHA-LINHA-L1_L7-ANUAL-AVERAGE,VAR16033@L1@2026-01-06,6 diários,"('VALUE', 7.744524086163657)","('VALUE', 7.744524086163657)",True,True
integrated_aggregation,AGR-AREA_41-RETIRADA_CONDENSADO_LINHA-LINHA-L1_L7-ANUAL-AVERAGE,VAR16033@L1@2026-01-07,7 diários,"('VALUE', 7.7447272248832935)","('VALUE', 7.7447272248832935)",True,True
integrated_aggregation,AGR-AREA_41-RETIRADA_CONDENSADO_LINHA-LINHA-L1_L7-ANUAL-AVERAGE,VAR16033@L1@2026-01-08,8 diários,"('VALUE', 7.744930378056107)","('VALUE', 7.744930378056107)",True,True
integrated_aggregation,AGR-AREA_41-RETIRADA_CONDENSADO_LINHA-LINHA-L1_L7-ANUAL-AVERAGE,VAR16033@L1@2026-01-09,9 diários,"('VALUE', 7.745133545681568)","('VALUE', 7.745133545681568)",True,True
integrated_aggregation,AGR-AREA_41-RETIRADA_CONDENSADO_LINHA-LINHA-L1_L7-ANUAL-AVERAGE,VAR16033@L1@2026-01-10,10 diários,"('VALUE', 7.745336727759147)","('VALUE', 7.745336727759147)",True,True
integrated_aggregation,AGR-AREA_41-RETIRADA_CONDENSADO_LINHA-LINHA-L1_L7-ANUAL-AVERAGE,VAR16033@L1@2026-01-11,11 diários,"('VALUE', 7.745539924288312)","('VALUE', 7.745539924288312)",True,True
integrated_aggregation,AGR-AREA_41-RETIRADA_CONDENSADO_LINHA-LINHA-L1_L7-ANUAL-AVERAGE,VAR16033@L1@2026-01-12,12 diários,"('VALUE', 7.745743135268533)","('VALUE', 7.745743135268533)",True,True
integrated_aggregation,AGR-AREA_41-RETIRADA_CONDENSADO_LINHA-LINHA-L1_L7-ANUAL-AVERAGE,VAR16033@L1@2026-01-13,13 diários,"('VALUE', 7.74594636069928)","('VALUE', 7.74594636069928)",True,True
integrated_aggregation,AGR-AREA_41-RETIRADA_CONDENSADO_LINHA-LINHA-L1_L7-ANUAL-AVERAGE,VAR16033@L1@2026-01-14,14 diários,"('VALUE', 7.746149600580023)","('VALUE', 7.746149600580023)",True,True
integrated_aggregation,AGR-AREA_41-RETIRADA_CONDENSADO_LINHA-LINHA-L1_L7-ANUAL-AVERAGE,VAR16033@L1@2026-01-15,15 diários,"('VALUE', 7.746352854910228)","('VALUE', 7.746352854910228)",True,True
integrated_aggregation,AGR-AREA_41-RETIRADA_CONDENSADO_LINHA-LINHA-L1_L7-ANUAL-AVERAGE,VAR16033@L1@2026-01-16,16 diários,"('VALUE', 7.746556123689366)","('VALUE', 7.746556123689366)",True,True
integrated_aggregation,AGR-AREA_41-RETIRADA_CONDENSADO_LINHA-LINHA-L1_L7-ANUAL-AVERAGE,VAR16033@L1@2026-01-17,17 diários,"('VALUE', 7.746759406916908)","('VALUE', 7.746759406916908)",True,True
integrated_aggregation,AGR-AREA_41-RETIRADA_CONDENSADO_LINHA-LINHA-L1_L7-ANUAL-AVERAGE,VAR16033@L1@2026-01-18,18 diários,"('VALUE', 7.74696270459232)","('VALUE', 7.74696270459232)",True,True
integrated_aggregation,AGR-AREA_41-RETIRADA_CONDENSADO_LINHA-LINHA-L1_L7-ANUAL-AVERAGE,VAR16033@L1@2026-01-19,19 diários,"('VALUE', 7.747166016715073)","('VALUE', 7.747166016715073)",True,True
integrated_aggregation,AGR-AREA_41-RETIRADA_CONDENSADO_LINHA-LINHA-L1_L7-ANUAL-AVERAGE,VAR16033@L1@2026-01-20,20 diários,"('VALUE', 7.7473693432846344)","('VALUE', 7.7473693432846344)",True,True
integrated_aggregation,AGR-AREA_41-RETIRADA_CONDENSADO_LINHA-LINHA-L1_L7-ANUAL-AVERAGE,VAR16033@L1@2026-01-21,21 diários,"('VALUE', 7.747572684300475)","('VALUE', 7.747572684300475)",True,True
integrated_aggregation,AGR-AREA_41-RETIRADA_CONDENSADO_LINHA-LINHA-L1_L7-ANUAL-AVERAGE,VAR16033@L1@2026-01-22,22 diários,"('VALUE', 7.747776039762062)","('VALUE', 7.747776039762062)",True,True
integrated_aggregation,AGR-AREA_41-RETIRADA_CONDENSADO_LINHA-LINHA-L1_L7-ANUAL-AVERAGE,VAR16033@L1@2026-01-23,23 diários,"('VALUE', 7.747979409668865)","('VALUE', 7.747979409668865)",True,True
integrated_aggregation,AGR-AREA_41-RETIRADA_CONDENSADO_LINHA-LINHA-L1_L7-ANUAL-AVERAGE,VAR16033@L1@2026-01-24,24 diários,"('VALUE', 7.748182794020354)","('VALUE', 7.748182794020354)",True,True
integrated_aggregation,AGR-AREA_41-RETIRADA_CONDENSADO_LINHA-LINHA-L1_L7-ANUAL-AVERAGE,VAR16033@L1@2026-01-25,25 diários,"('VALUE', 7.748386192815996)","('VALUE', 7.748386192815996)",True,True
integrated_aggregation,AGR-AREA_41-RETIRADA_CONDENSADO_LINHA-LINHA-L1_L7-ANUAL-AVERAGE,VAR16033@L1@2026-01-26,26 diários,"('VALUE', 7.74858960605526)","('VALUE', 7.74858960605526)",True,True
integrated_aggregation,AGR-AREA_41-RETIRADA_CONDENSADO_LINHA-LINHA-L1_L7-ANUAL-AVERAGE,VAR16033@L1@2026-01-27,27 diários,"('VALUE', 7.748793033737615)","('VALUE', 7.748793033737615)",True,True
integrated_aggregation,AGR-AREA_41-RETIRADA_CONDENSADO_LINHA-LINHA-L1_L7-ANUAL-AVERAGE,VAR16033@L1@2026-01-28,28 diários,"('VALUE', 7.748996475862532)","('VALUE', 7.748996475862532)",True,True
integrated_aggregation,AGR-AREA_41-RETIRADA_CONDENSADO_LINHA-LINHA-L1_L7-ANUAL-AVERAGE,VAR16033@L1@2026-01-29,29 diários,"('VALUE', 7.749199932429475)","('VALUE', 7.749199932429475)",True,True
integrated_aggregation,AGR-AREA_41-RETIRADA_CONDENSADO_LINHA-LINHA-L1_L7-ANUAL-AVERAGE,VAR16033@L1@2026-01-30,30 diários,"('VALUE', 7.749403403437916)","('VALUE', 7.749403403437916)",True,True
integrated_aggregation,AGR-AREA_41-RETIRADA_CONDENSADO_LINHA-LINHA-L1_L7-ANUAL-AVERAGE,VAR16033@L1@2026-01-31,31 diários,"('VALUE', 7.749606888887323)","('VALUE', 7.749606888887323)",True,True
integrated_aggregation,AGR-AREA_41-RETIRADA_CONDENSADO_LINHA-LINHA-L1_L7-ANUAL-AVERAGE,VAR16033@L1@2026-02-01,32 diários,"('VALUE', 7.749810388777164)","('VALUE', 7.749810388777164)",True,True
integrated_aggregation,AGR-AREA_41-RETIRADA_CONDENSADO_LINHA-LINHA-L1_L7-ANUAL-AVERAGE,VAR16033@L2@2026-01-01,1 diários,"('VALUE', 7.749201137878497)","('VALUE', 7.749201137878497)",True,True
integrated_aggregation,AGR-AREA_41-RETIRADA_CONDENSADO_LINHA-LINHA-L1_L7-ANUAL-AVERAGE,VAR16033@L2@2026-01-02,2 diários,"('VALUE', 7.749404356778436)","('VALUE', 7.749404356778436)",True,True
integrated_aggregation,AGR-AREA_41-RETIRADA_CONDENSADO_LINHA-LINHA-L1_L7-ANUAL-AVERAGE,VAR16033@L2@2026-01-03,3 diários,"('VALUE', 7.74960759014029)","('VALUE', 7.74960759014029)",True,True
integrated_aggregation,AGR-AREA_41-RETIRADA_CONDENSADO_LINHA-LINHA-L1_L7-ANUAL-AVERAGE,VAR16033@L2@2026-01-04,4 diários,"('VALUE', 7.749810837963522)","('VALUE', 7.749810837963522)",True,True
integrated_aggregation,AGR-AREA_41-RETIRADA_CONDENSADO_LINHA-LINHA-L1_L7-ANUAL-AVERAGE,VAR16033@L2@2026-01-05,5 diários,"('VALUE', 7.7500141002476015)","('VALUE', 7.7500141002476015)",True,True
integrated_aggregation,AGR-AREA_41-RETIRADA_CONDENSADO_LINHA-LINHA-L1_L7-ANUAL-AVERAGE,VAR16033@L2@2026-01-06,6 diários,"('VALUE', 7.750217376992)","('VALUE', 7.750217376992)",True,True
integrated_aggregation,AGR-AREA_41-RETIRADA_CONDENSADO_LINHA-LINHA-L1_L7-ANUAL-AVERAGE,VAR16033@L2@2026-01-07,7 diários,"('VALUE', 7.750420668196187)","('VALUE', 7.750420668196187)",True,True
integrated_aggregation,AGR-AREA_41-RETIRADA_CONDENSADO_LINHA-LINHA-L1_L7-ANUAL-AVERAGE,VAR16033@L2@2026-01-08,8 diários,"('VALUE', 7.750623973859629)","('VALUE', 7.750623973859629)",True,True
integrated_aggregation,AGR-AREA_41-RETIRADA_CONDENSADO_LINHA-LINHA-L1_L7-ANUAL-AVERAGE,VAR16033@L2@2026-01-09,9 diários,"('VALUE', 7.7508272939817955)","('VALUE', 7.7508272939817955)",True,True
integrated_aggregation,AGR-AREA_41-RETIRADA_CONDENSADO_LINHA-LINHA-L1_L7-ANUAL-AVERAGE,VAR16033@L2@2026-01-10,10 diários,"('VALUE', 7.751030628562155)","('VALUE', 7.751030628562155)",True,True
integrated_aggregation,AGR-AREA_41-RETIRADA_CONDENSADO_LINHA-LINHA-L1_L7-ANUAL-AVERAGE,VAR16033@L2@2026-01-11,11 diários,"('VALUE', 7.751233977600177)","('VALUE', 7.751233977600177)",True,True
integrated_aggregation,AGR-AREA_41-RETIRADA_CONDENSADO_LINHA-LINHA-L1_L7-ANUAL-AVERAGE,VAR16033@L2@2026-01-12,12 diários,"('VALUE', 7.751437341095329)","('VALUE', 7.751437341095329)",True,True
integrated_aggregation,AGR-AREA_41-RETIRADA_CONDENSADO_LINHA-LINHA-L1_L7-ANUAL-AVERAGE,VAR16033@L2@2026-01-13,13 diários,"('VALUE', 7.75164071904708)","('VALUE', 7.75164071904708)",True,True
integrated_aggregation,AGR-AREA_41-RETIRADA_CONDENSADO_LINHA-LINHA-L1_L7-ANUAL-AVERAGE,VAR16033@L2@2026-01-14,14 diários,"('VALUE', 7.751844111454899)","('VALUE', 7.751844111454899)",True,True
integrated_aggregation,AGR-AREA_41-RETIRADA_CONDENSADO_LINHA-LINHA-L1_L7-ANUAL-AVERAGE,VAR16033@L2@2026-01-15,15 diários,"('VALUE', 7.752047518318253)","('VALUE', 7.752047518318253)",True,True
integrated_aggregation,AGR-AREA_41-RETIRADA_CONDENSADO_LINHA-LINHA-L1_L7-ANUAL-AVERAGE,VAR16033@L2@2026-01-16,16 diários,"('VALUE', 7.752250939636612)","('VALUE', 7.752250939636612)",True,True
integrated_aggregation,AGR-AREA_41-RETIRADA_CONDENSADO_LINHA-LINHA-L1_L7-ANUAL-AVERAGE,VAR16033@L2@2026-01-17,17 diários,"('VALUE', 7.752454375409445)","('VALUE', 7.752454375409445)",True,True
integrated_aggregation,AGR-AREA_41-RETIRADA_CONDENSADO_LINHA-LINHA-L1_L7-ANUAL-AVERAGE,VAR16033@L2@2026-01-18,18 diários,"('VALUE', 7.752657825636216)","('VALUE', 7.752657825636216)",True,True
integrated_aggregation,AGR-AREA_41-RETIRADA_CONDENSADO_LINHA-LINHA-L1_L7-ANUAL-AVERAGE,VAR16033@L2@2026-01-19,19 diários,"('VALUE', 7.7528612903164)","('VALUE', 7.7528612903164)",True,True
integrated_aggregation,AGR-AREA_41-RETIRADA_CONDENSADO_LINHA-LINHA-L1_L7-ANUAL-AVERAGE,VAR16033@L2@2026-01-20,20 diários,"('VALUE', 7.753064769449459)","('VALUE', 7.753064769449459)",True,True
integrated_aggregation,AGR-AREA_41-RETIRADA_CONDENSADO_LINHA-LINHA-L1_L7-ANUAL-AVERAGE,VAR16033@L2@2026-01-21,21 diários,"('VALUE', 7.753268263034864)","('VALUE', 7.753268263034864)",True,True
integrated_aggregation,AGR-AREA_41-RETIRADA_CONDENSADO_LINHA-LINHA-L1_L7-ANUAL-AVERAGE,VAR16033@L2@2026-01-22,22 diários,"('VALUE', 7.753471771072085)","('VALUE', 7.753471771072085)",True,True
integrated_aggregation,AGR-AREA_41-RETIRADA_CONDENSADO_LINHA-LINHA-L1_L7-ANUAL-AVERAGE,VAR16033@L2@2026-01-23,23 diários,"('VALUE', 7.753675293560586)","('VALUE', 7.753675293560586)",True,True
integrated_aggregation,AGR-AREA_41-RETIRADA_CONDENSADO_LINHA-LINHA-L1_L7-ANUAL-AVERAGE,VAR16033@L2@2026-01-24,24 diários,"('VALUE', 7.753878830499837)","('VALUE', 7.753878830499837)",True,True
integrated_aggregation,AGR-AREA_41-RETIRADA_CONDENSADO_LINHA-LINHA-L1_L7-ANUAL-AVERAGE,VAR16033@L2@2026-01-25,25 diários,"('VALUE', 7.754082381889308)","('VALUE', 7.754082381889308)",True,True
integrated_aggregation,AGR-AREA_41-RETIRADA_CONDENSADO_LINHA-LINHA-L1_L7-ANUAL-AVERAGE,VAR16033@L2@2026-01-26,26 diários,"('VALUE', 7.754285947728464)","('VALUE', 7.754285947728464)",True,True
integrated_aggregation,AGR-AREA_41-RETIRADA_CONDENSADO_LINHA-LINHA-L1_L7-ANUAL-AVERAGE,VAR16033@L2@2026-01-27,27 diários,"('VALUE', 7.754489528016775)","('VALUE', 7.754489528016775)",True,True
integrated_aggregation,AGR-AREA_41-RETIRADA_CONDENSADO_LINHA-LINHA-L1_L7-ANUAL-AVERAGE,VAR16033@L2@2026-01-28,28 diários,"('VALUE', 7.754693122753707)","('VALUE', 7.754693122753707)",True,True
integrated_aggregation,AGR-AREA_41-RETIRADA_CONDENSADO_LINHA-LINHA-L1_L7-ANUAL-AVERAGE,VAR16033@L2@2026-01-29,29 diários,"('VALUE', 7.75489673193873)","('VALUE', 7.75489673193873)",True,True
integrated_aggregation,AGR-AREA_41-RETIRADA_CONDENSADO_LINHA-LINHA-L1_L7-ANUAL-AVERAGE,VAR16033@L2@2026-01-30,30 diários,"('VALUE', 7.75510035557131)","('VALUE', 7.75510035557131)",True,True
integrated_aggregation,AGR-AREA_41-RETIRADA_CONDENSADO_LINHA-LINHA-L1_L7-ANUAL-AVERAGE,VAR16033@L2@2026-01-31,31 diários,"('VALUE', 7.755303993650915)","('VALUE', 7.755303993650915)",True,True
integrated_aggregation,AGR-AREA_41-RETIRADA_CONDENSADO_LINHA-LINHA-L1_L7-ANUAL-AVERAGE,VAR16033@L2@2026-02-01,32 diários,"('VALUE', 7.755507646177013)","('VALUE', 7.755507646177013)",True,True
integrated_aggregation,AGR-AREA_41-RETIRADA_CONDENSADO_LINHA-LINHA-L1_L7-ANUAL-AVERAGE,VAR16033@L3@2026-01-01,1 diários,"('VALUE', 7.754893666375282)","('VALUE', 7.754893666375282)",True,True
integrated_aggregation,AGR-AREA_41-RETIRADA_CONDENSADO_LINHA-LINHA-L1_L7-ANUAL-AVERAGE,VAR16033@L3@2026-01-02,2 diários,"('VALUE', 7.755097037729373)","('VALUE', 7.755097037729373)",True,True
integrated_aggregation,AGR-AREA_41-RETIRADA_CONDENSADO_LINHA-LINHA-L1_L7-ANUAL-AVERAGE,VAR16033@L3@2026-01-03,3 diários,"('VALUE', 7.755300423551458)","('VALUE', 7.755300423551458)",True,True
integrated_aggregation,AGR-AREA_41-RETIRADA_CONDENSADO_LINHA-LINHA-L1_L7-ANUAL-AVERAGE,VAR16033@L3@2026-01-04,4 diários,"('VALUE', 7.7555038238410035)","('VALUE', 7.7555038238410035)",True,True
integrated_aggregation,AGR-AREA_41-RETIRADA_CONDENSADO_LINHA-LINHA-L1_L7-ANUAL-AVERAGE,VAR16033@L3@2026-01-05,5 diários,"('VALUE', 7.755707238597476)","('VALUE', 7.755707238597476)",True,True
integrated_aggregation,AGR-AREA_41-RETIRADA_CONDENSADO_LINHA-LINHA-L1_L7-ANUAL-AVERAGE,VAR16033@L3@2026-01-06,6 diários,"('VALUE', 7.7559106678203475)","('VALUE', 7.7559106678203475)",True,True
integrated_aggregation,AGR-AREA_41-RETIRADA_CONDENSADO_LINHA-LINHA-L1_L7-ANUAL-AVERAGE,VAR16033@L3@2026-01-07,7 diários,"('VALUE', 7.756114111509085)","('VALUE', 7.756114111509085)",True,True
integrated_aggregation,AGR-AREA_41-RETIRADA_CONDENSADO_LINHA-LINHA-L1_L7-ANUAL-AVERAGE,VAR16033@L3@2026-01-08,8 diários,"('VALUE', 7.756317569663155)","('VALUE', 7.756317569663155)",True,True
integrated_aggregation,AGR-AREA_41-RETIRADA_CONDENSADO_LINHA-LINHA-L1_L7-ANUAL-AVERAGE,VAR16033@L3@2026-01-09,9 diários,"('VALUE', 7.756521042282025)","('VALUE', 7.756521042282025)",True,True
integrated_aggregation,AGR-AREA_41-RETIRADA_CONDENSADO_LINHA-LINHA-L1_L7-ANUAL-AVERAGE,VAR16033@L3@2026-01-10,10 diários,"('VALUE', 7.756724529365165)","('VALUE', 7.756724529365165)",True,True
integrated_aggregation,AGR-AREA_41-RETIRADA_CONDENSADO_LINHA-LINHA-L1_L7-ANUAL-AVERAGE,VAR16033@L3@2026-01-11,11 diários,"('VALUE', 7.756928030912042)","('VALUE', 7.756928030912042)",True,True
integrated_aggregation,AGR-AREA_41-RETIRADA_CONDENSADO_LINHA-LINHA-L1_L7-ANUAL-AVERAGE,VAR16033@L3@2026-01-12,12 diários,"('VALUE', 7.757131546922125)","('VALUE', 7.757131546922125)",True,True
integrated_aggregation,AGR-AREA_41-RETIRADA_CONDENSADO_LINHA-LINHA-L1_L7-ANUAL-AVERAGE,VAR16033@L3@2026-01-13,13 diários,"('VALUE', 7.75733507739488)","('VALUE', 7.75733507739488)",True,True
integrated_aggregation,AGR-AREA_41-RETIRADA_CONDENSADO_LINHA-LINHA-L1_L7-ANUAL-AVERAGE,VAR16033@L3@2026-01-14,14 diários,"('VALUE', 7.7575386223297755)","('VALUE', 7.7575386223297755)",True,True
integrated_aggregation,AGR-AREA_41-RETIRADA_CONDENSADO_LINHA-LINHA-L1_L7-ANUAL-AVERAGE,VAR16033@L3@2026-01-15,15 diários,"('VALUE', 7.75774218172628)","('VALUE', 7.75774218172628)",True,True
integrated_aggregation,AGR-AREA_41-RETIRADA_CONDENSADO_LINHA-LINHA-L1_L7-ANUAL-AVERAGE,VAR16033@L3@2026-01-16,16 diários,"('VALUE', 7.757945755583859)","('VALUE', 7.757945755583859)",True,True
integrated_aggregation,AGR-AREA_41-RETIRADA_CONDENSADO_LINHA-LINHA-L1_L7-ANUAL-AVERAGE,VAR16033@L3@2026-01-17,17 diários,"('VALUE', 7.758149343901982)","('VALUE', 7.758149343901982)",True,True
integrated_aggregation,AGR-AREA_41-RETIRADA_CONDENSADO_LINHA-LINHA-L1_L7-ANUAL-AVERAGE,VAR16033@L3@2026-01-18,18 diários,"('VALUE', 7.758352946680115)","('VALUE', 7.758352946680115)",True,True
integrated_aggregation,AGR-AREA_41-RETIRADA_CONDENSADO_LINHA-LINHA-L1_L7-ANUAL-AVERAGE,VAR16033@L3@2026-01-19,19 diários,"('VALUE', 7.758556563917726)","('VALUE', 7.758556563917726)",True,True
integrated_aggregation,AGR-AREA_41-RETIRADA_CONDENSADO_LINHA-LINHA-L1_L7-ANUAL-AVERAGE,VAR16033@L3@2026-01-20,20 diários,"('VALUE', 7.758760195614284)","('VALUE', 7.758760195614284)",True,True
integrated_aggregation,AGR-AREA_41-RETIRADA_CONDENSADO_LINHA-LINHA-L1_L7-ANUAL-AVERAGE,VAR16033@L3@2026-01-21,21 diários,"('VALUE', 7.758963841769257)","('VALUE', 7.758963841769257)",True,True
integrated_aggregation,AGR-AREA_41-RETIRADA_CONDENSADO_LINHA-LINHA-L1_L7-ANUAL-AVERAGE,VAR16033@L3@2026-01-22,22 diários,"('VALUE', 7.759167502382109)","('VALUE', 7.759167502382109)",True,True
integrated_aggregation,AGR-AREA_41-RETIRADA_CONDENSADO_LINHA-LINHA-L1_L7-ANUAL-AVERAGE,VAR16033@L3@2026-01-23,23 diários,"('VALUE', 7.7593711774523095)","('VALUE', 7.7593711774523095)",True,True
integrated_aggregation,AGR-AREA_41-RETIRADA_CONDENSADO_LINHA-LINHA-L1_L7-ANUAL-AVERAGE,VAR16033@L3@2026-01-24,24 diários,"('VALUE', 7.7595748669793245)","('VALUE', 7.7595748669793245)",True,True
integrated_aggregation,AGR-AREA_41-RETIRADA_CONDENSADO_LINHA-LINHA-L1_L7-ANUAL-AVERAGE,VAR16033@L3@2026-01-25,25 diários,"('VALUE', 7.759778570962623)","('VALUE', 7.759778570962623)",True,True
integrated_aggregation,AGR-AREA_41-RETIRADA_CONDENSADO_LINHA-LINHA-L1_L7-ANUAL-AVERAGE,VAR16033@L3@2026-01-26,26 diários,"('VALUE', 7.759982289401671)","('VALUE', 7.759982289401671)",True,True
integrated_aggregation,AGR-AREA_41-RETIRADA_CONDENSADO_LINHA-LINHA-L1_L7-ANUAL-AVERAGE,VAR16033@L3@2026-01-27,27 diários,"('VALUE', 7.760186022295936)","('VALUE', 7.760186022295936)",True,True
integrated_aggregation,AGR-AREA_41-RETIRADA_CONDENSADO_LINHA-LINHA-L1_L7-ANUAL-AVERAGE,VAR16033@L3@2026-01-28,28 diários,"('VALUE', 7.760389769644886)","('VALUE', 7.760389769644886)",True,True
integrated_aggregation,AGR-AREA_41-RETIRADA_CONDENSADO_LINHA-LINHA-L1_L7-ANUAL-AVERAGE,VAR16033@L3@2026-01-29,29 diários,"('VALUE', 7.760593531447985)","('VALUE', 7.760593531447985)",True,True
integrated_aggregation,AGR-AREA_41-RETIRADA_CONDENSADO_LINHA-LINHA-L1_L7-ANUAL-AVERAGE,VAR16033@L3@2026-01-30,30 diários,"('VALUE', 7.760797307704704)","('VALUE', 7.760797307704704)",True,True
integrated_aggregation,AGR-AREA_41-RETIRADA_CONDENSADO_LINHA-LINHA-L1_L7-ANUAL-AVERAGE,VAR16033@L3@2026-01-31,31 diários,"('VALUE', 7.761001098414508)","('VALUE', 7.761001098414508)",True,True
integrated_aggregation,AGR-AREA_41-RETIRADA_CONDENSADO_LINHA-LINHA-L1_L7-ANUAL-AVERAGE,VAR16033@L3@2026-02-01,32 diários,"('VALUE', 7.761204903576864)","('VALUE', 7.761204903576864)",True,True
integrated_aggregation,AGR-AREA_41-RETIRADA_CONDENSADO_LINHA-LINHA-L1_L7-ANUAL-AVERAGE,VAR16033@L4@2026-01-01,1 diários,"('VALUE', 56.190729403180285)","('VALUE', 56.190729403180285)",True,True
integrated_aggregation,AGR-AREA_41-RETIRADA_CONDENSADO_LINHA-LINHA-L1_L7-ANUAL-AVERAGE,VAR16033@L4@2026-01-02,2 diários,"('VALUE', 56.19088257432495)","('VALUE', 56.19088257432495)",True,True
integrated_aggregation,AGR-AREA_41-RETIRADA_CONDENSADO_LINHA-LINHA-L1_L7-ANUAL-AVERAGE,VAR16033@L4@2026-01-03,3 diários,"('VALUE', 56.1910357599135)","('VALUE', 56.1910357599135)",True,True
integrated_aggregation,AGR-AREA_41-RETIRADA_CONDENSADO_LINHA-LINHA-L1_L7-ANUAL-AVERAGE,VAR16033@L4@2026-01-04,4 diários,"('VALUE', 56.19118895994539)","('VALUE', 56.19118895994539)",True,True
integrated_aggregation,AGR-AREA_41-RETIRADA_CONDENSADO_LINHA-LINHA-L1_L7-ANUAL-AVERAGE,VAR16033@L4@2026-01-05,5 diários,"('VALUE', 56.19134217442011)","('VALUE', 56.19134217442011)",True,True
integrated_aggregation,AGR-AREA_41-RETIRADA_CONDENSADO_LINHA-LINHA-L1_L7-ANUAL-AVERAGE,VAR16033@L4@2026-01-06,6 diários,"('VALUE', 56.19149540333709)","('VALUE', 56.19149540333709)",True,True
integrated_aggregation,AGR-AREA_41-RETIRADA_CONDENSADO_LINHA-LINHA-L1_L7-ANUAL-AVERAGE,VAR16033@L4@2026-01-07,7 diários,"('VALUE', 56.191648646695846)","('VALUE', 56.191648646695846)",True,True
integrated_aggregation,AGR-AREA_41-RETIRADA_CONDENSADO_LINHA-LINHA-L1_L7-ANUAL-AVERAGE,VAR16033@L4@2026-01-08,8 diários,"('VALUE', 56.19180190449582)","('VALUE', 56.19180190449582)",True,True
integrated_aggregation,AGR-AREA_41-RETIRADA_CONDENSADO_LINHA-LINHA-L1_L7-ANUAL-AVERAGE,VAR16033@L4@2026-01-09,9 diários,"('VALUE', 56.191955176736485)","('VALUE', 56.191955176736485)",True,True
integrated_aggregation,AGR-AREA_41-RETIRADA_CONDENSADO_LINHA-LINHA-L1_L7-ANUAL-AVERAGE,VAR16033@L4@2026-01-10,10 diários,"('VALUE', 56.19210846341732)","('VALUE', 56.19210846341732)",True,True
integrated_aggregation,AGR-AREA_41-RETIRADA_CONDENSADO_LINHA-LINHA-L1_L7-ANUAL-AVERAGE,VAR16033@L4@2026-01-11,11 diários,"('VALUE', 56.19226176453778)","('VALUE', 56.19226176453778)",True,True
integrated_aggregation,AGR-AREA_41-RETIRADA_CONDENSADO_LINHA-LINHA-L1_L7-ANUAL-AVERAGE,VAR16033@L4@2026-01-12,12 diários,"('VALUE', 56.192415080097355)","('VALUE', 56.192415080097355)",True,True
integrated_aggregation,AGR-AREA_41-RETIRADA_CONDENSADO_LINHA-LINHA-L1_L7-ANUAL-AVERAGE,VAR16033@L4@2026-01-13,13 diários,"('VALUE', 56.1925684100955)","('VALUE', 56.1925684100955)",True,True
integrated_aggregation,AGR-AREA_41-RETIRADA_CONDENSADO_LINHA-LINHA-L1_L7-ANUAL-AVERAGE,VAR16033@L4@2026-01-14,14 diários,"('VALUE', 56.19272175453168)","('VALUE', 56.19272175453168)",True,True
integrated_aggregation,AGR-AREA_41-RETIRADA_CONDENSADO_LINHA-LINHA-L1_L7-ANUAL-AVERAGE,VAR16033@L4@2026-01-15,15 diários,"('VALUE', 56.19287511340538)","('VALUE', 56.19287511340538)",True,True
integrated_aggregation,AGR-AREA_41-RETIRADA_CONDENSADO_LINHA-LINHA-L1_L7-ANUAL-AVERAGE,VAR16033@L4@2026-01-16,16 diários,"('VALUE', 56.19302848671605)","('VALUE', 56.19302848671605)",True,True
integrated_aggregation,AGR-AREA_41-RETIRADA_CONDENSADO_LINHA-LINHA-L1_L7-ANUAL-AVERAGE,VAR16033@L4@2026-01-17,17 diários,"('VALUE', 56.19318187446317)","('VALUE', 56.19318187446317)",True,True
integrated_aggregation,AGR-AREA_41-RETIRADA_CONDENSADO_LINHA-LINHA-L1_L7-ANUAL-AVERAGE,VAR16033@L4@2026-01-18,18 diários,"('VALUE', 56.193335276646216)","('VALUE', 56.193335276646216)",True,True
integrated_aggregation,AGR-AREA_41-RETIRADA_CONDENSADO_LINHA-LINHA-L1_L7-ANUAL-AVERAGE,VAR16033@L4@2026-01-19,19 diários,"('VALUE', 56.193488693264655)","('VALUE', 56.193488693264655)",True,True
integrated_aggregation,AGR-AREA_41-RETIRADA_CONDENSADO_LINHA-LINHA-L1_L7-ANUAL-AVERAGE,VAR16033@L4@2026-01-20,20 diários,"('VALUE', 56.19364212431795)","('VALUE', 56.19364212431795)",True,True
integrated_aggregation,AGR-AREA_41-RETIRADA_CONDENSADO_LINHA-LINHA-L1_L7-ANUAL-AVERAGE,VAR16033@L4@2026-01-21,21 diários,"('VALUE', 56.19379556980556)","('VALUE', 56.19379556980556)",True,True
integrated_aggregation,AGR-AREA_41-RETIRADA_CONDENSADO_LINHA-LINHA-L1_L7-ANUAL-AVERAGE,VAR16033@L4@2026-01-22,22 diários,"('VALUE', 56.19394902972697)","('VALUE', 56.19394902972697)",True,True
integrated_aggregation,AGR-AREA_41-RETIRADA_CONDENSADO_LINHA-LINHA-L1_L7-ANUAL-AVERAGE,VAR16033@L4@2026-01-23,23 diários,"('VALUE', 56.19410250408164)","('VALUE', 56.19410250408164)",True,True
integrated_aggregation,AGR-AREA_41-RETIRADA_CONDENSADO_LINHA-LINHA-L1_L7-ANUAL-AVERAGE,VAR16033@L4@2026-01-24,24 diários,"('VALUE', 56.194255992869046)","('VALUE', 56.194255992869046)",True,True
integrated_aggregation,AGR-AREA_41-RETIRADA_CONDENSADO_LINHA-LINHA-L1_L7-ANUAL-AVERAGE,VAR16033@L4@2026-01-25,25 diários,"('VALUE', 56.19440949608865)","('VALUE', 56.19440949608865)",True,True
integrated_aggregation,AGR-AREA_41-RETIRADA_CONDENSADO_LINHA-LINHA-L1_L7-ANUAL-AVERAGE,VAR16033@L4@2026-01-26,26 diários,"('VALUE', 56.19456301373994)","('VALUE', 56.19456301373994)",True,True
integrated_aggregation,AGR-AREA_41-RETIRADA_CONDENSADO_LINHA-LINHA-L1_L7-ANUAL-AVERAGE,VAR16033@L4@2026-01-27,27 diários,"('VALUE', 56.19471654582235)","('VALUE', 56.19471654582235)",True,True
integrated_aggregation,AGR-AREA_41-RETIRADA_CONDENSADO_LINHA-LINHA-L1_L7-ANUAL-AVERAGE,VAR16033@L4@2026-01-28,28 diários,"('VALUE', 56.19487009233537)","('VALUE', 56.19487009233537)",True,True
integrated_aggregation,AGR-AREA_41-RETIRADA_CONDENSADO_LINHA-LINHA-L1_L7-ANUAL-AVERAGE,VAR16033@L4@2026-01-29,29 diários,"('VALUE', 56.19502365327847)","('VALUE', 56.19502365327847)",True,True
integrated_aggregation,AGR-AREA_41-RETIRADA_CONDENSADO_LINHA-LINHA-L1_L7-ANUAL-AVERAGE,VAR16033@L4@2026-01-30,30 diários,"('VALUE', 56.19517722865112)","('VALUE', 56.19517722865112)",True,True
integrated_aggregation,AGR-AREA_41-RETIRADA_CONDENSADO_LINHA-LINHA-L1_L7-ANUAL-AVERAGE,VAR16033@L4@2026-01-31,31 diários,"('VALUE', 56.195330818452774)","('VALUE', 56.195330818452774)",True,True
integrated_aggregation,AGR-AREA_41-RETIRADA_CONDENSADO_LINHA-LINHA-L1_L7-ANUAL-AVERAGE,VAR16033@L4@2026-02-01,32 diários,"('VALUE', 56.19548442268292)","('VALUE', 56.19548442268292)",True,True
integrated_aggregation,AGR-AREA_41-RETIRADA_CONDENSADO_LINHA-LINHA-L1_L7-ANUAL-AVERAGE,VAR16033@L5@2026-01-01,1 diários,"('VALUE', 56.23194630617582)","('VALUE', 56.23194630617582)",True,True
integrated_aggregation,AGR-AREA_41-RETIRADA_CONDENSADO_LINHA-LINHA-L1_L7-ANUAL-AVERAGE,VAR16033@L5@2026-01-02,2 diários,"('VALUE', 56.23209961259529)","('VALUE', 56.23209961259529)",True,True
integrated_aggregation,AGR-AREA_41-RETIRADA_CONDENSADO_LINHA-LINHA-L1_L7-ANUAL-AVERAGE,VAR16033@L5@2026-01-03,3 diários,"('VALUE', 56.23225293343495)","('VALUE', 56.23225293343495)",True,True
integrated_aggregation,AGR-AREA_41-RETIRADA_CONDENSADO_LINHA-LINHA-L1_L7-ANUAL-AVERAGE,VAR16033@L5@2026-01-04,4 diários,"('VALUE', 56.23240626869427)","('VALUE', 56.23240626869427)",True,True
integrated_aggregation,AGR-AREA_41-RETIRADA_CONDENSADO_LINHA-LINHA-L1_L7-ANUAL-AVERAGE,VAR16033@L5@2026-01-05,5 diários,"('VALUE', 56.232559618372726)","('VALUE', 56.232559618372726)",True,True
integrated_aggregation,AGR-AREA_41-RETIRADA_CONDENSADO_LINHA-LINHA-L1_L7-ANUAL-AVERAGE,VAR16033@L5@2026-01-06,6 diários,"('VALUE', 56.23271298246979)","('VALUE', 56.23271298246979)",True,True
integrated_aggregation,AGR-AREA_41-RETIRADA_CONDENSADO_LINHA-LINHA-L1_L7-ANUAL-AVERAGE,VAR16033@L5@2026-01-07,7 diários,"('VALUE', 56.232866360984936)","('VALUE', 56.232866360984936)",True,True
integrated_aggregation,AGR-AREA_41-RETIRADA_CONDENSADO_LINHA-LINHA-L1_L7-ANUAL-AVERAGE,VAR16033@L5@2026-01-08,8 diários,"('VALUE', 56.23301975391763)","('VALUE', 56.23301975391763)",True,True
integrated_aggregation,AGR-AREA_41-RETIRADA_CONDENSADO_LINHA-LINHA-L1_L7-ANUAL-AVERAGE,VAR16033@L5@2026-01-09,9 diários,"('VALUE', 56.23317316126734)","('VALUE', 56.23317316126734)",True,True
integrated_aggregation,AGR-AREA_41-RETIRADA_CONDENSADO_LINHA-LINHA-L1_L7-ANUAL-AVERAGE,VAR16033@L5@2026-01-10,10 diários,"('VALUE', 56.233326583033545)","('VALUE', 56.233326583033545)",True,True
integrated_aggregation,AGR-AREA_41-RETIRADA_CONDENSADO_LINHA-LINHA-L1_L7-ANUAL-AVERAGE,VAR16033@L5@2026-01-11,11 diários,"('VALUE', 56.233480019215705)","('VALUE', 56.233480019215705)",True,True
integrated_aggregation,AGR-AREA_41-RETIRADA_CONDENSADO_LINHA-LINHA-L1_L7-ANUAL-AVERAGE,VAR16033@L5@2026-01-12,12 diários,"('VALUE', 56.23363346981329)","('VALUE', 56.23363346981329)",True,True
integrated_aggregation,AGR-AREA_41-RETIRADA_CONDENSADO_LINHA-LINHA-L1_L7-ANUAL-AVERAGE,VAR16033@L5@2026-01-13,13 diários,"('VALUE', 56.23378693482577)","('VALUE', 56.23378693482577)",True,True
integrated_aggregation,AGR-AREA_41-RETIRADA_CONDENSADO_LINHA-LINHA-L1_L7-ANUAL-AVERAGE,VAR16033@L5@2026-01-14,14 diários,"('VALUE', 56.23394041425262)","('VALUE', 56.23394041425262)",True,True
integrated_aggregation,AGR-AREA_41-RETIRADA_CONDENSADO_LINHA-LINHA-L1_L7-ANUAL-AVERAGE,VAR16033@L5@2026-01-15,15 diários,"('VALUE', 56.23409390809331)","('VALUE', 56.23409390809331)",True,True
integrated_aggregation,AGR-AREA_41-RETIRADA_CONDENSADO_LINHA-LINHA-L1_L7-ANUAL-AVERAGE,VAR16033@L5@2026-01-16,16 diários,"('VALUE', 56.2342474163473)","('VALUE', 56.2342474163473)",True,True
integrated_aggregation,AGR-AREA_41-RETIRADA_CONDENSADO_LINHA-LINHA-L1_L7-ANUAL-AVERAGE,VAR16033@L5@2026-01-17,17 diários,"('VALUE', 56.234400939014066)","('VALUE', 56.234400939014066)",True,True
integrated_aggregation,AGR-AREA_41-RETIRADA_CONDENSADO_LINHA-LINHA-L1_L7-ANUAL-AVERAGE,VAR16033@L5@2026-01-18,18 diários,"('VALUE', 56.23455447609308)","('VALUE', 56.23455447609308)",True,True
integrated_aggregation,AGR-AREA_41-RETIRADA_CONDENSADO_LINHA-LINHA-L1_L7-ANUAL-AVERAGE,VAR16033@L5@2026-01-19,19 diários,"('VALUE', 56.23470802758381)","('VALUE', 56.23470802758381)",True,True
integrated_aggregation,AGR-AREA_41-RETIRADA_CONDENSADO_LINHA-LINHA-L1_L7-ANUAL-AVERAGE,VAR16033@L5@2026-01-20,20 diários,"('VALUE', 56.23486159348572)","('VALUE', 56.23486159348572)",True,True
integrated_aggregation,AGR-AREA_41-RETIRADA_CONDENSADO_LINHA-LINHA-L1_L7-ANUAL-AVERAGE,VAR16033@L5@2026-01-21,21 diários,"('VALUE', 56.23501517379829)","('VALUE', 56.23501517379829)",True,True
integrated_aggregation,AGR-AREA_41-RETIRADA_CONDENSADO_LINHA-LINHA-L1_L7-ANUAL-AVERAGE,VAR16033@L5@2026-01-22,22 diários,"('VALUE', 56.23516876852097)","('VALUE', 56.23516876852097)",True,True
integrated_aggregation,AGR-AREA_41-RETIRADA_CONDENSADO_LINHA-LINHA-L1_L7-ANUAL-AVERAGE,VAR16033@L5@2026-01-23,23 diários,"('VALUE', 56.23532237765325)","('VALUE', 56.23532237765325)",True,True
integrated_aggregation,AGR-AREA_41-RETIRADA_CONDENSADO_LINHA-LINHA-L1_L7-ANUAL-AVERAGE,VAR16033@L5@2026-01-24,24 diários,"('VALUE', 56.23547600119459)","('VALUE', 56.23547600119459)",True,True
integrated_aggregation,AGR-AREA_41-RETIRADA_CONDENSADO_LINHA-LINHA-L1_L7-ANUAL-AVERAGE,VAR16033@L5@2026-01-25,25 diários,"('VALUE', 56.23562963914446)","('VALUE', 56.23562963914446)",True,True
integrated_aggregation,AGR-AREA_41-RETIRADA_CONDENSADO_LINHA-LINHA-L1_L7-ANUAL-AVERAGE,VAR16033@L5@2026-01-26,26 diários,"('VALUE', 56.23578329150234)","('VALUE', 56.23578329150234)",True,True
integrated_aggregation,AGR-AREA_41-RETIRADA_CONDENSADO_LINHA-LINHA-L1_L7-ANUAL-AVERAGE,VAR16033@L5@2026-01-27,27 diários,"('VALUE', 56.23593695826767)","('VALUE', 56.23593695826767)",True,True
integrated_aggregation,AGR-AREA_41-RETIRADA_CONDENSADO_LINHA-LINHA-L1_L7-ANUAL-AVERAGE,VAR16033@L5@2026-01-28,28 diários,"('VALUE', 56.23609063943995)","('VALUE', 56.23609063943995)",True,True
integrated_aggregation,AGR-AREA_41-RETIRADA_CONDENSADO_LINHA-LINHA-L1_L7-ANUAL-AVERAGE,VAR16033@L5@2026-01-29,29 diários,"('VALUE', 56.23624433501863)","('VALUE', 56.23624433501863)",True,True
integrated_aggregation,AGR-AREA_41-RETIRADA_CONDENSADO_LINHA-LINHA-L1_L7-ANUAL-AVERAGE,VAR16033@L5@2026-01-30,30 diários,"('VALUE', 56.23639804500319)","('VALUE', 56.23639804500319)",True,True
integrated_aggregation,AGR-AREA_41-RETIRADA_CONDENSADO_LINHA-LINHA-L1_L7-ANUAL-AVERAGE,VAR16033@L5@2026-01-31,31 diários,"('VALUE', 56.2365517693931)","('VALUE', 56.2365517693931)",True,True
integrated_aggregation,AGR-AREA_41-RETIRADA_CONDENSADO_LINHA-LINHA-L1_L7-ANUAL-AVERAGE,VAR16033@L5@2026-02-01,32 diários,"('VALUE', 56.23670550818782)","('VALUE', 56.23670550818782)",True,True
integrated_aggregation,AGR-AREA_41-RETIRADA_CONDENSADO_LINHA-LINHA-L1_L7-ANUAL-AVERAGE,VAR16033@L6@2026-01-01,1 diários,"('VALUE', 56.21682537327872)","('VALUE', 56.21682537327872)",True,True
integrated_aggregation,AGR-AREA_41-RETIRADA_CONDENSADO_LINHA-LINHA-L1_L7-ANUAL-AVERAGE,VAR16033@L6@2026-01-02,2 diários,"('VALUE', 56.21697856038138)","('VALUE', 56.21697856038138)",True,True
integrated_aggregation,AGR-AREA_41-RETIRADA_CONDENSADO_LINHA-LINHA-L1_L7-ANUAL-AVERAGE,VAR16033@L6@2026-01-03,3 diários,"('VALUE', 56.21713176190406)","('VALUE', 56.21713176190406)",True,True
integrated_aggregation,AGR-AREA_41-RETIRADA_CONDENSADO_LINHA-LINHA-L1_L7-ANUAL-AVERAGE,VAR16033@L6@2026-01-04,4 diários,"('VALUE', 56.21728497784624)","('VALUE', 56.21728497784624)",True,True
integrated_aggregation,AGR-AREA_41-RETIRADA_CONDENSADO_LINHA-LINHA-L1_L7-ANUAL-AVERAGE,VAR16033@L6@2026-01-05,5 diários,"('VALUE', 56.2174382082074)","('VALUE', 56.2174382082074)",True,True
integrated_aggregation,AGR-AREA_41-RETIRADA_CONDENSADO_LINHA-LINHA-L1_L7-ANUAL-AVERAGE,VAR16033@L6@2026-01-06,6 diários,"('VALUE', 56.217591452986994)","('VALUE', 56.217591452986994)",True,True
integrated_aggregation,AGR-AREA_41-RETIRADA_CONDENSADO_LINHA-LINHA-L1_L7-ANUAL-AVERAGE,VAR16033@L6@2026-01-07,7 diários,"('VALUE', 56.21774471218451)","('VALUE', 56.21774471218451)",True,True
integrated_aggregation,AGR-AREA_41-RETIRADA_CONDENSADO_LINHA-LINHA-L1_L7-ANUAL-AVERAGE,VAR16033@L6@2026-01-08,8 diários,"('VALUE', 56.217897985799404)","('VALUE', 56.217897985799404)",True,True
integrated_aggregation,AGR-AREA_41-RETIRADA_CONDENSADO_LINHA-LINHA-L1_L7-ANUAL-AVERAGE,VAR16033@L6@2026-01-09,9 diários,"('VALUE', 56.21805127383115)","('VALUE', 56.21805127383115)",True,True
integrated_aggregation,AGR-AREA_41-RETIRADA_CONDENSADO_LINHA-LINHA-L1_L7-ANUAL-AVERAGE,VAR16033@L6@2026-01-10,10 diários,"('VALUE', 56.21820457627922)","('VALUE', 56.21820457627922)",True,True
integrated_aggregation,AGR-AREA_41-RETIRADA_CONDENSADO_LINHA-LINHA-L1_L7-ANUAL-AVERAGE,VAR16033@L6@2026-01-11,11 diários,"('VALUE', 56.218357893143086)","('VALUE', 56.218357893143086)",True,True
integrated_aggregation,AGR-AREA_41-RETIRADA_CONDENSADO_LINHA-LINHA-L1_L7-ANUAL-AVERAGE,VAR16033@L6@2026-01-12,12 diários,"('VALUE', 56.21851122442221)","('VALUE', 56.21851122442221)",True,True
integrated_aggregation,AGR-AREA_41-RETIRADA_CONDENSADO_LINHA-LINHA-L1_L7-ANUAL-AVERAGE,VAR16033@L6@2026-01-13,13 diários,"('VALUE', 56.21866457011607)","('VALUE', 56.21866457011607)",True,True
integrated_aggregation,AGR-AREA_41-RETIRADA_CONDENSADO_LINHA-LINHA-L1_L7-ANUAL-AVERAGE,VAR16033@L6@2026-01-14,14 diários,"('VALUE', 56.218817930224134)","('VALUE', 56.218817930224134)",True,True
integrated_aggregation,AGR-AREA_41-RETIRADA_CONDENSADO_LINHA-LINHA-L1_L7-ANUAL-AVERAGE,VAR16033@L6@2026-01-15,15 diários,"('VALUE', 56.21897130474588)","('VALUE', 56.21897130474588)",True,True
integrated_aggregation,AGR-AREA_41-RETIRADA_CONDENSADO_LINHA-LINHA-L1_L7-ANUAL-AVERAGE,VAR16033@L6@2026-01-16,16 diários,"('VALUE', 56.21912469368076)","('VALUE', 56.21912469368076)",True,True
integrated_aggregation,AGR-AREA_41-RETIRADA_CONDENSADO_LINHA-LINHA-L1_L7-ANUAL-AVERAGE,VAR16033@L6@2026-01-17,17 diários,"('VALUE', 56.219278097028266)","('VALUE', 56.219278097028266)",True,True
integrated_aggregation,AGR-AREA_41-RETIRADA_CONDENSADO_LINHA-LINHA-L1_L7-ANUAL-AVERAGE,VAR16033@L6@2026-01-18,18 diários,"('VALUE', 56.21943151478784)","('VALUE', 56.21943151478784)",True,True
integrated_aggregation,AGR-AREA_41-RETIRADA_CONDENSADO_LINHA-LINHA-L1_L7-ANUAL-AVERAGE,VAR16033@L6@2026-01-19,19 diários,"('VALUE', 56.21958494695898)","('VALUE', 56.21958494695898)",True,True
integrated_aggregation,AGR-AREA_41-RETIRADA_CONDENSADO_LINHA-LINHA-L1_L7-ANUAL-AVERAGE,VAR16033@L6@2026-01-20,20 diários,"('VALUE', 56.219738393541135)","('VALUE', 56.219738393541135)",True,True
integrated_aggregation,AGR-AREA_41-RETIRADA_CONDENSADO_LINHA-LINHA-L1_L7-ANUAL-AVERAGE,VAR16033@L6@2026-01-21,21 diários,"('VALUE', 56.21989185453379)","('VALUE', 56.21989185453379)",True,True
integrated_aggregation,AGR-AREA_41-RETIRADA_CONDENSADO_LINHA-LINHA-L1_L7-ANUAL-AVERAGE,VAR16033@L6@2026-01-22,22 diários,"('VALUE', 56.220045329936404)","('VALUE', 56.220045329936404)",True,True
integrated_aggregation,AGR-AREA_41-RETIRADA_CONDENSADO_LINHA-LINHA-L1_L7-ANUAL-AVERAGE,VAR16033@L6@2026-01-23,23 diários,"('VALUE', 56.22019881974847)","('VALUE', 56.22019881974847)",True,True
integrated_aggregation,AGR-AREA_41-RETIRADA_CONDENSADO_LINHA-LINHA-L1_L7-ANUAL-AVERAGE,VAR16033@L6@2026-01-24,24 diários,"('VALUE', 56.22035232396942)","('VALUE', 56.22035232396942)",True,True
integrated_aggregation,AGR-AREA_41-RETIRADA_CONDENSADO_LINHA-LINHA-L1_L7-ANUAL-AVERAGE,VAR16033@L6@2026-01-25,25 diários,"('VALUE', 56.22050584259875)","('VALUE', 56.22050584259875)",True,True
integrated_aggregation,AGR-AREA_41-RETIRADA_CONDENSADO_LINHA-LINHA-L1_L7-ANUAL-AVERAGE,VAR16033@L6@2026-01-26,26 diários,"('VALUE', 56.220659375635925)","('VALUE', 56.220659375635925)",True,True
integrated_aggregation,AGR-AREA_41-RETIRADA_CONDENSADO_LINHA-LINHA-L1_L7-ANUAL-AVERAGE,VAR16033@L6@2026-01-27,27 diários,"('VALUE', 56.2208129230804)","('VALUE', 56.2208129230804)",True,True
integrated_aggregation,AGR-AREA_41-RETIRADA_CONDENSADO_LINHA-LINHA-L1_L7-ANUAL-AVERAGE,VAR16033@L6@2026-01-28,28 diários,"('VALUE', 56.22096648493167)","('VALUE', 56.22096648493167)",True,True
integrated_aggregation,AGR-AREA_41-RETIRADA_CONDENSADO_LINHA-LINHA-L1_L7-ANUAL-AVERAGE,VAR16033@L6@2026-01-29,29 diários,"('VALUE', 56.22112006118919)","('VALUE', 56.22112006118919)",True,True
integrated_aggregation,AGR-AREA_41-RETIRADA_CONDENSADO_LINHA-LINHA-L1_L7-ANUAL-AVERAGE,VAR16033@L6@2026-01-30,30 diários,"('VALUE', 56.22127365185243)","('VALUE', 56.22127365185243)",True,True
integrated_aggregation,AGR-AREA_41-RETIRADA_CONDENSADO_LINHA-LINHA-L1_L7-ANUAL-AVERAGE,VAR16033@L6@2026-01-31,31 diários,"('VALUE', 56.22142725692085)","('VALUE', 56.22142725692085)",True,True
integrated_aggregation,AGR-AREA_41-RETIRADA_CONDENSADO_LINHA-LINHA-L1_L7-ANUAL-AVERAGE,VAR16033@L6@2026-02-01,32 diários,"('VALUE', 56.22158087639393)","('VALUE', 56.22158087639393)",True,True
integrated_aggregation,AGR-AREA_41-RETIRADA_CONDENSADO_LINHA-LINHA-L1_L7-ANUAL-AVERAGE,VAR16033@L7@2026-01-01,1 diários,"('VALUE', 56.25800101200219)","('VALUE', 56.25800101200219)",True,True
integrated_aggregation,AGR-AREA_41-RETIRADA_CONDENSADO_LINHA-LINHA-L1_L7-ANUAL-AVERAGE,VAR16033@L7@2026-01-02,2 diários,"('VALUE', 56.25815433417024)","('VALUE', 56.25815433417024)",True,True
integrated_aggregation,AGR-AREA_41-RETIRADA_CONDENSADO_LINHA-LINHA-L1_L7-ANUAL-AVERAGE,VAR16033@L7@2026-01-03,3 diários,"('VALUE', 56.258307670734695)","('VALUE', 56.258307670734695)",True,True
integrated_aggregation,AGR-AREA_41-RETIRADA_CONDENSADO_LINHA-LINHA-L1_L7-ANUAL-AVERAGE,VAR16033@L7@2026-01-04,4 diários,"('VALUE', 56.25846102169503)","('VALUE', 56.25846102169503)",True,True
integrated_aggregation,AGR-AREA_41-RETIRADA_CONDENSADO_LINHA-LINHA-L1_L7-ANUAL-AVERAGE,VAR16033@L7@2026-01-05,5 diários,"('VALUE', 56.258614387050706)","('VALUE', 56.258614387050706)",True,True
integrated_aggregation,AGR-AREA_41-RETIRADA_CONDENSADO_LINHA-LINHA-L1_L7-ANUAL-AVERAGE,VAR16033@L7@2026-01-06,6 diários,"('VALUE', 56.25876776680119)","('VALUE', 56.25876776680119)",True,True
integrated_aggregation,AGR-AREA_41-RETIRADA_CONDENSADO_LINHA-LINHA-L1_L7-ANUAL-AVERAGE,VAR16033@L7@2026-01-07,7 diários,"('VALUE', 56.258921160945974)","('VALUE', 56.258921160945974)",True,True
integrated_aggregation,AGR-AREA_41-RETIRADA_CONDENSADO_LINHA-LINHA-L1_L7-ANUAL-AVERAGE,VAR16033@L7@2026-01-08,8 diários,"('VALUE', 56.259074569484504)","('VALUE', 56.259074569484504)",True,True
integrated_aggregation,AGR-AREA_41-RETIRADA_CONDENSADO_LINHA-LINHA-L1_L7-ANUAL-AVERAGE,VAR16033@L7@2026-01-09,9 diários,"('VALUE', 56.25922799241627)","('VALUE', 56.25922799241627)",True,True
integrated_aggregation,AGR-AREA_41-RETIRADA_CONDENSADO_LINHA-LINHA-L1_L7-ANUAL-AVERAGE,VAR16033@L7@2026-01-10,10 diários,"('VALUE', 56.259381429740735)","('VALUE', 56.259381429740735)",True,True
integrated_aggregation,AGR-AREA_41-RETIRADA_CONDENSADO_LINHA-LINHA-L1_L7-ANUAL-AVERAGE,VAR16033@L7@2026-01-11,11 diários,"('VALUE', 56.25953488145737)","('VALUE', 56.25953488145737)",True,True
integrated_aggregation,AGR-AREA_41-RETIRADA_CONDENSADO_LINHA-LINHA-L1_L7-ANUAL-AVERAGE,VAR16033@L7@2026-01-12,12 diários,"('VALUE', 56.259688347565636)","('VALUE', 56.259688347565636)",True,True
integrated_aggregation,AGR-AREA_41-RETIRADA_CONDENSADO_LINHA-LINHA-L1_L7-ANUAL-AVERAGE,VAR16033@L7@2026-01-13,13 diários,"('VALUE', 56.259841828065014)","('VALUE', 56.259841828065014)",True,True
integrated_aggregation,AGR-AREA_41-RETIRADA_CONDENSADO_LINHA-LINHA-L1_L7-ANUAL-AVERAGE,VAR16033@L7@2026-01-14,14 diários,"('VALUE', 56.25999532295498)","('VALUE', 56.25999532295498)",True,True
integrated_aggregation,AGR-AREA_41-RETIRADA_CONDENSADO_LINHA-LINHA-L1_L7-ANUAL-AVERAGE,VAR16033@L7@2026-01-15,15 diários,"('VALUE', 56.26014883223499)","('VALUE', 56.26014883223499)",True,True
integrated_aggregation,AGR-AREA_41-RETIRADA_CONDENSADO_LINHA-LINHA-L1_L7-ANUAL-AVERAGE,VAR16033@L7@2026-01-16,16 diários,"('VALUE', 56.26030235590452)","('VALUE', 56.26030235590452)",True,True
integrated_aggregation,AGR-AREA_41-RETIRADA_CONDENSADO_LINHA-LINHA-L1_L7-ANUAL-AVERAGE,VAR16033@L7@2026-01-17,17 diários,"('VALUE', 56.26045589396305)","('VALUE', 56.26045589396305)",True,True
integrated_aggregation,AGR-AREA_41-RETIRADA_CONDENSADO_LINHA-LINHA-L1_L7-ANUAL-AVERAGE,VAR16033@L7@2026-01-18,18 diários,"('VALUE', 56.26060944641003)","('VALUE', 56.26060944641003)",True,True
integrated_aggregation,AGR-AREA_41-RETIRADA_CONDENSADO_LINHA-LINHA-L1_L7-ANUAL-AVERAGE,VAR16033@L7@2026-01-19,19 diários,"('VALUE', 56.260763013244954)","('VALUE', 56.260763013244954)",True,True
integrated_aggregation,AGR-AREA_41-RETIRADA_CONDENSADO_LINHA-LINHA-L1_L7-ANUAL-AVERAGE,VAR16033@L7@2026-01-20,20 diários,"('VALUE', 56.260916594467275)","('VALUE', 56.260916594467275)",True,True
integrated_aggregation,AGR-AREA_41-RETIRADA_CONDENSADO_LINHA-LINHA-L1_L7-ANUAL-AVERAGE,VAR16033@L7@2026-01-21,21 diários,"('VALUE', 56.261070190076474)","('VALUE', 56.261070190076474)",True,True
integrated_aggregation,AGR-AREA_41-RETIRADA_CONDENSADO_LINHA-LINHA-L1_L7-ANUAL-AVERAGE,VAR16033@L7@2026-01-22,22 diários,"('VALUE', 56.26122380007201)","('VALUE', 56.26122380007201)",True,True
integrated_aggregation,AGR-AREA_41-RETIRADA_CONDENSADO_LINHA-LINHA-L1_L7-ANUAL-AVERAGE,VAR16033@L7@2026-01-23,23 diários,"('VALUE', 56.261377424453364)","('VALUE', 56.261377424453364)",True,True
integrated_aggregation,AGR-AREA_41-RETIRADA_CONDENSADO_LINHA-LINHA-L1_L7-ANUAL-AVERAGE,VAR16033@L7@2026-01-24,24 diários,"('VALUE', 56.26153106322)","('VALUE', 56.26153106322)",True,True
integrated_aggregation,AGR-AREA_41-RETIRADA_CONDENSADO_LINHA-LINHA-L1_L7-ANUAL-AVERAGE,VAR16033@L7@2026-01-25,25 diários,"('VALUE', 56.26168471637139)","('VALUE', 56.26168471637139)",True,True
integrated_aggregation,AGR-AREA_41-RETIRADA_CONDENSADO_LINHA-LINHA-L1_L7-ANUAL-AVERAGE,VAR16033@L7@2026-01-26,26 diários,"('VALUE', 56.261838383907005)","('VALUE', 56.261838383907005)",True,True
integrated_aggregation,AGR-AREA_41-RETIRADA_CONDENSADO_LINHA-LINHA-L1_L7-ANUAL-AVERAGE,VAR16033@L7@2026-01-27,27 diários,"('VALUE', 56.26199206582631)","('VALUE', 56.26199206582631)",True,True
integrated_aggregation,AGR-AREA_41-RETIRADA_CONDENSADO_LINHA-LINHA-L1_L7-ANUAL-AVERAGE,VAR16033@L7@2026-01-28,28 diários,"('VALUE', 56.26214576212878)","('VALUE', 56.26214576212878)",True,True
integrated_aggregation,AGR-AREA_41-RETIRADA_CONDENSADO_LINHA-LINHA-L1_L7-ANUAL-AVERAGE,VAR16033@L7@2026-01-29,29 diários,"('VALUE', 56.26229947281387)","('VALUE', 56.26229947281387)",True,True
integrated_aggregation,AGR-AREA_41-RETIRADA_CONDENSADO_LINHA-LINHA-L1_L7-ANUAL-AVERAGE,VAR16033@L7@2026-01-30,30 diários,"('VALUE', 56.26245319788108)","('VALUE', 56.26245319788108)",True,True
integrated_aggregation,AGR-AREA_41-RETIRADA_CONDENSADO_LINHA-LINHA-L1_L7-ANUAL-AVERAGE,VAR16033@L7@2026-01-31,31 diários,"('VALUE', 56.26260693732985)","('VALUE', 56.26260693732985)",True,True
integrated_aggregation,AGR-AREA_41-RETIRADA_CONDENSADO_LINHA-LINHA-L1_L7-ANUAL-AVERAGE,VAR16033@L7@2026-02-01,32 diários,"('VALUE', 56.26276069115966)","('VALUE', 56.26276069115966)",True,True
integrated_aggregation,AGR-AREA_41-RETIRADA_CONDENSADO_TOTAL-GRUPO-L1_L7-MENSAL-AVERAGE,VAR16035@L1_L7@2026-01-01,1 diários,"('VALUE', 248.1451055082725)","('VALUE', 248.1451055082725)",True,True
integrated_aggregation,AGR-AREA_41-RETIRADA_CONDENSADO_TOTAL-GRUPO-L1_L7-MENSAL-AVERAGE,VAR16035@L1_L7@2026-01-02,2 diários,"('VALUE', 248.14632815180715)","('VALUE', 248.14632815180715)",True,True
integrated_aggregation,AGR-AREA_41-RETIRADA_CONDENSADO_TOTAL-GRUPO-L1_L7-MENSAL-AVERAGE,VAR16035@L1_L7@2026-01-03,3 diários,"('VALUE', 248.14755089640803)","('VALUE', 248.14755089640803)",True,True
integrated_aggregation,AGR-AREA_41-RETIRADA_CONDENSADO_TOTAL-GRUPO-L1_L7-MENSAL-AVERAGE,VAR16035@L1_L7@2026-01-04,4 diários,"('VALUE', 248.14877374207146)","('VALUE', 248.14877374207146)",True,True
integrated_aggregation,AGR-AREA_41-RETIRADA_CONDENSADO_TOTAL-GRUPO-L1_L7-MENSAL-AVERAGE,VAR16035@L1_L7@2026-01-05,5 diários,"('VALUE', 248.1499966887937)","('VALUE', 248.1499966887937)",True,True
integrated_aggregation,AGR-AREA_41-RETIRADA_CONDENSADO_TOTAL-GRUPO-L1_L7-MENSAL-AVERAGE,VAR16035@L1_L7@2026-01-06,6 diários,"('VALUE', 248.15121973657105)","('VALUE', 248.15121973657105)",True,True
integrated_aggregation,AGR-AREA_41-RETIRADA_CONDENSADO_TOTAL-GRUPO-L1_L7-MENSAL-AVERAGE,VAR16035@L1_L7@2026-01-07,7 diários,"('VALUE', 248.15244288539978)","('VALUE', 248.15244288539978)",True,True
integrated_aggregation,AGR-AREA_41-RETIRADA_CONDENSADO_TOTAL-GRUPO-L1_L7-MENSAL-AVERAGE,VAR16035@L1_L7@2026-01-08,8 diários,"('VALUE', 248.1536661352762)","('VALUE', 248.1536661352762)",True,True
integrated_aggregation,AGR-AREA_41-RETIRADA_CONDENSADO_TOTAL-GRUPO-L1_L7-MENSAL-AVERAGE,VAR16035@L1_L7@2026-01-09,9 diários,"('VALUE', 248.15488948619657)","('VALUE', 248.15488948619657)",True,True
integrated_aggregation,AGR-AREA_41-RETIRADA_CONDENSADO_TOTAL-GRUPO-L1_L7-MENSAL-AVERAGE,VAR16035@L1_L7@2026-01-10,10 diários,"('VALUE', 248.15611293815724)","('VALUE', 248.15611293815724)",True,True
integrated_aggregation,AGR-AREA_41-RETIRADA_CONDENSADO_TOTAL-GRUPO-L1_L7-MENSAL-AVERAGE,VAR16035@L1_L7@2026-01-11,11 diários,"('VALUE', 248.15733649115444)","('VALUE', 248.15733649115444)",True,True
integrated_aggregation,AGR-AREA_41-RETIRADA_CONDENSADO_TOTAL-GRUPO-L1_L7-MENSAL-AVERAGE,VAR16035@L1_L7@2026-01-12,12 diários,"('VALUE', 248.15856014518445)","('VALUE', 248.15856014518445)",True,True
integrated_aggregation,AGR-AREA_41-RETIRADA_CONDENSADO_TOTAL-GRUPO-L1_L7-MENSAL-AVERAGE,VAR16035@L1_L7@2026-01-13,13 diários,"('VALUE', 248.15978390024358)","('VALUE', 248.15978390024358)",True,True
integrated_aggregation,AGR-AREA_41-RETIRADA_CONDENSADO_TOTAL-GRUPO-L1_L7-MENSAL-AVERAGE,VAR16035@L1_L7@2026-01-14,14 diários,"('VALUE', 248.16100775632813)","('VALUE', 248.16100775632813)",True,True
integrated_aggregation,AGR-AREA_41-RETIRADA_CONDENSADO_TOTAL-GRUPO-L1_L7-MENSAL-AVERAGE,VAR16035@L1_L7@2026-01-15,15 diários,"('VALUE', 248.16223171343432)","('VALUE', 248.16223171343432)",True,True
integrated_aggregation,AGR-AREA_41-RETIRADA_CONDENSADO_TOTAL-GRUPO-L1_L7-MENSAL-AVERAGE,VAR16035@L1_L7@2026-01-16,16 diários,"('VALUE', 248.1634557715585)","('VALUE', 248.1634557715585)",True,True
integrated_aggregation,AGR-AREA_41-RETIRADA_CONDENSADO_TOTAL-GRUPO-L1_L7-MENSAL-AVERAGE,VAR16035@L1_L7@2026-01-17,17 diários,"('VALUE', 248.1646799306969)","('VALUE', 248.1646799306969)",True,True
integrated_aggregation,AGR-AREA_41-RETIRADA_CONDENSADO_TOTAL-GRUPO-L1_L7-MENSAL-AVERAGE,VAR16035@L1_L7@2026-01-18,18 diários,"('VALUE', 248.16590419084585)","('VALUE', 248.16590419084585)",True,True
integrated_aggregation,AGR-AREA_41-RETIRADA_CONDENSADO_TOTAL-GRUPO-L1_L7-MENSAL-AVERAGE,VAR16035@L1_L7@2026-01-19,19 diários,"('VALUE', 248.16712855200163)","('VALUE', 248.16712855200163)",True,True
integrated_aggregation,AGR-AREA_41-RETIRADA_CONDENSADO_TOTAL-GRUPO-L1_L7-MENSAL-AVERAGE,VAR16035@L1_L7@2026-01-20,20 diários,"('VALUE', 248.1683530141605)","('VALUE', 248.1683530141605)",True,True
integrated_aggregation,AGR-AREA_41-RETIRADA_CONDENSADO_TOTAL-GRUPO-L1_L7-MENSAL-AVERAGE,VAR16035@L1_L7@2026-01-21,21 diários,"('VALUE', 248.16957757731876)","('VALUE', 248.16957757731876)",True,True
integrated_aggregation,AGR-AREA_41-RETIRADA_CONDENSADO_TOTAL-GRUPO-L1_L7-MENSAL-AVERAGE,VAR16035@L1_L7@2026-01-22,22 diários,"('VALUE', 248.17080224147267)","('VALUE', 248.17080224147267)",True,True
integrated_aggregation,AGR-AREA_41-RETIRADA_CONDENSADO_TOTAL-GRUPO-L1_L7-MENSAL-AVERAGE,VAR16035@L1_L7@2026-01-23,23 diários,"('VALUE', 248.17202700661852)","('VALUE', 248.17202700661852)",True,True
integrated_aggregation,AGR-AREA_41-RETIRADA_CONDENSADO_TOTAL-GRUPO-L1_L7-MENSAL-AVERAGE,VAR16035@L1_L7@2026-01-24,24 diários,"('VALUE', 248.17325187275262)","('VALUE', 248.17325187275262)",True,True
integrated_aggregation,AGR-AREA_41-RETIRADA_CONDENSADO_TOTAL-GRUPO-L1_L7-MENSAL-AVERAGE,VAR16035@L1_L7@2026-01-25,25 diários,"('VALUE', 248.1744768398712)","('VALUE', 248.1744768398712)",True,True
integrated_aggregation,AGR-AREA_41-RETIRADA_CONDENSADO_TOTAL-GRUPO-L1_L7-MENSAL-AVERAGE,VAR16035@L1_L7@2026-01-26,26 diários,"('VALUE', 248.17570190797062)","('VALUE', 248.17570190797062)",True,True
integrated_aggregation,AGR-AREA_41-RETIRADA_CONDENSADO_TOTAL-GRUPO-L1_L7-MENSAL-AVERAGE,VAR16035@L1_L7@2026-01-27,27 diários,"('VALUE', 248.1769270770471)","('VALUE', 248.1769270770471)",True,True
integrated_aggregation,AGR-AREA_41-RETIRADA_CONDENSADO_TOTAL-GRUPO-L1_L7-MENSAL-AVERAGE,VAR16035@L1_L7@2026-01-28,28 diários,"('VALUE', 248.17815234709693)","('VALUE', 248.17815234709693)",True,True
integrated_aggregation,AGR-AREA_41-RETIRADA_CONDENSADO_TOTAL-GRUPO-L1_L7-MENSAL-AVERAGE,VAR16035@L1_L7@2026-01-29,29 diários,"('VALUE', 248.1793777181164)","('VALUE', 248.1793777181164)",True,True
integrated_aggregation,AGR-AREA_41-RETIRADA_CONDENSADO_TOTAL-GRUPO-L1_L7-MENSAL-AVERAGE,VAR16035@L1_L7@2026-01-30,30 diários,"('VALUE', 248.18060319010178)","('VALUE', 248.18060319010178)",True,True
integrated_aggregation,AGR-AREA_41-RETIRADA_CONDENSADO_TOTAL-GRUPO-L1_L7-MENSAL-AVERAGE,VAR16035@L1_L7@2026-01-31,31 diários,"('VALUE', 248.18182876304934)","('VALUE', 248.18182876304934)",True,True
integrated_aggregation,AGR-AREA_41-RETIRADA_CONDENSADO_TOTAL-GRUPO-L1_L7-MENSAL-AVERAGE,VAR16035@L1_L7@2026-02-01,1 diários,"('VALUE', 248.22105032804313)","('VALUE', 248.22105032804313)",True,True
integrated_aggregation,AGR-AREA_41-RETIRADA_CONDENSADO_TOTAL-GRUPO-L1_L7-ANUAL-AVERAGE,VAR16036@L1_L7@2026-01-01,1 diários,"('VALUE', 248.1451055082725)","('VALUE', 248.1451055082725)",True,True
integrated_aggregation,AGR-AREA_41-RETIRADA_CONDENSADO_TOTAL-GRUPO-L1_L7-ANUAL-AVERAGE,VAR16036@L1_L7@2026-01-02,2 diários,"('VALUE', 248.14632815180715)","('VALUE', 248.14632815180715)",True,True
integrated_aggregation,AGR-AREA_41-RETIRADA_CONDENSADO_TOTAL-GRUPO-L1_L7-ANUAL-AVERAGE,VAR16036@L1_L7@2026-01-03,3 diários,"('VALUE', 248.14755089640803)","('VALUE', 248.14755089640803)",True,True
integrated_aggregation,AGR-AREA_41-RETIRADA_CONDENSADO_TOTAL-GRUPO-L1_L7-ANUAL-AVERAGE,VAR16036@L1_L7@2026-01-04,4 diários,"('VALUE', 248.14877374207146)","('VALUE', 248.14877374207146)",True,True
integrated_aggregation,AGR-AREA_41-RETIRADA_CONDENSADO_TOTAL-GRUPO-L1_L7-ANUAL-AVERAGE,VAR16036@L1_L7@2026-01-05,5 diários,"('VALUE', 248.1499966887937)","('VALUE', 248.1499966887937)",True,True
integrated_aggregation,AGR-AREA_41-RETIRADA_CONDENSADO_TOTAL-GRUPO-L1_L7-ANUAL-AVERAGE,VAR16036@L1_L7@2026-01-06,6 diários,"('VALUE', 248.15121973657105)","('VALUE', 248.15121973657105)",True,True
integrated_aggregation,AGR-AREA_41-RETIRADA_CONDENSADO_TOTAL-GRUPO-L1_L7-ANUAL-AVERAGE,VAR16036@L1_L7@2026-01-07,7 diários,"('VALUE', 248.15244288539978)","('VALUE', 248.15244288539978)",True,True
integrated_aggregation,AGR-AREA_41-RETIRADA_CONDENSADO_TOTAL-GRUPO-L1_L7-ANUAL-AVERAGE,VAR16036@L1_L7@2026-01-08,8 diários,"('VALUE', 248.1536661352762)","('VALUE', 248.1536661352762)",True,True
integrated_aggregation,AGR-AREA_41-RETIRADA_CONDENSADO_TOTAL-GRUPO-L1_L7-ANUAL-AVERAGE,VAR16036@L1_L7@2026-01-09,9 diários,"('VALUE', 248.15488948619657)","('VALUE', 248.15488948619657)",True,True
integrated_aggregation,AGR-AREA_41-RETIRADA_CONDENSADO_TOTAL-GRUPO-L1_L7-ANUAL-AVERAGE,VAR16036@L1_L7@2026-01-10,10 diários,"('VALUE', 248.15611293815724)","('VALUE', 248.15611293815724)",True,True
integrated_aggregation,AGR-AREA_41-RETIRADA_CONDENSADO_TOTAL-GRUPO-L1_L7-ANUAL-AVERAGE,VAR16036@L1_L7@2026-01-11,11 diários,"('VALUE', 248.15733649115444)","('VALUE', 248.15733649115444)",True,True
integrated_aggregation,AGR-AREA_41-RETIRADA_CONDENSADO_TOTAL-GRUPO-L1_L7-ANUAL-AVERAGE,VAR16036@L1_L7@2026-01-12,12 diários,"('VALUE', 248.15856014518445)","('VALUE', 248.15856014518445)",True,True
integrated_aggregation,AGR-AREA_41-RETIRADA_CONDENSADO_TOTAL-GRUPO-L1_L7-ANUAL-AVERAGE,VAR16036@L1_L7@2026-01-13,13 diários,"('VALUE', 248.15978390024358)","('VALUE', 248.15978390024358)",True,True
integrated_aggregation,AGR-AREA_41-RETIRADA_CONDENSADO_TOTAL-GRUPO-L1_L7-ANUAL-AVERAGE,VAR16036@L1_L7@2026-01-14,14 diários,"('VALUE', 248.16100775632813)","('VALUE', 248.16100775632813)",True,True
integrated_aggregation,AGR-AREA_41-RETIRADA_CONDENSADO_TOTAL-GRUPO-L1_L7-ANUAL-AVERAGE,VAR16036@L1_L7@2026-01-15,15 diários,"('VALUE', 248.16223171343432)","('VALUE', 248.16223171343432)",True,True
integrated_aggregation,AGR-AREA_41-RETIRADA_CONDENSADO_TOTAL-GRUPO-L1_L7-ANUAL-AVERAGE,VAR16036@L1_L7@2026-01-16,16 diários,"('VALUE', 248.1634557715585)","('VALUE', 248.1634557715585)",True,True
integrated_aggregation,AGR-AREA_41-RETIRADA_CONDENSADO_TOTAL-GRUPO-L1_L7-ANUAL-AVERAGE,VAR16036@L1_L7@2026-01-17,17 diários,"('VALUE', 248.1646799306969)","('VALUE', 248.1646799306969)",True,True
integrated_aggregation,AGR-AREA_41-RETIRADA_CONDENSADO_TOTAL-GRUPO-L1_L7-ANUAL-AVERAGE,VAR16036@L1_L7@2026-01-18,18 diários,"('VALUE', 248.16590419084585)","('VALUE', 248.16590419084585)",True,True
integrated_aggregation,AGR-AREA_41-RETIRADA_CONDENSADO_TOTAL-GRUPO-L1_L7-ANUAL-AVERAGE,VAR16036@L1_L7@2026-01-19,19 diários,"('VALUE', 248.16712855200163)","('VALUE', 248.16712855200163)",True,True
integrated_aggregation,AGR-AREA_41-RETIRADA_CONDENSADO_TOTAL-GRUPO-L1_L7-ANUAL-AVERAGE,VAR16036@L1_L7@2026-01-20,20 diários,"('VALUE', 248.1683530141605)","('VALUE', 248.1683530141605)",True,True
integrated_aggregation,AGR-AREA_41-RETIRADA_CONDENSADO_TOTAL-GRUPO-L1_L7-ANUAL-AVERAGE,VAR16036@L1_L7@2026-01-21,21 diários,"('VALUE', 248.16957757731876)","('VALUE', 248.16957757731876)",True,True
integrated_aggregation,AGR-AREA_41-RETIRADA_CONDENSADO_TOTAL-GRUPO-L1_L7-ANUAL-AVERAGE,VAR16036@L1_L7@2026-01-22,22 diários,"('VALUE', 248.17080224147267)","('VALUE', 248.17080224147267)",True,True
integrated_aggregation,AGR-AREA_41-RETIRADA_CONDENSADO_TOTAL-GRUPO-L1_L7-ANUAL-AVERAGE,VAR16036@L1_L7@2026-01-23,23 diários,"('VALUE', 248.17202700661852)","('VALUE', 248.17202700661852)",True,True
integrated_aggregation,AGR-AREA_41-RETIRADA_CONDENSADO_TOTAL-GRUPO-L1_L7-ANUAL-AVERAGE,VAR16036@L1_L7@2026-01-24,24 diários,"('VALUE', 248.17325187275262)","('VALUE', 248.17325187275262)",True,True
integrated_aggregation,AGR-AREA_41-RETIRADA_CONDENSADO_TOTAL-GRUPO-L1_L7-ANUAL-AVERAGE,VAR16036@L1_L7@2026-01-25,25 diários,"('VALUE', 248.1744768398712)","('VALUE', 248.1744768398712)",True,True
integrated_aggregation,AGR-AREA_41-RETIRADA_CONDENSADO_TOTAL-GRUPO-L1_L7-ANUAL-AVERAGE,VAR16036@L1_L7@2026-01-26,26 diários,"('VALUE', 248.17570190797062)","('VALUE', 248.17570190797062)",True,True
integrated_aggregation,AGR-AREA_41-RETIRADA_CONDENSADO_TOTAL-GRUPO-L1_L7-ANUAL-AVERAGE,VAR16036@L1_L7@2026-01-27,27 diários,"('VALUE', 248.1769270770471)","('VALUE', 248.1769270770471)",True,True
integrated_aggregation,AGR-AREA_41-RETIRADA_CONDENSADO_TOTAL-GRUPO-L1_L7-ANUAL-AVERAGE,VAR16036@L1_L7@2026-01-28,28 diários,"('VALUE', 248.17815234709693)","('VALUE', 248.17815234709693)",True,True
integrated_aggregation,AGR-AREA_41-RETIRADA_CONDENSADO_TOTAL-GRUPO-L1_L7-ANUAL-AVERAGE,VAR16036@L1_L7@2026-01-29,29 diários,"('VALUE', 248.1793777181164)","('VALUE', 248.1793777181164)",True,True
integrated_aggregation,AGR-AREA_41-RETIRADA_CONDENSADO_TOTAL-GRUPO-L1_L7-ANUAL-AVERAGE,VAR16036@L1_L7@2026-01-30,30 diários,"('VALUE', 248.18060319010178)","('VALUE', 248.18060319010178)",True,True
integrated_aggregation,AGR-AREA_41-RETIRADA_CONDENSADO_TOTAL-GRUPO-L1_L7-ANUAL-AVERAGE,VAR16036@L1_L7@2026-01-31,31 diários,"('VALUE', 248.18182876304934)","('VALUE', 248.18182876304934)",True,True
integrated_aggregation,AGR-AREA_41-RETIRADA_CONDENSADO_TOTAL-GRUPO-L1_L7-ANUAL-AVERAGE,VAR16036@L1_L7@2026-02-01,32 diários,"('VALUE', 248.1830544369554)","('VALUE', 248.1830544369554)",True,True
integrated_daily_with_F,2026-01-01,retirada_cond_corr_ltp@L1_L3,,"('VALUE', -77.97316455014742)","('VALUE', -77.97316455014742)",True,True
integrated_daily_with_F,2026-01-01,retirada_cond_corr_ltp@L4_L5,,"('VALUE', -77.84461622863684)","('VALUE', -77.84461622863684)",True,True
integrated_daily_with_F,2026-01-01,retirada_cond_corr_ltp@L6_L7,,"('VALUE', -77.7169108530004)","('VALUE', -77.7169108530004)",True,True
integrated_daily_with_F,2026-01-01,lth_grupo@L1_L3,,"('VALUE', 1.346568685)","('VALUE', 1.346568685)",True,True
integrated_daily_with_F,2026-01-01,lth_grupo@L4_L5,,"('VALUE', 1.349041643333333)","('VALUE', 1.349041643333333)",True,True
integrated_daily_with_F,2026-01-01,lth_grupo@L6_L7,,"('VALUE', 1.3510200099999998)","('VALUE', 1.3510200099999998)",True,True
integrated_daily_with_F,2026-01-01,retirada_cond_corr_lth@L1_L3,,"('VALUE', -71.79506341226892)","('VALUE', -71.79506341226892)",True,True
integrated_daily_with_F,2026-01-01,retirada_cond_corr_lth@L4_L5,,"('VALUE', -71.63327837395879)","('VALUE', -71.63327837395879)",True,True
integrated_daily_with_F,2026-01-01,retirada_cond_corr_lth@L6_L7,,"('VALUE', -71.47949766035994)","('VALUE', -71.47949766035994)",True,True
integrated_daily_with_F,2026-01-01,retirada_condensado_grupo@L1_L3,,"('VALUE', 23.2476034136355)","('VALUE', 23.2476034136355)",True,True
integrated_daily_with_F,2026-01-01,retirada_condensado_grupo@L4_L5,,"('VALUE', 112.4226757093561)","('VALUE', 112.4226757093561)",True,True
integrated_daily_with_F,2026-01-01,retirada_condensado_grupo@L6_L7,,"('VALUE', 112.47482638528092)","('VALUE', 112.47482638528092)",True,True
integrated_daily_with_F,2026-01-01,retirada_condensado_linha@L1,,"('VALUE', 7.743508609381717)","('VALUE', 7.743508609381717)",True,True
integrated_daily_with_F,2026-01-01,retirada_condensado_linha@L2,,"('VALUE', 7.749201137878497)","('VALUE', 7.749201137878497)",True,True
integrated_daily_with_F,2026-01-01,retirada_condensado_linha@L3,,"('VALUE', 7.754893666375282)","('VALUE', 7.754893666375282)",True,True
integrated_daily_with_F,2026-01-01,retirada_condensado_linha@L4,,"('VALUE', 56.190729403180285)","('VALUE', 56.190729403180285)",True,True
integrated_daily_with_F,2026-01-01,retirada_condensado_linha@L5,,"('VALUE', 56.23194630617582)","('VALUE', 56.23194630617582)",True,True
integrated_daily_with_F,2026-01-01,retirada_condensado_linha@L6,,"('VALUE', 56.21682537327872)","('VALUE', 56.21682537327872)",True,True
integrated_daily_with_F,2026-01-01,retirada_condensado_linha@L7,,"('VALUE', 56.25800101200219)","('VALUE', 56.25800101200219)",True,True
integrated_daily_with_F,2026-01-01,retirada_condensado_total@L1_L7,,"('VALUE', 248.1451055082725)","('VALUE', 248.1451055082725)",True,True
integrated_daily_with_F,2026-01-02,retirada_cond_corr_ltp@L1_L3,,"('VALUE', -77.97316455014742)","('VALUE', -77.97316455014742)",True,True
integrated_daily_with_F,2026-01-02,retirada_cond_corr_ltp@L4_L5,,"('VALUE', -77.84461622863684)","('VALUE', -77.84461622863684)",True,True
integrated_daily_with_F,2026-01-02,retirada_cond_corr_ltp@L6_L7,,"('VALUE', -77.7169108530004)","('VALUE', -77.7169108530004)",True,True
integrated_daily_with_F,2026-01-02,lth_grupo@L1_L3,,"('VALUE', 1.3465898733333335)","('VALUE', 1.3465898733333335)",True,True
integrated_daily_with_F,2026-01-02,lth_grupo@L4_L5,,"('VALUE', 1.3490628733333332)","('VALUE', 1.3490628733333332)",True,True
integrated_daily_with_F,2026-01-02,lth_grupo@L6_L7,,"('VALUE', 1.3510412733333332)","('VALUE', 1.3510412733333332)",True,True
integrated_daily_with_F,2026-01-02,retirada_cond_corr_lth@L1_L3,,"('VALUE', -71.79475697446904)","('VALUE', -71.79475697446904)",True,True
integrated_daily_with_F,2026-01-02,retirada_cond_corr_lth@L4_L5,,"('VALUE', -71.63297189639465)","('VALUE', -71.63297189639465)",True,True
integrated_daily_with_F,2026-01-02,retirada_cond_corr_lth@L6_L7,,"('VALUE', -71.47919115108924)","('VALUE', -71.47919115108924)",True,True
integrated_daily_with_F,2026-01-02,retirada_condensado_grupo@L1_L3,,"('VALUE', 23.248822727035133)","('VALUE', 23.248822727035133)",True,True
integrated_daily_with_F,2026-01-02,retirada_condensado_grupo@L4_L5,,"('STATE', ('NO_APPLICABLE_RULE', None, None))","('STATE', ('NO_APPLICABLE_RULE', None, None))",True,True
integrated_daily_with_F,2026-01-02,retirada_condensado_grupo@L6_L7,,"('VALUE', 112.47543940382232)","('VALUE', 112.47543940382232)",True,True
integrated_daily_with_F,2026-01-02,retirada_condensado_linha@L1,,"('VALUE', 7.743914742273291)","('VALUE', 7.743914742273291)",True,True
integrated_daily_with_F,2026-01-02,retirada_condensado_linha@L2,,"('VALUE', 7.749607575678376)","('VALUE', 7.749607575678376)",True,True
integrated_daily_with_F,2026-01-02,retirada_condensado_linha@L3,,"('VALUE', 7.755300409083463)","('VALUE', 7.755300409083463)",True,True
integrated_daily_with_F,2026-01-02,retirada_condensado_linha@L4,,"('STATE', ('NO_APPLICABLE_RULE', None, None))","('STATE', ('NO_APPLICABLE_RULE', None, None))",True,True
integrated_daily_with_F,2026-01-02,retirada_condensado_linha@L5,,"('STATE', ('NO_APPLICABLE_RULE', None, None))","('STATE', ('NO_APPLICABLE_RULE', None, None))",True,True
integrated_daily_with_F,2026-01-02,retirada_condensado_linha@L6,,"('VALUE', 56.21713174748403)","('VALUE', 56.21713174748403)",True,True
integrated_daily_with_F,2026-01-02,retirada_condensado_linha@L7,,"('VALUE', 56.258307656338296)","('VALUE', 56.258307656338296)",True,True
integrated_daily_with_F,2026-01-02,retirada_condensado_total@L1_L7,,"('STATE', ('NO_APPLICABLE_RULE', None, None))","('STATE', ('NO_APPLICABLE_RULE', None, None))",True,True
integrated_daily_with_F,2026-01-03,retirada_cond_corr_ltp@L1_L3,,"('VALUE', -77.97316455014742)","('VALUE', -77.97316455014742)",True,True
integrated_daily_with_F,2026-01-03,retirada_cond_corr_ltp@L4_L5,,"('VALUE', -77.84461622863684)","('VALUE', -77.84461622863684)",True,True
integrated_daily_with_F,2026-01-03,retirada_cond_corr_ltp@L6_L7,,"('VALUE', -77.7169108530004)","('VALUE', -77.7169108530004)",True,True
integrated_daily_with_F,2026-01-03,lth_grupo@L1_L3,,"('VALUE', 1.346611065)","('VALUE', 1.346611065)",True,True
integrated_daily_with_F,2026-01-03,lth_grupo@L4_L5,,"('VALUE', 1.3490841066666666)","('VALUE', 1.3490841066666666)",True,True
integrated_daily_with_F,2026-01-03,lth_grupo@L6_L7,,"('VALUE', 1.3510625399999998)","('VALUE', 1.3510625399999998)",True,True
integrated_daily_with_F,2026-01-03,retirada_cond_corr_lth@L1_L3,,"('VALUE', -71.79445049328342)","('VALUE', -71.79445049328342)",True,True
integrated_daily_with_F,2026-01-03,retirada_cond_corr_lth@L4_L5,,"('VALUE', -71.63266537553442)","('VALUE', -71.63266537553442)",True,True
integrated_daily_with_F,2026-01-03,retirada_cond_corr_lth@L6_L7,,"('VALUE', -71.4788845985939)","('VALUE', -71.4788845985939)",True,True
integrated_daily_with_F,2026-01-03,retirada_condensado_grupo@L1_L3,,"('VALUE', 23.250042170591986)","('VALUE', 23.250042170591986)",True,True
integrated_daily_with_F,2026-01-03,retirada_condensado_grupo@L4_L5,,"('VALUE', 112.42390170620484)","('VALUE', 112.42390170620484)",True,True
integrated_daily_with_F,2026-01-03,retirada_condensado_grupo@L6_L7,,"('VALUE', 112.47605250881301)","('VALUE', 112.47605250881301)",True,True
integrated_daily_with_F,2026-01-03,retirada_condensado_linha@L1,,"('VALUE', 7.744320918532362)","('VALUE', 7.744320918532362)",True,True
integrated_daily_with_F,2026-01-03,retirada_condensado_linha@L2,,"('VALUE', 7.7500140568639955)","('VALUE', 7.7500140568639955)",True,True
integrated_daily_with_F,2026-01-03,retirada_condensado_linha@L3,,"('VALUE', 7.755707195195628)","('VALUE', 7.755707195195628)",True,True
integrated_daily_with_F,2026-01-03,retirada_condensado_linha@L4,,"('VALUE', 56.19134213109059)","('VALUE', 56.19134213109059)",True,True
integrated_daily_with_F,2026-01-03,retirada_condensado_linha@L5,,"('VALUE', 56.23255957511426)","('VALUE', 56.23255957511426)",True,True
integrated_daily_with_F,2026-01-03,retirada_condensado_linha@L6,,"('VALUE', 56.217438164949414)","('VALUE', 56.217438164949414)",True,True
integrated_daily_with_F,2026-01-03,retirada_condensado_linha@L7,,"('VALUE', 56.2586143438636)","('VALUE', 56.2586143438636)",True,True
integrated_daily_with_F,2026-01-03,retirada_condensado_total@L1_L7,,"('VALUE', 248.14999638560985)","('VALUE', 248.14999638560985)",True,True
integrated_daily_with_F,2026-01-04,retirada_cond_corr_ltp@L1_L3,,"('VALUE', -77.97316455014742)","('VALUE', -77.97316455014742)",True,True
integrated_daily_with_F,2026-01-04,retirada_cond_corr_ltp@L4_L5,,"('VALUE', -77.84461622863684)","('VALUE', -77.84461622863684)",True,True
integrated_daily_with_F,2026-01-04,retirada_cond_corr_ltp@L6_L7,,"('VALUE', -77.7169108530004)","('VALUE', -77.7169108530004)",True,True
integrated_daily_with_F,2026-01-04,lth_grupo@L1_L3,,"('VALUE', 1.34663226)","('VALUE', 1.34663226)",True,True
integrated_daily_with_F,2026-01-04,lth_grupo@L4_L5,,"('VALUE', 1.349105343333333)","('VALUE', 1.349105343333333)",True,True
integrated_daily_with_F,2026-01-04,lth_grupo@L6_L7,,"('VALUE', 1.35108381)","('VALUE', 1.35108381)",True,True
integrated_daily_with_F,2026-01-04,retirada_cond_corr_lth@L1_L3,,"('VALUE', -71.7941439687142)","('VALUE', -71.7941439687142)",True,True
integrated_daily_with_F,2026-01-04,retirada_cond_corr_lth@L4_L5,,"('VALUE', -71.6323588113802)","('VALUE', -71.6323588113802)",True,True
integrated_daily_with_F,2026-01-04,retirada_cond_corr_lth@L6_L7,,"('VALUE', -71.47857800287599)","('VALUE', -71.47857800287599)",True,True
integrated_daily_with_F,2026-01-04,retirada_condensado_grupo@L1_L3,,"('VALUE', 23.25126174429966)","('VALUE', 23.25126174429966)",True,True
integrated_daily_with_F,2026-01-04,retirada_condensado_grupo@L4_L5,,"('VALUE', 112.42451483451327)","('VALUE', 112.42451483451327)",True,True
integrated_daily_with_F,2026-01-04,retirada_condensado_grupo@L6_L7,,"('VALUE', 112.47666570024882)","('VALUE', 112.47666570024882)",True,True
integrated_daily_with_F,2026-01-04,retirada_condensado_linha@L1,,"('VALUE', 7.744727138156801)","('VALUE', 7.744727138156801)",True,True
integrated_daily_with_F,2026-01-04,retirada_condensado_linha@L2,,"('VALUE', 7.750420581433218)","('VALUE', 7.750420581433218)",True,True
integrated_daily_with_F,2026-01-04,retirada_condensado_linha@L3,,"('VALUE', 7.756114024709638)","('VALUE', 7.756114024709638)",True,True
integrated_daily_with_F,2026-01-04,retirada_condensado_linha@L4,,"('VALUE', 56.19164856004107)","('VALUE', 56.19164856004107)",True,True
integrated_daily_with_F,2026-01-04,retirada_condensado_linha@L5,,"('VALUE', 56.23286627447222)","('VALUE', 56.23286627447222)",True,True
integrated_daily_with_F,2026-01-04,retirada_condensado_linha@L6,,"('VALUE', 56.21774462567279)","('VALUE', 56.21774462567279)",True,True
integrated_daily_with_F,2026-01-04,retirada_condensado_linha@L7,,"('VALUE', 56.258921074576016)","('VALUE', 56.258921074576016)",True,True
integrated_daily_with_F,2026-01-04,retirada_condensado_total@L1_L7,,"('VALUE', 248.15244227906175)","('VALUE', 248.15244227906175)",True,True
integrated_aggregation_with_F,AGR-AREA_41-RETIRADA_CONDENSADO_GRUPO-GRUPO-L1_L3-MENSAL-AVERAGE,VAR16019@L1_L3@2026-01-01,1 diários,"('VALUE', 23.2476034136355)","('VALUE', 23.2476034136355)",True,True
integrated_aggregation_with_F,AGR-AREA_41-RETIRADA_CONDENSADO_GRUPO-GRUPO-L1_L3-MENSAL-AVERAGE,VAR16019@L1_L3@2026-01-02,2 diários,"('VALUE', 23.248213070335318)","('VALUE', 23.248213070335318)",True,True
integrated_aggregation_with_F,AGR-AREA_41-RETIRADA_CONDENSADO_GRUPO-GRUPO-L1_L3-MENSAL-AVERAGE,VAR16019@L1_L3@2026-01-03,3 diários,"('VALUE', 23.248822770420873)","('VALUE', 23.248822770420873)",True,True
integrated_aggregation_with_F,AGR-AREA_41-RETIRADA_CONDENSADO_GRUPO-GRUPO-L1_L3-MENSAL-AVERAGE,VAR16019@L1_L3@2026-01-04,4 diários,"('VALUE', 23.249432513890568)","('VALUE', 23.249432513890568)",True,True
integrated_aggregation_with_F,AGR-AREA_41-RETIRADA_CONDENSADO_GRUPO-GRUPO-L1_L3-ANUAL-AVERAGE,VAR16020@L1_L3@2026-01-01,1 diários,"('VALUE', 23.2476034136355)","('VALUE', 23.2476034136355)",True,True
integrated_aggregation_with_F,AGR-AREA_41-RETIRADA_CONDENSADO_GRUPO-GRUPO-L1_L3-ANUAL-AVERAGE,VAR16020@L1_L3@2026-01-02,2 diários,"('VALUE', 23.248213070335318)","('VALUE', 23.248213070335318)",True,True
integrated_aggregation_with_F,AGR-AREA_41-RETIRADA_CONDENSADO_GRUPO-GRUPO-L1_L3-ANUAL-AVERAGE,VAR16020@L1_L3@2026-01-03,3 diários,"('VALUE', 23.248822770420873)","('VALUE', 23.248822770420873)",True,True
integrated_aggregation_with_F,AGR-AREA_41-RETIRADA_CONDENSADO_GRUPO-GRUPO-L1_L3-ANUAL-AVERAGE,VAR16020@L1_L3@2026-01-04,4 diários,"('VALUE', 23.249432513890568)","('VALUE', 23.249432513890568)",True,True
integrated_aggregation_with_F,AGR-AREA_41-RETIRADA_CONDENSADO_GRUPO-GRUPO-L4_L5-MENSAL-AVERAGE,VAR16026@L4_L5@2026-01-01,1 diários,"('VALUE', 112.4226757093561)","('VALUE', 112.4226757093561)",True,True
integrated_aggregation_with_F,AGR-AREA_41-RETIRADA_CONDENSADO_GRUPO-GRUPO-L4_L5-MENSAL-AVERAGE,VAR16026@L4_L5@2026-01-02,2 diários,"('STATE', ('NO_APPLICABLE_RULE', None, None))","('STATE', ('NO_APPLICABLE_RULE', None, None))",True,True
integrated_aggregation_with_F,AGR-AREA_41-RETIRADA_CONDENSADO_GRUPO-GRUPO-L4_L5-MENSAL-AVERAGE,VAR16026@L4_L5@2026-01-03,3 diários,"('STATE', ('NO_APPLICABLE_RULE', None, None))","('STATE', ('NO_APPLICABLE_RULE', None, None))",True,True
integrated_aggregation_with_F,AGR-AREA_41-RETIRADA_CONDENSADO_GRUPO-GRUPO-L4_L5-MENSAL-AVERAGE,VAR16026@L4_L5@2026-01-04,4 diários,"('STATE', ('NO_APPLICABLE_RULE', None, None))","('STATE', ('NO_APPLICABLE_RULE', None, None))",True,True
integrated_aggregation_with_F,AGR-AREA_41-RETIRADA_CONDENSADO_GRUPO-GRUPO-L4_L5-ANUAL-AVERAGE,VAR16027@L4_L5@2026-01-01,1 diários,"('VALUE', 112.4226757093561)","('VALUE', 112.4226757093561)",True,True
integrated_aggregation_with_F,AGR-AREA_41-RETIRADA_CONDENSADO_GRUPO-GRUPO-L4_L5-ANUAL-AVERAGE,VAR16027@L4_L5@2026-01-02,2 diários,"('STATE', ('NO_APPLICABLE_RULE', None, None))","('STATE', ('NO_APPLICABLE_RULE', None, None))",True,True
integrated_aggregation_with_F,AGR-AREA_41-RETIRADA_CONDENSADO_GRUPO-GRUPO-L4_L5-ANUAL-AVERAGE,VAR16027@L4_L5@2026-01-03,3 diários,"('STATE', ('NO_APPLICABLE_RULE', None, None))","('STATE', ('NO_APPLICABLE_RULE', None, None))",True,True
integrated_aggregation_with_F,AGR-AREA_41-RETIRADA_CONDENSADO_GRUPO-GRUPO-L4_L5-ANUAL-AVERAGE,VAR16027@L4_L5@2026-01-04,4 diários,"('STATE', ('NO_APPLICABLE_RULE', None, None))","('STATE', ('NO_APPLICABLE_RULE', None, None))",True,True
integrated_aggregation_with_F,AGR-AREA_41-RETIRADA_CONDENSADO_GRUPO-GRUPO-L6_L7-MENSAL-AVERAGE,VAR16029@L6_L7@2026-01-01,1 diários,"('VALUE', 112.47482638528092)","('VALUE', 112.47482638528092)",True,True
integrated_aggregation_with_F,AGR-AREA_41-RETIRADA_CONDENSADO_GRUPO-GRUPO-L6_L7-MENSAL-AVERAGE,VAR16029@L6_L7@2026-01-02,2 diários,"('VALUE', 112.47513289455162)","('VALUE', 112.47513289455162)",True,True
integrated_aggregation_with_F,AGR-AREA_41-RETIRADA_CONDENSADO_GRUPO-GRUPO-L6_L7-MENSAL-AVERAGE,VAR16029@L6_L7@2026-01-03,3 diários,"('VALUE', 112.47543943263877)","('VALUE', 112.47543943263877)",True,True
integrated_aggregation_with_F,AGR-AREA_41-RETIRADA_CONDENSADO_GRUPO-GRUPO-L6_L7-MENSAL-AVERAGE,VAR16029@L6_L7@2026-01-04,4 diários,"('VALUE', 112.47574599954127)","('VALUE', 112.47574599954127)",True,True
integrated_aggregation_with_F,AGR-AREA_41-RETIRADA_CONDENSADO_GRUPO-GRUPO-L6_L7-ANUAL-AVERAGE,VAR16030@L6_L7@2026-01-01,1 diários,"('VALUE', 112.47482638528092)","('VALUE', 112.47482638528092)",True,True
integrated_aggregation_with_F,AGR-AREA_41-RETIRADA_CONDENSADO_GRUPO-GRUPO-L6_L7-ANUAL-AVERAGE,VAR16030@L6_L7@2026-01-02,2 diários,"('VALUE', 112.47513289455162)","('VALUE', 112.47513289455162)",True,True
integrated_aggregation_with_F,AGR-AREA_41-RETIRADA_CONDENSADO_GRUPO-GRUPO-L6_L7-ANUAL-AVERAGE,VAR16030@L6_L7@2026-01-03,3 diários,"('VALUE', 112.47543943263877)","('VALUE', 112.47543943263877)",True,True
integrated_aggregation_with_F,AGR-AREA_41-RETIRADA_CONDENSADO_GRUPO-GRUPO-L6_L7-ANUAL-AVERAGE,VAR16030@L6_L7@2026-01-04,4 diários,"('VALUE', 112.47574599954127)","('VALUE', 112.47574599954127)",True,True
integrated_aggregation_with_F,AGR-AREA_41-RETIRADA_CONDENSADO_LINHA-LINHA-L1_L7-MENSAL-AVERAGE,VAR16032@L1@2026-01-01,1 diários,"('VALUE', 7.743508609381717)","('VALUE', 7.743508609381717)",True,True
integrated_aggregation_with_F,AGR-AREA_41-RETIRADA_CONDENSADO_LINHA-LINHA-L1_L7-MENSAL-AVERAGE,VAR16032@L1@2026-01-02,2 diários,"('VALUE', 7.7437116758275035)","('VALUE', 7.7437116758275035)",True,True
integrated_aggregation_with_F,AGR-AREA_41-RETIRADA_CONDENSADO_LINHA-LINHA-L1_L7-MENSAL-AVERAGE,VAR16032@L1@2026-01-03,3 diários,"('VALUE', 7.743914756729123)","('VALUE', 7.743914756729123)",True,True
integrated_aggregation_with_F,AGR-AREA_41-RETIRADA_CONDENSADO_LINHA-LINHA-L1_L7-MENSAL-AVERAGE,VAR16032@L1@2026-01-04,4 diários,"('VALUE', 7.744117852086043)","('VALUE', 7.744117852086043)",True,True
integrated_aggregation_with_F,AGR-AREA_41-RETIRADA_CONDENSADO_LINHA-LINHA-L1_L7-MENSAL-AVERAGE,VAR16032@L2@2026-01-01,1 diários,"('VALUE', 7.749201137878497)","('VALUE', 7.749201137878497)",True,True
integrated_aggregation_with_F,AGR-AREA_41-RETIRADA_CONDENSADO_LINHA-LINHA-L1_L7-MENSAL-AVERAGE,VAR16032@L2@2026-01-02,2 diários,"('VALUE', 7.749404356778436)","('VALUE', 7.749404356778436)",True,True
integrated_aggregation_with_F,AGR-AREA_41-RETIRADA_CONDENSADO_LINHA-LINHA-L1_L7-MENSAL-AVERAGE,VAR16032@L2@2026-01-03,3 diários,"('VALUE', 7.74960759014029)","('VALUE', 7.74960759014029)",True,True
integrated_aggregation_with_F,AGR-AREA_41-RETIRADA_CONDENSADO_LINHA-LINHA-L1_L7-MENSAL-AVERAGE,VAR16032@L2@2026-01-04,4 diários,"('VALUE', 7.749810837963522)","('VALUE', 7.749810837963522)",True,True
integrated_aggregation_with_F,AGR-AREA_41-RETIRADA_CONDENSADO_LINHA-LINHA-L1_L7-MENSAL-AVERAGE,VAR16032@L3@2026-01-01,1 diários,"('VALUE', 7.754893666375282)","('VALUE', 7.754893666375282)",True,True
integrated_aggregation_with_F,AGR-AREA_41-RETIRADA_CONDENSADO_LINHA-LINHA-L1_L7-MENSAL-AVERAGE,VAR16032@L3@2026-01-02,2 diários,"('VALUE', 7.755097037729373)","('VALUE', 7.755097037729373)",True,True
integrated_aggregation_with_F,AGR-AREA_41-RETIRADA_CONDENSADO_LINHA-LINHA-L1_L7-MENSAL-AVERAGE,VAR16032@L3@2026-01-03,3 diários,"('VALUE', 7.755300423551458)","('VALUE', 7.755300423551458)",True,True
integrated_aggregation_with_F,AGR-AREA_41-RETIRADA_CONDENSADO_LINHA-LINHA-L1_L7-MENSAL-AVERAGE,VAR16032@L3@2026-01-04,4 diários,"('VALUE', 7.7555038238410035)","('VALUE', 7.7555038238410035)",True,True
integrated_aggregation_with_F,AGR-AREA_41-RETIRADA_CONDENSADO_LINHA-LINHA-L1_L7-MENSAL-AVERAGE,VAR16032@L4@2026-01-01,1 diários,"('VALUE', 56.190729403180285)","('VALUE', 56.190729403180285)",True,True
integrated_aggregation_with_F,AGR-AREA_41-RETIRADA_CONDENSADO_LINHA-LINHA-L1_L7-MENSAL-AVERAGE,VAR16032@L4@2026-01-02,2 diários,"('STATE', ('NO_APPLICABLE_RULE', None, None))","('STATE', ('NO_APPLICABLE_RULE', None, None))",True,True
integrated_aggregation_with_F,AGR-AREA_41-RETIRADA_CONDENSADO_LINHA-LINHA-L1_L7-MENSAL-AVERAGE,VAR16032@L4@2026-01-03,3 diários,"('STATE', ('NO_APPLICABLE_RULE', None, None))","('STATE', ('NO_APPLICABLE_RULE', None, None))",True,True
integrated_aggregation_with_F,AGR-AREA_41-RETIRADA_CONDENSADO_LINHA-LINHA-L1_L7-MENSAL-AVERAGE,VAR16032@L4@2026-01-04,4 diários,"('STATE', ('NO_APPLICABLE_RULE', None, None))","('STATE', ('NO_APPLICABLE_RULE', None, None))",True,True
integrated_aggregation_with_F,AGR-AREA_41-RETIRADA_CONDENSADO_LINHA-LINHA-L1_L7-MENSAL-AVERAGE,VAR16032@L5@2026-01-01,1 diários,"('VALUE', 56.23194630617582)","('VALUE', 56.23194630617582)",True,True
integrated_aggregation_with_F,AGR-AREA_41-RETIRADA_CONDENSADO_LINHA-LINHA-L1_L7-MENSAL-AVERAGE,VAR16032@L5@2026-01-02,2 diários,"('STATE', ('NO_APPLICABLE_RULE', None, None))","('STATE', ('NO_APPLICABLE_RULE', None, None))",True,True
integrated_aggregation_with_F,AGR-AREA_41-RETIRADA_CONDENSADO_LINHA-LINHA-L1_L7-MENSAL-AVERAGE,VAR16032@L5@2026-01-03,3 diários,"('STATE', ('NO_APPLICABLE_RULE', None, None))","('STATE', ('NO_APPLICABLE_RULE', None, None))",True,True
integrated_aggregation_with_F,AGR-AREA_41-RETIRADA_CONDENSADO_LINHA-LINHA-L1_L7-MENSAL-AVERAGE,VAR16032@L5@2026-01-04,4 diários,"('STATE', ('NO_APPLICABLE_RULE', None, None))","('STATE', ('NO_APPLICABLE_RULE', None, None))",True,True
integrated_aggregation_with_F,AGR-AREA_41-RETIRADA_CONDENSADO_LINHA-LINHA-L1_L7-MENSAL-AVERAGE,VAR16032@L6@2026-01-01,1 diários,"('VALUE', 56.21682537327872)","('VALUE', 56.21682537327872)",True,True
integrated_aggregation_with_F,AGR-AREA_41-RETIRADA_CONDENSADO_LINHA-LINHA-L1_L7-MENSAL-AVERAGE,VAR16032@L6@2026-01-02,2 diários,"('VALUE', 56.21697856038138)","('VALUE', 56.21697856038138)",True,True
integrated_aggregation_with_F,AGR-AREA_41-RETIRADA_CONDENSADO_LINHA-LINHA-L1_L7-MENSAL-AVERAGE,VAR16032@L6@2026-01-03,3 diários,"('VALUE', 56.21713176190406)","('VALUE', 56.21713176190406)",True,True
integrated_aggregation_with_F,AGR-AREA_41-RETIRADA_CONDENSADO_LINHA-LINHA-L1_L7-MENSAL-AVERAGE,VAR16032@L6@2026-01-04,4 diários,"('VALUE', 56.21728497784624)","('VALUE', 56.21728497784624)",True,True
integrated_aggregation_with_F,AGR-AREA_41-RETIRADA_CONDENSADO_LINHA-LINHA-L1_L7-MENSAL-AVERAGE,VAR16032@L7@2026-01-01,1 diários,"('VALUE', 56.25800101200219)","('VALUE', 56.25800101200219)",True,True
integrated_aggregation_with_F,AGR-AREA_41-RETIRADA_CONDENSADO_LINHA-LINHA-L1_L7-MENSAL-AVERAGE,VAR16032@L7@2026-01-02,2 diários,"('VALUE', 56.25815433417024)","('VALUE', 56.25815433417024)",True,True
integrated_aggregation_with_F,AGR-AREA_41-RETIRADA_CONDENSADO_LINHA-LINHA-L1_L7-MENSAL-AVERAGE,VAR16032@L7@2026-01-03,3 diários,"('VALUE', 56.258307670734695)","('VALUE', 56.258307670734695)",True,True
integrated_aggregation_with_F,AGR-AREA_41-RETIRADA_CONDENSADO_LINHA-LINHA-L1_L7-MENSAL-AVERAGE,VAR16032@L7@2026-01-04,4 diários,"('VALUE', 56.25846102169503)","('VALUE', 56.25846102169503)",True,True
integrated_aggregation_with_F,AGR-AREA_41-RETIRADA_CONDENSADO_LINHA-LINHA-L1_L7-ANUAL-AVERAGE,VAR16033@L1@2026-01-01,1 diários,"('VALUE', 7.743508609381717)","('VALUE', 7.743508609381717)",True,True
integrated_aggregation_with_F,AGR-AREA_41-RETIRADA_CONDENSADO_LINHA-LINHA-L1_L7-ANUAL-AVERAGE,VAR16033@L1@2026-01-02,2 diários,"('VALUE', 7.7437116758275035)","('VALUE', 7.7437116758275035)",True,True
integrated_aggregation_with_F,AGR-AREA_41-RETIRADA_CONDENSADO_LINHA-LINHA-L1_L7-ANUAL-AVERAGE,VAR16033@L1@2026-01-03,3 diários,"('VALUE', 7.743914756729123)","('VALUE', 7.743914756729123)",True,True
integrated_aggregation_with_F,AGR-AREA_41-RETIRADA_CONDENSADO_LINHA-LINHA-L1_L7-ANUAL-AVERAGE,VAR16033@L1@2026-01-04,4 diários,"('VALUE', 7.744117852086043)","('VALUE', 7.744117852086043)",True,True
integrated_aggregation_with_F,AGR-AREA_41-RETIRADA_CONDENSADO_LINHA-LINHA-L1_L7-ANUAL-AVERAGE,VAR16033@L2@2026-01-01,1 diários,"('VALUE', 7.749201137878497)","('VALUE', 7.749201137878497)",True,True
integrated_aggregation_with_F,AGR-AREA_41-RETIRADA_CONDENSADO_LINHA-LINHA-L1_L7-ANUAL-AVERAGE,VAR16033@L2@2026-01-02,2 diários,"('VALUE', 7.749404356778436)","('VALUE', 7.749404356778436)",True,True
integrated_aggregation_with_F,AGR-AREA_41-RETIRADA_CONDENSADO_LINHA-LINHA-L1_L7-ANUAL-AVERAGE,VAR16033@L2@2026-01-03,3 diários,"('VALUE', 7.74960759014029)","('VALUE', 7.74960759014029)",True,True
integrated_aggregation_with_F,AGR-AREA_41-RETIRADA_CONDENSADO_LINHA-LINHA-L1_L7-ANUAL-AVERAGE,VAR16033@L2@2026-01-04,4 diários,"('VALUE', 7.749810837963522)","('VALUE', 7.749810837963522)",True,True
integrated_aggregation_with_F,AGR-AREA_41-RETIRADA_CONDENSADO_LINHA-LINHA-L1_L7-ANUAL-AVERAGE,VAR16033@L3@2026-01-01,1 diários,"('VALUE', 7.754893666375282)","('VALUE', 7.754893666375282)",True,True
integrated_aggregation_with_F,AGR-AREA_41-RETIRADA_CONDENSADO_LINHA-LINHA-L1_L7-ANUAL-AVERAGE,VAR16033@L3@2026-01-02,2 diários,"('VALUE', 7.755097037729373)","('VALUE', 7.755097037729373)",True,True
integrated_aggregation_with_F,AGR-AREA_41-RETIRADA_CONDENSADO_LINHA-LINHA-L1_L7-ANUAL-AVERAGE,VAR16033@L3@2026-01-03,3 diários,"('VALUE', 7.755300423551458)","('VALUE', 7.755300423551458)",True,True
integrated_aggregation_with_F,AGR-AREA_41-RETIRADA_CONDENSADO_LINHA-LINHA-L1_L7-ANUAL-AVERAGE,VAR16033@L3@2026-01-04,4 diários,"('VALUE', 7.7555038238410035)","('VALUE', 7.7555038238410035)",True,True
integrated_aggregation_with_F,AGR-AREA_41-RETIRADA_CONDENSADO_LINHA-LINHA-L1_L7-ANUAL-AVERAGE,VAR16033@L4@2026-01-01,1 diários,"('VALUE', 56.190729403180285)","('VALUE', 56.190729403180285)",True,True
integrated_aggregation_with_F,AGR-AREA_41-RETIRADA_CONDENSADO_LINHA-LINHA-L1_L7-ANUAL-AVERAGE,VAR16033@L4@2026-01-02,2 diários,"('STATE', ('NO_APPLICABLE_RULE', None, None))","('STATE', ('NO_APPLICABLE_RULE', None, None))",True,True
integrated_aggregation_with_F,AGR-AREA_41-RETIRADA_CONDENSADO_LINHA-LINHA-L1_L7-ANUAL-AVERAGE,VAR16033@L4@2026-01-03,3 diários,"('STATE', ('NO_APPLICABLE_RULE', None, None))","('STATE', ('NO_APPLICABLE_RULE', None, None))",True,True
integrated_aggregation_with_F,AGR-AREA_41-RETIRADA_CONDENSADO_LINHA-LINHA-L1_L7-ANUAL-AVERAGE,VAR16033@L4@2026-01-04,4 diários,"('STATE', ('NO_APPLICABLE_RULE', None, None))","('STATE', ('NO_APPLICABLE_RULE', None, None))",True,True
integrated_aggregation_with_F,AGR-AREA_41-RETIRADA_CONDENSADO_LINHA-LINHA-L1_L7-ANUAL-AVERAGE,VAR16033@L5@2026-01-01,1 diários,"('VALUE', 56.23194630617582)","('VALUE', 56.23194630617582)",True,True
integrated_aggregation_with_F,AGR-AREA_41-RETIRADA_CONDENSADO_LINHA-LINHA-L1_L7-ANUAL-AVERAGE,VAR16033@L5@2026-01-02,2 diários,"('STATE', ('NO_APPLICABLE_RULE', None, None))","('STATE', ('NO_APPLICABLE_RULE', None, None))",True,True
integrated_aggregation_with_F,AGR-AREA_41-RETIRADA_CONDENSADO_LINHA-LINHA-L1_L7-ANUAL-AVERAGE,VAR16033@L5@2026-01-03,3 diários,"('STATE', ('NO_APPLICABLE_RULE', None, None))","('STATE', ('NO_APPLICABLE_RULE', None, None))",True,True
integrated_aggregation_with_F,AGR-AREA_41-RETIRADA_CONDENSADO_LINHA-LINHA-L1_L7-ANUAL-AVERAGE,VAR16033@L5@2026-01-04,4 diários,"('STATE', ('NO_APPLICABLE_RULE', None, None))","('STATE', ('NO_APPLICABLE_RULE', None, None))",True,True
integrated_aggregation_with_F,AGR-AREA_41-RETIRADA_CONDENSADO_LINHA-LINHA-L1_L7-ANUAL-AVERAGE,VAR16033@L6@2026-01-01,1 diários,"('VALUE', 56.21682537327872)","('VALUE', 56.21682537327872)",True,True
integrated_aggregation_with_F,AGR-AREA_41-RETIRADA_CONDENSADO_LINHA-LINHA-L1_L7-ANUAL-AVERAGE,VAR16033@L6@2026-01-02,2 diários,"('VALUE', 56.21697856038138)","('VALUE', 56.21697856038138)",True,True
integrated_aggregation_with_F,AGR-AREA_41-RETIRADA_CONDENSADO_LINHA-LINHA-L1_L7-ANUAL-AVERAGE,VAR16033@L6@2026-01-03,3 diários,"('VALUE', 56.21713176190406)","('VALUE', 56.21713176190406)",True,True
integrated_aggregation_with_F,AGR-AREA_41-RETIRADA_CONDENSADO_LINHA-LINHA-L1_L7-ANUAL-AVERAGE,VAR16033@L6@2026-01-04,4 diários,"('VALUE', 56.21728497784624)","('VALUE', 56.21728497784624)",True,True
integrated_aggregation_with_F,AGR-AREA_41-RETIRADA_CONDENSADO_LINHA-LINHA-L1_L7-ANUAL-AVERAGE,VAR16033@L7@2026-01-01,1 diários,"('VALUE', 56.25800101200219)","('VALUE', 56.25800101200219)",True,True
integrated_aggregation_with_F,AGR-AREA_41-RETIRADA_CONDENSADO_LINHA-LINHA-L1_L7-ANUAL-AVERAGE,VAR16033@L7@2026-01-02,2 diários,"('VALUE', 56.25815433417024)","('VALUE', 56.25815433417024)",True,True
integrated_aggregation_with_F,AGR-AREA_41-RETIRADA_CONDENSADO_LINHA-LINHA-L1_L7-ANUAL-AVERAGE,VAR16033@L7@2026-01-03,3 diários,"('VALUE', 56.258307670734695)","('VALUE', 56.258307670734695)",True,True
integrated_aggregation_with_F,AGR-AREA_41-RETIRADA_CONDENSADO_LINHA-LINHA-L1_L7-ANUAL-AVERAGE,VAR16033@L7@2026-01-04,4 diários,"('VALUE', 56.25846102169503)","('VALUE', 56.25846102169503)",True,True
integrated_aggregation_with_F,AGR-AREA_41-RETIRADA_CONDENSADO_TOTAL-GRUPO-L1_L7-MENSAL-AVERAGE,VAR16035@L1_L7@2026-01-01,1 diários,"('VALUE', 248.1451055082725)","('VALUE', 248.1451055082725)",True,True
integrated_aggregation_with_F,AGR-AREA_41-RETIRADA_CONDENSADO_TOTAL-GRUPO-L1_L7-MENSAL-AVERAGE,VAR16035@L1_L7@2026-01-02,2 diários,"('STATE', ('NO_APPLICABLE_RULE', None, None))","('STATE', ('NO_APPLICABLE_RULE', None, None))",True,True
integrated_aggregation_with_F,AGR-AREA_41-RETIRADA_CONDENSADO_TOTAL-GRUPO-L1_L7-MENSAL-AVERAGE,VAR16035@L1_L7@2026-01-03,3 diários,"('STATE', ('NO_APPLICABLE_RULE', None, None))","('STATE', ('NO_APPLICABLE_RULE', None, None))",True,True
integrated_aggregation_with_F,AGR-AREA_41-RETIRADA_CONDENSADO_TOTAL-GRUPO-L1_L7-MENSAL-AVERAGE,VAR16035@L1_L7@2026-01-04,4 diários,"('STATE', ('NO_APPLICABLE_RULE', None, None))","('STATE', ('NO_APPLICABLE_RULE', None, None))",True,True
integrated_aggregation_with_F,AGR-AREA_41-RETIRADA_CONDENSADO_TOTAL-GRUPO-L1_L7-ANUAL-AVERAGE,VAR16036@L1_L7@2026-01-01,1 diários,"('VALUE', 248.1451055082725)","('VALUE', 248.1451055082725)",True,True
integrated_aggregation_with_F,AGR-AREA_41-RETIRADA_CONDENSADO_TOTAL-GRUPO-L1_L7-ANUAL-AVERAGE,VAR16036@L1_L7@2026-01-02,2 diários,"('STATE', ('NO_APPLICABLE_RULE', None, None))","('STATE', ('NO_APPLICABLE_RULE', None, None))",True,True
integrated_aggregation_with_F,AGR-AREA_41-RETIRADA_CONDENSADO_TOTAL-GRUPO-L1_L7-ANUAL-AVERAGE,VAR16036@L1_L7@2026-01-03,3 diários,"('STATE', ('NO_APPLICABLE_RULE', None, None))","('STATE', ('NO_APPLICABLE_RULE', None, None))",True,True
integrated_aggregation_with_F,AGR-AREA_41-RETIRADA_CONDENSADO_TOTAL-GRUPO-L1_L7-ANUAL-AVERAGE,VAR16036@L1_L7@2026-01-04,4 diários,"('STATE', ('NO_APPLICABLE_RULE', None, None))","('STATE', ('NO_APPLICABLE_RULE', None, None))",True,True
