block,equation_id,row,consumer,consumer_frequency,consumer_scope,reference,reference_name,reference_kind,reference_frequency,reference_scope,reference_unit,candidates_by_name,same_frequency_candidates,frequency_fallback,temporal,spatial,verdict
area_41,EQ16001,6,retirada_cond_corr_ltp,diário,linha_grupo/L1_L3,VAR16001,vazao_ltp,variable,mensal,linha_grupo/L1_L3,m³/h,3,0,True,COARSER_REF (fallback temporal do runtime),OWN_SCOPE,RESOLVED_BY_FREQUENCY_FALLBACK
area_41,EQ16002,7,retirada_cond_corr_ltp,diário,linha_grupo/L4_L5,VAR16002,vazao_ltp,variable,mensal,linha_grupo/L4_L5,m³/h,3,0,True,COARSER_REF (fallback temporal do runtime),OWN_SCOPE,RESOLVED_BY_FREQUENCY_FALLBACK
area_41,EQ16003,8,retirada_cond_corr_ltp,diário,linha_grupo/L6_L7,VAR16003,vazao_ltp,variable,mensal,linha_grupo/L6_L7,m³/h,3,0,True,COARSER_REF (fallback temporal do runtime),OWN_SCOPE,RESOLVED_BY_FREQUENCY_FALLBACK
area_41,EQ16004,10,lth_grupo,diário,linha_grupo/L1_L3,VAR16007@L1,lth,variable,diário,linha/L1_L7,m³/h,1,1,False,SAME,EXPLICIT_OK,DIRECT
area_41,EQ16004,10,lth_grupo,diário,linha_grupo/L1_L3,VAR16007@L2,lth,variable,diário,linha/L1_L7,m³/h,1,1,False,SAME,EXPLICIT_OK,DIRECT
area_41,EQ16004,10,lth_grupo,diário,linha_grupo/L1_L3,VAR16007@L3,lth,variable,diário,linha/L1_L7,m³/h,1,1,False,SAME,EXPLICIT_OK,DIRECT
area_41,EQ16005,11,lth_grupo,diário,linha_grupo/L4_L5,VAR16007@L4,lth,variable,diário,linha/L1_L7,m³/h,1,1,False,SAME,EXPLICIT_OK,DIRECT
area_41,EQ16005,11,lth_grupo,diário,linha_grupo/L4_L5,VAR16007@L5,lth,variable,diário,linha/L1_L7,m³/h,1,1,False,SAME,EXPLICIT_OK,DIRECT
area_41,EQ16006,12,lth_grupo,diário,linha_grupo/L6_L7,VAR16007@L6,lth,variable,diário,linha/L1_L7,m³/h,1,1,False,SAME,EXPLICIT_OK,DIRECT
area_41,EQ16006,12,lth_grupo,diário,linha_grupo/L6_L7,VAR16007@L7,lth,variable,diário,linha/L1_L7,m³/h,1,1,False,SAME,EXPLICIT_OK,DIRECT
area_41,EQ16007,16,retirada_cond_corr_lth,diário,linha_grupo/L1_L3,VAR16008,lth_grupo,variable,diário,linha_grupo/L1_L3,m³/h,3,3,False,SAME,OWN_SCOPE,DIRECT
area_41,EQ16007,16,retirada_cond_corr_lth,diário,linha_grupo/L1_L3,VAR16011,fator_retirada_cond_corr_lth,variable,mensal,linha_grupo/L1_L3,-,3,0,True,COARSER_REF (fallback temporal do runtime),OWN_SCOPE,RESOLVED_BY_FREQUENCY_FALLBACK
area_41,EQ16008,17,retirada_cond_corr_lth,diário,linha_grupo/L4_L5,VAR16009,lth_grupo,variable,diário,linha_grupo/L4_L5,m³/h,3,3,False,SAME,OWN_SCOPE,DIRECT
area_41,EQ16008,17,retirada_cond_corr_lth,diário,linha_grupo/L4_L5,VAR16012,fator_retirada_cond_corr_lth,variable,mensal,linha_grupo/L4_L5,-,3,0,True,COARSER_REF (fallback temporal do runtime),OWN_SCOPE,RESOLVED_BY_FREQUENCY_FALLBACK
area_41,EQ16009,18,retirada_cond_corr_lth,diário,linha_grupo/L6_L7,VAR16010,lth_grupo,variable,diário,linha_grupo/L6_L7,m³/h,3,3,False,SAME,OWN_SCOPE,DIRECT
area_41,EQ16009,18,retirada_cond_corr_lth,diário,linha_grupo/L6_L7,VAR16013,fator_retirada_cond_corr_lth,variable,mensal,linha_grupo/L6_L7,-,3,0,True,COARSER_REF (fallback temporal do runtime),OWN_SCOPE,RESOLVED_BY_FREQUENCY_FALLBACK
area_41,EQ16010,22,retirada_condensado_grupo,diário,linha_grupo/L1_L3,VAR16017@L1,valor_retirada,variable,diário,linha/L1_L3,m³/h,1,1,False,SAME,EXPLICIT_OK,DIRECT
area_41,EQ16010,22,retirada_condensado_grupo,diário,linha_grupo/L1_L3,VAR16017@L2,valor_retirada,variable,diário,linha/L1_L3,m³/h,1,1,False,SAME,EXPLICIT_OK,DIRECT
area_41,EQ16010,22,retirada_condensado_grupo,diário,linha_grupo/L1_L3,VAR16017@L3,valor_retirada,variable,diário,linha/L1_L3,m³/h,1,1,False,SAME,EXPLICIT_OK,DIRECT
area_41,EQ16010,22,retirada_condensado_grupo,diário,linha_grupo/L1_L3,VAR16004,retirada_cond_corr_ltp,variable,diário,linha_grupo/L1_L3,m³/h,3,3,False,SAME,OWN_SCOPE,DIRECT
area_41,EQ16010,22,retirada_condensado_grupo,diário,linha_grupo/L1_L3,VAR16014,retirada_cond_corr_lth,variable,diário,linha_grupo/L1_L3,m³/h,3,3,False,SAME,OWN_SCOPE,DIRECT
area_41,EQ16011,39,retirada_condensado_grupo,diário,linha_grupo/L4_L5,VAR16005,retirada_cond_corr_ltp,variable,diário,linha_grupo/L4_L5,m³/h,3,3,False,SAME,OWN_SCOPE,DIRECT
area_41,EQ16011,39,retirada_condensado_grupo,diário,linha_grupo/L4_L5,VAR16015,retirada_cond_corr_lth,variable,diário,linha_grupo/L4_L5,m³/h,3,3,False,SAME,OWN_SCOPE,DIRECT
area_41,EQ16011,39,retirada_condensado_grupo,diário,linha_grupo/L4_L5,VAR16021@L4,hes,variable,diário,linha/L4_L7,-,1,1,False,SAME,EXPLICIT_OK,DIRECT
area_41,EQ16011,39,retirada_condensado_grupo,diário,linha_grupo/L4_L5,VAR16021@L5,hes,variable,diário,linha/L4_L7,-,1,1,False,SAME,EXPLICIT_OK,DIRECT
area_41,EQ16011,39,retirada_condensado_grupo,diário,linha_grupo/L4_L5,VAR16005,retirada_cond_corr_ltp,variable,diário,linha_grupo/L4_L5,m³/h,3,3,False,SAME,OWN_SCOPE,DIRECT
area_41,EQ16011,39,retirada_condensado_grupo,diário,linha_grupo/L4_L5,VAR16015,retirada_cond_corr_lth,variable,diário,linha_grupo/L4_L5,m³/h,3,3,False,SAME,OWN_SCOPE,DIRECT
area_41,EQ16011,39,retirada_condensado_grupo,diário,linha_grupo/L4_L5,VAR16005,retirada_cond_corr_ltp,variable,diário,linha_grupo/L4_L5,m³/h,3,3,False,SAME,OWN_SCOPE,DIRECT
area_41,EQ16011,39,retirada_condensado_grupo,diário,linha_grupo/L4_L5,VAR16015,retirada_cond_corr_lth,variable,diário,linha_grupo/L4_L5,m³/h,3,3,False,SAME,OWN_SCOPE,DIRECT
area_41,EQ16011,39,retirada_condensado_grupo,diário,linha_grupo/L4_L5,VAR16021@L4,hes,variable,diário,linha/L4_L7,-,1,1,False,SAME,EXPLICIT_OK,DIRECT
area_41,EQ16011,39,retirada_condensado_grupo,diário,linha_grupo/L4_L5,VAR16021@L5,hes,variable,diário,linha/L4_L7,-,1,1,False,SAME,EXPLICIT_OK,DIRECT
area_41,EQ16011,39,retirada_condensado_grupo,diário,linha_grupo/L4_L5,VAR16005,retirada_cond_corr_ltp,variable,diário,linha_grupo/L4_L5,m³/h,3,3,False,SAME,OWN_SCOPE,DIRECT
area_41,EQ16011,39,retirada_condensado_grupo,diário,linha_grupo/L4_L5,VAR16015,retirada_cond_corr_lth,variable,diário,linha_grupo/L4_L5,m³/h,3,3,False,SAME,OWN_SCOPE,DIRECT
area_41,EQ16011,39,retirada_condensado_grupo,diário,linha_grupo/L4_L5,VAR16021@L4,hes,variable,diário,linha/L4_L7,-,1,1,False,SAME,EXPLICIT_OK,DIRECT
area_41,EQ16011,39,retirada_condensado_grupo,diário,linha_grupo/L4_L5,VAR16021@L5,hes,variable,diário,linha/L4_L7,-,1,1,False,SAME,EXPLICIT_OK,DIRECT
area_41,EQ16011,39,retirada_condensado_grupo,diário,linha_grupo/L4_L5,VAR16005,retirada_cond_corr_ltp,variable,diário,linha_grupo/L4_L5,m³/h,3,3,False,SAME,OWN_SCOPE,DIRECT
area_41,EQ16011,39,retirada_condensado_grupo,diário,linha_grupo/L4_L5,VAR16015,retirada_cond_corr_lth,variable,diário,linha_grupo/L4_L5,m³/h,3,3,False,SAME,OWN_SCOPE,DIRECT
area_41,EQ16011,39,retirada_condensado_grupo,diário,linha_grupo/L4_L5,VAR16024,desconto_retirada_41d,variable,diário,linha_grupo/L4_L5,m³/h,1,1,False,SAME,OWN_SCOPE,DIRECT
area_41,EQ16011,39,retirada_condensado_grupo,diário,linha_grupo/L4_L5,VAR16021@L4,hes,variable,diário,linha/L4_L7,-,1,1,False,SAME,EXPLICIT_OK,DIRECT
area_41,EQ16011,39,retirada_condensado_grupo,diário,linha_grupo/L4_L5,VAR16021@L5,hes,variable,diário,linha/L4_L7,-,1,1,False,SAME,EXPLICIT_OK,DIRECT
area_41,EQ16011,39,retirada_condensado_grupo,diário,linha_grupo/L4_L5,VAR16005,retirada_cond_corr_ltp,variable,diário,linha_grupo/L4_L5,m³/h,3,3,False,SAME,OWN_SCOPE,DIRECT
area_41,EQ16011,39,retirada_condensado_grupo,diário,linha_grupo/L4_L5,VAR16015,retirada_cond_corr_lth,variable,diário,linha_grupo/L4_L5,m³/h,3,3,False,SAME,OWN_SCOPE,DIRECT
area_41,EQ16011,39,retirada_condensado_grupo,diário,linha_grupo/L4_L5,VAR16005,retirada_cond_corr_ltp,variable,diário,linha_grupo/L4_L5,m³/h,3,3,False,SAME,OWN_SCOPE,DIRECT
area_41,EQ16011,39,retirada_condensado_grupo,diário,linha_grupo/L4_L5,VAR16015,retirada_cond_corr_lth,variable,diário,linha_grupo/L4_L5,m³/h,3,3,False,SAME,OWN_SCOPE,DIRECT
area_41,EQ16011,39,retirada_condensado_grupo,diário,linha_grupo/L4_L5,VAR16022,desconto_retirada_41c,variable,diário,linha_grupo/L4_L5,m³/h,2,2,False,SAME,OWN_SCOPE,DIRECT
area_41,EQ16011,39,retirada_condensado_grupo,diário,linha_grupo/L4_L5,VAR16021@L4,hes,variable,diário,linha/L4_L7,-,1,1,False,SAME,EXPLICIT_OK,DIRECT
area_41,EQ16011,39,retirada_condensado_grupo,diário,linha_grupo/L4_L5,VAR16021@L5,hes,variable,diário,linha/L4_L7,-,1,1,False,SAME,EXPLICIT_OK,DIRECT
area_41,EQ16012,42,retirada_condensado_grupo,diário,linha_grupo/L6_L7,VAR16006,retirada_cond_corr_ltp,variable,diário,linha_grupo/L6_L7,m³/h,3,3,False,SAME,OWN_SCOPE,DIRECT
area_41,EQ16012,42,retirada_condensado_grupo,diário,linha_grupo/L6_L7,VAR16016,retirada_cond_corr_lth,variable,diário,linha_grupo/L6_L7,m³/h,3,3,False,SAME,OWN_SCOPE,DIRECT
area_41,EQ16012,42,retirada_condensado_grupo,diário,linha_grupo/L6_L7,VAR16021@L6,hes,variable,diário,linha/L4_L7,-,1,1,False,SAME,EXPLICIT_OK,DIRECT
area_41,EQ16012,42,retirada_condensado_grupo,diário,linha_grupo/L6_L7,VAR16021@L7,hes,variable,diário,linha/L4_L7,-,1,1,False,SAME,EXPLICIT_OK,DIRECT
area_41,EQ16012,42,retirada_condensado_grupo,diário,linha_grupo/L6_L7,VAR16006,retirada_cond_corr_ltp,variable,diário,linha_grupo/L6_L7,m³/h,3,3,False,SAME,OWN_SCOPE,DIRECT
area_41,EQ16012,42,retirada_condensado_grupo,diário,linha_grupo/L6_L7,VAR16016,retirada_cond_corr_lth,variable,diário,linha_grupo/L6_L7,m³/h,3,3,False,SAME,OWN_SCOPE,DIRECT
area_41,EQ16012,42,retirada_condensado_grupo,diário,linha_grupo/L6_L7,VAR16006,retirada_cond_corr_ltp,variable,diário,linha_grupo/L6_L7,m³/h,3,3,False,SAME,OWN_SCOPE,DIRECT
area_41,EQ16012,42,retirada_condensado_grupo,diário,linha_grupo/L6_L7,VAR16016,retirada_cond_corr_lth,variable,diário,linha_grupo/L6_L7,m³/h,3,3,False,SAME,OWN_SCOPE,DIRECT
area_41,EQ16012,42,retirada_condensado_grupo,diário,linha_grupo/L6_L7,VAR16021@L6,hes,variable,diário,linha/L4_L7,-,1,1,False,SAME,EXPLICIT_OK,DIRECT
area_41,EQ16012,42,retirada_condensado_grupo,diário,linha_grupo/L6_L7,VAR16021@L7,hes,variable,diário,linha/L4_L7,-,1,1,False,SAME,EXPLICIT_OK,DIRECT
area_41,EQ16012,42,retirada_condensado_grupo,diário,linha_grupo/L6_L7,VAR16006,retirada_cond_corr_ltp,variable,diário,linha_grupo/L6_L7,m³/h,3,3,False,SAME,OWN_SCOPE,DIRECT
area_41,EQ16012,42,retirada_condensado_grupo,diário,linha_grupo/L6_L7,VAR16016,retirada_cond_corr_lth,variable,diário,linha_grupo/L6_L7,m³/h,3,3,False,SAME,OWN_SCOPE,DIRECT
area_41,EQ16012,42,retirada_condensado_grupo,diário,linha_grupo/L6_L7,VAR16021@L6,hes,variable,diário,linha/L4_L7,-,1,1,False,SAME,EXPLICIT_OK,DIRECT
area_41,EQ16012,42,retirada_condensado_grupo,diário,linha_grupo/L6_L7,VAR16021@L7,hes,variable,diário,linha/L4_L7,-,1,1,False,SAME,EXPLICIT_OK,DIRECT
area_41,EQ16012,42,retirada_condensado_grupo,diário,linha_grupo/L6_L7,VAR16006,retirada_cond_corr_ltp,variable,diário,linha_grupo/L6_L7,m³/h,3,3,False,SAME,OWN_SCOPE,DIRECT
area_41,EQ16012,42,retirada_condensado_grupo,diário,linha_grupo/L6_L7,VAR16016,retirada_cond_corr_lth,variable,diário,linha_grupo/L6_L7,m³/h,3,3,False,SAME,OWN_SCOPE,DIRECT
area_41,EQ16012,42,retirada_condensado_grupo,diário,linha_grupo/L6_L7,VAR16023,desconto_retirada_41c,variable,diário,linha_grupo/L6_L7,m³/h,2,2,False,SAME,OWN_SCOPE,DIRECT
area_41,EQ16012,42,retirada_condensado_grupo,diário,linha_grupo/L6_L7,VAR16021@L6,hes,variable,diário,linha/L4_L7,-,1,1,False,SAME,EXPLICIT_OK,DIRECT
area_41,EQ16012,42,retirada_condensado_grupo,diário,linha_grupo/L6_L7,VAR16021@L7,hes,variable,diário,linha/L4_L7,-,1,1,False,SAME,EXPLICIT_OK,DIRECT
area_41,EQ16012,42,retirada_condensado_grupo,diário,linha_grupo/L6_L7,VAR16006,retirada_cond_corr_ltp,variable,diário,linha_grupo/L6_L7,m³/h,3,3,False,SAME,OWN_SCOPE,DIRECT
area_41,EQ16012,42,retirada_condensado_grupo,diário,linha_grupo/L6_L7,VAR16016,retirada_cond_corr_lth,variable,diário,linha_grupo/L6_L7,m³/h,3,3,False,SAME,OWN_SCOPE,DIRECT
area_41,EQ16012,42,retirada_condensado_grupo,diário,linha_grupo/L6_L7,VAR16006,retirada_cond_corr_ltp,variable,diário,linha_grupo/L6_L7,m³/h,3,3,False,SAME,OWN_SCOPE,DIRECT
area_41,EQ16012,42,retirada_condensado_grupo,diário,linha_grupo/L6_L7,VAR16016,retirada_cond_corr_lth,variable,diário,linha_grupo/L6_L7,m³/h,3,3,False,SAME,OWN_SCOPE,DIRECT
area_41,EQ16012,42,retirada_condensado_grupo,diário,linha_grupo/L6_L7,VAR16023,desconto_retirada_41c,variable,diário,linha_grupo/L6_L7,m³/h,2,2,False,SAME,OWN_SCOPE,DIRECT
area_41,EQ16012,42,retirada_condensado_grupo,diário,linha_grupo/L6_L7,VAR16021@L6,hes,variable,diário,linha/L4_L7,-,1,1,False,SAME,EXPLICIT_OK,DIRECT
area_41,EQ16012,42,retirada_condensado_grupo,diário,linha_grupo/L6_L7,VAR16021@L7,hes,variable,diário,linha/L4_L7,-,1,1,False,SAME,EXPLICIT_OK,DIRECT
area_41,EQ16013,45,retirada_condensado_linha,diário,linha/L1,VAR16018@L1_L3,retirada_condensado_grupo,variable,diário,linha_grupo/L1_L3,m³/h,9,3,False,SAME,EXPLICIT_OK,DIRECT
area_41,EQ16013,45,retirada_condensado_linha,diário,linha/L1,VAR16007@L1,lth,variable,diário,linha/L1_L7,m³/h,1,1,False,SAME,EXPLICIT_OK,DIRECT
area_41,EQ16013,45,retirada_condensado_linha,diário,linha/L1,VAR16007@L1,lth,variable,diário,linha/L1_L7,m³/h,1,1,False,SAME,EXPLICIT_OK,DIRECT
area_41,EQ16013,45,retirada_condensado_linha,diário,linha/L1,VAR16007@L2,lth,variable,diário,linha/L1_L7,m³/h,1,1,False,SAME,EXPLICIT_OK,DIRECT
area_41,EQ16013,45,retirada_condensado_linha,diário,linha/L1,VAR16007@L3,lth,variable,diário,linha/L1_L7,m³/h,1,1,False,SAME,EXPLICIT_OK,DIRECT
area_41,EQ16014,46,retirada_condensado_linha,diário,linha/L2,VAR16018@L1_L3,retirada_condensado_grupo,variable,diário,linha_grupo/L1_L3,m³/h,9,3,False,SAME,EXPLICIT_OK,DIRECT
area_41,EQ16014,46,retirada_condensado_linha,diário,linha/L2,VAR16007@L2,lth,variable,diário,linha/L1_L7,m³/h,1,1,False,SAME,EXPLICIT_OK,DIRECT
area_41,EQ16014,46,retirada_condensado_linha,diário,linha/L2,VAR16007@L1,lth,variable,diário,linha/L1_L7,m³/h,1,1,False,SAME,EXPLICIT_OK,DIRECT
area_41,EQ16014,46,retirada_condensado_linha,diário,linha/L2,VAR16007@L2,lth,variable,diário,linha/L1_L7,m³/h,1,1,False,SAME,EXPLICIT_OK,DIRECT
area_41,EQ16014,46,retirada_condensado_linha,diário,linha/L2,VAR16007@L3,lth,variable,diário,linha/L1_L7,m³/h,1,1,False,SAME,EXPLICIT_OK,DIRECT
area_41,EQ16015,47,retirada_condensado_linha,diário,linha/L3,VAR16018@L1_L3,retirada_condensado_grupo,variable,diário,linha_grupo/L1_L3,m³/h,9,3,False,SAME,EXPLICIT_OK,DIRECT
area_41,EQ16015,47,retirada_condensado_linha,diário,linha/L3,VAR16007@L3,lth,variable,diário,linha/L1_L7,m³/h,1,1,False,SAME,EXPLICIT_OK,DIRECT
area_41,EQ16015,47,retirada_condensado_linha,diário,linha/L3,VAR16007@L1,lth,variable,diário,linha/L1_L7,m³/h,1,1,False,SAME,EXPLICIT_OK,DIRECT
area_41,EQ16015,47,retirada_condensado_linha,diário,linha/L3,VAR16007@L2,lth,variable,diário,linha/L1_L7,m³/h,1,1,False,SAME,EXPLICIT_OK,DIRECT
area_41,EQ16015,47,retirada_condensado_linha,diário,linha/L3,VAR16007@L3,lth,variable,diário,linha/L1_L7,m³/h,1,1,False,SAME,EXPLICIT_OK,DIRECT
area_41,EQ16016,48,retirada_condensado_linha,diário,linha/L4,VAR16025@L4_L5,retirada_condensado_grupo,variable,diário,linha_grupo/L4_L5,m³/h,9,3,False,SAME,EXPLICIT_OK,DIRECT
area_41,EQ16016,48,retirada_condensado_linha,diário,linha/L4,VAR16007@L4,lth,variable,diário,linha/L1_L7,m³/h,1,1,False,SAME,EXPLICIT_OK,DIRECT
area_41,EQ16016,48,retirada_condensado_linha,diário,linha/L4,VAR16007@L4,lth,variable,diário,linha/L1_L7,m³/h,1,1,False,SAME,EXPLICIT_OK,DIRECT
area_41,EQ16016,48,retirada_condensado_linha,diário,linha/L4,VAR16007@L5,lth,variable,diário,linha/L1_L7,m³/h,1,1,False,SAME,EXPLICIT_OK,DIRECT
area_41,EQ16017,49,retirada_condensado_linha,diário,linha/L5,VAR16025@L4_L5,retirada_condensado_grupo,variable,diário,linha_grupo/L4_L5,m³/h,9,3,False,SAME,EXPLICIT_OK,DIRECT
area_41,EQ16017,49,retirada_condensado_linha,diário,linha/L5,VAR16007@L5,lth,variable,diário,linha/L1_L7,m³/h,1,1,False,SAME,EXPLICIT_OK,DIRECT
area_41,EQ16017,49,retirada_condensado_linha,diário,linha/L5,VAR16007@L4,lth,variable,diário,linha/L1_L7,m³/h,1,1,False,SAME,EXPLICIT_OK,DIRECT
area_41,EQ16017,49,retirada_condensado_linha,diário,linha/L5,VAR16007@L5,lth,variable,diário,linha/L1_L7,m³/h,1,1,False,SAME,EXPLICIT_OK,DIRECT
area_41,EQ16018,50,retirada_condensado_linha,diário,linha/L6,VAR16028@L6_L7,retirada_condensado_grupo,variable,diário,linha_grupo/L6_L7,m³/h,9,3,False,SAME,EXPLICIT_OK,DIRECT
area_41,EQ16018,50,retirada_condensado_linha,diário,linha/L6,VAR16007@L6,lth,variable,diário,linha/L1_L7,m³/h,1,1,False,SAME,EXPLICIT_OK,DIRECT
area_41,EQ16018,50,retirada_condensado_linha,diário,linha/L6,VAR16007@L6,lth,variable,diário,linha/L1_L7,m³/h,1,1,False,SAME,EXPLICIT_OK,DIRECT
area_41,EQ16018,50,retirada_condensado_linha,diário,linha/L6,VAR16007@L7,lth,variable,diário,linha/L1_L7,m³/h,1,1,False,SAME,EXPLICIT_OK,DIRECT
area_41,EQ16019,51,retirada_condensado_linha,diário,linha/L7,VAR16028@L6_L7,retirada_condensado_grupo,variable,diário,linha_grupo/L6_L7,m³/h,9,3,False,SAME,EXPLICIT_OK,DIRECT
area_41,EQ16019,51,retirada_condensado_linha,diário,linha/L7,VAR16007@L7,lth,variable,diário,linha/L1_L7,m³/h,1,1,False,SAME,EXPLICIT_OK,DIRECT
area_41,EQ16019,51,retirada_condensado_linha,diário,linha/L7,VAR16007@L6,lth,variable,diário,linha/L1_L7,m³/h,1,1,False,SAME,EXPLICIT_OK,DIRECT
area_41,EQ16019,51,retirada_condensado_linha,diário,linha/L7,VAR16007@L7,lth,variable,diário,linha/L1_L7,m³/h,1,1,False,SAME,EXPLICIT_OK,DIRECT
area_41,EQ16020,54,retirada_condensado_total,diário,linha_grupo/L1_L7,VAR16018@L1_L3,retirada_condensado_grupo,variable,diário,linha_grupo/L1_L3,m³/h,9,3,False,SAME,EXPLICIT_OK,DIRECT
area_41,EQ16020,54,retirada_condensado_total,diário,linha_grupo/L1_L7,VAR16025@L4_L5,retirada_condensado_grupo,variable,diário,linha_grupo/L4_L5,m³/h,9,3,False,SAME,EXPLICIT_OK,DIRECT
area_41,EQ16020,54,retirada_condensado_total,diário,linha_grupo/L1_L7,VAR16028@L6_L7,retirada_condensado_grupo,variable,diário,linha_grupo/L6_L7,m³/h,9,3,False,SAME,EXPLICIT_OK,DIRECT
energy,EQ18001,4,producao_t_h,diário,linha/L1_L7,VAR18001,producao,variable,diário,linha/L1_L7,t/d,1,1,False,SAME,OWN_SCOPE,DIRECT
energy,EQ18002,5,producao_planta_t_h,diário,linha_grupo/L1_L7,VAR18002@L1,producao_t_h,variable,diário,linha/L1_L7,t/h,1,1,False,SAME,EXPLICIT_OK,DIRECT
energy,EQ18002,5,producao_planta_t_h,diário,linha_grupo/L1_L7,VAR18002@L2,producao_t_h,variable,diário,linha/L1_L7,t/h,1,1,False,SAME,EXPLICIT_OK,DIRECT
energy,EQ18002,5,producao_planta_t_h,diário,linha_grupo/L1_L7,VAR18002@L3,producao_t_h,variable,diário,linha/L1_L7,t/h,1,1,False,SAME,EXPLICIT_OK,DIRECT
energy,EQ18002,5,producao_planta_t_h,diário,linha_grupo/L1_L7,VAR18002@L4,producao_t_h,variable,diário,linha/L1_L7,t/h,1,1,False,SAME,EXPLICIT_OK,DIRECT
energy,EQ18002,5,producao_planta_t_h,diário,linha_grupo/L1_L7,VAR18002@L5,producao_t_h,variable,diário,linha/L1_L7,t/h,1,1,False,SAME,EXPLICIT_OK,DIRECT
energy,EQ18002,5,producao_planta_t_h,diário,linha_grupo/L1_L7,VAR18002@L6,producao_t_h,variable,diário,linha/L1_L7,t/h,1,1,False,SAME,EXPLICIT_OK,DIRECT
energy,EQ18002,5,producao_planta_t_h,diário,linha_grupo/L1_L7,VAR18002@L7,producao_t_h,variable,diário,linha/L1_L7,t/h,1,1,False,SAME,EXPLICIT_OK,DIRECT
energy,EQ18003,21,delta_t_regenerativo,diário,linha/L1_L7,VAR18015,temperatura_lp_ref_inferior,variable,mensal,linha/L1_L7,°C,1,0,True,COARSER_REF (fallback temporal do runtime),OWN_SCOPE,RESOLVED_BY_FREQUENCY_FALLBACK
energy,EQ18003,21,delta_t_regenerativo,diário,linha/L1_L7,PARAM18002,fator_ajuste_delta_t_reg,parameter,,linha/L1_L7,°C,1,0,False,PARAMETER (ano),OWN_SCOPE,DIRECT
energy,EQ18003,21,delta_t_regenerativo,diário,linha/L1_L7,VAR18012,temperatura_lp,variable,diário,linha/L1_L7,°C,2,1,False,SAME,OWN_SCOPE,DIRECT
energy,EQ18003,21,delta_t_regenerativo,diário,linha/L1_L7,PARAM18001,temperatura_lp_referencia,parameter,,linha/L1_L7,°C,1,0,False,PARAMETER (ano),OWN_SCOPE,DIRECT
energy,EQ18003,21,delta_t_regenerativo,diário,linha/L1_L7,VAR18016,temperatura_lp_ref_superior,variable,mensal,linha/L1_L7,°C,1,0,True,COARSER_REF (fallback temporal do runtime),OWN_SCOPE,RESOLVED_BY_FREQUENCY_FALLBACK
energy,EQ18003,21,delta_t_regenerativo,diário,linha/L1_L7,PARAM18002,fator_ajuste_delta_t_reg,parameter,,linha/L1_L7,°C,1,0,False,PARAMETER (ano),OWN_SCOPE,DIRECT
energy,EQ18004,24,delta_t_vapor_vivo,diário,linha/L1_L7,VAR18018,temperatura_lth_saida_he6,variable,diário,linha/L1_L7,°C,1,1,False,SAME,OWN_SCOPE,DIRECT
energy,EQ18004,24,delta_t_vapor_vivo,diário,linha/L1_L7,VAR18012,temperatura_lp,variable,diário,linha/L1_L7,°C,2,1,False,SAME,OWN_SCOPE,DIRECT
energy,EQ18004,24,delta_t_vapor_vivo,diário,linha/L1_L7,VAR18017,delta_t_regenerativo,variable,diário,linha/L1_L7,°C,1,1,False,SAME,OWN_SCOPE,DIRECT
energy,EQ18004,24,delta_t_vapor_vivo,diário,linha/L1_L7,PARAM18003,fator_ajuste_delta_t_vapor_vivo,parameter,,linha/L1_L7,°C,1,0,False,PARAMETER (ano),OWN_SCOPE,DIRECT
energy,EQ18005,26,vazao_vapor_digestao,diário,linha/L1_L7,VAR18008,lth,variable,diário,linha/L1_L7,m³/h,1,1,False,SAME,OWN_SCOPE,DIRECT
energy,EQ18005,26,vazao_vapor_digestao,diário,linha/L1_L7,VAR18018,temperatura_lth_saida_he6,variable,diário,linha/L1_L7,°C,1,1,False,SAME,OWN_SCOPE,DIRECT
energy,EQ18005,26,vazao_vapor_digestao,diário,linha/L1_L7,VAR18012,temperatura_lp,variable,diário,linha/L1_L7,°C,2,1,False,SAME,OWN_SCOPE,DIRECT
energy,EQ18005,26,vazao_vapor_digestao,diário,linha/L1_L7,VAR18017,delta_t_regenerativo,variable,diário,linha/L1_L7,°C,1,1,False,SAME,OWN_SCOPE,DIRECT
energy,EQ18006,28,vazao_vapor_digestao_total,diário,linha_grupo/L1_L7,VAR18020@L1,vazao_vapor_digestao,variable,diário,linha/L1_L7,t/h,2,1,False,SAME,EXPLICIT_OK,DIRECT
energy,EQ18006,28,vazao_vapor_digestao_total,diário,linha_grupo/L1_L7,VAR18020@L2,vazao_vapor_digestao,variable,diário,linha/L1_L7,t/h,2,1,False,SAME,EXPLICIT_OK,DIRECT
energy,EQ18006,28,vazao_vapor_digestao_total,diário,linha_grupo/L1_L7,VAR18020@L3,vazao_vapor_digestao,variable,diário,linha/L1_L7,t/h,2,1,False,SAME,EXPLICIT_OK,DIRECT
energy,EQ18006,28,vazao_vapor_digestao_total,diário,linha_grupo/L1_L7,VAR18020@L4,vazao_vapor_digestao,variable,diário,linha/L1_L7,t/h,2,1,False,SAME,EXPLICIT_OK,DIRECT
energy,EQ18006,28,vazao_vapor_digestao_total,diário,linha_grupo/L1_L7,VAR18020@L5,vazao_vapor_digestao,variable,diário,linha/L1_L7,t/h,2,1,False,SAME,EXPLICIT_OK,DIRECT
energy,EQ18006,28,vazao_vapor_digestao_total,diário,linha_grupo/L1_L7,VAR18020@L6,vazao_vapor_digestao,variable,diário,linha/L1_L7,t/h,2,1,False,SAME,EXPLICIT_OK,DIRECT
energy,EQ18006,28,vazao_vapor_digestao_total,diário,linha_grupo/L1_L7,VAR18020@L7,vazao_vapor_digestao,variable,diário,linha/L1_L7,t/h,2,1,False,SAME,EXPLICIT_OK,DIRECT
energy,EQ18007,30,especifico_vapor_digestao,diário,linha/L1_L7,VAR18020,vazao_vapor_digestao,variable,diário,linha/L1_L7,t/h,2,1,False,SAME,OWN_SCOPE,DIRECT
energy,EQ18007,30,especifico_vapor_digestao,diário,linha/L1_L7,VAR18002,producao_t_h,variable,diário,linha/L1_L7,t/h,1,1,False,SAME,OWN_SCOPE,DIRECT
energy,EQ18008,31,especifico_vapor_digestao_medio,diário,linha_grupo/L1_L7,VAR18002@L1,producao_t_h,variable,diário,linha/L1_L7,t/h,1,1,False,SAME,EXPLICIT_OK,DIRECT
energy,EQ18008,31,especifico_vapor_digestao_medio,diário,linha_grupo/L1_L7,VAR18024@L1,especifico_vapor_digestao,variable,diário,linha/L1_L7,-,1,1,False,SAME,EXPLICIT_OK,DIRECT
energy,EQ18008,31,especifico_vapor_digestao_medio,diário,linha_grupo/L1_L7,VAR18002@L2,producao_t_h,variable,diário,linha/L1_L7,t/h,1,1,False,SAME,EXPLICIT_OK,DIRECT
energy,EQ18008,31,especifico_vapor_digestao_medio,diário,linha_grupo/L1_L7,VAR18024@L2,especifico_vapor_digestao,variable,diário,linha/L1_L7,-,1,1,False,SAME,EXPLICIT_OK,DIRECT
energy,EQ18008,31,especifico_vapor_digestao_medio,diário,linha_grupo/L1_L7,VAR18002@L3,producao_t_h,variable,diário,linha/L1_L7,t/h,1,1,False,SAME,EXPLICIT_OK,DIRECT
energy,EQ18008,31,especifico_vapor_digestao_medio,diário,linha_grupo/L1_L7,VAR18024@L3,especifico_vapor_digestao,variable,diário,linha/L1_L7,-,1,1,False,SAME,EXPLICIT_OK,DIRECT
energy,EQ18008,31,especifico_vapor_digestao_medio,diário,linha_grupo/L1_L7,VAR18002@L4,producao_t_h,variable,diário,linha/L1_L7,t/h,1,1,False,SAME,EXPLICIT_OK,DIRECT
energy,EQ18008,31,especifico_vapor_digestao_medio,diário,linha_grupo/L1_L7,VAR18024@L4,especifico_vapor_digestao,variable,diário,linha/L1_L7,-,1,1,False,SAME,EXPLICIT_OK,DIRECT
energy,EQ18008,31,especifico_vapor_digestao_medio,diário,linha_grupo/L1_L7,VAR18002@L5,producao_t_h,variable,diário,linha/L1_L7,t/h,1,1,False,SAME,EXPLICIT_OK,DIRECT
energy,EQ18008,31,especifico_vapor_digestao_medio,diário,linha_grupo/L1_L7,VAR18024@L5,especifico_vapor_digestao,variable,diário,linha/L1_L7,-,1,1,False,SAME,EXPLICIT_OK,DIRECT
energy,EQ18008,31,especifico_vapor_digestao_medio,diário,linha_grupo/L1_L7,VAR18002@L6,producao_t_h,variable,diário,linha/L1_L7,t/h,1,1,False,SAME,EXPLICIT_OK,DIRECT
energy,EQ18008,31,especifico_vapor_digestao_medio,diário,linha_grupo/L1_L7,VAR18024@L6,especifico_vapor_digestao,variable,diário,linha/L1_L7,-,1,1,False,SAME,EXPLICIT_OK,DIRECT
energy,EQ18008,31,especifico_vapor_digestao_medio,diário,linha_grupo/L1_L7,VAR18002@L7,producao_t_h,variable,diário,linha/L1_L7,t/h,1,1,False,SAME,EXPLICIT_OK,DIRECT
energy,EQ18008,31,especifico_vapor_digestao_medio,diário,linha_grupo/L1_L7,VAR18024@L7,especifico_vapor_digestao,variable,diário,linha/L1_L7,-,1,1,False,SAME,EXPLICIT_OK,DIRECT
energy,EQ18008,31,especifico_vapor_digestao_medio,diário,linha_grupo/L1_L7,VAR18003,producao_planta_t_h,variable,diário,linha_grupo/L1_L7,t/h,1,1,False,SAME,OWN_SCOPE,DIRECT
energy,EQ18009,33,energia_digestao,diário,linha_grupo/L1_L7,VAR18025,especifico_vapor_digestao_medio,variable,diário,linha_grupo/L1_L7,-,2,1,False,SAME,OWN_SCOPE,DIRECT
energy,EQ18010,36,economicidade_evaporacao,diário,linha/L1_L7,VAR18029,economicidade_evaporacao_ref,variable,mensal,linha/L1_L7,-,1,0,True,COARSER_REF (fallback temporal do runtime),OWN_SCOPE,RESOLVED_BY_FREQUENCY_FALLBACK
energy,EQ18010,36,economicidade_evaporacao,diário,linha/L1_L7,VAR18012,temperatura_lp,variable,diário,linha/L1_L7,°C,2,1,False,SAME,OWN_SCOPE,DIRECT
energy,EQ18011,38,consumo_vapor_evaporadores,diário,linha/L1_L7,VAR18031,evaporado_total_evaporacao,variable,diário,linha/L1_L7,t/h,1,1,False,SAME,OWN_SCOPE,DIRECT
energy,EQ18011,38,consumo_vapor_evaporadores,diário,linha/L1_L7,VAR18030,economicidade_evaporacao,variable,diário,linha/L1_L7,-,1,1,False,SAME,OWN_SCOPE,DIRECT
energy,EQ18012,39,consumo_vapor_evaporadores_total,diário,linha_grupo/L1_L7,VAR18032@L1,consumo_vapor_evaporadores,variable,diário,linha/L1_L7,t/h,1,1,False,SAME,EXPLICIT_OK,DIRECT
energy,EQ18012,39,consumo_vapor_evaporadores_total,diário,linha_grupo/L1_L7,VAR18032@L2,consumo_vapor_evaporadores,variable,diário,linha/L1_L7,t/h,1,1,False,SAME,EXPLICIT_OK,DIRECT
energy,EQ18012,39,consumo_vapor_evaporadores_total,diário,linha_grupo/L1_L7,VAR18032@L3,consumo_vapor_evaporadores,variable,diário,linha/L1_L7,t/h,1,1,False,SAME,EXPLICIT_OK,DIRECT
energy,EQ18012,39,consumo_vapor_evaporadores_total,diário,linha_grupo/L1_L7,VAR18032@L4,consumo_vapor_evaporadores,variable,diário,linha/L1_L7,t/h,1,1,False,SAME,EXPLICIT_OK,DIRECT
energy,EQ18012,39,consumo_vapor_evaporadores_total,diário,linha_grupo/L1_L7,VAR18032@L5,consumo_vapor_evaporadores,variable,diário,linha/L1_L7,t/h,1,1,False,SAME,EXPLICIT_OK,DIRECT
energy,EQ18012,39,consumo_vapor_evaporadores_total,diário,linha_grupo/L1_L7,VAR18032@L6,consumo_vapor_evaporadores,variable,diário,linha/L1_L7,t/h,1,1,False,SAME,EXPLICIT_OK,DIRECT
energy,EQ18012,39,consumo_vapor_evaporadores_total,diário,linha_grupo/L1_L7,VAR18032@L7,consumo_vapor_evaporadores,variable,diário,linha/L1_L7,t/h,1,1,False,SAME,EXPLICIT_OK,DIRECT
energy,EQ18013,40,especifico_vapor_evaporacao,diário,linha/L1_L7,VAR18032,consumo_vapor_evaporadores,variable,diário,linha/L1_L7,t/h,1,1,False,SAME,OWN_SCOPE,DIRECT
energy,EQ18013,40,especifico_vapor_evaporacao,diário,linha/L1_L7,VAR18002,producao_t_h,variable,diário,linha/L1_L7,t/h,1,1,False,SAME,OWN_SCOPE,DIRECT
energy,EQ18014,41,especifico_vapor_evaporacao,diário,linha_grupo/L1_L3,VAR18032@L1,consumo_vapor_evaporadores,variable,diário,linha/L1_L7,t/h,1,1,False,SAME,EXPLICIT_OK,DIRECT
energy,EQ18014,41,especifico_vapor_evaporacao,diário,linha_grupo/L1_L3,VAR18032@L2,consumo_vapor_evaporadores,variable,diário,linha/L1_L7,t/h,1,1,False,SAME,EXPLICIT_OK,DIRECT
energy,EQ18014,41,especifico_vapor_evaporacao,diário,linha_grupo/L1_L3,VAR18032@L3,consumo_vapor_evaporadores,variable,diário,linha/L1_L7,t/h,1,1,False,SAME,EXPLICIT_OK,DIRECT
energy,EQ18014,41,especifico_vapor_evaporacao,diário,linha_grupo/L1_L3,VAR18002@L1,producao_t_h,variable,diário,linha/L1_L7,t/h,1,1,False,SAME,EXPLICIT_OK,DIRECT
energy,EQ18014,41,especifico_vapor_evaporacao,diário,linha_grupo/L1_L3,VAR18002@L2,producao_t_h,variable,diário,linha/L1_L7,t/h,1,1,False,SAME,EXPLICIT_OK,DIRECT
energy,EQ18014,41,especifico_vapor_evaporacao,diário,linha_grupo/L1_L3,VAR18002@L3,producao_t_h,variable,diário,linha/L1_L7,t/h,1,1,False,SAME,EXPLICIT_OK,DIRECT
energy,EQ18015,42,especifico_vapor_evaporacao,diário,linha_grupo/L4_L5,VAR18032@L4,consumo_vapor_evaporadores,variable,diário,linha/L1_L7,t/h,1,1,False,SAME,EXPLICIT_OK,DIRECT
energy,EQ18015,42,especifico_vapor_evaporacao,diário,linha_grupo/L4_L5,VAR18032@L5,consumo_vapor_evaporadores,variable,diário,linha/L1_L7,t/h,1,1,False,SAME,EXPLICIT_OK,DIRECT
energy,EQ18015,42,especifico_vapor_evaporacao,diário,linha_grupo/L4_L5,VAR18002@L4,producao_t_h,variable,diário,linha/L1_L7,t/h,1,1,False,SAME,EXPLICIT_OK,DIRECT
energy,EQ18015,42,especifico_vapor_evaporacao,diário,linha_grupo/L4_L5,VAR18002@L5,producao_t_h,variable,diário,linha/L1_L7,t/h,1,1,False,SAME,EXPLICIT_OK,DIRECT
energy,EQ18016,43,especifico_vapor_evaporacao,diário,linha_grupo/L6_L7,VAR18032@L6,consumo_vapor_evaporadores,variable,diário,linha/L1_L7,t/h,1,1,False,SAME,EXPLICIT_OK,DIRECT
energy,EQ18016,43,especifico_vapor_evaporacao,diário,linha_grupo/L6_L7,VAR18032@L7,consumo_vapor_evaporadores,variable,diário,linha/L1_L7,t/h,1,1,False,SAME,EXPLICIT_OK,DIRECT
energy,EQ18016,43,especifico_vapor_evaporacao,diário,linha_grupo/L6_L7,VAR18002@L6,producao_t_h,variable,diário,linha/L1_L7,t/h,1,1,False,SAME,EXPLICIT_OK,DIRECT
energy,EQ18016,43,especifico_vapor_evaporacao,diário,linha_grupo/L6_L7,VAR18002@L7,producao_t_h,variable,diário,linha/L1_L7,t/h,1,1,False,SAME,EXPLICIT_OK,DIRECT
energy,EQ18017,44,especifico_vapor_evaporacao_total,diário,linha_grupo/L1_L7,VAR18033,consumo_vapor_evaporadores_total,variable,diário,linha_grupo/L1_L7,t/h,1,1,False,SAME,OWN_SCOPE,DIRECT
energy,EQ18017,44,especifico_vapor_evaporacao_total,diário,linha_grupo/L1_L7,VAR18003,producao_planta_t_h,variable,diário,linha_grupo/L1_L7,t/h,1,1,False,SAME,OWN_SCOPE,DIRECT
energy,EQ18018,46,energia_evaporacao,diário,linha_grupo/L1_L7,VAR18038,especifico_vapor_evaporacao_total,variable,diário,linha_grupo/L1_L7,-,2,1,False,SAME,OWN_SCOPE,DIRECT
energy,EQ18019,48,energia_bayer,diário,linha_grupo/L1_L7,VAR18027,energia_digestao,variable,diário,linha_grupo/L1_L7,GJ/t,2,1,False,SAME,OWN_SCOPE,DIRECT
energy,EQ18019,48,energia_bayer,diário,linha_grupo/L1_L7,VAR18040,energia_evaporacao,variable,diário,linha_grupo/L1_L7,GJ/t,2,1,False,SAME,OWN_SCOPE,DIRECT
energy,EQ18020,50,energia_media_frct,mensal,linha_grupo/L1_L7,VAR18028,energia_digestao,variable,mensal,linha_grupo/L1_L7,GJ/t,2,1,False,SAME,OWN_SCOPE,DIRECT
energy,EQ18020,50,energia_media_frct,mensal,linha_grupo/L1_L7,VAR18041,energia_evaporacao,variable,mensal,linha_grupo/L1_L7,GJ/t,2,1,False,SAME,OWN_SCOPE,DIRECT
energy,EQ18021,51,consumo_total_vapor,diário,linha_grupo/L1_L7,VAR18022,vazao_vapor_digestao_total,variable,diário,linha_grupo/L1_L7,t/h,2,1,False,SAME,OWN_SCOPE,DIRECT
energy,EQ18021,51,consumo_total_vapor,diário,linha_grupo/L1_L7,VAR18033,consumo_vapor_evaporadores_total,variable,diário,linha_grupo/L1_L7,t/h,1,1,False,SAME,OWN_SCOPE,DIRECT
energy,EQ18022,53,especifico_vapor_outros,diário,linha_grupo/L1_L7,VAR18046,consumo_vapor_outros,variable,diário,linha_grupo/L1_L7,t/h,1,1,False,SAME,OWN_SCOPE,DIRECT
energy,EQ18022,53,especifico_vapor_outros,diário,linha_grupo/L1_L7,VAR18003,producao_planta_t_h,variable,diário,linha_grupo/L1_L7,t/h,1,1,False,SAME,OWN_SCOPE,DIRECT
energy,EQ18023,55,demanda_bayer,diário,linha_grupo/L1_L7,VAR18045,consumo_total_vapor,variable,diário,linha_grupo/L1_L7,t/h,1,1,False,SAME,OWN_SCOPE,DIRECT
energy,EQ18023,55,demanda_bayer,diário,linha_grupo/L1_L7,VAR18046,consumo_vapor_outros,variable,diário,linha_grupo/L1_L7,t/h,1,1,False,SAME,OWN_SCOPE,DIRECT
energy,EQ18024,56,especifico_demanda_bayer,diário,linha_grupo/L1_L7,VAR18049,demanda_bayer,variable,diário,linha_grupo/L1_L7,t/h,1,1,False,SAME,OWN_SCOPE,DIRECT
energy,EQ18024,56,especifico_demanda_bayer,diário,linha_grupo/L1_L7,VAR18003,producao_planta_t_h,variable,diário,linha_grupo/L1_L7,t/h,1,1,False,SAME,OWN_SCOPE,DIRECT
max_ht,EQ13001,6,alimentação_evap_total,diário,linha_grupo/L1_L7,VAR13003@L1,alimentação_evap,variable,diário,linha/L1_L7,m³/h,3,1,False,SAME,EXPLICIT_OK,DIRECT
max_ht,EQ13001,6,alimentação_evap_total,diário,linha_grupo/L1_L7,VAR13003@L2,alimentação_evap,variable,diário,linha/L1_L7,m³/h,3,1,False,SAME,EXPLICIT_OK,DIRECT
max_ht,EQ13001,6,alimentação_evap_total,diário,linha_grupo/L1_L7,VAR13003@L3,alimentação_evap,variable,diário,linha/L1_L7,m³/h,3,1,False,SAME,EXPLICIT_OK,DIRECT
max_ht,EQ13001,6,alimentação_evap_total,diário,linha_grupo/L1_L7,VAR13003@L4,alimentação_evap,variable,diário,linha/L1_L7,m³/h,3,1,False,SAME,EXPLICIT_OK,DIRECT
max_ht,EQ13001,6,alimentação_evap_total,diário,linha_grupo/L1_L7,VAR13003@L5,alimentação_evap,variable,diário,linha/L1_L7,m³/h,3,1,False,SAME,EXPLICIT_OK,DIRECT
max_ht,EQ13001,6,alimentação_evap_total,diário,linha_grupo/L1_L7,VAR13003@L6,alimentação_evap,variable,diário,linha/L1_L7,m³/h,3,1,False,SAME,EXPLICIT_OK,DIRECT
max_ht,EQ13001,6,alimentação_evap_total,diário,linha_grupo/L1_L7,VAR13003@L7,alimentação_evap,variable,diário,linha/L1_L7,m³/h,3,1,False,SAME,EXPLICIT_OK,DIRECT
max_ht,EQ13002,11,esp_max_ht_planta,diário,linha_grupo/L1_L7,VAR13068@L1_L3,massa_total_max_ht,variable,diário,linha_grupo/L1_L3,kg/d,9,3,False,SAME,EXPLICIT_OK,DIRECT
max_ht,EQ13002,11,esp_max_ht_planta,diário,linha_grupo/L1_L7,VAR13069@L4_L5,massa_total_max_ht,variable,diário,linha_grupo/L4_L5,kg/d,9,3,False,SAME,EXPLICIT_OK,DIRECT
max_ht,EQ13002,11,esp_max_ht_planta,diário,linha_grupo/L1_L7,VAR13070@L6_L7,massa_total_max_ht,variable,diário,linha_grupo/L6_L7,kg/d,9,3,False,SAME,EXPLICIT_OK,DIRECT
max_ht,EQ13002,11,esp_max_ht_planta,diário,linha_grupo/L1_L7,VAR13110,refinery,variable,diário,linha_grupo/L1_L7,t/d,3,1,False,SAME,OWN_SCOPE,DIRECT
max_ht,EQ13003,12,esp_max_ht_planta,mensal,linha_grupo/L1_L7,VAR13085,massa_total_max_ht_total,variable,mensal,linha_grupo/L1_L7,kg/d,3,1,False,SAME,OWN_SCOPE,DIRECT
max_ht,EQ13003,12,esp_max_ht_planta,mensal,linha_grupo/L1_L7,VAR13109,refinery,variable,mensal,linha_grupo/L1_L7,t/d,3,1,False,SAME,OWN_SCOPE,DIRECT
max_ht,EQ13004,13,esp_max_ht_planta,anual,linha_grupo/L1_L7,VAR13084,massa_total_max_ht_total,variable,anual,linha_grupo/L1_L7,kg/d,3,1,False,SAME,OWN_SCOPE,DIRECT
max_ht,EQ13004,13,esp_max_ht_planta,anual,linha_grupo/L1_L7,VAR13108,refinery,variable,anual,linha_grupo/L1_L7,t/d,3,1,False,SAME,OWN_SCOPE,DIRECT
max_ht,EQ13005,14,esp_maxht,diário,linha_grupo/L1_L3,VAR13068,massa_total_max_ht,variable,diário,linha_grupo/L1_L3,kg/d,9,3,False,SAME,OWN_SCOPE,DIRECT
max_ht,EQ13005,14,esp_maxht,diário,linha_grupo/L1_L3,VAR13099,producao_grupo,variable,diário,linha_grupo/L1_L3,t/d,9,3,False,SAME,OWN_SCOPE,DIRECT
max_ht,EQ13006,15,esp_maxht,diário,linha_grupo/L4_L5,VAR13069,massa_total_max_ht,variable,diário,linha_grupo/L4_L5,kg/d,9,3,False,SAME,OWN_SCOPE,DIRECT
max_ht,EQ13006,15,esp_maxht,diário,linha_grupo/L4_L5,VAR13100,producao_grupo,variable,diário,linha_grupo/L4_L5,t/d,9,3,False,SAME,OWN_SCOPE,DIRECT
max_ht,EQ13007,16,esp_maxht,diário,linha_grupo/L6_L7,VAR13070,massa_total_max_ht,variable,diário,linha_grupo/L6_L7,kg/d,9,3,False,SAME,OWN_SCOPE,DIRECT
max_ht,EQ13007,16,esp_maxht,diário,linha_grupo/L6_L7,VAR13101,producao_grupo,variable,diário,linha_grupo/L6_L7,t/d,9,3,False,SAME,OWN_SCOPE,DIRECT
max_ht,EQ13008,27,fluxo_para_a13_linha_grupo,diário,linha_grupo/L1_L3,VAR13054@L1,fluxo_para_evap,variable,diário,linha/L1_L7,kg/h,3,1,False,SAME,EXPLICIT_OK,DIRECT
max_ht,EQ13008,27,fluxo_para_a13_linha_grupo,diário,linha_grupo/L1_L3,VAR13054@L2,fluxo_para_evap,variable,diário,linha/L1_L7,kg/h,3,1,False,SAME,EXPLICIT_OK,DIRECT
max_ht,EQ13008,27,fluxo_para_a13_linha_grupo,diário,linha_grupo/L1_L3,VAR13054@L3,fluxo_para_evap,variable,diário,linha/L1_L7,kg/h,3,1,False,SAME,EXPLICIT_OK,DIRECT
max_ht,EQ13009,28,fluxo_para_a13_linha_grupo,diário,linha_grupo/L4_L5,VAR13054@L4,fluxo_para_evap,variable,diário,linha/L1_L7,kg/h,3,1,False,SAME,EXPLICIT_OK,DIRECT
max_ht,EQ13009,28,fluxo_para_a13_linha_grupo,diário,linha_grupo/L4_L5,VAR13054@L5,fluxo_para_evap,variable,diário,linha/L1_L7,kg/h,3,1,False,SAME,EXPLICIT_OK,DIRECT
max_ht,EQ13010,29,fluxo_para_a13_linha_grupo,diário,linha_grupo/L6_L7,VAR13054@L6,fluxo_para_evap,variable,diário,linha/L1_L7,kg/h,3,1,False,SAME,EXPLICIT_OK,DIRECT
max_ht,EQ13010,29,fluxo_para_a13_linha_grupo,diário,linha_grupo/L6_L7,VAR13054@L7,fluxo_para_evap,variable,diário,linha/L1_L7,kg/h,3,1,False,SAME,EXPLICIT_OK,DIRECT
max_ht,EQ13011,36,fluxo_para_a18_a13_linha_grupo,diário,linha_grupo/L1_L3,VAR13042,fluxo_para_a18_linha_grupo,variable,diário,linha_grupo/L1_L3,kg/h,9,3,False,SAME,OWN_SCOPE,DIRECT
max_ht,EQ13011,36,fluxo_para_a18_a13_linha_grupo,diário,linha_grupo/L1_L3,VAR13021,fluxo_para_a13_linha_grupo,variable,diário,linha_grupo/L1_L3,kg/h,9,3,False,SAME,OWN_SCOPE,DIRECT
max_ht,EQ13012,37,fluxo_para_a18_a13_linha_grupo,diário,linha_grupo/L4_L5,VAR13043,fluxo_para_a18_linha_grupo,variable,diário,linha_grupo/L4_L5,kg/h,9,3,False,SAME,OWN_SCOPE,DIRECT
max_ht,EQ13012,37,fluxo_para_a18_a13_linha_grupo,diário,linha_grupo/L4_L5,VAR13022,fluxo_para_a13_linha_grupo,variable,diário,linha_grupo/L4_L5,kg/h,9,3,False,SAME,OWN_SCOPE,DIRECT
max_ht,EQ13013,38,fluxo_para_a18_a13_linha_grupo,diário,linha_grupo/L6_L7,VAR13044,fluxo_para_a18_linha_grupo,variable,diário,linha_grupo/L6_L7,kg/h,9,3,False,SAME,OWN_SCOPE,DIRECT
max_ht,EQ13013,38,fluxo_para_a18_a13_linha_grupo,diário,linha_grupo/L6_L7,VAR13023,fluxo_para_a13_linha_grupo,variable,diário,linha_grupo/L6_L7,kg/h,9,3,False,SAME,OWN_SCOPE,DIRECT
max_ht,EQ13014,45,fluxo_para_a18_linha,diário,linha/L1_L7,VAR13062,lth,variable,diário,linha/L1_L7,m³/h,3,1,False,SAME,OWN_SCOPE,DIRECT
max_ht,EQ13014,45,fluxo_para_a18_linha,diário,linha/L1_L7,VAR13008,dosagem_lth,variable,diário,linha/L1_L7,mg/l,1,1,False,SAME,OWN_SCOPE,DIRECT
max_ht,EQ13015,48,fluxo_para_a18_linha_grupo,diário,linha_grupo/L1_L3,VAR13039@L1,fluxo_para_a18_linha,variable,diário,linha/L1_L7,kg/h,3,1,False,SAME,EXPLICIT_OK,DIRECT
max_ht,EQ13015,48,fluxo_para_a18_linha_grupo,diário,linha_grupo/L1_L3,VAR13039@L2,fluxo_para_a18_linha,variable,diário,linha/L1_L7,kg/h,3,1,False,SAME,EXPLICIT_OK,DIRECT
max_ht,EQ13015,48,fluxo_para_a18_linha_grupo,diário,linha_grupo/L1_L3,VAR13039@L3,fluxo_para_a18_linha,variable,diário,linha/L1_L7,kg/h,3,1,False,SAME,EXPLICIT_OK,DIRECT
max_ht,EQ13016,49,fluxo_para_a18_linha_grupo,diário,linha_grupo/L4_L5,VAR13039@L4,fluxo_para_a18_linha,variable,diário,linha/L1_L7,kg/h,3,1,False,SAME,EXPLICIT_OK,DIRECT
max_ht,EQ13016,49,fluxo_para_a18_linha_grupo,diário,linha_grupo/L4_L5,VAR13039@L5,fluxo_para_a18_linha,variable,diário,linha/L1_L7,kg/h,3,1,False,SAME,EXPLICIT_OK,DIRECT
max_ht,EQ13017,50,fluxo_para_a18_linha_grupo,diário,linha_grupo/L6_L7,VAR13039@L6,fluxo_para_a18_linha,variable,diário,linha/L1_L7,kg/h,3,1,False,SAME,EXPLICIT_OK,DIRECT
max_ht,EQ13017,50,fluxo_para_a18_linha_grupo,diário,linha_grupo/L6_L7,VAR13039@L7,fluxo_para_a18_linha,variable,diário,linha/L1_L7,kg/h,3,1,False,SAME,EXPLICIT_OK,DIRECT
max_ht,EQ13018,57,fluxo_para_a18_linha_total,diário,linha_grupo/L1_L7,VAR13039@L1,fluxo_para_a18_linha,variable,diário,linha/L1_L7,kg/h,3,1,False,SAME,EXPLICIT_OK,DIRECT
max_ht,EQ13018,57,fluxo_para_a18_linha_total,diário,linha_grupo/L1_L7,VAR13039@L2,fluxo_para_a18_linha,variable,diário,linha/L1_L7,kg/h,3,1,False,SAME,EXPLICIT_OK,DIRECT
max_ht,EQ13018,57,fluxo_para_a18_linha_total,diário,linha_grupo/L1_L7,VAR13039@L3,fluxo_para_a18_linha,variable,diário,linha/L1_L7,kg/h,3,1,False,SAME,EXPLICIT_OK,DIRECT
max_ht,EQ13018,57,fluxo_para_a18_linha_total,diário,linha_grupo/L1_L7,VAR13039@L4,fluxo_para_a18_linha,variable,diário,linha/L1_L7,kg/h,3,1,False,SAME,EXPLICIT_OK,DIRECT
max_ht,EQ13018,57,fluxo_para_a18_linha_total,diário,linha_grupo/L1_L7,VAR13039@L5,fluxo_para_a18_linha,variable,diário,linha/L1_L7,kg/h,3,1,False,SAME,EXPLICIT_OK,DIRECT
max_ht,EQ13018,57,fluxo_para_a18_linha_total,diário,linha_grupo/L1_L7,VAR13039@L6,fluxo_para_a18_linha,variable,diário,linha/L1_L7,kg/h,3,1,False,SAME,EXPLICIT_OK,DIRECT
max_ht,EQ13018,57,fluxo_para_a18_linha_total,diário,linha_grupo/L1_L7,VAR13039@L7,fluxo_para_a18_linha,variable,diário,linha/L1_L7,kg/h,3,1,False,SAME,EXPLICIT_OK,DIRECT
max_ht,EQ13019,60,fluxo_para_evap,diário,linha/L1_L7,VAR13003,alimentação_evap,variable,diário,linha/L1_L7,m³/h,3,1,False,SAME,OWN_SCOPE,DIRECT
max_ht,EQ13019,60,fluxo_para_evap,diário,linha/L1_L7,VAR13007,dosagem_evap,variable,diário,linha/L1_L7,mg/l,1,1,False,SAME,OWN_SCOPE,DIRECT
max_ht,EQ13020,63,fluxo_para_evap_total,diário,linha_grupo/L1_L7,VAR13054@L1,fluxo_para_evap,variable,diário,linha/L1_L7,kg/h,3,1,False,SAME,EXPLICIT_OK,DIRECT
max_ht,EQ13020,63,fluxo_para_evap_total,diário,linha_grupo/L1_L7,VAR13054@L2,fluxo_para_evap,variable,diário,linha/L1_L7,kg/h,3,1,False,SAME,EXPLICIT_OK,DIRECT
max_ht,EQ13020,63,fluxo_para_evap_total,diário,linha_grupo/L1_L7,VAR13054@L3,fluxo_para_evap,variable,diário,linha/L1_L7,kg/h,3,1,False,SAME,EXPLICIT_OK,DIRECT
max_ht,EQ13020,63,fluxo_para_evap_total,diário,linha_grupo/L1_L7,VAR13054@L4,fluxo_para_evap,variable,diário,linha/L1_L7,kg/h,3,1,False,SAME,EXPLICIT_OK,DIRECT
max_ht,EQ13020,63,fluxo_para_evap_total,diário,linha_grupo/L1_L7,VAR13054@L5,fluxo_para_evap,variable,diário,linha/L1_L7,kg/h,3,1,False,SAME,EXPLICIT_OK,DIRECT
max_ht,EQ13020,63,fluxo_para_evap_total,diário,linha_grupo/L1_L7,VAR13054@L6,fluxo_para_evap,variable,diário,linha/L1_L7,kg/h,3,1,False,SAME,EXPLICIT_OK,DIRECT
max_ht,EQ13020,63,fluxo_para_evap_total,diário,linha_grupo/L1_L7,VAR13054@L7,fluxo_para_evap,variable,diário,linha/L1_L7,kg/h,3,1,False,SAME,EXPLICIT_OK,DIRECT
max_ht,EQ13021,69,lth_total,diário,linha_grupo/L1_L7,VAR13062@L1,lth,variable,diário,linha/L1_L7,m³/h,3,1,False,SAME,EXPLICIT_OK,DIRECT
max_ht,EQ13021,69,lth_total,diário,linha_grupo/L1_L7,VAR13062@L2,lth,variable,diário,linha/L1_L7,m³/h,3,1,False,SAME,EXPLICIT_OK,DIRECT
max_ht,EQ13021,69,lth_total,diário,linha_grupo/L1_L7,VAR13062@L3,lth,variable,diário,linha/L1_L7,m³/h,3,1,False,SAME,EXPLICIT_OK,DIRECT
max_ht,EQ13021,69,lth_total,diário,linha_grupo/L1_L7,VAR13062@L4,lth,variable,diário,linha/L1_L7,m³/h,3,1,False,SAME,EXPLICIT_OK,DIRECT
max_ht,EQ13021,69,lth_total,diário,linha_grupo/L1_L7,VAR13062@L5,lth,variable,diário,linha/L1_L7,m³/h,3,1,False,SAME,EXPLICIT_OK,DIRECT
max_ht,EQ13021,69,lth_total,diário,linha_grupo/L1_L7,VAR13062@L6,lth,variable,diário,linha/L1_L7,m³/h,3,1,False,SAME,EXPLICIT_OK,DIRECT
max_ht,EQ13021,69,lth_total,diário,linha_grupo/L1_L7,VAR13062@L7,lth,variable,diário,linha/L1_L7,m³/h,3,1,False,SAME,EXPLICIT_OK,DIRECT
max_ht,EQ13022,74,massa_total_max_ht,diário,linha_grupo/L1_L3,VAR13030,fluxo_para_a18_a13_linha_grupo,variable,diário,linha_grupo/L1_L3,kg/h,9,3,False,SAME,OWN_SCOPE,DIRECT
max_ht,EQ13022,74,massa_total_max_ht,diário,linha_grupo/L1_L3,PARAM13001,fator_massa_total_max_ht,parameter,anual,linha_grupo/L1_L3,-,4,0,False,PARAMETER (ano),OWN_SCOPE,DIRECT
max_ht,EQ13022,74,massa_total_max_ht,diário,linha_grupo/L1_L3,VAR13113,total_horas_dia,variable,diário,linha_grupo/L1_L3,h,4,4,False,SAME,OWN_SCOPE,DIRECT
max_ht,EQ13023,75,massa_total_max_ht,diário,linha_grupo/L4_L5,VAR13031,fluxo_para_a18_a13_linha_grupo,variable,diário,linha_grupo/L4_L5,kg/h,9,3,False,SAME,OWN_SCOPE,DIRECT
max_ht,EQ13023,75,massa_total_max_ht,diário,linha_grupo/L4_L5,PARAM13002,fator_massa_total_max_ht,parameter,anual,linha_grupo/L4_L5,-,4,0,False,PARAMETER (ano),OWN_SCOPE,DIRECT
max_ht,EQ13023,75,massa_total_max_ht,diário,linha_grupo/L4_L5,VAR13114,total_horas_dia,variable,diário,linha_grupo/L4_L5,h,4,4,False,SAME,OWN_SCOPE,DIRECT
max_ht,EQ13024,76,massa_total_max_ht,diário,linha_grupo/L6_L7,VAR13032,fluxo_para_a18_a13_linha_grupo,variable,diário,linha_grupo/L6_L7,kg/h,9,3,False,SAME,OWN_SCOPE,DIRECT
max_ht,EQ13024,76,massa_total_max_ht,diário,linha_grupo/L6_L7,PARAM13003,fator_massa_total_max_ht,parameter,anual,linha_grupo/L6_L7,-,4,0,False,PARAMETER (ano),OWN_SCOPE,DIRECT
max_ht,EQ13024,76,massa_total_max_ht,diário,linha_grupo/L6_L7,VAR13115,total_horas_dia,variable,diário,linha_grupo/L6_L7,h,4,4,False,SAME,OWN_SCOPE,DIRECT
max_ht,EQ13025,89,massa_total_max_ht_total,diário,linha_grupo/L1_L7,VAR13057,fluxo_para_evap_total,variable,diário,linha_grupo/L1_L7,kg/h,3,1,False,SAME,OWN_SCOPE,DIRECT
max_ht,EQ13025,89,massa_total_max_ht_total,diário,linha_grupo/L1_L7,VAR13051,fluxo_para_a18_linha_total,variable,diário,linha_grupo/L1_L7,kg/h,3,1,False,SAME,OWN_SCOPE,DIRECT
max_ht,EQ13025,89,massa_total_max_ht_total,diário,linha_grupo/L1_L7,PARAM13004,fator_massa_total_max_ht,parameter,anual,linha_grupo/L1_L7,-,4,0,False,PARAMETER (ano),OWN_SCOPE,DIRECT
max_ht,EQ13025,89,massa_total_max_ht_total,diário,linha_grupo/L1_L7,VAR13116,total_horas_dia,variable,diário,linha_grupo/L1_L7,h,4,4,False,SAME,OWN_SCOPE,DIRECT
max_ht,EQ13026,105,producao_grupo,diário,linha_grupo/L1_L3,VAR13092@L1,producao,variable,diário,linha/L1_L7,t/d,3,1,False,SAME,EXPLICIT_OK,DIRECT
max_ht,EQ13026,105,producao_grupo,diário,linha_grupo/L1_L3,VAR13092@L2,producao,variable,diário,linha/L1_L7,t/d,3,1,False,SAME,EXPLICIT_OK,DIRECT
max_ht,EQ13026,105,producao_grupo,diário,linha_grupo/L1_L3,VAR13092@L3,producao,variable,diário,linha/L1_L7,t/d,3,1,False,SAME,EXPLICIT_OK,DIRECT
max_ht,EQ13027,106,producao_grupo,diário,linha_grupo/L4_L5,VAR13092@L4,producao,variable,diário,linha/L1_L7,t/d,3,1,False,SAME,EXPLICIT_OK,DIRECT
max_ht,EQ13027,106,producao_grupo,diário,linha_grupo/L4_L5,VAR13092@L5,producao,variable,diário,linha/L1_L7,t/d,3,1,False,SAME,EXPLICIT_OK,DIRECT
max_ht,EQ13028,107,producao_grupo,diário,linha_grupo/L6_L7,VAR13092@L6,producao,variable,diário,linha/L1_L7,t/d,3,1,False,SAME,EXPLICIT_OK,DIRECT
max_ht,EQ13028,107,producao_grupo,diário,linha_grupo/L6_L7,VAR13092@L7,producao,variable,diário,linha/L1_L7,t/d,3,1,False,SAME,EXPLICIT_OK,DIRECT
max_ht,EQ13029,116,refinery,diário,linha_grupo/L1_L7,VAR13092@L1,producao,variable,diário,linha/L1_L7,t/d,3,1,False,SAME,EXPLICIT_OK,DIRECT
max_ht,EQ13029,116,refinery,diário,linha_grupo/L1_L7,VAR13092@L2,producao,variable,diário,linha/L1_L7,t/d,3,1,False,SAME,EXPLICIT_OK,DIRECT
max_ht,EQ13029,116,refinery,diário,linha_grupo/L1_L7,VAR13092@L3,producao,variable,diário,linha/L1_L7,t/d,3,1,False,SAME,EXPLICIT_OK,DIRECT
max_ht,EQ13029,116,refinery,diário,linha_grupo/L1_L7,VAR13092@L4,producao,variable,diário,linha/L1_L7,t/d,3,1,False,SAME,EXPLICIT_OK,DIRECT
max_ht,EQ13029,116,refinery,diário,linha_grupo/L1_L7,VAR13092@L5,producao,variable,diário,linha/L1_L7,t/d,3,1,False,SAME,EXPLICIT_OK,DIRECT
max_ht,EQ13029,116,refinery,diário,linha_grupo/L1_L7,VAR13092@L6,producao,variable,diário,linha/L1_L7,t/d,3,1,False,SAME,EXPLICIT_OK,DIRECT
max_ht,EQ13029,116,refinery,diário,linha_grupo/L1_L7,VAR13092@L7,producao,variable,diário,linha/L1_L7,t/d,3,1,False,SAME,EXPLICIT_OK,DIRECT
production,EQ12001,3,consumo_bauxita,diário,linha_grupo/L1_L7,VAR12018,consumo_mrn_grupo,variable,diário,linha_grupo/L1_L7,t/d,3,1,False,SAME,OWN_SCOPE,DIRECT
production,EQ12001,3,consumo_bauxita,diário,linha_grupo/L1_L7,VAR12012,consumo_mpsa_grupo,variable,diário,linha_grupo/L1_L7,t/d,3,1,False,SAME,OWN_SCOPE,DIRECT
production,EQ12001,3,consumo_bauxita,diário,linha_grupo/L1_L7,VAR12006,consumo_cbg_grupo,variable,diário,linha_grupo/L1_L7,t/d,3,1,False,SAME,OWN_SCOPE,DIRECT
production,EQ12002,7,consumo_cbg,diário,linha/L1_L7,VAR12026,fator_cbg,variable,diário,linha/L1_L7,-,1,1,False,SAME,OWN_SCOPE,DIRECT
production,EQ12002,7,consumo_cbg,diário,linha/L1_L7,VAR12010,consumo_cbg_percentual,variable,diário,linha/L1_L7,%,1,1,False,SAME,OWN_SCOPE,DIRECT
production,EQ12002,7,consumo_cbg,diário,linha/L1_L7,VAR12046,producao,variable,diário,linha/L1_L7,t/d,2,1,False,SAME,OWN_SCOPE,DIRECT
production,EQ12003,8,consumo_cbg_grupo,diário,linha_grupo/L1_L7,VAR12005@L1,consumo_cbg,variable,diário,linha/L1_L7,t/d,1,1,False,SAME,EXPLICIT_OK,DIRECT
production,EQ12003,8,consumo_cbg_grupo,diário,linha_grupo/L1_L7,VAR12005@L2,consumo_cbg,variable,diário,linha/L1_L7,t/d,1,1,False,SAME,EXPLICIT_OK,DIRECT
production,EQ12003,8,consumo_cbg_grupo,diário,linha_grupo/L1_L7,VAR12005@L3,consumo_cbg,variable,diário,linha/L1_L7,t/d,1,1,False,SAME,EXPLICIT_OK,DIRECT
production,EQ12003,8,consumo_cbg_grupo,diário,linha_grupo/L1_L7,VAR12005@L4,consumo_cbg,variable,diário,linha/L1_L7,t/d,1,1,False,SAME,EXPLICIT_OK,DIRECT
production,EQ12003,8,consumo_cbg_grupo,diário,linha_grupo/L1_L7,VAR12005@L5,consumo_cbg,variable,diário,linha/L1_L7,t/d,1,1,False,SAME,EXPLICIT_OK,DIRECT
production,EQ12003,8,consumo_cbg_grupo,diário,linha_grupo/L1_L7,VAR12005@L6,consumo_cbg,variable,diário,linha/L1_L7,t/d,1,1,False,SAME,EXPLICIT_OK,DIRECT
production,EQ12003,8,consumo_cbg_grupo,diário,linha_grupo/L1_L7,VAR12005@L7,consumo_cbg,variable,diário,linha/L1_L7,t/d,1,1,False,SAME,EXPLICIT_OK,DIRECT
production,EQ12004,13,consumo_mpsa,diário,linha/L1_L7,VAR12027,fator_mpsa,variable,diário,linha/L1_L7,-,1,1,False,SAME,OWN_SCOPE,DIRECT
production,EQ12004,13,consumo_mpsa,diário,linha/L1_L7,VAR12016,consumo_mpsa_percentual,variable,diário,linha/L1_L7,%,1,1,False,SAME,OWN_SCOPE,DIRECT
production,EQ12004,13,consumo_mpsa,diário,linha/L1_L7,VAR12046,producao,variable,diário,linha/L1_L7,t/d,2,1,False,SAME,OWN_SCOPE,DIRECT
production,EQ12005,14,consumo_mpsa_grupo,diário,linha_grupo/L1_L7,VAR12011@L1,consumo_mpsa,variable,diário,linha/L1_L7,t/d,1,1,False,SAME,EXPLICIT_OK,DIRECT
production,EQ12005,14,consumo_mpsa_grupo,diário,linha_grupo/L1_L7,VAR12011@L2,consumo_mpsa,variable,diário,linha/L1_L7,t/d,1,1,False,SAME,EXPLICIT_OK,DIRECT
production,EQ12005,14,consumo_mpsa_grupo,diário,linha_grupo/L1_L7,VAR12011@L3,consumo_mpsa,variable,diário,linha/L1_L7,t/d,1,1,False,SAME,EXPLICIT_OK,DIRECT
production,EQ12005,14,consumo_mpsa_grupo,diário,linha_grupo/L1_L7,VAR12011@L4,consumo_mpsa,variable,diário,linha/L1_L7,t/d,1,1,False,SAME,EXPLICIT_OK,DIRECT
production,EQ12005,14,consumo_mpsa_grupo,diário,linha_grupo/L1_L7,VAR12011@L5,consumo_mpsa,variable,diário,linha/L1_L7,t/d,1,1,False,SAME,EXPLICIT_OK,DIRECT
production,EQ12005,14,consumo_mpsa_grupo,diário,linha_grupo/L1_L7,VAR12011@L6,consumo_mpsa,variable,diário,linha/L1_L7,t/d,1,1,False,SAME,EXPLICIT_OK,DIRECT
production,EQ12005,14,consumo_mpsa_grupo,diário,linha_grupo/L1_L7,VAR12011@L7,consumo_mpsa,variable,diário,linha/L1_L7,t/d,1,1,False,SAME,EXPLICIT_OK,DIRECT
production,EQ12006,19,consumo_mrn,diário,linha/L1_L7,VAR12029,fator_mrn,variable,diário,linha/L1_L7,-,1,1,False,SAME,OWN_SCOPE,DIRECT
production,EQ12006,19,consumo_mrn,diário,linha/L1_L7,VAR12022,consumo_mrn_percentual,variable,diário,linha/L1_L7,%,1,1,False,SAME,OWN_SCOPE,DIRECT
production,EQ12006,19,consumo_mrn,diário,linha/L1_L7,VAR12046,producao,variable,diário,linha/L1_L7,t/d,2,1,False,SAME,OWN_SCOPE,DIRECT
production,EQ12006,19,consumo_mrn,diário,linha/L1_L7,VAR12025,fator_ajuste_mrn,variable,diário,linha/L1_L7,-,1,1,False,SAME,OWN_SCOPE,DIRECT
production,EQ12007,20,consumo_mrn_grupo,diário,linha_grupo/L1_L7,VAR12017@L1,consumo_mrn,variable,diário,linha/L1_L7,t/d,1,1,False,SAME,EXPLICIT_OK,DIRECT
production,EQ12007,20,consumo_mrn_grupo,diário,linha_grupo/L1_L7,VAR12017@L2,consumo_mrn,variable,diário,linha/L1_L7,t/d,1,1,False,SAME,EXPLICIT_OK,DIRECT
production,EQ12007,20,consumo_mrn_grupo,diário,linha_grupo/L1_L7,VAR12017@L3,consumo_mrn,variable,diário,linha/L1_L7,t/d,1,1,False,SAME,EXPLICIT_OK,DIRECT
production,EQ12007,20,consumo_mrn_grupo,diário,linha_grupo/L1_L7,VAR12017@L4,consumo_mrn,variable,diário,linha/L1_L7,t/d,1,1,False,SAME,EXPLICIT_OK,DIRECT
production,EQ12007,20,consumo_mrn_grupo,diário,linha_grupo/L1_L7,VAR12017@L5,consumo_mrn,variable,diário,linha/L1_L7,t/d,1,1,False,SAME,EXPLICIT_OK,DIRECT
production,EQ12007,20,consumo_mrn_grupo,diário,linha_grupo/L1_L7,VAR12017@L6,consumo_mrn,variable,diário,linha/L1_L7,t/d,1,1,False,SAME,EXPLICIT_OK,DIRECT
production,EQ12007,20,consumo_mrn_grupo,diário,linha_grupo/L1_L7,VAR12017@L7,consumo_mrn,variable,diário,linha/L1_L7,t/d,1,1,False,SAME,EXPLICIT_OK,DIRECT
production,EQ12008,25,desaguamento_oee,anual,linha_grupo/L1_L7,VAR12015,consumo_mpsa_grupo,variable,anual,linha_grupo/L1_L7,t/ano,3,1,False,SAME,OWN_SCOPE,DIRECT
production,EQ12008,25,desaguamento_oee,anual,linha_grupo/L1_L7,PARAM12001,desaguamento_produtividade,parameter,anual,planta/PLANTA,t/h,1,1,False,PARAMETER (ano),PARENT_SCOPE,RESOLVED_BY_SPATIAL_PARENT
production,EQ12009,29,fator_cbg,diário,linha/L1_L7,VAR12029,fator_mrn,variable,diário,linha/L1_L7,-,1,1,False,SAME,OWN_SCOPE,DIRECT
production,EQ12010,30,fator_mpsa,diário,linha/L1_L7,VAR12028,fator_mpsa_kg_t,variable,diário,linha_grupo/L1_L7,kg/t,1,1,False,SAME,PARENT_SCOPE,RESOLVED_BY_SPATIAL_PARENT
production,EQ12011,32,fator_mrn,diário,linha/L1_L7,VAR12030,fator_mrn_kg_t,variable,diário,linha_grupo/L1_L7,kg/t,1,1,False,SAME,PARENT_SCOPE,RESOLVED_BY_SPATIAL_PARENT
production,EQ12012,35,lth,diário,linha/L1_L7,VAR12056,reducao_lth_digestao,variable,diário,linha/L1_L7,m³/h,1,1,False,SAME,OWN_SCOPE,DIRECT
production,EQ12012,35,lth,diário,linha/L1_L7,VAR12060,tempo_digestao,variable,diário,linha/L1_L7,h,1,1,False,SAME,OWN_SCOPE,DIRECT
production,EQ12012,35,lth,diário,linha/L1_L7,VAR12055,reducao_lth_clarificacao,variable,diário,linha/L1_L7,m³/h,1,1,False,SAME,OWN_SCOPE,DIRECT
production,EQ12012,35,lth,diário,linha/L1_L7,VAR12059,tempo_clarificacao,variable,diário,linha/L1_L7,h,1,1,False,SAME,OWN_SCOPE,DIRECT
production,EQ12012,35,lth,diário,linha/L1_L7,VAR12057,reducao_lth_precipitacao,variable,diário,linha/L1_L7,m³/h,1,1,False,SAME,OWN_SCOPE,DIRECT
production,EQ12012,35,lth,diário,linha/L1_L7,VAR12061,tempo_precipitacao,variable,diário,linha/L1_L7,h,1,1,False,SAME,OWN_SCOPE,DIRECT
production,EQ12012,35,lth,diário,linha/L1_L7,VAR12054,reducao_lth_calcinacao,variable,diário,linha/L1_L7,m³/h,1,1,False,SAME,OWN_SCOPE,DIRECT
production,EQ12012,35,lth,diário,linha/L1_L7,VAR12058,tempo_calcinacao,variable,diário,linha/L1_L7,h,1,1,False,SAME,OWN_SCOPE,DIRECT
production,EQ12012,35,lth,diário,linha/L1_L7,VAR12060,tempo_digestao,variable,diário,linha/L1_L7,h,1,1,False,SAME,OWN_SCOPE,DIRECT
production,EQ12012,35,lth,diário,linha/L1_L7,VAR12059,tempo_clarificacao,variable,diário,linha/L1_L7,h,1,1,False,SAME,OWN_SCOPE,DIRECT
production,EQ12012,35,lth,diário,linha/L1_L7,VAR12061,tempo_precipitacao,variable,diário,linha/L1_L7,h,1,1,False,SAME,OWN_SCOPE,DIRECT
production,EQ12012,35,lth,diário,linha/L1_L7,VAR12058,tempo_calcinacao,variable,diário,linha/L1_L7,h,1,1,False,SAME,OWN_SCOPE,DIRECT
production,EQ12012,35,lth,diário,linha/L1_L7,PARAM12003,lth_meta,parameter,anual,linha/L1_L7,-,1,0,False,PARAMETER (ano),OWN_SCOPE,DIRECT
production,EQ12012,35,lth,diário,linha/L1_L7,VAR12024,fator_ajuste_lth,variable,mensal,linha/L1_L7,-,1,0,True,COARSER_REF (fallback temporal do runtime),OWN_SCOPE,RESOLVED_BY_FREQUENCY_FALLBACK
production,EQ12012,35,lth,diário,linha/L1_L7,VAR12056,reducao_lth_digestao,variable,diário,linha/L1_L7,m³/h,1,1,False,SAME,OWN_SCOPE,DIRECT
production,EQ12012,35,lth,diário,linha/L1_L7,VAR12060,tempo_digestao,variable,diário,linha/L1_L7,h,1,1,False,SAME,OWN_SCOPE,DIRECT
production,EQ12012,35,lth,diário,linha/L1_L7,VAR12055,reducao_lth_clarificacao,variable,diário,linha/L1_L7,m³/h,1,1,False,SAME,OWN_SCOPE,DIRECT
production,EQ12012,35,lth,diário,linha/L1_L7,VAR12059,tempo_clarificacao,variable,diário,linha/L1_L7,h,1,1,False,SAME,OWN_SCOPE,DIRECT
production,EQ12012,35,lth,diário,linha/L1_L7,VAR12057,reducao_lth_precipitacao,variable,diário,linha/L1_L7,m³/h,1,1,False,SAME,OWN_SCOPE,DIRECT
production,EQ12012,35,lth,diário,linha/L1_L7,VAR12061,tempo_precipitacao,variable,diário,linha/L1_L7,h,1,1,False,SAME,OWN_SCOPE,DIRECT
production,EQ12012,35,lth,diário,linha/L1_L7,VAR12054,reducao_lth_calcinacao,variable,diário,linha/L1_L7,m³/h,1,1,False,SAME,OWN_SCOPE,DIRECT
production,EQ12012,35,lth,diário,linha/L1_L7,VAR12058,tempo_calcinacao,variable,diário,linha/L1_L7,h,1,1,False,SAME,OWN_SCOPE,DIRECT
production,EQ12012,35,lth,diário,linha/L1_L7,VAR12060,tempo_digestao,variable,diário,linha/L1_L7,h,1,1,False,SAME,OWN_SCOPE,DIRECT
production,EQ12012,35,lth,diário,linha/L1_L7,VAR12059,tempo_clarificacao,variable,diário,linha/L1_L7,h,1,1,False,SAME,OWN_SCOPE,DIRECT
production,EQ12012,35,lth,diário,linha/L1_L7,VAR12061,tempo_precipitacao,variable,diário,linha/L1_L7,h,1,1,False,SAME,OWN_SCOPE,DIRECT
production,EQ12012,35,lth,diário,linha/L1_L7,VAR12058,tempo_calcinacao,variable,diário,linha/L1_L7,h,1,1,False,SAME,OWN_SCOPE,DIRECT
production,EQ12012,35,lth,diário,linha/L1_L7,PARAM12003,lth_meta,parameter,anual,linha/L1_L7,-,1,0,False,PARAMETER (ano),OWN_SCOPE,DIRECT
production,EQ12012,35,lth,diário,linha/L1_L7,PARAM12003,lth_meta,parameter,anual,linha/L1_L7,-,1,0,False,PARAMETER (ano),OWN_SCOPE,DIRECT
production,EQ12012,35,lth,diário,linha/L1_L7,VAR12056,reducao_lth_digestao,variable,diário,linha/L1_L7,m³/h,1,1,False,SAME,OWN_SCOPE,DIRECT
production,EQ12012,35,lth,diário,linha/L1_L7,VAR12060,tempo_digestao,variable,diário,linha/L1_L7,h,1,1,False,SAME,OWN_SCOPE,DIRECT
production,EQ12012,35,lth,diário,linha/L1_L7,VAR12055,reducao_lth_clarificacao,variable,diário,linha/L1_L7,m³/h,1,1,False,SAME,OWN_SCOPE,DIRECT
production,EQ12012,35,lth,diário,linha/L1_L7,VAR12059,tempo_clarificacao,variable,diário,linha/L1_L7,h,1,1,False,SAME,OWN_SCOPE,DIRECT
production,EQ12012,35,lth,diário,linha/L1_L7,VAR12057,reducao_lth_precipitacao,variable,diário,linha/L1_L7,m³/h,1,1,False,SAME,OWN_SCOPE,DIRECT
production,EQ12012,35,lth,diário,linha/L1_L7,VAR12061,tempo_precipitacao,variable,diário,linha/L1_L7,h,1,1,False,SAME,OWN_SCOPE,DIRECT
production,EQ12012,35,lth,diário,linha/L1_L7,VAR12054,reducao_lth_calcinacao,variable,diário,linha/L1_L7,m³/h,1,1,False,SAME,OWN_SCOPE,DIRECT
production,EQ12012,35,lth,diário,linha/L1_L7,VAR12058,tempo_calcinacao,variable,diário,linha/L1_L7,h,1,1,False,SAME,OWN_SCOPE,DIRECT
production,EQ12012,35,lth,diário,linha/L1_L7,VAR12060,tempo_digestao,variable,diário,linha/L1_L7,h,1,1,False,SAME,OWN_SCOPE,DIRECT
production,EQ12012,35,lth,diário,linha/L1_L7,VAR12059,tempo_clarificacao,variable,diário,linha/L1_L7,h,1,1,False,SAME,OWN_SCOPE,DIRECT
production,EQ12012,35,lth,diário,linha/L1_L7,VAR12061,tempo_precipitacao,variable,diário,linha/L1_L7,h,1,1,False,SAME,OWN_SCOPE,DIRECT
production,EQ12012,35,lth,diário,linha/L1_L7,VAR12058,tempo_calcinacao,variable,diário,linha/L1_L7,h,1,1,False,SAME,OWN_SCOPE,DIRECT
production,EQ12012,35,lth,diário,linha/L1_L7,PARAM12003,lth_meta,parameter,anual,linha/L1_L7,-,1,0,False,PARAMETER (ano),OWN_SCOPE,DIRECT
production,EQ12013,44,lth_total,diário,linha_grupo/L1_L7,VAR12031@L1,lth,variable,diário,linha/L1_L7,m³/h,2,1,False,SAME,EXPLICIT_OK,DIRECT
production,EQ12013,44,lth_total,diário,linha_grupo/L1_L7,VAR12031@L2,lth,variable,diário,linha/L1_L7,m³/h,2,1,False,SAME,EXPLICIT_OK,DIRECT
production,EQ12013,44,lth_total,diário,linha_grupo/L1_L7,VAR12031@L3,lth,variable,diário,linha/L1_L7,m³/h,2,1,False,SAME,EXPLICIT_OK,DIRECT
production,EQ12013,44,lth_total,diário,linha_grupo/L1_L7,VAR12031@L4,lth,variable,diário,linha/L1_L7,m³/h,2,1,False,SAME,EXPLICIT_OK,DIRECT
production,EQ12013,44,lth_total,diário,linha_grupo/L1_L7,VAR12031@L5,lth,variable,diário,linha/L1_L7,m³/h,2,1,False,SAME,EXPLICIT_OK,DIRECT
production,EQ12013,44,lth_total,diário,linha_grupo/L1_L7,VAR12031@L6,lth,variable,diário,linha/L1_L7,m³/h,2,1,False,SAME,EXPLICIT_OK,DIRECT
production,EQ12013,44,lth_total,diário,linha_grupo/L1_L7,VAR12031@L7,lth,variable,diário,linha/L1_L7,m³/h,2,1,False,SAME,EXPLICIT_OK,DIRECT
production,EQ12014,48,oee,diário,linha/L1_L7,VAR12031,lth,variable,diário,linha/L1_L7,m³/h,2,1,False,SAME,OWN_SCOPE,DIRECT
production,EQ12014,48,oee,diário,linha/L1_L7,PARAM12003,lth_meta,parameter,anual,linha/L1_L7,-,1,0,False,PARAMETER (ano),OWN_SCOPE,DIRECT
production,EQ12015,50,oee_total,diário,linha_grupo/L1_L7,VAR12036@L1,oee,variable,diário,linha/L1_L7,%,2,1,False,SAME,EXPLICIT_OK,DIRECT
production,EQ12015,50,oee_total,diário,linha_grupo/L1_L7,PARAM12003@L1,lth_meta,parameter,anual,linha/L1_L7,-,1,0,False,PARAMETER (ano),EXPLICIT_OK,DIRECT
production,EQ12015,50,oee_total,diário,linha_grupo/L1_L7,VAR12036@L2,oee,variable,diário,linha/L1_L7,%,2,1,False,SAME,EXPLICIT_OK,DIRECT
production,EQ12015,50,oee_total,diário,linha_grupo/L1_L7,PARAM12003@L2,lth_meta,parameter,anual,linha/L1_L7,-,1,0,False,PARAMETER (ano),EXPLICIT_OK,DIRECT
production,EQ12015,50,oee_total,diário,linha_grupo/L1_L7,VAR12036@L3,oee,variable,diário,linha/L1_L7,%,2,1,False,SAME,EXPLICIT_OK,DIRECT
production,EQ12015,50,oee_total,diário,linha_grupo/L1_L7,PARAM12003@L3,lth_meta,parameter,anual,linha/L1_L7,-,1,0,False,PARAMETER (ano),EXPLICIT_OK,DIRECT
production,EQ12015,50,oee_total,diário,linha_grupo/L1_L7,VAR12036@L4,oee,variable,diário,linha/L1_L7,%,2,1,False,SAME,EXPLICIT_OK,DIRECT
production,EQ12015,50,oee_total,diário,linha_grupo/L1_L7,PARAM12003@L4,lth_meta,parameter,anual,linha/L1_L7,-,1,0,False,PARAMETER (ano),EXPLICIT_OK,DIRECT
production,EQ12015,50,oee_total,diário,linha_grupo/L1_L7,VAR12036@L5,oee,variable,diário,linha/L1_L7,%,2,1,False,SAME,EXPLICIT_OK,DIRECT
production,EQ12015,50,oee_total,diário,linha_grupo/L1_L7,PARAM12003@L5,lth_meta,parameter,anual,linha/L1_L7,-,1,0,False,PARAMETER (ano),EXPLICIT_OK,DIRECT
production,EQ12015,50,oee_total,diário,linha_grupo/L1_L7,VAR12036@L6,oee,variable,diário,linha/L1_L7,%,2,1,False,SAME,EXPLICIT_OK,DIRECT
production,EQ12015,50,oee_total,diário,linha_grupo/L1_L7,PARAM12003@L6,lth_meta,parameter,anual,linha/L1_L7,-,1,0,False,PARAMETER (ano),EXPLICIT_OK,DIRECT
production,EQ12015,50,oee_total,diário,linha_grupo/L1_L7,VAR12036@L7,oee,variable,diário,linha/L1_L7,%,2,1,False,SAME,EXPLICIT_OK,DIRECT
production,EQ12015,50,oee_total,diário,linha_grupo/L1_L7,PARAM12003@L7,lth_meta,parameter,anual,linha/L1_L7,-,1,0,False,PARAMETER (ano),EXPLICIT_OK,DIRECT
production,EQ12015,50,oee_total,diário,linha_grupo/L1_L7,PARAM12003@L1,lth_meta,parameter,anual,linha/L1_L7,-,1,0,False,PARAMETER (ano),EXPLICIT_OK,DIRECT
production,EQ12015,50,oee_total,diário,linha_grupo/L1_L7,PARAM12003@L2,lth_meta,parameter,anual,linha/L1_L7,-,1,0,False,PARAMETER (ano),EXPLICIT_OK,DIRECT
production,EQ12015,50,oee_total,diário,linha_grupo/L1_L7,PARAM12003@L3,lth_meta,parameter,anual,linha/L1_L7,-,1,0,False,PARAMETER (ano),EXPLICIT_OK,DIRECT
production,EQ12015,50,oee_total,diário,linha_grupo/L1_L7,PARAM12003@L4,lth_meta,parameter,anual,linha/L1_L7,-,1,0,False,PARAMETER (ano),EXPLICIT_OK,DIRECT
production,EQ12015,50,oee_total,diário,linha_grupo/L1_L7,PARAM12003@L5,lth_meta,parameter,anual,linha/L1_L7,-,1,0,False,PARAMETER (ano),EXPLICIT_OK,DIRECT
production,EQ12015,50,oee_total,diário,linha_grupo/L1_L7,PARAM12003@L6,lth_meta,parameter,anual,linha/L1_L7,-,1,0,False,PARAMETER (ano),EXPLICIT_OK,DIRECT
production,EQ12015,50,oee_total,diário,linha_grupo/L1_L7,PARAM12003@L7,lth_meta,parameter,anual,linha/L1_L7,-,1,0,False,PARAMETER (ano),EXPLICIT_OK,DIRECT
production,EQ12016,53,pick_up,diário,linha/L1,VAR12062@L1,yield,variable,diário,linha/L1_L7,g/l,1,1,False,SAME,EXPLICIT_OK,DIRECT
production,EQ12016,53,pick_up,diário,linha/L1,VAR12062@L2,yield,variable,diário,linha/L1_L7,g/l,1,1,False,SAME,EXPLICIT_OK,DIRECT
production,EQ12016,53,pick_up,diário,linha/L1,VAR12062@L3,yield,variable,diário,linha/L1_L7,g/l,1,1,False,SAME,EXPLICIT_OK,DIRECT
production,EQ12016,53,pick_up,diário,linha/L1,PARAM12005,pick_up_yield,parameter,anual,linha/L1_L7,g/l,1,0,False,PARAMETER (ano),OWN_SCOPE,DIRECT
production,EQ12017,54,pick_up,diário,linha/L2,VAR12062@L1,yield,variable,diário,linha/L1_L7,g/l,1,1,False,SAME,EXPLICIT_OK,DIRECT
production,EQ12017,54,pick_up,diário,linha/L2,VAR12062@L2,yield,variable,diário,linha/L1_L7,g/l,1,1,False,SAME,EXPLICIT_OK,DIRECT
production,EQ12017,54,pick_up,diário,linha/L2,VAR12062@L3,yield,variable,diário,linha/L1_L7,g/l,1,1,False,SAME,EXPLICIT_OK,DIRECT
production,EQ12017,54,pick_up,diário,linha/L2,PARAM12005,pick_up_yield,parameter,anual,linha/L1_L7,g/l,1,0,False,PARAMETER (ano),OWN_SCOPE,DIRECT
production,EQ12018,55,pick_up,diário,linha/L3,VAR12062@L1,yield,variable,diário,linha/L1_L7,g/l,1,1,False,SAME,EXPLICIT_OK,DIRECT
production,EQ12018,55,pick_up,diário,linha/L3,VAR12062@L2,yield,variable,diário,linha/L1_L7,g/l,1,1,False,SAME,EXPLICIT_OK,DIRECT
production,EQ12018,55,pick_up,diário,linha/L3,VAR12062@L3,yield,variable,diário,linha/L1_L7,g/l,1,1,False,SAME,EXPLICIT_OK,DIRECT
production,EQ12018,55,pick_up,diário,linha/L3,PARAM12005,pick_up_yield,parameter,anual,linha/L1_L7,g/l,1,0,False,PARAMETER (ano),OWN_SCOPE,DIRECT
production,EQ12019,56,pick_up,diário,linha/L4,VAR12062@L4,yield,variable,diário,linha/L1_L7,g/l,1,1,False,SAME,EXPLICIT_OK,DIRECT
production,EQ12019,56,pick_up,diário,linha/L4,VAR12062@L5,yield,variable,diário,linha/L1_L7,g/l,1,1,False,SAME,EXPLICIT_OK,DIRECT
production,EQ12019,56,pick_up,diário,linha/L4,PARAM12005,pick_up_yield,parameter,anual,linha/L1_L7,g/l,1,0,False,PARAMETER (ano),OWN_SCOPE,DIRECT
production,EQ12020,57,pick_up,diário,linha/L5,VAR12062@L4,yield,variable,diário,linha/L1_L7,g/l,1,1,False,SAME,EXPLICIT_OK,DIRECT
production,EQ12020,57,pick_up,diário,linha/L5,VAR12062@L5,yield,variable,diário,linha/L1_L7,g/l,1,1,False,SAME,EXPLICIT_OK,DIRECT
production,EQ12020,57,pick_up,diário,linha/L5,PARAM12005,pick_up_yield,parameter,anual,linha/L1_L7,g/l,1,0,False,PARAMETER (ano),OWN_SCOPE,DIRECT
production,EQ12021,58,pick_up,diário,linha/L6,VAR12062@L6,yield,variable,diário,linha/L1_L7,g/l,1,1,False,SAME,EXPLICIT_OK,DIRECT
production,EQ12021,58,pick_up,diário,linha/L6,VAR12062@L7,yield,variable,diário,linha/L1_L7,g/l,1,1,False,SAME,EXPLICIT_OK,DIRECT
production,EQ12021,58,pick_up,diário,linha/L6,PARAM12005,pick_up_yield,parameter,anual,linha/L1_L7,g/l,1,0,False,PARAMETER (ano),OWN_SCOPE,DIRECT
production,EQ12022,59,pick_up,diário,linha/L7,VAR12062@L6,yield,variable,diário,linha/L1_L7,g/l,1,1,False,SAME,EXPLICIT_OK,DIRECT
production,EQ12022,59,pick_up,diário,linha/L7,VAR12062@L7,yield,variable,diário,linha/L1_L7,g/l,1,1,False,SAME,EXPLICIT_OK,DIRECT
production,EQ12022,59,pick_up,diário,linha/L7,PARAM12005,pick_up_yield,parameter,anual,linha/L1_L7,g/l,1,0,False,PARAMETER (ano),OWN_SCOPE,DIRECT
production,EQ12023,61,pick_up_total,diário,linha_grupo/L1_L7,VAR12041@L1,pick_up,variable,diário,linha/L1_L7,g/l,2,1,False,SAME,EXPLICIT_OK,DIRECT
production,EQ12023,61,pick_up_total,diário,linha_grupo/L1_L7,VAR12031@L1,lth,variable,diário,linha/L1_L7,m³/h,2,1,False,SAME,EXPLICIT_OK,DIRECT
production,EQ12023,61,pick_up_total,diário,linha_grupo/L1_L7,VAR12041@L2,pick_up,variable,diário,linha/L1_L7,g/l,2,1,False,SAME,EXPLICIT_OK,DIRECT
production,EQ12023,61,pick_up_total,diário,linha_grupo/L1_L7,VAR12031@L2,lth,variable,diário,linha/L1_L7,m³/h,2,1,False,SAME,EXPLICIT_OK,DIRECT
production,EQ12023,61,pick_up_total,diário,linha_grupo/L1_L7,VAR12041@L3,pick_up,variable,diário,linha/L1_L7,g/l,2,1,False,SAME,EXPLICIT_OK,DIRECT
production,EQ12023,61,pick_up_total,diário,linha_grupo/L1_L7,VAR12031@L3,lth,variable,diário,linha/L1_L7,m³/h,2,1,False,SAME,EXPLICIT_OK,DIRECT
production,EQ12023,61,pick_up_total,diário,linha_grupo/L1_L7,VAR12041@L4,pick_up,variable,diário,linha/L1_L7,g/l,2,1,False,SAME,EXPLICIT_OK,DIRECT
production,EQ12023,61,pick_up_total,diário,linha_grupo/L1_L7,VAR12031@L4,lth,variable,diário,linha/L1_L7,m³/h,2,1,False,SAME,EXPLICIT_OK,DIRECT
production,EQ12023,61,pick_up_total,diário,linha_grupo/L1_L7,VAR12041@L5,pick_up,variable,diário,linha/L1_L7,g/l,2,1,False,SAME,EXPLICIT_OK,DIRECT
production,EQ12023,61,pick_up_total,diário,linha_grupo/L1_L7,VAR12031@L5,lth,variable,diário,linha/L1_L7,m³/h,2,1,False,SAME,EXPLICIT_OK,DIRECT
production,EQ12023,61,pick_up_total,diário,linha_grupo/L1_L7,VAR12041@L6,pick_up,variable,diário,linha/L1_L7,g/l,2,1,False,SAME,EXPLICIT_OK,DIRECT
production,EQ12023,61,pick_up_total,diário,linha_grupo/L1_L7,VAR12031@L6,lth,variable,diário,linha/L1_L7,m³/h,2,1,False,SAME,EXPLICIT_OK,DIRECT
production,EQ12023,61,pick_up_total,diário,linha_grupo/L1_L7,VAR12041@L7,pick_up,variable,diário,linha/L1_L7,g/l,2,1,False,SAME,EXPLICIT_OK,DIRECT
production,EQ12023,61,pick_up_total,diário,linha_grupo/L1_L7,VAR12031@L7,lth,variable,diário,linha/L1_L7,m³/h,2,1,False,SAME,EXPLICIT_OK,DIRECT
production,EQ12023,61,pick_up_total,diário,linha_grupo/L1_L7,VAR12031@L1,lth,variable,diário,linha/L1_L7,m³/h,2,1,False,SAME,EXPLICIT_OK,DIRECT
production,EQ12023,61,pick_up_total,diário,linha_grupo/L1_L7,VAR12031@L2,lth,variable,diário,linha/L1_L7,m³/h,2,1,False,SAME,EXPLICIT_OK,DIRECT
production,EQ12023,61,pick_up_total,diário,linha_grupo/L1_L7,VAR12031@L3,lth,variable,diário,linha/L1_L7,m³/h,2,1,False,SAME,EXPLICIT_OK,DIRECT
production,EQ12023,61,pick_up_total,diário,linha_grupo/L1_L7,VAR12031@L4,lth,variable,diário,linha/L1_L7,m³/h,2,1,False,SAME,EXPLICIT_OK,DIRECT
production,EQ12023,61,pick_up_total,diário,linha_grupo/L1_L7,VAR12031@L5,lth,variable,diário,linha/L1_L7,m³/h,2,1,False,SAME,EXPLICIT_OK,DIRECT
production,EQ12023,61,pick_up_total,diário,linha_grupo/L1_L7,VAR12031@L6,lth,variable,diário,linha/L1_L7,m³/h,2,1,False,SAME,EXPLICIT_OK,DIRECT
production,EQ12023,61,pick_up_total,diário,linha_grupo/L1_L7,VAR12031@L7,lth,variable,diário,linha/L1_L7,m³/h,2,1,False,SAME,EXPLICIT_OK,DIRECT
production,EQ12024,71,producao,diário,linha/L1_L7,VAR12031,lth,variable,diário,linha/L1_L7,m³/h,2,1,False,SAME,OWN_SCOPE,DIRECT
production,EQ12024,71,producao,diário,linha/L1_L7,VAR12041,pick_up,variable,diário,linha/L1_L7,g/l,2,1,False,SAME,OWN_SCOPE,DIRECT
production,EQ12024,71,producao,diário,linha/L1_L7,PARAM12002,fator_producao,parameter,anual,linha/L1_L7,-,1,0,False,PARAMETER (ano),OWN_SCOPE,DIRECT
production,EQ12025,73,producao_planta,diário,linha_grupo/L1_L7,VAR12046@L1,producao,variable,diário,linha/L1_L7,t/d,2,1,False,SAME,EXPLICIT_OK,DIRECT
production,EQ12025,73,producao_planta,diário,linha_grupo/L1_L7,VAR12046@L2,producao,variable,diário,linha/L1_L7,t/d,2,1,False,SAME,EXPLICIT_OK,DIRECT
production,EQ12025,73,producao_planta,diário,linha_grupo/L1_L7,VAR12046@L3,producao,variable,diário,linha/L1_L7,t/d,2,1,False,SAME,EXPLICIT_OK,DIRECT
production,EQ12025,73,producao_planta,diário,linha_grupo/L1_L7,VAR12046@L4,producao,variable,diário,linha/L1_L7,t/d,2,1,False,SAME,EXPLICIT_OK,DIRECT
production,EQ12025,73,producao_planta,diário,linha_grupo/L1_L7,VAR12046@L5,producao,variable,diário,linha/L1_L7,t/d,2,1,False,SAME,EXPLICIT_OK,DIRECT
production,EQ12025,73,producao_planta,diário,linha_grupo/L1_L7,VAR12046@L6,producao,variable,diário,linha/L1_L7,t/d,2,1,False,SAME,EXPLICIT_OK,DIRECT
production,EQ12025,73,producao_planta,diário,linha_grupo/L1_L7,VAR12046@L7,producao,variable,diário,linha/L1_L7,t/d,2,1,False,SAME,EXPLICIT_OK,DIRECT
production,EQ12026,78,producao_planta_mtpy,diário,linha_grupo/L1_L7,VAR12048,producao_planta,variable,diário,linha_grupo/L1_L7,t/d,3,1,False,SAME,OWN_SCOPE,DIRECT
production,EQ12026,78,producao_planta_mtpy,diário,linha_grupo/L1_L7,PARAM12004,n_dias_ano,parameter,anual,linha_grupo/L1_L7,dias,1,0,False,PARAMETER (ano),OWN_SCOPE,DIRECT
production,EQ12027,88,yield_lth_total,diário,linha_grupo/L1_L7,VAR12062@L1,yield,variable,diário,linha/L1_L7,g/l,1,1,False,SAME,EXPLICIT_OK,DIRECT
production,EQ12027,88,yield_lth_total,diário,linha_grupo/L1_L7,VAR12031@L1,lth,variable,diário,linha/L1_L7,m³/h,2,1,False,SAME,EXPLICIT_OK,DIRECT
production,EQ12027,88,yield_lth_total,diário,linha_grupo/L1_L7,VAR12062@L2,yield,variable,diário,linha/L1_L7,g/l,1,1,False,SAME,EXPLICIT_OK,DIRECT
production,EQ12027,88,yield_lth_total,diário,linha_grupo/L1_L7,VAR12031@L2,lth,variable,diário,linha/L1_L7,m³/h,2,1,False,SAME,EXPLICIT_OK,DIRECT
production,EQ12027,88,yield_lth_total,diário,linha_grupo/L1_L7,VAR12062@L3,yield,variable,diário,linha/L1_L7,g/l,1,1,False,SAME,EXPLICIT_OK,DIRECT
production,EQ12027,88,yield_lth_total,diário,linha_grupo/L1_L7,VAR12031@L3,lth,variable,diário,linha/L1_L7,m³/h,2,1,False,SAME,EXPLICIT_OK,DIRECT
production,EQ12027,88,yield_lth_total,diário,linha_grupo/L1_L7,VAR12062@L4,yield,variable,diário,linha/L1_L7,g/l,1,1,False,SAME,EXPLICIT_OK,DIRECT
production,EQ12027,88,yield_lth_total,diário,linha_grupo/L1_L7,VAR12031@L4,lth,variable,diário,linha/L1_L7,m³/h,2,1,False,SAME,EXPLICIT_OK,DIRECT
production,EQ12027,88,yield_lth_total,diário,linha_grupo/L1_L7,VAR12062@L5,yield,variable,diário,linha/L1_L7,g/l,1,1,False,SAME,EXPLICIT_OK,DIRECT
production,EQ12027,88,yield_lth_total,diário,linha_grupo/L1_L7,VAR12031@L5,lth,variable,diário,linha/L1_L7,m³/h,2,1,False,SAME,EXPLICIT_OK,DIRECT
production,EQ12027,88,yield_lth_total,diário,linha_grupo/L1_L7,VAR12062@L6,yield,variable,diário,linha/L1_L7,g/l,1,1,False,SAME,EXPLICIT_OK,DIRECT
production,EQ12027,88,yield_lth_total,diário,linha_grupo/L1_L7,VAR12031@L6,lth,variable,diário,linha/L1_L7,m³/h,2,1,False,SAME,EXPLICIT_OK,DIRECT
production,EQ12027,88,yield_lth_total,diário,linha_grupo/L1_L7,VAR12062@L7,yield,variable,diário,linha/L1_L7,g/l,1,1,False,SAME,EXPLICIT_OK,DIRECT
production,EQ12027,88,yield_lth_total,diário,linha_grupo/L1_L7,VAR12031@L7,lth,variable,diário,linha/L1_L7,m³/h,2,1,False,SAME,EXPLICIT_OK,DIRECT
production,EQ12027,88,yield_lth_total,diário,linha_grupo/L1_L7,VAR12031@L1,lth,variable,diário,linha/L1_L7,m³/h,2,1,False,SAME,EXPLICIT_OK,DIRECT
production,EQ12027,88,yield_lth_total,diário,linha_grupo/L1_L7,VAR12031@L2,lth,variable,diário,linha/L1_L7,m³/h,2,1,False,SAME,EXPLICIT_OK,DIRECT
production,EQ12027,88,yield_lth_total,diário,linha_grupo/L1_L7,VAR12031@L3,lth,variable,diário,linha/L1_L7,m³/h,2,1,False,SAME,EXPLICIT_OK,DIRECT
production,EQ12027,88,yield_lth_total,diário,linha_grupo/L1_L7,VAR12031@L4,lth,variable,diário,linha/L1_L7,m³/h,2,1,False,SAME,EXPLICIT_OK,DIRECT
production,EQ12027,88,yield_lth_total,diário,linha_grupo/L1_L7,VAR12031@L5,lth,variable,diário,linha/L1_L7,m³/h,2,1,False,SAME,EXPLICIT_OK,DIRECT
production,EQ12027,88,yield_lth_total,diário,linha_grupo/L1_L7,VAR12031@L6,lth,variable,diário,linha/L1_L7,m³/h,2,1,False,SAME,EXPLICIT_OK,DIRECT
production,EQ12027,88,yield_lth_total,diário,linha_grupo/L1_L7,VAR12031@L7,lth,variable,diário,linha/L1_L7,m³/h,2,1,False,SAME,EXPLICIT_OK,DIRECT
yield,EQ11001,4,eoc_solids_grupo,diário,linha_grupo/L1_L3,VAR11001@L1,eoc_solids,variable,diário,linha/L1_L7,g/l,2,1,False,SAME,EXPLICIT_OK,DIRECT
yield,EQ11001,4,eoc_solids_grupo,diário,linha_grupo/L1_L3,VAR11001@L2,eoc_solids,variable,diário,linha/L1_L7,g/l,2,1,False,SAME,EXPLICIT_OK,DIRECT
yield,EQ11001,4,eoc_solids_grupo,diário,linha_grupo/L1_L3,VAR11001@L3,eoc_solids,variable,diário,linha/L1_L7,g/l,2,1,False,SAME,EXPLICIT_OK,DIRECT
yield,EQ11002,5,eoc_solids_grupo,diário,linha_grupo/L4_L5,VAR11001@L4,eoc_solids,variable,diário,linha/L1_L7,g/l,2,1,False,SAME,EXPLICIT_OK,DIRECT
yield,EQ11002,5,eoc_solids_grupo,diário,linha_grupo/L4_L5,VAR11001@L5,eoc_solids,variable,diário,linha/L1_L7,g/l,2,1,False,SAME,EXPLICIT_OK,DIRECT
yield,EQ11003,6,eoc_solids_grupo,diário,linha_grupo/L6_L7,VAR11001@L6,eoc_solids,variable,diário,linha/L1_L7,g/l,2,1,False,SAME,EXPLICIT_OK,DIRECT
yield,EQ11003,6,eoc_solids_grupo,diário,linha_grupo/L6_L7,VAR11001@L7,eoc_solids,variable,diário,linha/L1_L7,g/l,2,1,False,SAME,EXPLICIT_OK,DIRECT
yield,EQ11004,7,eoc_solids_total,diário,linha_grupo/L1_L7,VAR11001@L1,eoc_solids,variable,diário,linha/L1_L7,g/l,2,1,False,SAME,EXPLICIT_OK,DIRECT
yield,EQ11004,7,eoc_solids_total,diário,linha_grupo/L1_L7,VAR11046@L1,ltp,variable,diário,linha/L1_L7,m³/h,2,1,False,SAME,EXPLICIT_OK,DIRECT
yield,EQ11004,7,eoc_solids_total,diário,linha_grupo/L1_L7,VAR11001@L2,eoc_solids,variable,diário,linha/L1_L7,g/l,2,1,False,SAME,EXPLICIT_OK,DIRECT
yield,EQ11004,7,eoc_solids_total,diário,linha_grupo/L1_L7,VAR11046@L2,ltp,variable,diário,linha/L1_L7,m³/h,2,1,False,SAME,EXPLICIT_OK,DIRECT
yield,EQ11004,7,eoc_solids_total,diário,linha_grupo/L1_L7,VAR11001@L3,eoc_solids,variable,diário,linha/L1_L7,g/l,2,1,False,SAME,EXPLICIT_OK,DIRECT
yield,EQ11004,7,eoc_solids_total,diário,linha_grupo/L1_L7,VAR11046@L3,ltp,variable,diário,linha/L1_L7,m³/h,2,1,False,SAME,EXPLICIT_OK,DIRECT
yield,EQ11004,7,eoc_solids_total,diário,linha_grupo/L1_L7,VAR11001@L4,eoc_solids,variable,diário,linha/L1_L7,g/l,2,1,False,SAME,EXPLICIT_OK,DIRECT
yield,EQ11004,7,eoc_solids_total,diário,linha_grupo/L1_L7,VAR11046@L4,ltp,variable,diário,linha/L1_L7,m³/h,2,1,False,SAME,EXPLICIT_OK,DIRECT
yield,EQ11004,7,eoc_solids_total,diário,linha_grupo/L1_L7,VAR11001@L5,eoc_solids,variable,diário,linha/L1_L7,g/l,2,1,False,SAME,EXPLICIT_OK,DIRECT
yield,EQ11004,7,eoc_solids_total,diário,linha_grupo/L1_L7,VAR11046@L5,ltp,variable,diário,linha/L1_L7,m³/h,2,1,False,SAME,EXPLICIT_OK,DIRECT
yield,EQ11004,7,eoc_solids_total,diário,linha_grupo/L1_L7,VAR11001@L6,eoc_solids,variable,diário,linha/L1_L7,g/l,2,1,False,SAME,EXPLICIT_OK,DIRECT
yield,EQ11004,7,eoc_solids_total,diário,linha_grupo/L1_L7,VAR11046@L6,ltp,variable,diário,linha/L1_L7,m³/h,2,1,False,SAME,EXPLICIT_OK,DIRECT
yield,EQ11004,7,eoc_solids_total,diário,linha_grupo/L1_L7,VAR11001@L7,eoc_solids,variable,diário,linha/L1_L7,g/l,2,1,False,SAME,EXPLICIT_OK,DIRECT
yield,EQ11004,7,eoc_solids_total,diário,linha_grupo/L1_L7,VAR11046@L7,ltp,variable,diário,linha/L1_L7,m³/h,2,1,False,SAME,EXPLICIT_OK,DIRECT
yield,EQ11004,7,eoc_solids_total,diário,linha_grupo/L1_L7,VAR11046@L1,ltp,variable,diário,linha/L1_L7,m³/h,2,1,False,SAME,EXPLICIT_OK,DIRECT
yield,EQ11004,7,eoc_solids_total,diário,linha_grupo/L1_L7,VAR11046@L2,ltp,variable,diário,linha/L1_L7,m³/h,2,1,False,SAME,EXPLICIT_OK,DIRECT
yield,EQ11004,7,eoc_solids_total,diário,linha_grupo/L1_L7,VAR11046@L3,ltp,variable,diário,linha/L1_L7,m³/h,2,1,False,SAME,EXPLICIT_OK,DIRECT
yield,EQ11004,7,eoc_solids_total,diário,linha_grupo/L1_L7,VAR11046@L4,ltp,variable,diário,linha/L1_L7,m³/h,2,1,False,SAME,EXPLICIT_OK,DIRECT
yield,EQ11004,7,eoc_solids_total,diário,linha_grupo/L1_L7,VAR11046@L5,ltp,variable,diário,linha/L1_L7,m³/h,2,1,False,SAME,EXPLICIT_OK,DIRECT
yield,EQ11004,7,eoc_solids_total,diário,linha_grupo/L1_L7,VAR11046@L6,ltp,variable,diário,linha/L1_L7,m³/h,2,1,False,SAME,EXPLICIT_OK,DIRECT
yield,EQ11004,7,eoc_solids_total,diário,linha_grupo/L1_L7,VAR11046@L7,ltp,variable,diário,linha/L1_L7,m³/h,2,1,False,SAME,EXPLICIT_OK,DIRECT
yield,EQ11005,13,eoc_solids_base_grupo,anual,linha_grupo/L1_L3,VAR11011@L1,eoc_solids_base,variable,anual,linha/L1_L7,g/l,1,1,False,SAME,EXPLICIT_OK,DIRECT
yield,EQ11005,13,eoc_solids_base_grupo,anual,linha_grupo/L1_L3,VAR11011@L2,eoc_solids_base,variable,anual,linha/L1_L7,g/l,1,1,False,SAME,EXPLICIT_OK,DIRECT
yield,EQ11005,13,eoc_solids_base_grupo,anual,linha_grupo/L1_L3,VAR11011@L3,eoc_solids_base,variable,anual,linha/L1_L7,g/l,1,1,False,SAME,EXPLICIT_OK,DIRECT
yield,EQ11006,14,eoc_solids_base_grupo,anual,linha_grupo/L4_L5,VAR11011@L4,eoc_solids_base,variable,anual,linha/L1_L7,g/l,1,1,False,SAME,EXPLICIT_OK,DIRECT
yield,EQ11006,14,eoc_solids_base_grupo,anual,linha_grupo/L4_L5,VAR11011@L5,eoc_solids_base,variable,anual,linha/L1_L7,g/l,1,1,False,SAME,EXPLICIT_OK,DIRECT
yield,EQ11007,15,eoc_solids_base_grupo,anual,linha_grupo/L6_L7,VAR11011@L6,eoc_solids_base,variable,anual,linha/L1_L7,g/l,1,1,False,SAME,EXPLICIT_OK,DIRECT
yield,EQ11007,15,eoc_solids_base_grupo,anual,linha_grupo/L6_L7,VAR11011@L7,eoc_solids_base,variable,anual,linha/L1_L7,g/l,1,1,False,SAME,EXPLICIT_OK,DIRECT
yield,EQ11008,16,eoc_solids_base_total,anual,linha_grupo/L1_L7,VAR11011@L1,eoc_solids_base,variable,anual,linha/L1_L7,g/l,1,1,False,SAME,EXPLICIT_OK,DIRECT
yield,EQ11008,16,eoc_solids_base_total,anual,linha_grupo/L1_L7,VAR11145@L1,producao_base_ppt_base,variable,anual,linha/L1_L7,t,1,1,False,SAME,EXPLICIT_OK,DIRECT
yield,EQ11008,16,eoc_solids_base_total,anual,linha_grupo/L1_L7,VAR11011@L2,eoc_solids_base,variable,anual,linha/L1_L7,g/l,1,1,False,SAME,EXPLICIT_OK,DIRECT
yield,EQ11008,16,eoc_solids_base_total,anual,linha_grupo/L1_L7,VAR11145@L2,producao_base_ppt_base,variable,anual,linha/L1_L7,t,1,1,False,SAME,EXPLICIT_OK,DIRECT
yield,EQ11008,16,eoc_solids_base_total,anual,linha_grupo/L1_L7,VAR11011@L3,eoc_solids_base,variable,anual,linha/L1_L7,g/l,1,1,False,SAME,EXPLICIT_OK,DIRECT
yield,EQ11008,16,eoc_solids_base_total,anual,linha_grupo/L1_L7,VAR11145@L3,producao_base_ppt_base,variable,anual,linha/L1_L7,t,1,1,False,SAME,EXPLICIT_OK,DIRECT
yield,EQ11008,16,eoc_solids_base_total,anual,linha_grupo/L1_L7,VAR11011@L4,eoc_solids_base,variable,anual,linha/L1_L7,g/l,1,1,False,SAME,EXPLICIT_OK,DIRECT
yield,EQ11008,16,eoc_solids_base_total,anual,linha_grupo/L1_L7,VAR11145@L4,producao_base_ppt_base,variable,anual,linha/L1_L7,t,1,1,False,SAME,EXPLICIT_OK,DIRECT
yield,EQ11008,16,eoc_solids_base_total,anual,linha_grupo/L1_L7,VAR11011@L5,eoc_solids_base,variable,anual,linha/L1_L7,g/l,1,1,False,SAME,EXPLICIT_OK,DIRECT
yield,EQ11008,16,eoc_solids_base_total,anual,linha_grupo/L1_L7,VAR11145@L5,producao_base_ppt_base,variable,anual,linha/L1_L7,t,1,1,False,SAME,EXPLICIT_OK,DIRECT
yield,EQ11008,16,eoc_solids_base_total,anual,linha_grupo/L1_L7,VAR11011@L6,eoc_solids_base,variable,anual,linha/L1_L7,g/l,1,1,False,SAME,EXPLICIT_OK,DIRECT
yield,EQ11008,16,eoc_solids_base_total,anual,linha_grupo/L1_L7,VAR11145@L6,producao_base_ppt_base,variable,anual,linha/L1_L7,t,1,1,False,SAME,EXPLICIT_OK,DIRECT
yield,EQ11008,16,eoc_solids_base_total,anual,linha_grupo/L1_L7,VAR11011@L7,eoc_solids_base,variable,anual,linha/L1_L7,g/l,1,1,False,SAME,EXPLICIT_OK,DIRECT
yield,EQ11008,16,eoc_solids_base_total,anual,linha_grupo/L1_L7,VAR11145@L7,producao_base_ppt_base,variable,anual,linha/L1_L7,t,1,1,False,SAME,EXPLICIT_OK,DIRECT
yield,EQ11008,16,eoc_solids_base_total,anual,linha_grupo/L1_L7,VAR11145@L1,producao_base_ppt_base,variable,anual,linha/L1_L7,t,1,1,False,SAME,EXPLICIT_OK,DIRECT
yield,EQ11008,16,eoc_solids_base_total,anual,linha_grupo/L1_L7,VAR11145@L2,producao_base_ppt_base,variable,anual,linha/L1_L7,t,1,1,False,SAME,EXPLICIT_OK,DIRECT
yield,EQ11008,16,eoc_solids_base_total,anual,linha_grupo/L1_L7,VAR11145@L3,producao_base_ppt_base,variable,anual,linha/L1_L7,t,1,1,False,SAME,EXPLICIT_OK,DIRECT
yield,EQ11008,16,eoc_solids_base_total,anual,linha_grupo/L1_L7,VAR11145@L4,producao_base_ppt_base,variable,anual,linha/L1_L7,t,1,1,False,SAME,EXPLICIT_OK,DIRECT
yield,EQ11008,16,eoc_solids_base_total,anual,linha_grupo/L1_L7,VAR11145@L5,producao_base_ppt_base,variable,anual,linha/L1_L7,t,1,1,False,SAME,EXPLICIT_OK,DIRECT
yield,EQ11008,16,eoc_solids_base_total,anual,linha_grupo/L1_L7,VAR11145@L6,producao_base_ppt_base,variable,anual,linha/L1_L7,t,1,1,False,SAME,EXPLICIT_OK,DIRECT
yield,EQ11008,16,eoc_solids_base_total,anual,linha_grupo/L1_L7,VAR11145@L7,producao_base_ppt_base,variable,anual,linha/L1_L7,t,1,1,False,SAME,EXPLICIT_OK,DIRECT
yield,EQ11009,19,eoc_temp_grupo,diário,linha_grupo/L1_L3,VAR11016@L1,eoc_temp,variable,diário,linha/L1_L7,°C,2,1,False,SAME,EXPLICIT_OK,DIRECT
yield,EQ11009,19,eoc_temp_grupo,diário,linha_grupo/L1_L3,VAR11046@L1,ltp,variable,diário,linha/L1_L7,m³/h,2,1,False,SAME,EXPLICIT_OK,DIRECT
yield,EQ11009,19,eoc_temp_grupo,diário,linha_grupo/L1_L3,VAR11016@L2,eoc_temp,variable,diário,linha/L1_L7,°C,2,1,False,SAME,EXPLICIT_OK,DIRECT
yield,EQ11009,19,eoc_temp_grupo,diário,linha_grupo/L1_L3,VAR11046@L2,ltp,variable,diário,linha/L1_L7,m³/h,2,1,False,SAME,EXPLICIT_OK,DIRECT
yield,EQ11009,19,eoc_temp_grupo,diário,linha_grupo/L1_L3,VAR11016@L3,eoc_temp,variable,diário,linha/L1_L7,°C,2,1,False,SAME,EXPLICIT_OK,DIRECT
yield,EQ11009,19,eoc_temp_grupo,diário,linha_grupo/L1_L3,VAR11046@L3,ltp,variable,diário,linha/L1_L7,m³/h,2,1,False,SAME,EXPLICIT_OK,DIRECT
yield,EQ11009,19,eoc_temp_grupo,diário,linha_grupo/L1_L3,VAR11046@L1,ltp,variable,diário,linha/L1_L7,m³/h,2,1,False,SAME,EXPLICIT_OK,DIRECT
yield,EQ11009,19,eoc_temp_grupo,diário,linha_grupo/L1_L3,VAR11046@L2,ltp,variable,diário,linha/L1_L7,m³/h,2,1,False,SAME,EXPLICIT_OK,DIRECT
yield,EQ11009,19,eoc_temp_grupo,diário,linha_grupo/L1_L3,VAR11046@L3,ltp,variable,diário,linha/L1_L7,m³/h,2,1,False,SAME,EXPLICIT_OK,DIRECT
yield,EQ11010,20,eoc_temp_grupo,diário,linha_grupo/L4_L5,VAR11016@L4,eoc_temp,variable,diário,linha/L1_L7,°C,2,1,False,SAME,EXPLICIT_OK,DIRECT
yield,EQ11010,20,eoc_temp_grupo,diário,linha_grupo/L4_L5,VAR11046@L4,ltp,variable,diário,linha/L1_L7,m³/h,2,1,False,SAME,EXPLICIT_OK,DIRECT
yield,EQ11010,20,eoc_temp_grupo,diário,linha_grupo/L4_L5,VAR11016@L5,eoc_temp,variable,diário,linha/L1_L7,°C,2,1,False,SAME,EXPLICIT_OK,DIRECT
yield,EQ11010,20,eoc_temp_grupo,diário,linha_grupo/L4_L5,VAR11046@L5,ltp,variable,diário,linha/L1_L7,m³/h,2,1,False,SAME,EXPLICIT_OK,DIRECT
yield,EQ11010,20,eoc_temp_grupo,diário,linha_grupo/L4_L5,VAR11046@L4,ltp,variable,diário,linha/L1_L7,m³/h,2,1,False,SAME,EXPLICIT_OK,DIRECT
yield,EQ11010,20,eoc_temp_grupo,diário,linha_grupo/L4_L5,VAR11046@L5,ltp,variable,diário,linha/L1_L7,m³/h,2,1,False,SAME,EXPLICIT_OK,DIRECT
yield,EQ11011,21,eoc_temp_grupo,diário,linha_grupo/L6_L7,VAR11016@L6,eoc_temp,variable,diário,linha/L1_L7,°C,2,1,False,SAME,EXPLICIT_OK,DIRECT
yield,EQ11011,21,eoc_temp_grupo,diário,linha_grupo/L6_L7,VAR11046@L6,ltp,variable,diário,linha/L1_L7,m³/h,2,1,False,SAME,EXPLICIT_OK,DIRECT
yield,EQ11011,21,eoc_temp_grupo,diário,linha_grupo/L6_L7,VAR11016@L7,eoc_temp,variable,diário,linha/L1_L7,°C,2,1,False,SAME,EXPLICIT_OK,DIRECT
yield,EQ11011,21,eoc_temp_grupo,diário,linha_grupo/L6_L7,VAR11046@L7,ltp,variable,diário,linha/L1_L7,m³/h,2,1,False,SAME,EXPLICIT_OK,DIRECT
yield,EQ11011,21,eoc_temp_grupo,diário,linha_grupo/L6_L7,VAR11046@L6,ltp,variable,diário,linha/L1_L7,m³/h,2,1,False,SAME,EXPLICIT_OK,DIRECT
yield,EQ11011,21,eoc_temp_grupo,diário,linha_grupo/L6_L7,VAR11046@L7,ltp,variable,diário,linha/L1_L7,m³/h,2,1,False,SAME,EXPLICIT_OK,DIRECT
yield,EQ11012,22,eoc_temp_total,diário,linha_grupo/L1_L7,VAR11016@L1,eoc_temp,variable,diário,linha/L1_L7,°C,2,1,False,SAME,EXPLICIT_OK,DIRECT
yield,EQ11012,22,eoc_temp_total,diário,linha_grupo/L1_L7,VAR11001@L1,eoc_solids,variable,diário,linha/L1_L7,g/l,2,1,False,SAME,EXPLICIT_OK,DIRECT
yield,EQ11012,22,eoc_temp_total,diário,linha_grupo/L1_L7,VAR11016@L2,eoc_temp,variable,diário,linha/L1_L7,°C,2,1,False,SAME,EXPLICIT_OK,DIRECT
yield,EQ11012,22,eoc_temp_total,diário,linha_grupo/L1_L7,VAR11001@L2,eoc_solids,variable,diário,linha/L1_L7,g/l,2,1,False,SAME,EXPLICIT_OK,DIRECT
yield,EQ11012,22,eoc_temp_total,diário,linha_grupo/L1_L7,VAR11016@L3,eoc_temp,variable,diário,linha/L1_L7,°C,2,1,False,SAME,EXPLICIT_OK,DIRECT
yield,EQ11012,22,eoc_temp_total,diário,linha_grupo/L1_L7,VAR11001@L3,eoc_solids,variable,diário,linha/L1_L7,g/l,2,1,False,SAME,EXPLICIT_OK,DIRECT
yield,EQ11012,22,eoc_temp_total,diário,linha_grupo/L1_L7,VAR11016@L4,eoc_temp,variable,diário,linha/L1_L7,°C,2,1,False,SAME,EXPLICIT_OK,DIRECT
yield,EQ11012,22,eoc_temp_total,diário,linha_grupo/L1_L7,VAR11001@L4,eoc_solids,variable,diário,linha/L1_L7,g/l,2,1,False,SAME,EXPLICIT_OK,DIRECT
yield,EQ11012,22,eoc_temp_total,diário,linha_grupo/L1_L7,VAR11016@L5,eoc_temp,variable,diário,linha/L1_L7,°C,2,1,False,SAME,EXPLICIT_OK,DIRECT
yield,EQ11012,22,eoc_temp_total,diário,linha_grupo/L1_L7,VAR11001@L5,eoc_solids,variable,diário,linha/L1_L7,g/l,2,1,False,SAME,EXPLICIT_OK,DIRECT
yield,EQ11012,22,eoc_temp_total,diário,linha_grupo/L1_L7,VAR11016@L6,eoc_temp,variable,diário,linha/L1_L7,°C,2,1,False,SAME,EXPLICIT_OK,DIRECT
yield,EQ11012,22,eoc_temp_total,diário,linha_grupo/L1_L7,VAR11001@L6,eoc_solids,variable,diário,linha/L1_L7,g/l,2,1,False,SAME,EXPLICIT_OK,DIRECT
yield,EQ11012,22,eoc_temp_total,diário,linha_grupo/L1_L7,VAR11016@L7,eoc_temp,variable,diário,linha/L1_L7,°C,2,1,False,SAME,EXPLICIT_OK,DIRECT
yield,EQ11012,22,eoc_temp_total,diário,linha_grupo/L1_L7,VAR11001@L7,eoc_solids,variable,diário,linha/L1_L7,g/l,2,1,False,SAME,EXPLICIT_OK,DIRECT
yield,EQ11012,22,eoc_temp_total,diário,linha_grupo/L1_L7,VAR11001@L1,eoc_solids,variable,diário,linha/L1_L7,g/l,2,1,False,SAME,EXPLICIT_OK,DIRECT
yield,EQ11012,22,eoc_temp_total,diário,linha_grupo/L1_L7,VAR11001@L2,eoc_solids,variable,diário,linha/L1_L7,g/l,2,1,False,SAME,EXPLICIT_OK,DIRECT
yield,EQ11012,22,eoc_temp_total,diário,linha_grupo/L1_L7,VAR11001@L3,eoc_solids,variable,diário,linha/L1_L7,g/l,2,1,False,SAME,EXPLICIT_OK,DIRECT
yield,EQ11012,22,eoc_temp_total,diário,linha_grupo/L1_L7,VAR11001@L4,eoc_solids,variable,diário,linha/L1_L7,g/l,2,1,False,SAME,EXPLICIT_OK,DIRECT
yield,EQ11012,22,eoc_temp_total,diário,linha_grupo/L1_L7,VAR11001@L5,eoc_solids,variable,diário,linha/L1_L7,g/l,2,1,False,SAME,EXPLICIT_OK,DIRECT
yield,EQ11012,22,eoc_temp_total,diário,linha_grupo/L1_L7,VAR11001@L6,eoc_solids,variable,diário,linha/L1_L7,g/l,2,1,False,SAME,EXPLICIT_OK,DIRECT
yield,EQ11012,22,eoc_temp_total,diário,linha_grupo/L1_L7,VAR11001@L7,eoc_solids,variable,diário,linha/L1_L7,g/l,2,1,False,SAME,EXPLICIT_OK,DIRECT
yield,EQ11013,28,eoc_temp_base_grupo,anual,linha_grupo/L1_L3,VAR11026@L1,eoc_temp_base,variable,anual,linha/L1_L7,°C,1,1,False,SAME,EXPLICIT_OK,DIRECT
yield,EQ11013,28,eoc_temp_base_grupo,anual,linha_grupo/L1_L3,VAR11026@L2,eoc_temp_base,variable,anual,linha/L1_L7,°C,1,1,False,SAME,EXPLICIT_OK,DIRECT
yield,EQ11013,28,eoc_temp_base_grupo,anual,linha_grupo/L1_L3,VAR11026@L3,eoc_temp_base,variable,anual,linha/L1_L7,°C,1,1,False,SAME,EXPLICIT_OK,DIRECT
yield,EQ11014,29,eoc_temp_base_grupo,anual,linha_grupo/L4_L5,VAR11026@L4,eoc_temp_base,variable,anual,linha/L1_L7,°C,1,1,False,SAME,EXPLICIT_OK,DIRECT
yield,EQ11014,29,eoc_temp_base_grupo,anual,linha_grupo/L4_L5,VAR11026@L5,eoc_temp_base,variable,anual,linha/L1_L7,°C,1,1,False,SAME,EXPLICIT_OK,DIRECT
yield,EQ11015,30,eoc_temp_base_grupo,anual,linha_grupo/L6_L7,VAR11026@L6,eoc_temp_base,variable,anual,linha/L1_L7,°C,1,1,False,SAME,EXPLICIT_OK,DIRECT
yield,EQ11015,30,eoc_temp_base_grupo,anual,linha_grupo/L6_L7,VAR11026@L7,eoc_temp_base,variable,anual,linha/L1_L7,°C,1,1,False,SAME,EXPLICIT_OK,DIRECT
yield,EQ11016,31,eoc_temp_base_total,anual,linha_grupo/L1_L7,VAR11026@L1,eoc_temp_base,variable,anual,linha/L1_L7,°C,1,1,False,SAME,EXPLICIT_OK,DIRECT
yield,EQ11016,31,eoc_temp_base_total,anual,linha_grupo/L1_L7,VAR11011@L1,eoc_solids_base,variable,anual,linha/L1_L7,g/l,1,1,False,SAME,EXPLICIT_OK,DIRECT
yield,EQ11016,31,eoc_temp_base_total,anual,linha_grupo/L1_L7,VAR11026@L2,eoc_temp_base,variable,anual,linha/L1_L7,°C,1,1,False,SAME,EXPLICIT_OK,DIRECT
yield,EQ11016,31,eoc_temp_base_total,anual,linha_grupo/L1_L7,VAR11011@L2,eoc_solids_base,variable,anual,linha/L1_L7,g/l,1,1,False,SAME,EXPLICIT_OK,DIRECT
yield,EQ11016,31,eoc_temp_base_total,anual,linha_grupo/L1_L7,VAR11026@L3,eoc_temp_base,variable,anual,linha/L1_L7,°C,1,1,False,SAME,EXPLICIT_OK,DIRECT
yield,EQ11016,31,eoc_temp_base_total,anual,linha_grupo/L1_L7,VAR11011@L3,eoc_solids_base,variable,anual,linha/L1_L7,g/l,1,1,False,SAME,EXPLICIT_OK,DIRECT
yield,EQ11016,31,eoc_temp_base_total,anual,linha_grupo/L1_L7,VAR11026@L4,eoc_temp_base,variable,anual,linha/L1_L7,°C,1,1,False,SAME,EXPLICIT_OK,DIRECT
yield,EQ11016,31,eoc_temp_base_total,anual,linha_grupo/L1_L7,VAR11011@L4,eoc_solids_base,variable,anual,linha/L1_L7,g/l,1,1,False,SAME,EXPLICIT_OK,DIRECT
yield,EQ11016,31,eoc_temp_base_total,anual,linha_grupo/L1_L7,VAR11026@L5,eoc_temp_base,variable,anual,linha/L1_L7,°C,1,1,False,SAME,EXPLICIT_OK,DIRECT
yield,EQ11016,31,eoc_temp_base_total,anual,linha_grupo/L1_L7,VAR11011@L5,eoc_solids_base,variable,anual,linha/L1_L7,g/l,1,1,False,SAME,EXPLICIT_OK,DIRECT
yield,EQ11016,31,eoc_temp_base_total,anual,linha_grupo/L1_L7,VAR11026@L6,eoc_temp_base,variable,anual,linha/L1_L7,°C,1,1,False,SAME,EXPLICIT_OK,DIRECT
yield,EQ11016,31,eoc_temp_base_total,anual,linha_grupo/L1_L7,VAR11011@L6,eoc_solids_base,variable,anual,linha/L1_L7,g/l,1,1,False,SAME,EXPLICIT_OK,DIRECT
yield,EQ11016,31,eoc_temp_base_total,anual,linha_grupo/L1_L7,VAR11026@L7,eoc_temp_base,variable,anual,linha/L1_L7,°C,1,1,False,SAME,EXPLICIT_OK,DIRECT
yield,EQ11016,31,eoc_temp_base_total,anual,linha_grupo/L1_L7,VAR11011@L7,eoc_solids_base,variable,anual,linha/L1_L7,g/l,1,1,False,SAME,EXPLICIT_OK,DIRECT
yield,EQ11016,31,eoc_temp_base_total,anual,linha_grupo/L1_L7,VAR11011@L1,eoc_solids_base,variable,anual,linha/L1_L7,g/l,1,1,False,SAME,EXPLICIT_OK,DIRECT
yield,EQ11016,31,eoc_temp_base_total,anual,linha_grupo/L1_L7,VAR11011@L2,eoc_solids_base,variable,anual,linha/L1_L7,g/l,1,1,False,SAME,EXPLICIT_OK,DIRECT
yield,EQ11016,31,eoc_temp_base_total,anual,linha_grupo/L1_L7,VAR11011@L3,eoc_solids_base,variable,anual,linha/L1_L7,g/l,1,1,False,SAME,EXPLICIT_OK,DIRECT
yield,EQ11016,31,eoc_temp_base_total,anual,linha_grupo/L1_L7,VAR11011@L4,eoc_solids_base,variable,anual,linha/L1_L7,g/l,1,1,False,SAME,EXPLICIT_OK,DIRECT
yield,EQ11016,31,eoc_temp_base_total,anual,linha_grupo/L1_L7,VAR11011@L5,eoc_solids_base,variable,anual,linha/L1_L7,g/l,1,1,False,SAME,EXPLICIT_OK,DIRECT
yield,EQ11016,31,eoc_temp_base_total,anual,linha_grupo/L1_L7,VAR11011@L6,eoc_solids_base,variable,anual,linha/L1_L7,g/l,1,1,False,SAME,EXPLICIT_OK,DIRECT
yield,EQ11016,31,eoc_temp_base_total,anual,linha_grupo/L1_L7,VAR11011@L7,eoc_solids_base,variable,anual,linha/L1_L7,g/l,1,1,False,SAME,EXPLICIT_OK,DIRECT
yield,EQ11017,34,lth_grupo,diário,linha_grupo/L1_L3,VAR11031@L1,lth,variable,diário,linha/L1_L7,m³/h,2,1,False,SAME,EXPLICIT_OK,DIRECT
yield,EQ11017,34,lth_grupo,diário,linha_grupo/L1_L3,VAR11031@L2,lth,variable,diário,linha/L1_L7,m³/h,2,1,False,SAME,EXPLICIT_OK,DIRECT
yield,EQ11017,34,lth_grupo,diário,linha_grupo/L1_L3,VAR11031@L3,lth,variable,diário,linha/L1_L7,m³/h,2,1,False,SAME,EXPLICIT_OK,DIRECT
yield,EQ11018,35,lth_grupo,diário,linha_grupo/L4_L5,VAR11031@L4,lth,variable,diário,linha/L1_L7,m³/h,2,1,False,SAME,EXPLICIT_OK,DIRECT
yield,EQ11018,35,lth_grupo,diário,linha_grupo/L4_L5,VAR11031@L5,lth,variable,diário,linha/L1_L7,m³/h,2,1,False,SAME,EXPLICIT_OK,DIRECT
yield,EQ11019,36,lth_grupo,diário,linha_grupo/L6_L7,VAR11031@L6,lth,variable,diário,linha/L1_L7,m³/h,2,1,False,SAME,EXPLICIT_OK,DIRECT
yield,EQ11019,36,lth_grupo,diário,linha_grupo/L6_L7,VAR11031@L7,lth,variable,diário,linha/L1_L7,m³/h,2,1,False,SAME,EXPLICIT_OK,DIRECT
yield,EQ11020,37,lth_total,diário,linha_grupo/L1_L7,VAR11031@L1,lth,variable,diário,linha/L1_L7,m³/h,2,1,False,SAME,EXPLICIT_OK,DIRECT
yield,EQ11020,37,lth_total,diário,linha_grupo/L1_L7,VAR11120@L1,oee,variable,diário,linha/L1_L7,-,2,1,False,SAME,EXPLICIT_OK,DIRECT
yield,EQ11020,37,lth_total,diário,linha_grupo/L1_L7,VAR11031@L2,lth,variable,diário,linha/L1_L7,m³/h,2,1,False,SAME,EXPLICIT_OK,DIRECT
yield,EQ11020,37,lth_total,diário,linha_grupo/L1_L7,VAR11120@L2,oee,variable,diário,linha/L1_L7,-,2,1,False,SAME,EXPLICIT_OK,DIRECT
yield,EQ11020,37,lth_total,diário,linha_grupo/L1_L7,VAR11031@L3,lth,variable,diário,linha/L1_L7,m³/h,2,1,False,SAME,EXPLICIT_OK,DIRECT
yield,EQ11020,37,lth_total,diário,linha_grupo/L1_L7,VAR11120@L3,oee,variable,diário,linha/L1_L7,-,2,1,False,SAME,EXPLICIT_OK,DIRECT
yield,EQ11020,37,lth_total,diário,linha_grupo/L1_L7,VAR11031@L4,lth,variable,diário,linha/L1_L7,m³/h,2,1,False,SAME,EXPLICIT_OK,DIRECT
yield,EQ11020,37,lth_total,diário,linha_grupo/L1_L7,VAR11120@L4,oee,variable,diário,linha/L1_L7,-,2,1,False,SAME,EXPLICIT_OK,DIRECT
yield,EQ11020,37,lth_total,diário,linha_grupo/L1_L7,VAR11031@L5,lth,variable,diário,linha/L1_L7,m³/h,2,1,False,SAME,EXPLICIT_OK,DIRECT
yield,EQ11020,37,lth_total,diário,linha_grupo/L1_L7,VAR11120@L5,oee,variable,diário,linha/L1_L7,-,2,1,False,SAME,EXPLICIT_OK,DIRECT
yield,EQ11020,37,lth_total,diário,linha_grupo/L1_L7,VAR11031@L6,lth,variable,diário,linha/L1_L7,m³/h,2,1,False,SAME,EXPLICIT_OK,DIRECT
yield,EQ11020,37,lth_total,diário,linha_grupo/L1_L7,VAR11120@L6,oee,variable,diário,linha/L1_L7,-,2,1,False,SAME,EXPLICIT_OK,DIRECT
yield,EQ11020,37,lth_total,diário,linha_grupo/L1_L7,VAR11031@L7,lth,variable,diário,linha/L1_L7,m³/h,2,1,False,SAME,EXPLICIT_OK,DIRECT
yield,EQ11020,37,lth_total,diário,linha_grupo/L1_L7,VAR11120@L7,oee,variable,diário,linha/L1_L7,-,2,1,False,SAME,EXPLICIT_OK,DIRECT
yield,EQ11020,37,lth_total,diário,linha_grupo/L1_L7,VAR11120@L1,oee,variable,diário,linha/L1_L7,-,2,1,False,SAME,EXPLICIT_OK,DIRECT
yield,EQ11020,37,lth_total,diário,linha_grupo/L1_L7,VAR11120@L2,oee,variable,diário,linha/L1_L7,-,2,1,False,SAME,EXPLICIT_OK,DIRECT
yield,EQ11020,37,lth_total,diário,linha_grupo/L1_L7,VAR11120@L3,oee,variable,diário,linha/L1_L7,-,2,1,False,SAME,EXPLICIT_OK,DIRECT
yield,EQ11020,37,lth_total,diário,linha_grupo/L1_L7,VAR11120@L4,oee,variable,diário,linha/L1_L7,-,2,1,False,SAME,EXPLICIT_OK,DIRECT
yield,EQ11020,37,lth_total,diário,linha_grupo/L1_L7,VAR11120@L5,oee,variable,diário,linha/L1_L7,-,2,1,False,SAME,EXPLICIT_OK,DIRECT
yield,EQ11020,37,lth_total,diário,linha_grupo/L1_L7,VAR11120@L6,oee,variable,diário,linha/L1_L7,-,2,1,False,SAME,EXPLICIT_OK,DIRECT
yield,EQ11020,37,lth_total,diário,linha_grupo/L1_L7,VAR11120@L7,oee,variable,diário,linha/L1_L7,-,2,1,False,SAME,EXPLICIT_OK,DIRECT
yield,EQ11021,43,lth_base_grupo,anual,linha_grupo/L1_L3,VAR11041@L1,lth_base,variable,anual,linha/L1_L7,m³/h,1,1,False,SAME,EXPLICIT_OK,DIRECT
yield,EQ11021,43,lth_base_grupo,anual,linha_grupo/L1_L3,VAR11041@L2,lth_base,variable,anual,linha/L1_L7,m³/h,1,1,False,SAME,EXPLICIT_OK,DIRECT
yield,EQ11021,43,lth_base_grupo,anual,linha_grupo/L1_L3,VAR11041@L3,lth_base,variable,anual,linha/L1_L7,m³/h,1,1,False,SAME,EXPLICIT_OK,DIRECT
yield,EQ11022,44,lth_base_grupo,anual,linha_grupo/L4_L5,VAR11041@L4,lth_base,variable,anual,linha/L1_L7,m³/h,1,1,False,SAME,EXPLICIT_OK,DIRECT
yield,EQ11022,44,lth_base_grupo,anual,linha_grupo/L4_L5,VAR11041@L5,lth_base,variable,anual,linha/L1_L7,m³/h,1,1,False,SAME,EXPLICIT_OK,DIRECT
yield,EQ11023,45,lth_base_grupo,anual,linha_grupo/L6_L7,VAR11041@L6,lth_base,variable,anual,linha/L1_L7,m³/h,1,1,False,SAME,EXPLICIT_OK,DIRECT
yield,EQ11023,45,lth_base_grupo,anual,linha_grupo/L6_L7,VAR11041@L7,lth_base,variable,anual,linha/L1_L7,m³/h,1,1,False,SAME,EXPLICIT_OK,DIRECT
yield,EQ11024,46,lth_base_total,anual,linha_grupo/L1_L7,VAR11041@L1,lth_base,variable,anual,linha/L1_L7,m³/h,1,1,False,SAME,EXPLICIT_OK,DIRECT
yield,EQ11024,46,lth_base_total,anual,linha_grupo/L1_L7,VAR11130@L1,oee_base,variable,anual,linha/L1_L7,-,1,1,False,SAME,EXPLICIT_OK,DIRECT
yield,EQ11024,46,lth_base_total,anual,linha_grupo/L1_L7,VAR11041@L2,lth_base,variable,anual,linha/L1_L7,m³/h,1,1,False,SAME,EXPLICIT_OK,DIRECT
yield,EQ11024,46,lth_base_total,anual,linha_grupo/L1_L7,VAR11130@L2,oee_base,variable,anual,linha/L1_L7,-,1,1,False,SAME,EXPLICIT_OK,DIRECT
yield,EQ11024,46,lth_base_total,anual,linha_grupo/L1_L7,VAR11041@L3,lth_base,variable,anual,linha/L1_L7,m³/h,1,1,False,SAME,EXPLICIT_OK,DIRECT
yield,EQ11024,46,lth_base_total,anual,linha_grupo/L1_L7,VAR11130@L3,oee_base,variable,anual,linha/L1_L7,-,1,1,False,SAME,EXPLICIT_OK,DIRECT
yield,EQ11024,46,lth_base_total,anual,linha_grupo/L1_L7,VAR11041@L4,lth_base,variable,anual,linha/L1_L7,m³/h,1,1,False,SAME,EXPLICIT_OK,DIRECT
yield,EQ11024,46,lth_base_total,anual,linha_grupo/L1_L7,VAR11130@L4,oee_base,variable,anual,linha/L1_L7,-,1,1,False,SAME,EXPLICIT_OK,DIRECT
yield,EQ11024,46,lth_base_total,anual,linha_grupo/L1_L7,VAR11041@L5,lth_base,variable,anual,linha/L1_L7,m³/h,1,1,False,SAME,EXPLICIT_OK,DIRECT
yield,EQ11024,46,lth_base_total,anual,linha_grupo/L1_L7,VAR11130@L5,oee_base,variable,anual,linha/L1_L7,-,1,1,False,SAME,EXPLICIT_OK,DIRECT
yield,EQ11024,46,lth_base_total,anual,linha_grupo/L1_L7,VAR11041@L6,lth_base,variable,anual,linha/L1_L7,m³/h,1,1,False,SAME,EXPLICIT_OK,DIRECT
yield,EQ11024,46,lth_base_total,anual,linha_grupo/L1_L7,VAR11130@L6,oee_base,variable,anual,linha/L1_L7,-,1,1,False,SAME,EXPLICIT_OK,DIRECT
yield,EQ11024,46,lth_base_total,anual,linha_grupo/L1_L7,VAR11041@L7,lth_base,variable,anual,linha/L1_L7,m³/h,1,1,False,SAME,EXPLICIT_OK,DIRECT
yield,EQ11024,46,lth_base_total,anual,linha_grupo/L1_L7,VAR11130@L7,oee_base,variable,anual,linha/L1_L7,-,1,1,False,SAME,EXPLICIT_OK,DIRECT
yield,EQ11024,46,lth_base_total,anual,linha_grupo/L1_L7,VAR11130@L1,oee_base,variable,anual,linha/L1_L7,-,1,1,False,SAME,EXPLICIT_OK,DIRECT
yield,EQ11024,46,lth_base_total,anual,linha_grupo/L1_L7,VAR11130@L2,oee_base,variable,anual,linha/L1_L7,-,1,1,False,SAME,EXPLICIT_OK,DIRECT
yield,EQ11024,46,lth_base_total,anual,linha_grupo/L1_L7,VAR11130@L3,oee_base,variable,anual,linha/L1_L7,-,1,1,False,SAME,EXPLICIT_OK,DIRECT
yield,EQ11024,46,lth_base_total,anual,linha_grupo/L1_L7,VAR11130@L4,oee_base,variable,anual,linha/L1_L7,-,1,1,False,SAME,EXPLICIT_OK,DIRECT
yield,EQ11024,46,lth_base_total,anual,linha_grupo/L1_L7,VAR11130@L5,oee_base,variable,anual,linha/L1_L7,-,1,1,False,SAME,EXPLICIT_OK,DIRECT
yield,EQ11024,46,lth_base_total,anual,linha_grupo/L1_L7,VAR11130@L6,oee_base,variable,anual,linha/L1_L7,-,1,1,False,SAME,EXPLICIT_OK,DIRECT
yield,EQ11024,46,lth_base_total,anual,linha_grupo/L1_L7,VAR11130@L7,oee_base,variable,anual,linha/L1_L7,-,1,1,False,SAME,EXPLICIT_OK,DIRECT
yield,EQ11025,47,ltp,diário,linha/L1_L7,VAR11031,lth,variable,diário,linha/L1_L7,m³/h,2,1,False,SAME,OWN_SCOPE,DIRECT
yield,EQ11025,47,ltp,diário,linha/L1_L7,VAR11076,ltp_lth,variable,diário,linha/L1_L7,-,2,1,False,SAME,OWN_SCOPE,DIRECT
yield,EQ11026,49,ltp_grupo,diário,linha_grupo/L1_L3,VAR11046@L1,ltp,variable,diário,linha/L1_L7,m³/h,2,1,False,SAME,EXPLICIT_OK,DIRECT
yield,EQ11026,49,ltp_grupo,diário,linha_grupo/L1_L3,VAR11046@L2,ltp,variable,diário,linha/L1_L7,m³/h,2,1,False,SAME,EXPLICIT_OK,DIRECT
yield,EQ11026,49,ltp_grupo,diário,linha_grupo/L1_L3,VAR11046@L3,ltp,variable,diário,linha/L1_L7,m³/h,2,1,False,SAME,EXPLICIT_OK,DIRECT
yield,EQ11027,50,ltp_grupo,diário,linha_grupo/L4_L5,VAR11046@L4,ltp,variable,diário,linha/L1_L7,m³/h,2,1,False,SAME,EXPLICIT_OK,DIRECT
yield,EQ11027,50,ltp_grupo,diário,linha_grupo/L4_L5,VAR11046@L5,ltp,variable,diário,linha/L1_L7,m³/h,2,1,False,SAME,EXPLICIT_OK,DIRECT
yield,EQ11028,51,ltp_grupo,diário,linha_grupo/L6_L7,VAR11046@L6,ltp,variable,diário,linha/L1_L7,m³/h,2,1,False,SAME,EXPLICIT_OK,DIRECT
yield,EQ11028,51,ltp_grupo,diário,linha_grupo/L6_L7,VAR11046@L7,ltp,variable,diário,linha/L1_L7,m³/h,2,1,False,SAME,EXPLICIT_OK,DIRECT
yield,EQ11029,52,ltp_total,diário,linha_grupo/L1_L7,VAR11046@L1,ltp,variable,diário,linha/L1_L7,m³/h,2,1,False,SAME,EXPLICIT_OK,DIRECT
yield,EQ11029,52,ltp_total,diário,linha_grupo/L1_L7,VAR11031@L1,lth,variable,diário,linha/L1_L7,m³/h,2,1,False,SAME,EXPLICIT_OK,DIRECT
yield,EQ11029,52,ltp_total,diário,linha_grupo/L1_L7,VAR11046@L2,ltp,variable,diário,linha/L1_L7,m³/h,2,1,False,SAME,EXPLICIT_OK,DIRECT
yield,EQ11029,52,ltp_total,diário,linha_grupo/L1_L7,VAR11031@L2,lth,variable,diário,linha/L1_L7,m³/h,2,1,False,SAME,EXPLICIT_OK,DIRECT
yield,EQ11029,52,ltp_total,diário,linha_grupo/L1_L7,VAR11046@L3,ltp,variable,diário,linha/L1_L7,m³/h,2,1,False,SAME,EXPLICIT_OK,DIRECT
yield,EQ11029,52,ltp_total,diário,linha_grupo/L1_L7,VAR11031@L3,lth,variable,diário,linha/L1_L7,m³/h,2,1,False,SAME,EXPLICIT_OK,DIRECT
yield,EQ11029,52,ltp_total,diário,linha_grupo/L1_L7,VAR11046@L4,ltp,variable,diário,linha/L1_L7,m³/h,2,1,False,SAME,EXPLICIT_OK,DIRECT
yield,EQ11029,52,ltp_total,diário,linha_grupo/L1_L7,VAR11031@L4,lth,variable,diário,linha/L1_L7,m³/h,2,1,False,SAME,EXPLICIT_OK,DIRECT
yield,EQ11029,52,ltp_total,diário,linha_grupo/L1_L7,VAR11046@L5,ltp,variable,diário,linha/L1_L7,m³/h,2,1,False,SAME,EXPLICIT_OK,DIRECT
yield,EQ11029,52,ltp_total,diário,linha_grupo/L1_L7,VAR11031@L5,lth,variable,diário,linha/L1_L7,m³/h,2,1,False,SAME,EXPLICIT_OK,DIRECT
yield,EQ11029,52,ltp_total,diário,linha_grupo/L1_L7,VAR11046@L6,ltp,variable,diário,linha/L1_L7,m³/h,2,1,False,SAME,EXPLICIT_OK,DIRECT
yield,EQ11029,52,ltp_total,diário,linha_grupo/L1_L7,VAR11031@L6,lth,variable,diário,linha/L1_L7,m³/h,2,1,False,SAME,EXPLICIT_OK,DIRECT
yield,EQ11029,52,ltp_total,diário,linha_grupo/L1_L7,VAR11046@L7,ltp,variable,diário,linha/L1_L7,m³/h,2,1,False,SAME,EXPLICIT_OK,DIRECT
yield,EQ11029,52,ltp_total,diário,linha_grupo/L1_L7,VAR11031@L7,lth,variable,diário,linha/L1_L7,m³/h,2,1,False,SAME,EXPLICIT_OK,DIRECT
yield,EQ11029,52,ltp_total,diário,linha_grupo/L1_L7,VAR11031@L1,lth,variable,diário,linha/L1_L7,m³/h,2,1,False,SAME,EXPLICIT_OK,DIRECT
yield,EQ11029,52,ltp_total,diário,linha_grupo/L1_L7,VAR11031@L2,lth,variable,diário,linha/L1_L7,m³/h,2,1,False,SAME,EXPLICIT_OK,DIRECT
yield,EQ11029,52,ltp_total,diário,linha_grupo/L1_L7,VAR11031@L3,lth,variable,diário,linha/L1_L7,m³/h,2,1,False,SAME,EXPLICIT_OK,DIRECT
yield,EQ11029,52,ltp_total,diário,linha_grupo/L1_L7,VAR11031@L4,lth,variable,diário,linha/L1_L7,m³/h,2,1,False,SAME,EXPLICIT_OK,DIRECT
yield,EQ11029,52,ltp_total,diário,linha_grupo/L1_L7,VAR11031@L5,lth,variable,diário,linha/L1_L7,m³/h,2,1,False,SAME,EXPLICIT_OK,DIRECT
yield,EQ11029,52,ltp_total,diário,linha_grupo/L1_L7,VAR11031@L6,lth,variable,diário,linha/L1_L7,m³/h,2,1,False,SAME,EXPLICIT_OK,DIRECT
yield,EQ11029,52,ltp_total,diário,linha_grupo/L1_L7,VAR11031@L7,lth,variable,diário,linha/L1_L7,m³/h,2,1,False,SAME,EXPLICIT_OK,DIRECT
yield,EQ11030,59,ltp_a_c_grupo,diário,linha_grupo/L1_L3,VAR11056@L1,ltp_a_c,variable,diário,linha/L1_L7,-,2,1,False,SAME,EXPLICIT_OK,DIRECT
yield,EQ11030,59,ltp_a_c_grupo,diário,linha_grupo/L1_L3,VAR11056@L2,ltp_a_c,variable,diário,linha/L1_L7,-,2,1,False,SAME,EXPLICIT_OK,DIRECT
yield,EQ11030,59,ltp_a_c_grupo,diário,linha_grupo/L1_L3,VAR11056@L3,ltp_a_c,variable,diário,linha/L1_L7,-,2,1,False,SAME,EXPLICIT_OK,DIRECT
yield,EQ11031,60,ltp_a_c_grupo,diário,linha_grupo/L4_L5,VAR11056@L4,ltp_a_c,variable,diário,linha/L1_L7,-,2,1,False,SAME,EXPLICIT_OK,DIRECT
yield,EQ11031,60,ltp_a_c_grupo,diário,linha_grupo/L4_L5,VAR11056@L5,ltp_a_c,variable,diário,linha/L1_L7,-,2,1,False,SAME,EXPLICIT_OK,DIRECT
yield,EQ11032,61,ltp_a_c_grupo,diário,linha_grupo/L6_L7,VAR11056@L6,ltp_a_c,variable,diário,linha/L1_L7,-,2,1,False,SAME,EXPLICIT_OK,DIRECT
yield,EQ11032,61,ltp_a_c_grupo,diário,linha_grupo/L6_L7,VAR11056@L7,ltp_a_c,variable,diário,linha/L1_L7,-,2,1,False,SAME,EXPLICIT_OK,DIRECT
yield,EQ11033,62,ltp_a_c_total,diário,linha_grupo/L1_L7,VAR11056@L1,ltp_a_c,variable,diário,linha/L1_L7,-,2,1,False,SAME,EXPLICIT_OK,DIRECT
yield,EQ11033,62,ltp_a_c_total,diário,linha_grupo/L1_L7,VAR11046@L1,ltp,variable,diário,linha/L1_L7,m³/h,2,1,False,SAME,EXPLICIT_OK,DIRECT
yield,EQ11033,62,ltp_a_c_total,diário,linha_grupo/L1_L7,VAR11056@L2,ltp_a_c,variable,diário,linha/L1_L7,-,2,1,False,SAME,EXPLICIT_OK,DIRECT
yield,EQ11033,62,ltp_a_c_total,diário,linha_grupo/L1_L7,VAR11046@L2,ltp,variable,diário,linha/L1_L7,m³/h,2,1,False,SAME,EXPLICIT_OK,DIRECT
yield,EQ11033,62,ltp_a_c_total,diário,linha_grupo/L1_L7,VAR11056@L3,ltp_a_c,variable,diário,linha/L1_L7,-,2,1,False,SAME,EXPLICIT_OK,DIRECT
yield,EQ11033,62,ltp_a_c_total,diário,linha_grupo/L1_L7,VAR11046@L3,ltp,variable,diário,linha/L1_L7,m³/h,2,1,False,SAME,EXPLICIT_OK,DIRECT
yield,EQ11033,62,ltp_a_c_total,diário,linha_grupo/L1_L7,VAR11056@L4,ltp_a_c,variable,diário,linha/L1_L7,-,2,1,False,SAME,EXPLICIT_OK,DIRECT
yield,EQ11033,62,ltp_a_c_total,diário,linha_grupo/L1_L7,VAR11046@L4,ltp,variable,diário,linha/L1_L7,m³/h,2,1,False,SAME,EXPLICIT_OK,DIRECT
yield,EQ11033,62,ltp_a_c_total,diário,linha_grupo/L1_L7,VAR11056@L5,ltp_a_c,variable,diário,linha/L1_L7,-,2,1,False,SAME,EXPLICIT_OK,DIRECT
yield,EQ11033,62,ltp_a_c_total,diário,linha_grupo/L1_L7,VAR11046@L5,ltp,variable,diário,linha/L1_L7,m³/h,2,1,False,SAME,EXPLICIT_OK,DIRECT
yield,EQ11033,62,ltp_a_c_total,diário,linha_grupo/L1_L7,VAR11056@L6,ltp_a_c,variable,diário,linha/L1_L7,-,2,1,False,SAME,EXPLICIT_OK,DIRECT
yield,EQ11033,62,ltp_a_c_total,diário,linha_grupo/L1_L7,VAR11046@L6,ltp,variable,diário,linha/L1_L7,m³/h,2,1,False,SAME,EXPLICIT_OK,DIRECT
yield,EQ11033,62,ltp_a_c_total,diário,linha_grupo/L1_L7,VAR11056@L7,ltp_a_c,variable,diário,linha/L1_L7,-,2,1,False,SAME,EXPLICIT_OK,DIRECT
yield,EQ11033,62,ltp_a_c_total,diário,linha_grupo/L1_L7,VAR11046@L7,ltp,variable,diário,linha/L1_L7,m³/h,2,1,False,SAME,EXPLICIT_OK,DIRECT
yield,EQ11033,62,ltp_a_c_total,diário,linha_grupo/L1_L7,VAR11046@L1,ltp,variable,diário,linha/L1_L7,m³/h,2,1,False,SAME,EXPLICIT_OK,DIRECT
yield,EQ11033,62,ltp_a_c_total,diário,linha_grupo/L1_L7,VAR11046@L2,ltp,variable,diário,linha/L1_L7,m³/h,2,1,False,SAME,EXPLICIT_OK,DIRECT
yield,EQ11033,62,ltp_a_c_total,diário,linha_grupo/L1_L7,VAR11046@L3,ltp,variable,diário,linha/L1_L7,m³/h,2,1,False,SAME,EXPLICIT_OK,DIRECT
yield,EQ11033,62,ltp_a_c_total,diário,linha_grupo/L1_L7,VAR11046@L4,ltp,variable,diário,linha/L1_L7,m³/h,2,1,False,SAME,EXPLICIT_OK,DIRECT
yield,EQ11033,62,ltp_a_c_total,diário,linha_grupo/L1_L7,VAR11046@L5,ltp,variable,diário,linha/L1_L7,m³/h,2,1,False,SAME,EXPLICIT_OK,DIRECT
yield,EQ11033,62,ltp_a_c_total,diário,linha_grupo/L1_L7,VAR11046@L6,ltp,variable,diário,linha/L1_L7,m³/h,2,1,False,SAME,EXPLICIT_OK,DIRECT
yield,EQ11033,62,ltp_a_c_total,diário,linha_grupo/L1_L7,VAR11046@L7,ltp,variable,diário,linha/L1_L7,m³/h,2,1,False,SAME,EXPLICIT_OK,DIRECT
yield,EQ11034,68,ltp_a_c_base_grupo,anual,linha_grupo/L1_L3,VAR11066@L1,ltp_a_c_base,variable,anual,linha/L1_L7,-,1,1,False,SAME,EXPLICIT_OK,DIRECT
yield,EQ11034,68,ltp_a_c_base_grupo,anual,linha_grupo/L1_L3,VAR11066@L2,ltp_a_c_base,variable,anual,linha/L1_L7,-,1,1,False,SAME,EXPLICIT_OK,DIRECT
yield,EQ11034,68,ltp_a_c_base_grupo,anual,linha_grupo/L1_L3,VAR11066@L3,ltp_a_c_base,variable,anual,linha/L1_L7,-,1,1,False,SAME,EXPLICIT_OK,DIRECT
yield,EQ11035,69,ltp_a_c_base_grupo,anual,linha_grupo/L4_L5,VAR11066@L4,ltp_a_c_base,variable,anual,linha/L1_L7,-,1,1,False,SAME,EXPLICIT_OK,DIRECT
yield,EQ11035,69,ltp_a_c_base_grupo,anual,linha_grupo/L4_L5,VAR11066@L5,ltp_a_c_base,variable,anual,linha/L1_L7,-,1,1,False,SAME,EXPLICIT_OK,DIRECT
yield,EQ11036,70,ltp_a_c_base_grupo,anual,linha_grupo/L6_L7,VAR11066@L6,ltp_a_c_base,variable,anual,linha/L1_L7,-,1,1,False,SAME,EXPLICIT_OK,DIRECT
yield,EQ11036,70,ltp_a_c_base_grupo,anual,linha_grupo/L6_L7,VAR11066@L7,ltp_a_c_base,variable,anual,linha/L1_L7,-,1,1,False,SAME,EXPLICIT_OK,DIRECT
yield,EQ11037,71,ltp_a_c_base_total,anual,linha_grupo/L1_L7,VAR11066@L1,ltp_a_c_base,variable,anual,linha/L1_L7,-,1,1,False,SAME,EXPLICIT_OK,DIRECT
yield,EQ11037,71,ltp_a_c_base_total,anual,linha_grupo/L1_L7,VAR11175@L1,sl_solids_base,variable,anual,linha/L1_L7,g/l,1,1,False,SAME,EXPLICIT_OK,DIRECT
yield,EQ11037,71,ltp_a_c_base_total,anual,linha_grupo/L1_L7,VAR11066@L2,ltp_a_c_base,variable,anual,linha/L1_L7,-,1,1,False,SAME,EXPLICIT_OK,DIRECT
yield,EQ11037,71,ltp_a_c_base_total,anual,linha_grupo/L1_L7,VAR11175@L2,sl_solids_base,variable,anual,linha/L1_L7,g/l,1,1,False,SAME,EXPLICIT_OK,DIRECT
yield,EQ11037,71,ltp_a_c_base_total,anual,linha_grupo/L1_L7,VAR11066@L3,ltp_a_c_base,variable,anual,linha/L1_L7,-,1,1,False,SAME,EXPLICIT_OK,DIRECT
yield,EQ11037,71,ltp_a_c_base_total,anual,linha_grupo/L1_L7,VAR11175@L3,sl_solids_base,variable,anual,linha/L1_L7,g/l,1,1,False,SAME,EXPLICIT_OK,DIRECT
yield,EQ11037,71,ltp_a_c_base_total,anual,linha_grupo/L1_L7,VAR11066@L4,ltp_a_c_base,variable,anual,linha/L1_L7,-,1,1,False,SAME,EXPLICIT_OK,DIRECT
yield,EQ11037,71,ltp_a_c_base_total,anual,linha_grupo/L1_L7,VAR11175@L4,sl_solids_base,variable,anual,linha/L1_L7,g/l,1,1,False,SAME,EXPLICIT_OK,DIRECT
yield,EQ11037,71,ltp_a_c_base_total,anual,linha_grupo/L1_L7,VAR11066@L5,ltp_a_c_base,variable,anual,linha/L1_L7,-,1,1,False,SAME,EXPLICIT_OK,DIRECT
yield,EQ11037,71,ltp_a_c_base_total,anual,linha_grupo/L1_L7,VAR11175@L5,sl_solids_base,variable,anual,linha/L1_L7,g/l,1,1,False,SAME,EXPLICIT_OK,DIRECT
yield,EQ11037,71,ltp_a_c_base_total,anual,linha_grupo/L1_L7,VAR11066@L6,ltp_a_c_base,variable,anual,linha/L1_L7,-,1,1,False,SAME,EXPLICIT_OK,DIRECT
yield,EQ11037,71,ltp_a_c_base_total,anual,linha_grupo/L1_L7,VAR11175@L6,sl_solids_base,variable,anual,linha/L1_L7,g/l,1,1,False,SAME,EXPLICIT_OK,DIRECT
yield,EQ11037,71,ltp_a_c_base_total,anual,linha_grupo/L1_L7,VAR11066@L7,ltp_a_c_base,variable,anual,linha/L1_L7,-,1,1,False,SAME,EXPLICIT_OK,DIRECT
yield,EQ11037,71,ltp_a_c_base_total,anual,linha_grupo/L1_L7,VAR11175@L7,sl_solids_base,variable,anual,linha/L1_L7,g/l,1,1,False,SAME,EXPLICIT_OK,DIRECT
yield,EQ11037,71,ltp_a_c_base_total,anual,linha_grupo/L1_L7,VAR11175@L1,sl_solids_base,variable,anual,linha/L1_L7,g/l,1,1,False,SAME,EXPLICIT_OK,DIRECT
yield,EQ11037,71,ltp_a_c_base_total,anual,linha_grupo/L1_L7,VAR11175@L2,sl_solids_base,variable,anual,linha/L1_L7,g/l,1,1,False,SAME,EXPLICIT_OK,DIRECT
yield,EQ11037,71,ltp_a_c_base_total,anual,linha_grupo/L1_L7,VAR11175@L3,sl_solids_base,variable,anual,linha/L1_L7,g/l,1,1,False,SAME,EXPLICIT_OK,DIRECT
yield,EQ11037,71,ltp_a_c_base_total,anual,linha_grupo/L1_L7,VAR11175@L4,sl_solids_base,variable,anual,linha/L1_L7,g/l,1,1,False,SAME,EXPLICIT_OK,DIRECT
yield,EQ11037,71,ltp_a_c_base_total,anual,linha_grupo/L1_L7,VAR11175@L5,sl_solids_base,variable,anual,linha/L1_L7,g/l,1,1,False,SAME,EXPLICIT_OK,DIRECT
yield,EQ11037,71,ltp_a_c_base_total,anual,linha_grupo/L1_L7,VAR11175@L6,sl_solids_base,variable,anual,linha/L1_L7,g/l,1,1,False,SAME,EXPLICIT_OK,DIRECT
yield,EQ11037,71,ltp_a_c_base_total,anual,linha_grupo/L1_L7,VAR11175@L7,sl_solids_base,variable,anual,linha/L1_L7,g/l,1,1,False,SAME,EXPLICIT_OK,DIRECT
yield,EQ11038,72,ltp_base,anual,linha/L1_L7,VAR11041,lth_base,variable,anual,linha/L1_L7,m³/h,1,1,False,SAME,OWN_SCOPE,DIRECT
yield,EQ11038,72,ltp_base,anual,linha/L1_L7,VAR11086,ltp_lth_base,variable,anual,linha/L1_L7,-,1,1,False,SAME,OWN_SCOPE,DIRECT
yield,EQ11039,73,ltp_base_grupo,anual,linha_grupo/L1_L3,VAR11071@L1,ltp_base,variable,anual,linha/L1_L7,m³/h,1,1,False,SAME,EXPLICIT_OK,DIRECT
yield,EQ11039,73,ltp_base_grupo,anual,linha_grupo/L1_L3,VAR11071@L2,ltp_base,variable,anual,linha/L1_L7,m³/h,1,1,False,SAME,EXPLICIT_OK,DIRECT
yield,EQ11039,73,ltp_base_grupo,anual,linha_grupo/L1_L3,VAR11071@L3,ltp_base,variable,anual,linha/L1_L7,m³/h,1,1,False,SAME,EXPLICIT_OK,DIRECT
yield,EQ11040,74,ltp_base_grupo,anual,linha_grupo/L4_L5,VAR11071@L4,ltp_base,variable,anual,linha/L1_L7,m³/h,1,1,False,SAME,EXPLICIT_OK,DIRECT
yield,EQ11040,74,ltp_base_grupo,anual,linha_grupo/L4_L5,VAR11071@L5,ltp_base,variable,anual,linha/L1_L7,m³/h,1,1,False,SAME,EXPLICIT_OK,DIRECT
yield,EQ11041,75,ltp_base_grupo,anual,linha_grupo/L6_L7,VAR11071@L6,ltp_base,variable,anual,linha/L1_L7,m³/h,1,1,False,SAME,EXPLICIT_OK,DIRECT
yield,EQ11041,75,ltp_base_grupo,anual,linha_grupo/L6_L7,VAR11071@L7,ltp_base,variable,anual,linha/L1_L7,m³/h,1,1,False,SAME,EXPLICIT_OK,DIRECT
yield,EQ11042,76,ltp_base_total,anual,linha_grupo/L1_L7,VAR11071@L1,ltp_base,variable,anual,linha/L1_L7,m³/h,1,1,False,SAME,EXPLICIT_OK,DIRECT
yield,EQ11042,76,ltp_base_total,anual,linha_grupo/L1_L7,VAR11041@L1,lth_base,variable,anual,linha/L1_L7,m³/h,1,1,False,SAME,EXPLICIT_OK,DIRECT
yield,EQ11042,76,ltp_base_total,anual,linha_grupo/L1_L7,VAR11071@L2,ltp_base,variable,anual,linha/L1_L7,m³/h,1,1,False,SAME,EXPLICIT_OK,DIRECT
yield,EQ11042,76,ltp_base_total,anual,linha_grupo/L1_L7,VAR11041@L2,lth_base,variable,anual,linha/L1_L7,m³/h,1,1,False,SAME,EXPLICIT_OK,DIRECT
yield,EQ11042,76,ltp_base_total,anual,linha_grupo/L1_L7,VAR11071@L3,ltp_base,variable,anual,linha/L1_L7,m³/h,1,1,False,SAME,EXPLICIT_OK,DIRECT
yield,EQ11042,76,ltp_base_total,anual,linha_grupo/L1_L7,VAR11041@L3,lth_base,variable,anual,linha/L1_L7,m³/h,1,1,False,SAME,EXPLICIT_OK,DIRECT
yield,EQ11042,76,ltp_base_total,anual,linha_grupo/L1_L7,VAR11071@L4,ltp_base,variable,anual,linha/L1_L7,m³/h,1,1,False,SAME,EXPLICIT_OK,DIRECT
yield,EQ11042,76,ltp_base_total,anual,linha_grupo/L1_L7,VAR11041@L4,lth_base,variable,anual,linha/L1_L7,m³/h,1,1,False,SAME,EXPLICIT_OK,DIRECT
yield,EQ11042,76,ltp_base_total,anual,linha_grupo/L1_L7,VAR11071@L5,ltp_base,variable,anual,linha/L1_L7,m³/h,1,1,False,SAME,EXPLICIT_OK,DIRECT
yield,EQ11042,76,ltp_base_total,anual,linha_grupo/L1_L7,VAR11041@L5,lth_base,variable,anual,linha/L1_L7,m³/h,1,1,False,SAME,EXPLICIT_OK,DIRECT
yield,EQ11042,76,ltp_base_total,anual,linha_grupo/L1_L7,VAR11071@L6,ltp_base,variable,anual,linha/L1_L7,m³/h,1,1,False,SAME,EXPLICIT_OK,DIRECT
yield,EQ11042,76,ltp_base_total,anual,linha_grupo/L1_L7,VAR11041@L6,lth_base,variable,anual,linha/L1_L7,m³/h,1,1,False,SAME,EXPLICIT_OK,DIRECT
yield,EQ11042,76,ltp_base_total,anual,linha_grupo/L1_L7,VAR11071@L7,ltp_base,variable,anual,linha/L1_L7,m³/h,1,1,False,SAME,EXPLICIT_OK,DIRECT
yield,EQ11042,76,ltp_base_total,anual,linha_grupo/L1_L7,VAR11041@L7,lth_base,variable,anual,linha/L1_L7,m³/h,1,1,False,SAME,EXPLICIT_OK,DIRECT
yield,EQ11042,76,ltp_base_total,anual,linha_grupo/L1_L7,VAR11041@L1,lth_base,variable,anual,linha/L1_L7,m³/h,1,1,False,SAME,EXPLICIT_OK,DIRECT
yield,EQ11042,76,ltp_base_total,anual,linha_grupo/L1_L7,VAR11041@L2,lth_base,variable,anual,linha/L1_L7,m³/h,1,1,False,SAME,EXPLICIT_OK,DIRECT
yield,EQ11042,76,ltp_base_total,anual,linha_grupo/L1_L7,VAR11041@L3,lth_base,variable,anual,linha/L1_L7,m³/h,1,1,False,SAME,EXPLICIT_OK,DIRECT
yield,EQ11042,76,ltp_base_total,anual,linha_grupo/L1_L7,VAR11041@L4,lth_base,variable,anual,linha/L1_L7,m³/h,1,1,False,SAME,EXPLICIT_OK,DIRECT
yield,EQ11042,76,ltp_base_total,anual,linha_grupo/L1_L7,VAR11041@L5,lth_base,variable,anual,linha/L1_L7,m³/h,1,1,False,SAME,EXPLICIT_OK,DIRECT
yield,EQ11042,76,ltp_base_total,anual,linha_grupo/L1_L7,VAR11041@L6,lth_base,variable,anual,linha/L1_L7,m³/h,1,1,False,SAME,EXPLICIT_OK,DIRECT
yield,EQ11042,76,ltp_base_total,anual,linha_grupo/L1_L7,VAR11041@L7,lth_base,variable,anual,linha/L1_L7,m³/h,1,1,False,SAME,EXPLICIT_OK,DIRECT
yield,EQ11043,79,ltp_lth_grupo,diário,linha_grupo/L1_L3,VAR11076@L1,ltp_lth,variable,diário,linha/L1_L7,-,2,1,False,SAME,EXPLICIT_OK,DIRECT
yield,EQ11043,79,ltp_lth_grupo,diário,linha_grupo/L1_L3,VAR11076@L2,ltp_lth,variable,diário,linha/L1_L7,-,2,1,False,SAME,EXPLICIT_OK,DIRECT
yield,EQ11043,79,ltp_lth_grupo,diário,linha_grupo/L1_L3,VAR11076@L3,ltp_lth,variable,diário,linha/L1_L7,-,2,1,False,SAME,EXPLICIT_OK,DIRECT
yield,EQ11044,80,ltp_lth_grupo,diário,linha_grupo/L4_L5,VAR11076@L4,ltp_lth,variable,diário,linha/L1_L7,-,2,1,False,SAME,EXPLICIT_OK,DIRECT
yield,EQ11044,80,ltp_lth_grupo,diário,linha_grupo/L4_L5,VAR11076@L5,ltp_lth,variable,diário,linha/L1_L7,-,2,1,False,SAME,EXPLICIT_OK,DIRECT
yield,EQ11045,81,ltp_lth_grupo,diário,linha_grupo/L6_L7,VAR11076@L6,ltp_lth,variable,diário,linha/L1_L7,-,2,1,False,SAME,EXPLICIT_OK,DIRECT
yield,EQ11045,81,ltp_lth_grupo,diário,linha_grupo/L6_L7,VAR11076@L7,ltp_lth,variable,diário,linha/L1_L7,-,2,1,False,SAME,EXPLICIT_OK,DIRECT
yield,EQ11046,82,ltp_lth_total,diário,linha_grupo/L1_L7,VAR11076@L1,ltp_lth,variable,diário,linha/L1_L7,-,2,1,False,SAME,EXPLICIT_OK,DIRECT
yield,EQ11046,82,ltp_lth_total,diário,linha_grupo/L1_L7,VAR11091@L1,ltp_tc,variable,diário,linha/L1_L7,g/l,2,1,False,SAME,EXPLICIT_OK,DIRECT
yield,EQ11046,82,ltp_lth_total,diário,linha_grupo/L1_L7,VAR11076@L2,ltp_lth,variable,diário,linha/L1_L7,-,2,1,False,SAME,EXPLICIT_OK,DIRECT
yield,EQ11046,82,ltp_lth_total,diário,linha_grupo/L1_L7,VAR11091@L2,ltp_tc,variable,diário,linha/L1_L7,g/l,2,1,False,SAME,EXPLICIT_OK,DIRECT
yield,EQ11046,82,ltp_lth_total,diário,linha_grupo/L1_L7,VAR11076@L3,ltp_lth,variable,diário,linha/L1_L7,-,2,1,False,SAME,EXPLICIT_OK,DIRECT
yield,EQ11046,82,ltp_lth_total,diário,linha_grupo/L1_L7,VAR11091@L3,ltp_tc,variable,diário,linha/L1_L7,g/l,2,1,False,SAME,EXPLICIT_OK,DIRECT
yield,EQ11046,82,ltp_lth_total,diário,linha_grupo/L1_L7,VAR11076@L4,ltp_lth,variable,diário,linha/L1_L7,-,2,1,False,SAME,EXPLICIT_OK,DIRECT
yield,EQ11046,82,ltp_lth_total,diário,linha_grupo/L1_L7,VAR11091@L4,ltp_tc,variable,diário,linha/L1_L7,g/l,2,1,False,SAME,EXPLICIT_OK,DIRECT
yield,EQ11046,82,ltp_lth_total,diário,linha_grupo/L1_L7,VAR11076@L5,ltp_lth,variable,diário,linha/L1_L7,-,2,1,False,SAME,EXPLICIT_OK,DIRECT
yield,EQ11046,82,ltp_lth_total,diário,linha_grupo/L1_L7,VAR11091@L5,ltp_tc,variable,diário,linha/L1_L7,g/l,2,1,False,SAME,EXPLICIT_OK,DIRECT
yield,EQ11046,82,ltp_lth_total,diário,linha_grupo/L1_L7,VAR11076@L6,ltp_lth,variable,diário,linha/L1_L7,-,2,1,False,SAME,EXPLICIT_OK,DIRECT
yield,EQ11046,82,ltp_lth_total,diário,linha_grupo/L1_L7,VAR11091@L6,ltp_tc,variable,diário,linha/L1_L7,g/l,2,1,False,SAME,EXPLICIT_OK,DIRECT
yield,EQ11046,82,ltp_lth_total,diário,linha_grupo/L1_L7,VAR11076@L7,ltp_lth,variable,diário,linha/L1_L7,-,2,1,False,SAME,EXPLICIT_OK,DIRECT
yield,EQ11046,82,ltp_lth_total,diário,linha_grupo/L1_L7,VAR11091@L7,ltp_tc,variable,diário,linha/L1_L7,g/l,2,1,False,SAME,EXPLICIT_OK,DIRECT
yield,EQ11046,82,ltp_lth_total,diário,linha_grupo/L1_L7,VAR11091@L1,ltp_tc,variable,diário,linha/L1_L7,g/l,2,1,False,SAME,EXPLICIT_OK,DIRECT
yield,EQ11046,82,ltp_lth_total,diário,linha_grupo/L1_L7,VAR11091@L2,ltp_tc,variable,diário,linha/L1_L7,g/l,2,1,False,SAME,EXPLICIT_OK,DIRECT
yield,EQ11046,82,ltp_lth_total,diário,linha_grupo/L1_L7,VAR11091@L3,ltp_tc,variable,diário,linha/L1_L7,g/l,2,1,False,SAME,EXPLICIT_OK,DIRECT
yield,EQ11046,82,ltp_lth_total,diário,linha_grupo/L1_L7,VAR11091@L4,ltp_tc,variable,diário,linha/L1_L7,g/l,2,1,False,SAME,EXPLICIT_OK,DIRECT
yield,EQ11046,82,ltp_lth_total,diário,linha_grupo/L1_L7,VAR11091@L5,ltp_tc,variable,diário,linha/L1_L7,g/l,2,1,False,SAME,EXPLICIT_OK,DIRECT
yield,EQ11046,82,ltp_lth_total,diário,linha_grupo/L1_L7,VAR11091@L6,ltp_tc,variable,diário,linha/L1_L7,g/l,2,1,False,SAME,EXPLICIT_OK,DIRECT
yield,EQ11046,82,ltp_lth_total,diário,linha_grupo/L1_L7,VAR11091@L7,ltp_tc,variable,diário,linha/L1_L7,g/l,2,1,False,SAME,EXPLICIT_OK,DIRECT
yield,EQ11047,88,ltp_lth_base_grupo,anual,linha_grupo/L1_L3,VAR11086@L1,ltp_lth_base,variable,anual,linha/L1_L7,-,1,1,False,SAME,EXPLICIT_OK,DIRECT
yield,EQ11047,88,ltp_lth_base_grupo,anual,linha_grupo/L1_L3,VAR11086@L2,ltp_lth_base,variable,anual,linha/L1_L7,-,1,1,False,SAME,EXPLICIT_OK,DIRECT
yield,EQ11047,88,ltp_lth_base_grupo,anual,linha_grupo/L1_L3,VAR11086@L3,ltp_lth_base,variable,anual,linha/L1_L7,-,1,1,False,SAME,EXPLICIT_OK,DIRECT
yield,EQ11048,89,ltp_lth_base_grupo,anual,linha_grupo/L4_L5,VAR11086@L4,ltp_lth_base,variable,anual,linha/L1_L7,-,1,1,False,SAME,EXPLICIT_OK,DIRECT
yield,EQ11048,89,ltp_lth_base_grupo,anual,linha_grupo/L4_L5,VAR11086@L5,ltp_lth_base,variable,anual,linha/L1_L7,-,1,1,False,SAME,EXPLICIT_OK,DIRECT
yield,EQ11049,90,ltp_lth_base_grupo,anual,linha_grupo/L6_L7,VAR11086@L6,ltp_lth_base,variable,anual,linha/L1_L7,-,1,1,False,SAME,EXPLICIT_OK,DIRECT
yield,EQ11049,90,ltp_lth_base_grupo,anual,linha_grupo/L6_L7,VAR11086@L7,ltp_lth_base,variable,anual,linha/L1_L7,-,1,1,False,SAME,EXPLICIT_OK,DIRECT
yield,EQ11050,91,ltp_lth_base_total,anual,linha_grupo/L1_L7,VAR11086@L1,ltp_lth_base,variable,anual,linha/L1_L7,-,1,1,False,SAME,EXPLICIT_OK,DIRECT
yield,EQ11050,91,ltp_lth_base_total,anual,linha_grupo/L1_L7,PARAM11001@L1,ltp_tc_base,parameter,,linha/L1_L7,g/l,1,0,False,PARAMETER (ano),EXPLICIT_OK,DIRECT
yield,EQ11050,91,ltp_lth_base_total,anual,linha_grupo/L1_L7,VAR11086@L2,ltp_lth_base,variable,anual,linha/L1_L7,-,1,1,False,SAME,EXPLICIT_OK,DIRECT
yield,EQ11050,91,ltp_lth_base_total,anual,linha_grupo/L1_L7,PARAM11001@L2,ltp_tc_base,parameter,,linha/L1_L7,g/l,1,0,False,PARAMETER (ano),EXPLICIT_OK,DIRECT
yield,EQ11050,91,ltp_lth_base_total,anual,linha_grupo/L1_L7,VAR11086@L3,ltp_lth_base,variable,anual,linha/L1_L7,-,1,1,False,SAME,EXPLICIT_OK,DIRECT
yield,EQ11050,91,ltp_lth_base_total,anual,linha_grupo/L1_L7,PARAM11001@L3,ltp_tc_base,parameter,,linha/L1_L7,g/l,1,0,False,PARAMETER (ano),EXPLICIT_OK,DIRECT
yield,EQ11050,91,ltp_lth_base_total,anual,linha_grupo/L1_L7,VAR11086@L4,ltp_lth_base,variable,anual,linha/L1_L7,-,1,1,False,SAME,EXPLICIT_OK,DIRECT
yield,EQ11050,91,ltp_lth_base_total,anual,linha_grupo/L1_L7,PARAM11001@L4,ltp_tc_base,parameter,,linha/L1_L7,g/l,1,0,False,PARAMETER (ano),EXPLICIT_OK,DIRECT
yield,EQ11050,91,ltp_lth_base_total,anual,linha_grupo/L1_L7,VAR11086@L5,ltp_lth_base,variable,anual,linha/L1_L7,-,1,1,False,SAME,EXPLICIT_OK,DIRECT
yield,EQ11050,91,ltp_lth_base_total,anual,linha_grupo/L1_L7,PARAM11001@L5,ltp_tc_base,parameter,,linha/L1_L7,g/l,1,0,False,PARAMETER (ano),EXPLICIT_OK,DIRECT
yield,EQ11050,91,ltp_lth_base_total,anual,linha_grupo/L1_L7,VAR11086@L6,ltp_lth_base,variable,anual,linha/L1_L7,-,1,1,False,SAME,EXPLICIT_OK,DIRECT
yield,EQ11050,91,ltp_lth_base_total,anual,linha_grupo/L1_L7,PARAM11001@L6,ltp_tc_base,parameter,,linha/L1_L7,g/l,1,0,False,PARAMETER (ano),EXPLICIT_OK,DIRECT
yield,EQ11050,91,ltp_lth_base_total,anual,linha_grupo/L1_L7,VAR11086@L7,ltp_lth_base,variable,anual,linha/L1_L7,-,1,1,False,SAME,EXPLICIT_OK,DIRECT
yield,EQ11050,91,ltp_lth_base_total,anual,linha_grupo/L1_L7,PARAM11001@L7,ltp_tc_base,parameter,,linha/L1_L7,g/l,1,0,False,PARAMETER (ano),EXPLICIT_OK,DIRECT
yield,EQ11050,91,ltp_lth_base_total,anual,linha_grupo/L1_L7,PARAM11001@L1,ltp_tc_base,parameter,,linha/L1_L7,g/l,1,0,False,PARAMETER (ano),EXPLICIT_OK,DIRECT
yield,EQ11050,91,ltp_lth_base_total,anual,linha_grupo/L1_L7,PARAM11001@L2,ltp_tc_base,parameter,,linha/L1_L7,g/l,1,0,False,PARAMETER (ano),EXPLICIT_OK,DIRECT
yield,EQ11050,91,ltp_lth_base_total,anual,linha_grupo/L1_L7,PARAM11001@L3,ltp_tc_base,parameter,,linha/L1_L7,g/l,1,0,False,PARAMETER (ano),EXPLICIT_OK,DIRECT
yield,EQ11050,91,ltp_lth_base_total,anual,linha_grupo/L1_L7,PARAM11001@L4,ltp_tc_base,parameter,,linha/L1_L7,g/l,1,0,False,PARAMETER (ano),EXPLICIT_OK,DIRECT
yield,EQ11050,91,ltp_lth_base_total,anual,linha_grupo/L1_L7,PARAM11001@L5,ltp_tc_base,parameter,,linha/L1_L7,g/l,1,0,False,PARAMETER (ano),EXPLICIT_OK,DIRECT
yield,EQ11050,91,ltp_lth_base_total,anual,linha_grupo/L1_L7,PARAM11001@L6,ltp_tc_base,parameter,,linha/L1_L7,g/l,1,0,False,PARAMETER (ano),EXPLICIT_OK,DIRECT
yield,EQ11050,91,ltp_lth_base_total,anual,linha_grupo/L1_L7,PARAM11001@L7,ltp_tc_base,parameter,,linha/L1_L7,g/l,1,0,False,PARAMETER (ano),EXPLICIT_OK,DIRECT
yield,EQ11051,94,ltp_tc_grupo,diário,linha_grupo/L1_L3,VAR11091@L1,ltp_tc,variable,diário,linha/L1_L7,g/l,2,1,False,SAME,EXPLICIT_OK,DIRECT
yield,EQ11051,94,ltp_tc_grupo,diário,linha_grupo/L1_L3,VAR11091@L2,ltp_tc,variable,diário,linha/L1_L7,g/l,2,1,False,SAME,EXPLICIT_OK,DIRECT
yield,EQ11051,94,ltp_tc_grupo,diário,linha_grupo/L1_L3,VAR11091@L3,ltp_tc,variable,diário,linha/L1_L7,g/l,2,1,False,SAME,EXPLICIT_OK,DIRECT
yield,EQ11052,95,ltp_tc_grupo,diário,linha_grupo/L4_L5,VAR11091@L4,ltp_tc,variable,diário,linha/L1_L7,g/l,2,1,False,SAME,EXPLICIT_OK,DIRECT
yield,EQ11052,95,ltp_tc_grupo,diário,linha_grupo/L4_L5,VAR11091@L5,ltp_tc,variable,diário,linha/L1_L7,g/l,2,1,False,SAME,EXPLICIT_OK,DIRECT
yield,EQ11053,96,ltp_tc_grupo,diário,linha_grupo/L6_L7,VAR11091@L6,ltp_tc,variable,diário,linha/L1_L7,g/l,2,1,False,SAME,EXPLICIT_OK,DIRECT
yield,EQ11053,96,ltp_tc_grupo,diário,linha_grupo/L6_L7,VAR11091@L7,ltp_tc,variable,diário,linha/L1_L7,g/l,2,1,False,SAME,EXPLICIT_OK,DIRECT
yield,EQ11054,97,ltp_tc_total,diário,linha_grupo/L1_L7,VAR11091@L1,ltp_tc,variable,diário,linha/L1_L7,g/l,2,1,False,SAME,EXPLICIT_OK,DIRECT
yield,EQ11054,97,ltp_tc_total,diário,linha_grupo/L1_L7,VAR11046@L1,ltp,variable,diário,linha/L1_L7,m³/h,2,1,False,SAME,EXPLICIT_OK,DIRECT
yield,EQ11054,97,ltp_tc_total,diário,linha_grupo/L1_L7,VAR11091@L2,ltp_tc,variable,diário,linha/L1_L7,g/l,2,1,False,SAME,EXPLICIT_OK,DIRECT
yield,EQ11054,97,ltp_tc_total,diário,linha_grupo/L1_L7,VAR11046@L2,ltp,variable,diário,linha/L1_L7,m³/h,2,1,False,SAME,EXPLICIT_OK,DIRECT
yield,EQ11054,97,ltp_tc_total,diário,linha_grupo/L1_L7,VAR11091@L3,ltp_tc,variable,diário,linha/L1_L7,g/l,2,1,False,SAME,EXPLICIT_OK,DIRECT
yield,EQ11054,97,ltp_tc_total,diário,linha_grupo/L1_L7,VAR11046@L3,ltp,variable,diário,linha/L1_L7,m³/h,2,1,False,SAME,EXPLICIT_OK,DIRECT
yield,EQ11054,97,ltp_tc_total,diário,linha_grupo/L1_L7,VAR11091@L4,ltp_tc,variable,diário,linha/L1_L7,g/l,2,1,False,SAME,EXPLICIT_OK,DIRECT
yield,EQ11054,97,ltp_tc_total,diário,linha_grupo/L1_L7,VAR11046@L4,ltp,variable,diário,linha/L1_L7,m³/h,2,1,False,SAME,EXPLICIT_OK,DIRECT
yield,EQ11054,97,ltp_tc_total,diário,linha_grupo/L1_L7,VAR11091@L5,ltp_tc,variable,diário,linha/L1_L7,g/l,2,1,False,SAME,EXPLICIT_OK,DIRECT
yield,EQ11054,97,ltp_tc_total,diário,linha_grupo/L1_L7,VAR11046@L5,ltp,variable,diário,linha/L1_L7,m³/h,2,1,False,SAME,EXPLICIT_OK,DIRECT
yield,EQ11054,97,ltp_tc_total,diário,linha_grupo/L1_L7,VAR11091@L6,ltp_tc,variable,diário,linha/L1_L7,g/l,2,1,False,SAME,EXPLICIT_OK,DIRECT
yield,EQ11054,97,ltp_tc_total,diário,linha_grupo/L1_L7,VAR11046@L6,ltp,variable,diário,linha/L1_L7,m³/h,2,1,False,SAME,EXPLICIT_OK,DIRECT
yield,EQ11054,97,ltp_tc_total,diário,linha_grupo/L1_L7,VAR11091@L7,ltp_tc,variable,diário,linha/L1_L7,g/l,2,1,False,SAME,EXPLICIT_OK,DIRECT
yield,EQ11054,97,ltp_tc_total,diário,linha_grupo/L1_L7,VAR11046@L7,ltp,variable,diário,linha/L1_L7,m³/h,2,1,False,SAME,EXPLICIT_OK,DIRECT
yield,EQ11054,97,ltp_tc_total,diário,linha_grupo/L1_L7,VAR11046@L1,ltp,variable,diário,linha/L1_L7,m³/h,2,1,False,SAME,EXPLICIT_OK,DIRECT
yield,EQ11054,97,ltp_tc_total,diário,linha_grupo/L1_L7,VAR11046@L2,ltp,variable,diário,linha/L1_L7,m³/h,2,1,False,SAME,EXPLICIT_OK,DIRECT
yield,EQ11054,97,ltp_tc_total,diário,linha_grupo/L1_L7,VAR11046@L3,ltp,variable,diário,linha/L1_L7,m³/h,2,1,False,SAME,EXPLICIT_OK,DIRECT
yield,EQ11054,97,ltp_tc_total,diário,linha_grupo/L1_L7,VAR11046@L4,ltp,variable,diário,linha/L1_L7,m³/h,2,1,False,SAME,EXPLICIT_OK,DIRECT
yield,EQ11054,97,ltp_tc_total,diário,linha_grupo/L1_L7,VAR11046@L5,ltp,variable,diário,linha/L1_L7,m³/h,2,1,False,SAME,EXPLICIT_OK,DIRECT
yield,EQ11054,97,ltp_tc_total,diário,linha_grupo/L1_L7,VAR11046@L6,ltp,variable,diário,linha/L1_L7,m³/h,2,1,False,SAME,EXPLICIT_OK,DIRECT
yield,EQ11054,97,ltp_tc_total,diário,linha_grupo/L1_L7,VAR11046@L7,ltp,variable,diário,linha/L1_L7,m³/h,2,1,False,SAME,EXPLICIT_OK,DIRECT
yield,EQ11055,103,ltp_tc_base_grupo,anual,linha_grupo/L1_L3,PARAM11001@L1,ltp_tc_base,parameter,,linha/L1_L7,g/l,1,0,False,PARAMETER (ano),EXPLICIT_OK,DIRECT
yield,EQ11055,103,ltp_tc_base_grupo,anual,linha_grupo/L1_L3,PARAM11001@L2,ltp_tc_base,parameter,,linha/L1_L7,g/l,1,0,False,PARAMETER (ano),EXPLICIT_OK,DIRECT
yield,EQ11055,103,ltp_tc_base_grupo,anual,linha_grupo/L1_L3,PARAM11001@L3,ltp_tc_base,parameter,,linha/L1_L7,g/l,1,0,False,PARAMETER (ano),EXPLICIT_OK,DIRECT
yield,EQ11056,104,ltp_tc_base_grupo,anual,linha_grupo/L4_L5,PARAM11001@L4,ltp_tc_base,parameter,,linha/L1_L7,g/l,1,0,False,PARAMETER (ano),EXPLICIT_OK,DIRECT
yield,EQ11056,104,ltp_tc_base_grupo,anual,linha_grupo/L4_L5,PARAM11001@L5,ltp_tc_base,parameter,,linha/L1_L7,g/l,1,0,False,PARAMETER (ano),EXPLICIT_OK,DIRECT
yield,EQ11057,105,ltp_tc_base_grupo,anual,linha_grupo/L6_L7,PARAM11001@L6,ltp_tc_base,parameter,,linha/L1_L7,g/l,1,0,False,PARAMETER (ano),EXPLICIT_OK,DIRECT
yield,EQ11057,105,ltp_tc_base_grupo,anual,linha_grupo/L6_L7,PARAM11001@L7,ltp_tc_base,parameter,,linha/L1_L7,g/l,1,0,False,PARAMETER (ano),EXPLICIT_OK,DIRECT
yield,EQ11058,106,ltp_tc_base_total,anual,linha_grupo/L1_L7,PARAM11001@L1,ltp_tc_base,parameter,,linha/L1_L7,g/l,1,0,False,PARAMETER (ano),EXPLICIT_OK,DIRECT
yield,EQ11058,106,ltp_tc_base_total,anual,linha_grupo/L1_L7,VAR11066@L1,ltp_a_c_base,variable,anual,linha/L1_L7,-,1,1,False,SAME,EXPLICIT_OK,DIRECT
yield,EQ11058,106,ltp_tc_base_total,anual,linha_grupo/L1_L7,PARAM11001@L2,ltp_tc_base,parameter,,linha/L1_L7,g/l,1,0,False,PARAMETER (ano),EXPLICIT_OK,DIRECT
yield,EQ11058,106,ltp_tc_base_total,anual,linha_grupo/L1_L7,VAR11066@L2,ltp_a_c_base,variable,anual,linha/L1_L7,-,1,1,False,SAME,EXPLICIT_OK,DIRECT
yield,EQ11058,106,ltp_tc_base_total,anual,linha_grupo/L1_L7,PARAM11001@L3,ltp_tc_base,parameter,,linha/L1_L7,g/l,1,0,False,PARAMETER (ano),EXPLICIT_OK,DIRECT
yield,EQ11058,106,ltp_tc_base_total,anual,linha_grupo/L1_L7,VAR11066@L3,ltp_a_c_base,variable,anual,linha/L1_L7,-,1,1,False,SAME,EXPLICIT_OK,DIRECT
yield,EQ11058,106,ltp_tc_base_total,anual,linha_grupo/L1_L7,PARAM11001@L4,ltp_tc_base,parameter,,linha/L1_L7,g/l,1,0,False,PARAMETER (ano),EXPLICIT_OK,DIRECT
yield,EQ11058,106,ltp_tc_base_total,anual,linha_grupo/L1_L7,VAR11066@L4,ltp_a_c_base,variable,anual,linha/L1_L7,-,1,1,False,SAME,EXPLICIT_OK,DIRECT
yield,EQ11058,106,ltp_tc_base_total,anual,linha_grupo/L1_L7,PARAM11001@L5,ltp_tc_base,parameter,,linha/L1_L7,g/l,1,0,False,PARAMETER (ano),EXPLICIT_OK,DIRECT
yield,EQ11058,106,ltp_tc_base_total,anual,linha_grupo/L1_L7,VAR11066@L5,ltp_a_c_base,variable,anual,linha/L1_L7,-,1,1,False,SAME,EXPLICIT_OK,DIRECT
yield,EQ11058,106,ltp_tc_base_total,anual,linha_grupo/L1_L7,PARAM11001@L6,ltp_tc_base,parameter,,linha/L1_L7,g/l,1,0,False,PARAMETER (ano),EXPLICIT_OK,DIRECT
yield,EQ11058,106,ltp_tc_base_total,anual,linha_grupo/L1_L7,VAR11066@L6,ltp_a_c_base,variable,anual,linha/L1_L7,-,1,1,False,SAME,EXPLICIT_OK,DIRECT
yield,EQ11058,106,ltp_tc_base_total,anual,linha_grupo/L1_L7,PARAM11001@L7,ltp_tc_base,parameter,,linha/L1_L7,g/l,1,0,False,PARAMETER (ano),EXPLICIT_OK,DIRECT
yield,EQ11058,106,ltp_tc_base_total,anual,linha_grupo/L1_L7,VAR11066@L7,ltp_a_c_base,variable,anual,linha/L1_L7,-,1,1,False,SAME,EXPLICIT_OK,DIRECT
yield,EQ11058,106,ltp_tc_base_total,anual,linha_grupo/L1_L7,VAR11066@L1,ltp_a_c_base,variable,anual,linha/L1_L7,-,1,1,False,SAME,EXPLICIT_OK,DIRECT
yield,EQ11058,106,ltp_tc_base_total,anual,linha_grupo/L1_L7,VAR11066@L2,ltp_a_c_base,variable,anual,linha/L1_L7,-,1,1,False,SAME,EXPLICIT_OK,DIRECT
yield,EQ11058,106,ltp_tc_base_total,anual,linha_grupo/L1_L7,VAR11066@L3,ltp_a_c_base,variable,anual,linha/L1_L7,-,1,1,False,SAME,EXPLICIT_OK,DIRECT
yield,EQ11058,106,ltp_tc_base_total,anual,linha_grupo/L1_L7,VAR11066@L4,ltp_a_c_base,variable,anual,linha/L1_L7,-,1,1,False,SAME,EXPLICIT_OK,DIRECT
yield,EQ11058,106,ltp_tc_base_total,anual,linha_grupo/L1_L7,VAR11066@L5,ltp_a_c_base,variable,anual,linha/L1_L7,-,1,1,False,SAME,EXPLICIT_OK,DIRECT
yield,EQ11058,106,ltp_tc_base_total,anual,linha_grupo/L1_L7,VAR11066@L6,ltp_a_c_base,variable,anual,linha/L1_L7,-,1,1,False,SAME,EXPLICIT_OK,DIRECT
yield,EQ11058,106,ltp_tc_base_total,anual,linha_grupo/L1_L7,VAR11066@L7,ltp_a_c_base,variable,anual,linha/L1_L7,-,1,1,False,SAME,EXPLICIT_OK,DIRECT
yield,EQ11059,107,n_ppt,diário,linha/L1_L7,PARAM11002,tanque_base,parameter,anual,linha/L1_L7,-,1,0,False,PARAMETER (ano),OWN_SCOPE,DIRECT
yield,EQ11059,107,n_ppt,diário,linha/L1_L7,VAR11225,tanque,variable,diário,linha/L1_L7,-,1,1,False,SAME,OWN_SCOPE,DIRECT
yield,EQ11060,109,n_ppt_grupo,diário,linha_grupo/L1_L3,VAR11105@L1,n_ppt,variable,diário,linha/L1_L7,-,2,1,False,SAME,EXPLICIT_OK,DIRECT
yield,EQ11060,109,n_ppt_grupo,diário,linha_grupo/L1_L3,VAR11105@L2,n_ppt,variable,diário,linha/L1_L7,-,2,1,False,SAME,EXPLICIT_OK,DIRECT
yield,EQ11060,109,n_ppt_grupo,diário,linha_grupo/L1_L3,VAR11105@L3,n_ppt,variable,diário,linha/L1_L7,-,2,1,False,SAME,EXPLICIT_OK,DIRECT
yield,EQ11061,110,n_ppt_grupo,diário,linha_grupo/L4_L5,VAR11105@L4,n_ppt,variable,diário,linha/L1_L7,-,2,1,False,SAME,EXPLICIT_OK,DIRECT
yield,EQ11061,110,n_ppt_grupo,diário,linha_grupo/L4_L5,VAR11105@L5,n_ppt,variable,diário,linha/L1_L7,-,2,1,False,SAME,EXPLICIT_OK,DIRECT
yield,EQ11062,111,n_ppt_grupo,diário,linha_grupo/L6_L7,VAR11105@L6,n_ppt,variable,diário,linha/L1_L7,-,2,1,False,SAME,EXPLICIT_OK,DIRECT
yield,EQ11062,111,n_ppt_grupo,diário,linha_grupo/L6_L7,VAR11105@L7,n_ppt,variable,diário,linha/L1_L7,-,2,1,False,SAME,EXPLICIT_OK,DIRECT
yield,EQ11063,112,n_ppt_total,diário,linha_grupo/L1_L7,VAR11105@L1,n_ppt,variable,diário,linha/L1_L7,-,2,1,False,SAME,EXPLICIT_OK,DIRECT
yield,EQ11063,112,n_ppt_total,diário,linha_grupo/L1_L7,VAR11016@L1,eoc_temp,variable,diário,linha/L1_L7,°C,2,1,False,SAME,EXPLICIT_OK,DIRECT
yield,EQ11063,112,n_ppt_total,diário,linha_grupo/L1_L7,VAR11105@L2,n_ppt,variable,diário,linha/L1_L7,-,2,1,False,SAME,EXPLICIT_OK,DIRECT
yield,EQ11063,112,n_ppt_total,diário,linha_grupo/L1_L7,VAR11016@L2,eoc_temp,variable,diário,linha/L1_L7,°C,2,1,False,SAME,EXPLICIT_OK,DIRECT
yield,EQ11063,112,n_ppt_total,diário,linha_grupo/L1_L7,VAR11105@L3,n_ppt,variable,diário,linha/L1_L7,-,2,1,False,SAME,EXPLICIT_OK,DIRECT
yield,EQ11063,112,n_ppt_total,diário,linha_grupo/L1_L7,VAR11016@L3,eoc_temp,variable,diário,linha/L1_L7,°C,2,1,False,SAME,EXPLICIT_OK,DIRECT
yield,EQ11063,112,n_ppt_total,diário,linha_grupo/L1_L7,VAR11105@L4,n_ppt,variable,diário,linha/L1_L7,-,2,1,False,SAME,EXPLICIT_OK,DIRECT
yield,EQ11063,112,n_ppt_total,diário,linha_grupo/L1_L7,VAR11016@L4,eoc_temp,variable,diário,linha/L1_L7,°C,2,1,False,SAME,EXPLICIT_OK,DIRECT
yield,EQ11063,112,n_ppt_total,diário,linha_grupo/L1_L7,VAR11105@L5,n_ppt,variable,diário,linha/L1_L7,-,2,1,False,SAME,EXPLICIT_OK,DIRECT
yield,EQ11063,112,n_ppt_total,diário,linha_grupo/L1_L7,VAR11016@L5,eoc_temp,variable,diário,linha/L1_L7,°C,2,1,False,SAME,EXPLICIT_OK,DIRECT
yield,EQ11063,112,n_ppt_total,diário,linha_grupo/L1_L7,VAR11105@L6,n_ppt,variable,diário,linha/L1_L7,-,2,1,False,SAME,EXPLICIT_OK,DIRECT
yield,EQ11063,112,n_ppt_total,diário,linha_grupo/L1_L7,VAR11016@L6,eoc_temp,variable,diário,linha/L1_L7,°C,2,1,False,SAME,EXPLICIT_OK,DIRECT
yield,EQ11063,112,n_ppt_total,diário,linha_grupo/L1_L7,VAR11105@L7,n_ppt,variable,diário,linha/L1_L7,-,2,1,False,SAME,EXPLICIT_OK,DIRECT
yield,EQ11063,112,n_ppt_total,diário,linha_grupo/L1_L7,VAR11016@L7,eoc_temp,variable,diário,linha/L1_L7,°C,2,1,False,SAME,EXPLICIT_OK,DIRECT
yield,EQ11063,112,n_ppt_total,diário,linha_grupo/L1_L7,VAR11016@L1,eoc_temp,variable,diário,linha/L1_L7,°C,2,1,False,SAME,EXPLICIT_OK,DIRECT
yield,EQ11063,112,n_ppt_total,diário,linha_grupo/L1_L7,VAR11016@L2,eoc_temp,variable,diário,linha/L1_L7,°C,2,1,False,SAME,EXPLICIT_OK,DIRECT
yield,EQ11063,112,n_ppt_total,diário,linha_grupo/L1_L7,VAR11016@L3,eoc_temp,variable,diário,linha/L1_L7,°C,2,1,False,SAME,EXPLICIT_OK,DIRECT
yield,EQ11063,112,n_ppt_total,diário,linha_grupo/L1_L7,VAR11016@L4,eoc_temp,variable,diário,linha/L1_L7,°C,2,1,False,SAME,EXPLICIT_OK,DIRECT
yield,EQ11063,112,n_ppt_total,diário,linha_grupo/L1_L7,VAR11016@L5,eoc_temp,variable,diário,linha/L1_L7,°C,2,1,False,SAME,EXPLICIT_OK,DIRECT
yield,EQ11063,112,n_ppt_total,diário,linha_grupo/L1_L7,VAR11016@L6,eoc_temp,variable,diário,linha/L1_L7,°C,2,1,False,SAME,EXPLICIT_OK,DIRECT
yield,EQ11063,112,n_ppt_total,diário,linha_grupo/L1_L7,VAR11016@L7,eoc_temp,variable,diário,linha/L1_L7,°C,2,1,False,SAME,EXPLICIT_OK,DIRECT
yield,EQ11064,118,n_ppt_base_grupo,anual,linha_grupo/L1_L3,VAR11115@L1,n_ppt_base,variable,anual,linha/L1_L7,-,1,1,False,SAME,EXPLICIT_OK,DIRECT
yield,EQ11064,118,n_ppt_base_grupo,anual,linha_grupo/L1_L3,VAR11115@L2,n_ppt_base,variable,anual,linha/L1_L7,-,1,1,False,SAME,EXPLICIT_OK,DIRECT
yield,EQ11064,118,n_ppt_base_grupo,anual,linha_grupo/L1_L3,VAR11115@L3,n_ppt_base,variable,anual,linha/L1_L7,-,1,1,False,SAME,EXPLICIT_OK,DIRECT
yield,EQ11065,119,n_ppt_base_grupo,anual,linha_grupo/L4_L5,VAR11115@L4,n_ppt_base,variable,anual,linha/L1_L7,-,1,1,False,SAME,EXPLICIT_OK,DIRECT
yield,EQ11065,119,n_ppt_base_grupo,anual,linha_grupo/L4_L5,VAR11115@L5,n_ppt_base,variable,anual,linha/L1_L7,-,1,1,False,SAME,EXPLICIT_OK,DIRECT
yield,EQ11066,120,n_ppt_base_grupo,anual,linha_grupo/L6_L7,VAR11115@L6,n_ppt_base,variable,anual,linha/L1_L7,-,1,1,False,SAME,EXPLICIT_OK,DIRECT
yield,EQ11066,120,n_ppt_base_grupo,anual,linha_grupo/L6_L7,VAR11115@L7,n_ppt_base,variable,anual,linha/L1_L7,-,1,1,False,SAME,EXPLICIT_OK,DIRECT
yield,EQ11067,121,n_ppt_base_total,anual,linha_grupo/L1_L7,VAR11115@L1,n_ppt_base,variable,anual,linha/L1_L7,-,1,1,False,SAME,EXPLICIT_OK,DIRECT
yield,EQ11067,121,n_ppt_base_total,anual,linha_grupo/L1_L7,VAR11026@L1,eoc_temp_base,variable,anual,linha/L1_L7,°C,1,1,False,SAME,EXPLICIT_OK,DIRECT
yield,EQ11067,121,n_ppt_base_total,anual,linha_grupo/L1_L7,VAR11115@L2,n_ppt_base,variable,anual,linha/L1_L7,-,1,1,False,SAME,EXPLICIT_OK,DIRECT
yield,EQ11067,121,n_ppt_base_total,anual,linha_grupo/L1_L7,VAR11026@L2,eoc_temp_base,variable,anual,linha/L1_L7,°C,1,1,False,SAME,EXPLICIT_OK,DIRECT
yield,EQ11067,121,n_ppt_base_total,anual,linha_grupo/L1_L7,VAR11115@L3,n_ppt_base,variable,anual,linha/L1_L7,-,1,1,False,SAME,EXPLICIT_OK,DIRECT
yield,EQ11067,121,n_ppt_base_total,anual,linha_grupo/L1_L7,VAR11026@L3,eoc_temp_base,variable,anual,linha/L1_L7,°C,1,1,False,SAME,EXPLICIT_OK,DIRECT
yield,EQ11067,121,n_ppt_base_total,anual,linha_grupo/L1_L7,VAR11115@L4,n_ppt_base,variable,anual,linha/L1_L7,-,1,1,False,SAME,EXPLICIT_OK,DIRECT
yield,EQ11067,121,n_ppt_base_total,anual,linha_grupo/L1_L7,VAR11026@L4,eoc_temp_base,variable,anual,linha/L1_L7,°C,1,1,False,SAME,EXPLICIT_OK,DIRECT
yield,EQ11067,121,n_ppt_base_total,anual,linha_grupo/L1_L7,VAR11115@L5,n_ppt_base,variable,anual,linha/L1_L7,-,1,1,False,SAME,EXPLICIT_OK,DIRECT
yield,EQ11067,121,n_ppt_base_total,anual,linha_grupo/L1_L7,VAR11026@L5,eoc_temp_base,variable,anual,linha/L1_L7,°C,1,1,False,SAME,EXPLICIT_OK,DIRECT
yield,EQ11067,121,n_ppt_base_total,anual,linha_grupo/L1_L7,VAR11115@L6,n_ppt_base,variable,anual,linha/L1_L7,-,1,1,False,SAME,EXPLICIT_OK,DIRECT
yield,EQ11067,121,n_ppt_base_total,anual,linha_grupo/L1_L7,VAR11026@L6,eoc_temp_base,variable,anual,linha/L1_L7,°C,1,1,False,SAME,EXPLICIT_OK,DIRECT
yield,EQ11067,121,n_ppt_base_total,anual,linha_grupo/L1_L7,VAR11115@L7,n_ppt_base,variable,anual,linha/L1_L7,-,1,1,False,SAME,EXPLICIT_OK,DIRECT
yield,EQ11067,121,n_ppt_base_total,anual,linha_grupo/L1_L7,VAR11026@L7,eoc_temp_base,variable,anual,linha/L1_L7,°C,1,1,False,SAME,EXPLICIT_OK,DIRECT
yield,EQ11067,121,n_ppt_base_total,anual,linha_grupo/L1_L7,VAR11026@L1,eoc_temp_base,variable,anual,linha/L1_L7,°C,1,1,False,SAME,EXPLICIT_OK,DIRECT
yield,EQ11067,121,n_ppt_base_total,anual,linha_grupo/L1_L7,VAR11026@L2,eoc_temp_base,variable,anual,linha/L1_L7,°C,1,1,False,SAME,EXPLICIT_OK,DIRECT
yield,EQ11067,121,n_ppt_base_total,anual,linha_grupo/L1_L7,VAR11026@L3,eoc_temp_base,variable,anual,linha/L1_L7,°C,1,1,False,SAME,EXPLICIT_OK,DIRECT
yield,EQ11067,121,n_ppt_base_total,anual,linha_grupo/L1_L7,VAR11026@L4,eoc_temp_base,variable,anual,linha/L1_L7,°C,1,1,False,SAME,EXPLICIT_OK,DIRECT
yield,EQ11067,121,n_ppt_base_total,anual,linha_grupo/L1_L7,VAR11026@L5,eoc_temp_base,variable,anual,linha/L1_L7,°C,1,1,False,SAME,EXPLICIT_OK,DIRECT
yield,EQ11067,121,n_ppt_base_total,anual,linha_grupo/L1_L7,VAR11026@L6,eoc_temp_base,variable,anual,linha/L1_L7,°C,1,1,False,SAME,EXPLICIT_OK,DIRECT
yield,EQ11067,121,n_ppt_base_total,anual,linha_grupo/L1_L7,VAR11026@L7,eoc_temp_base,variable,anual,linha/L1_L7,°C,1,1,False,SAME,EXPLICIT_OK,DIRECT
yield,EQ11068,124,oee_grupo,diário,linha_grupo/L1_L3,VAR11120@L1,oee,variable,diário,linha/L1_L7,-,2,1,False,SAME,EXPLICIT_OK,DIRECT
yield,EQ11068,124,oee_grupo,diário,linha_grupo/L1_L3,VAR11120@L2,oee,variable,diário,linha/L1_L7,-,2,1,False,SAME,EXPLICIT_OK,DIRECT
yield,EQ11068,124,oee_grupo,diário,linha_grupo/L1_L3,VAR11120@L3,oee,variable,diário,linha/L1_L7,-,2,1,False,SAME,EXPLICIT_OK,DIRECT
yield,EQ11069,125,oee_grupo,diário,linha_grupo/L4_L5,VAR11120@L4,oee,variable,diário,linha/L1_L7,-,2,1,False,SAME,EXPLICIT_OK,DIRECT
yield,EQ11069,125,oee_grupo,diário,linha_grupo/L4_L5,VAR11120@L5,oee,variable,diário,linha/L1_L7,-,2,1,False,SAME,EXPLICIT_OK,DIRECT
yield,EQ11070,126,oee_grupo,diário,linha_grupo/L6_L7,VAR11120@L6,oee,variable,diário,linha/L1_L7,-,2,1,False,SAME,EXPLICIT_OK,DIRECT
yield,EQ11070,126,oee_grupo,diário,linha_grupo/L6_L7,VAR11120@L7,oee,variable,diário,linha/L1_L7,-,2,1,False,SAME,EXPLICIT_OK,DIRECT
yield,EQ11071,127,oee_total,diário,linha_grupo/L1_L7,VAR11120@L1,oee,variable,diário,linha/L1_L7,-,2,1,False,SAME,EXPLICIT_OK,DIRECT
yield,EQ11071,127,oee_total,diário,linha_grupo/L1_L7,VAR11076@L1,ltp_lth,variable,diário,linha/L1_L7,-,2,1,False,SAME,EXPLICIT_OK,DIRECT
yield,EQ11071,127,oee_total,diário,linha_grupo/L1_L7,VAR11120@L2,oee,variable,diário,linha/L1_L7,-,2,1,False,SAME,EXPLICIT_OK,DIRECT
yield,EQ11071,127,oee_total,diário,linha_grupo/L1_L7,VAR11076@L2,ltp_lth,variable,diário,linha/L1_L7,-,2,1,False,SAME,EXPLICIT_OK,DIRECT
yield,EQ11071,127,oee_total,diário,linha_grupo/L1_L7,VAR11120@L3,oee,variable,diário,linha/L1_L7,-,2,1,False,SAME,EXPLICIT_OK,DIRECT
yield,EQ11071,127,oee_total,diário,linha_grupo/L1_L7,VAR11076@L3,ltp_lth,variable,diário,linha/L1_L7,-,2,1,False,SAME,EXPLICIT_OK,DIRECT
yield,EQ11071,127,oee_total,diário,linha_grupo/L1_L7,VAR11120@L4,oee,variable,diário,linha/L1_L7,-,2,1,False,SAME,EXPLICIT_OK,DIRECT
yield,EQ11071,127,oee_total,diário,linha_grupo/L1_L7,VAR11076@L4,ltp_lth,variable,diário,linha/L1_L7,-,2,1,False,SAME,EXPLICIT_OK,DIRECT
yield,EQ11071,127,oee_total,diário,linha_grupo/L1_L7,VAR11120@L5,oee,variable,diário,linha/L1_L7,-,2,1,False,SAME,EXPLICIT_OK,DIRECT
yield,EQ11071,127,oee_total,diário,linha_grupo/L1_L7,VAR11076@L5,ltp_lth,variable,diário,linha/L1_L7,-,2,1,False,SAME,EXPLICIT_OK,DIRECT
yield,EQ11071,127,oee_total,diário,linha_grupo/L1_L7,VAR11120@L6,oee,variable,diário,linha/L1_L7,-,2,1,False,SAME,EXPLICIT_OK,DIRECT
yield,EQ11071,127,oee_total,diário,linha_grupo/L1_L7,VAR11076@L6,ltp_lth,variable,diário,linha/L1_L7,-,2,1,False,SAME,EXPLICIT_OK,DIRECT
yield,EQ11071,127,oee_total,diário,linha_grupo/L1_L7,VAR11120@L7,oee,variable,diário,linha/L1_L7,-,2,1,False,SAME,EXPLICIT_OK,DIRECT
yield,EQ11071,127,oee_total,diário,linha_grupo/L1_L7,VAR11076@L7,ltp_lth,variable,diário,linha/L1_L7,-,2,1,False,SAME,EXPLICIT_OK,DIRECT
yield,EQ11071,127,oee_total,diário,linha_grupo/L1_L7,VAR11076@L1,ltp_lth,variable,diário,linha/L1_L7,-,2,1,False,SAME,EXPLICIT_OK,DIRECT
yield,EQ11071,127,oee_total,diário,linha_grupo/L1_L7,VAR11076@L2,ltp_lth,variable,diário,linha/L1_L7,-,2,1,False,SAME,EXPLICIT_OK,DIRECT
yield,EQ11071,127,oee_total,diário,linha_grupo/L1_L7,VAR11076@L3,ltp_lth,variable,diário,linha/L1_L7,-,2,1,False,SAME,EXPLICIT_OK,DIRECT
yield,EQ11071,127,oee_total,diário,linha_grupo/L1_L7,VAR11076@L4,ltp_lth,variable,diário,linha/L1_L7,-,2,1,False,SAME,EXPLICIT_OK,DIRECT
yield,EQ11071,127,oee_total,diário,linha_grupo/L1_L7,VAR11076@L5,ltp_lth,variable,diário,linha/L1_L7,-,2,1,False,SAME,EXPLICIT_OK,DIRECT
yield,EQ11071,127,oee_total,diário,linha_grupo/L1_L7,VAR11076@L6,ltp_lth,variable,diário,linha/L1_L7,-,2,1,False,SAME,EXPLICIT_OK,DIRECT
yield,EQ11071,127,oee_total,diário,linha_grupo/L1_L7,VAR11076@L7,ltp_lth,variable,diário,linha/L1_L7,-,2,1,False,SAME,EXPLICIT_OK,DIRECT
yield,EQ11072,133,oee_base_grupo,anual,linha_grupo/L1_L3,VAR11130@L1,oee_base,variable,anual,linha/L1_L7,-,1,1,False,SAME,EXPLICIT_OK,DIRECT
yield,EQ11072,133,oee_base_grupo,anual,linha_grupo/L1_L3,VAR11130@L2,oee_base,variable,anual,linha/L1_L7,-,1,1,False,SAME,EXPLICIT_OK,DIRECT
yield,EQ11072,133,oee_base_grupo,anual,linha_grupo/L1_L3,VAR11130@L3,oee_base,variable,anual,linha/L1_L7,-,1,1,False,SAME,EXPLICIT_OK,DIRECT
yield,EQ11073,134,oee_base_grupo,anual,linha_grupo/L4_L5,VAR11130@L4,oee_base,variable,anual,linha/L1_L7,-,1,1,False,SAME,EXPLICIT_OK,DIRECT
yield,EQ11073,134,oee_base_grupo,anual,linha_grupo/L4_L5,VAR11130@L5,oee_base,variable,anual,linha/L1_L7,-,1,1,False,SAME,EXPLICIT_OK,DIRECT
yield,EQ11074,135,oee_base_grupo,anual,linha_grupo/L6_L7,VAR11130@L6,oee_base,variable,anual,linha/L1_L7,-,1,1,False,SAME,EXPLICIT_OK,DIRECT
yield,EQ11074,135,oee_base_grupo,anual,linha_grupo/L6_L7,VAR11130@L7,oee_base,variable,anual,linha/L1_L7,-,1,1,False,SAME,EXPLICIT_OK,DIRECT
yield,EQ11075,136,oee_base_total,anual,linha_grupo/L1_L7,VAR11130@L1,oee_base,variable,anual,linha/L1_L7,-,1,1,False,SAME,EXPLICIT_OK,DIRECT
yield,EQ11075,136,oee_base_total,anual,linha_grupo/L1_L7,VAR11086@L1,ltp_lth_base,variable,anual,linha/L1_L7,-,1,1,False,SAME,EXPLICIT_OK,DIRECT
yield,EQ11075,136,oee_base_total,anual,linha_grupo/L1_L7,VAR11130@L2,oee_base,variable,anual,linha/L1_L7,-,1,1,False,SAME,EXPLICIT_OK,DIRECT
yield,EQ11075,136,oee_base_total,anual,linha_grupo/L1_L7,VAR11086@L2,ltp_lth_base,variable,anual,linha/L1_L7,-,1,1,False,SAME,EXPLICIT_OK,DIRECT
yield,EQ11075,136,oee_base_total,anual,linha_grupo/L1_L7,VAR11130@L3,oee_base,variable,anual,linha/L1_L7,-,1,1,False,SAME,EXPLICIT_OK,DIRECT
yield,EQ11075,136,oee_base_total,anual,linha_grupo/L1_L7,VAR11086@L3,ltp_lth_base,variable,anual,linha/L1_L7,-,1,1,False,SAME,EXPLICIT_OK,DIRECT
yield,EQ11075,136,oee_base_total,anual,linha_grupo/L1_L7,VAR11130@L4,oee_base,variable,anual,linha/L1_L7,-,1,1,False,SAME,EXPLICIT_OK,DIRECT
yield,EQ11075,136,oee_base_total,anual,linha_grupo/L1_L7,VAR11086@L4,ltp_lth_base,variable,anual,linha/L1_L7,-,1,1,False,SAME,EXPLICIT_OK,DIRECT
yield,EQ11075,136,oee_base_total,anual,linha_grupo/L1_L7,VAR11130@L5,oee_base,variable,anual,linha/L1_L7,-,1,1,False,SAME,EXPLICIT_OK,DIRECT
yield,EQ11075,136,oee_base_total,anual,linha_grupo/L1_L7,VAR11086@L5,ltp_lth_base,variable,anual,linha/L1_L7,-,1,1,False,SAME,EXPLICIT_OK,DIRECT
yield,EQ11075,136,oee_base_total,anual,linha_grupo/L1_L7,VAR11130@L6,oee_base,variable,anual,linha/L1_L7,-,1,1,False,SAME,EXPLICIT_OK,DIRECT
yield,EQ11075,136,oee_base_total,anual,linha_grupo/L1_L7,VAR11086@L6,ltp_lth_base,variable,anual,linha/L1_L7,-,1,1,False,SAME,EXPLICIT_OK,DIRECT
yield,EQ11075,136,oee_base_total,anual,linha_grupo/L1_L7,VAR11130@L7,oee_base,variable,anual,linha/L1_L7,-,1,1,False,SAME,EXPLICIT_OK,DIRECT
yield,EQ11075,136,oee_base_total,anual,linha_grupo/L1_L7,VAR11086@L7,ltp_lth_base,variable,anual,linha/L1_L7,-,1,1,False,SAME,EXPLICIT_OK,DIRECT
yield,EQ11075,136,oee_base_total,anual,linha_grupo/L1_L7,VAR11086@L1,ltp_lth_base,variable,anual,linha/L1_L7,-,1,1,False,SAME,EXPLICIT_OK,DIRECT
yield,EQ11075,136,oee_base_total,anual,linha_grupo/L1_L7,VAR11086@L2,ltp_lth_base,variable,anual,linha/L1_L7,-,1,1,False,SAME,EXPLICIT_OK,DIRECT
yield,EQ11075,136,oee_base_total,anual,linha_grupo/L1_L7,VAR11086@L3,ltp_lth_base,variable,anual,linha/L1_L7,-,1,1,False,SAME,EXPLICIT_OK,DIRECT
yield,EQ11075,136,oee_base_total,anual,linha_grupo/L1_L7,VAR11086@L4,ltp_lth_base,variable,anual,linha/L1_L7,-,1,1,False,SAME,EXPLICIT_OK,DIRECT
yield,EQ11075,136,oee_base_total,anual,linha_grupo/L1_L7,VAR11086@L5,ltp_lth_base,variable,anual,linha/L1_L7,-,1,1,False,SAME,EXPLICIT_OK,DIRECT
yield,EQ11075,136,oee_base_total,anual,linha_grupo/L1_L7,VAR11086@L6,ltp_lth_base,variable,anual,linha/L1_L7,-,1,1,False,SAME,EXPLICIT_OK,DIRECT
yield,EQ11075,136,oee_base_total,anual,linha_grupo/L1_L7,VAR11086@L7,ltp_lth_base,variable,anual,linha/L1_L7,-,1,1,False,SAME,EXPLICIT_OK,DIRECT
yield,EQ11076,137,producao_base_ppt,diário,linha/L1_L7,VAR11226,yield,variable,diário,linha/L1_L7,g/l,2,1,False,SAME,OWN_SCOPE,DIRECT
yield,EQ11076,137,producao_base_ppt,diário,linha/L1_L7,VAR11046,ltp,variable,diário,linha/L1_L7,m³/h,2,1,False,SAME,OWN_SCOPE,DIRECT
yield,EQ11077,139,producao_base_ppt_grupo,diário,linha_grupo/L1_L3,VAR11135@L1,producao_base_ppt,variable,diário,linha/L1_L7,t,2,1,False,SAME,EXPLICIT_OK,DIRECT
yield,EQ11077,139,producao_base_ppt_grupo,diário,linha_grupo/L1_L3,VAR11135@L2,producao_base_ppt,variable,diário,linha/L1_L7,t,2,1,False,SAME,EXPLICIT_OK,DIRECT
yield,EQ11077,139,producao_base_ppt_grupo,diário,linha_grupo/L1_L3,VAR11135@L3,producao_base_ppt,variable,diário,linha/L1_L7,t,2,1,False,SAME,EXPLICIT_OK,DIRECT
yield,EQ11078,140,producao_base_ppt_grupo,diário,linha_grupo/L4_L5,VAR11135@L4,producao_base_ppt,variable,diário,linha/L1_L7,t,2,1,False,SAME,EXPLICIT_OK,DIRECT
yield,EQ11078,140,producao_base_ppt_grupo,diário,linha_grupo/L4_L5,VAR11135@L5,producao_base_ppt,variable,diário,linha/L1_L7,t,2,1,False,SAME,EXPLICIT_OK,DIRECT
yield,EQ11079,141,producao_base_ppt_grupo,diário,linha_grupo/L6_L7,VAR11135@L6,producao_base_ppt,variable,diário,linha/L1_L7,t,2,1,False,SAME,EXPLICIT_OK,DIRECT
yield,EQ11079,141,producao_base_ppt_grupo,diário,linha_grupo/L6_L7,VAR11135@L7,producao_base_ppt,variable,diário,linha/L1_L7,t,2,1,False,SAME,EXPLICIT_OK,DIRECT
yield,EQ11080,142,producao_base_ppt_total,diário,linha_grupo/L1_L7,VAR11135@L1,producao_base_ppt,variable,diário,linha/L1_L7,t,2,1,False,SAME,EXPLICIT_OK,DIRECT
yield,EQ11080,142,producao_base_ppt_total,diário,linha_grupo/L1_L7,VAR11135@L2,producao_base_ppt,variable,diário,linha/L1_L7,t,2,1,False,SAME,EXPLICIT_OK,DIRECT
yield,EQ11080,142,producao_base_ppt_total,diário,linha_grupo/L1_L7,VAR11135@L3,producao_base_ppt,variable,diário,linha/L1_L7,t,2,1,False,SAME,EXPLICIT_OK,DIRECT
yield,EQ11080,142,producao_base_ppt_total,diário,linha_grupo/L1_L7,VAR11135@L4,producao_base_ppt,variable,diário,linha/L1_L7,t,2,1,False,SAME,EXPLICIT_OK,DIRECT
yield,EQ11080,142,producao_base_ppt_total,diário,linha_grupo/L1_L7,VAR11135@L5,producao_base_ppt,variable,diário,linha/L1_L7,t,2,1,False,SAME,EXPLICIT_OK,DIRECT
yield,EQ11080,142,producao_base_ppt_total,diário,linha_grupo/L1_L7,VAR11135@L6,producao_base_ppt,variable,diário,linha/L1_L7,t,2,1,False,SAME,EXPLICIT_OK,DIRECT
yield,EQ11080,142,producao_base_ppt_total,diário,linha_grupo/L1_L7,VAR11135@L7,producao_base_ppt,variable,diário,linha/L1_L7,t,2,1,False,SAME,EXPLICIT_OK,DIRECT
yield,EQ11081,147,producao_base_ppt_base,anual,linha/L1_L7,VAR11236,yield_base,variable,anual,linha/L1_L7,g/l,1,1,False,SAME,OWN_SCOPE,DIRECT
yield,EQ11081,147,producao_base_ppt_base,anual,linha/L1_L7,VAR11071,ltp_base,variable,anual,linha/L1_L7,m³/h,1,1,False,SAME,OWN_SCOPE,DIRECT
yield,EQ11082,148,producao_base_ppt_base_grupo,anual,linha_grupo/L1_L3,VAR11145@L1,producao_base_ppt_base,variable,anual,linha/L1_L7,t,1,1,False,SAME,EXPLICIT_OK,DIRECT
yield,EQ11082,148,producao_base_ppt_base_grupo,anual,linha_grupo/L1_L3,VAR11145@L2,producao_base_ppt_base,variable,anual,linha/L1_L7,t,1,1,False,SAME,EXPLICIT_OK,DIRECT
yield,EQ11082,148,producao_base_ppt_base_grupo,anual,linha_grupo/L1_L3,VAR11145@L3,producao_base_ppt_base,variable,anual,linha/L1_L7,t,1,1,False,SAME,EXPLICIT_OK,DIRECT
yield,EQ11083,149,producao_base_ppt_base_grupo,anual,linha_grupo/L4_L5,VAR11145@L4,producao_base_ppt_base,variable,anual,linha/L1_L7,t,1,1,False,SAME,EXPLICIT_OK,DIRECT
yield,EQ11083,149,producao_base_ppt_base_grupo,anual,linha_grupo/L4_L5,VAR11145@L5,producao_base_ppt_base,variable,anual,linha/L1_L7,t,1,1,False,SAME,EXPLICIT_OK,DIRECT
yield,EQ11084,150,producao_base_ppt_base_grupo,anual,linha_grupo/L6_L7,VAR11145@L6,producao_base_ppt_base,variable,anual,linha/L1_L7,t,1,1,False,SAME,EXPLICIT_OK,DIRECT
yield,EQ11084,150,producao_base_ppt_base_grupo,anual,linha_grupo/L6_L7,VAR11145@L7,producao_base_ppt_base,variable,anual,linha/L1_L7,t,1,1,False,SAME,EXPLICIT_OK,DIRECT
yield,EQ11085,151,producao_base_ppt_base_total,anual,linha_grupo/L1_L7,VAR11145@L1,producao_base_ppt_base,variable,anual,linha/L1_L7,t,1,1,False,SAME,EXPLICIT_OK,DIRECT
yield,EQ11085,151,producao_base_ppt_base_total,anual,linha_grupo/L1_L7,VAR11145@L2,producao_base_ppt_base,variable,anual,linha/L1_L7,t,1,1,False,SAME,EXPLICIT_OK,DIRECT
yield,EQ11085,151,producao_base_ppt_base_total,anual,linha_grupo/L1_L7,VAR11145@L3,producao_base_ppt_base,variable,anual,linha/L1_L7,t,1,1,False,SAME,EXPLICIT_OK,DIRECT
yield,EQ11085,151,producao_base_ppt_base_total,anual,linha_grupo/L1_L7,VAR11145@L4,producao_base_ppt_base,variable,anual,linha/L1_L7,t,1,1,False,SAME,EXPLICIT_OK,DIRECT
yield,EQ11085,151,producao_base_ppt_base_total,anual,linha_grupo/L1_L7,VAR11145@L5,producao_base_ppt_base,variable,anual,linha/L1_L7,t,1,1,False,SAME,EXPLICIT_OK,DIRECT
yield,EQ11085,151,producao_base_ppt_base_total,anual,linha_grupo/L1_L7,VAR11145@L6,producao_base_ppt_base,variable,anual,linha/L1_L7,t,1,1,False,SAME,EXPLICIT_OK,DIRECT
yield,EQ11085,151,producao_base_ppt_base_total,anual,linha_grupo/L1_L7,VAR11145@L7,producao_base_ppt_base,variable,anual,linha/L1_L7,t,1,1,False,SAME,EXPLICIT_OK,DIRECT
yield,EQ11086,152,ratio_spent,diário,linha/L1_L7,VAR11160,ratio_spent_base,variable,anual,linha/L1_L7,-,1,0,True,COARSER_REF (fallback temporal do runtime),OWN_SCOPE,RESOLVED_BY_FREQUENCY_FALLBACK
yield,EQ11086,152,ratio_spent,diário,linha/L1_L7,VAR11105,n_ppt,variable,diário,linha/L1_L7,-,2,1,False,SAME,OWN_SCOPE,DIRECT
yield,EQ11086,152,ratio_spent,diário,linha/L1_L7,VAR11115,n_ppt_base,variable,anual,linha/L1_L7,-,1,0,True,COARSER_REF (fallback temporal do runtime),OWN_SCOPE,RESOLVED_BY_FREQUENCY_FALLBACK
yield,EQ11086,152,ratio_spent,diário,linha/L1_L7,VAR11016,eoc_temp,variable,diário,linha/L1_L7,°C,2,1,False,SAME,OWN_SCOPE,DIRECT
yield,EQ11086,152,ratio_spent,diário,linha/L1_L7,VAR11026,eoc_temp_base,variable,anual,linha/L1_L7,°C,1,0,True,COARSER_REF (fallback temporal do runtime),OWN_SCOPE,RESOLVED_BY_FREQUENCY_FALLBACK
yield,EQ11086,152,ratio_spent,diário,linha/L1_L7,VAR11001,eoc_solids,variable,diário,linha/L1_L7,g/l,2,1,False,SAME,OWN_SCOPE,DIRECT
yield,EQ11086,152,ratio_spent,diário,linha/L1_L7,VAR11011,eoc_solids_base,variable,anual,linha/L1_L7,g/l,1,0,True,COARSER_REF (fallback temporal do runtime),OWN_SCOPE,RESOLVED_BY_FREQUENCY_FALLBACK
yield,EQ11086,152,ratio_spent,diário,linha/L1_L7,PARAM11001,ltp_tc_base,parameter,,linha/L1_L7,g/l,1,0,False,PARAMETER (ano),OWN_SCOPE,DIRECT
yield,EQ11086,152,ratio_spent,diário,linha/L1_L7,VAR11091,ltp_tc,variable,diário,linha/L1_L7,g/l,2,1,False,SAME,OWN_SCOPE,DIRECT
yield,EQ11086,152,ratio_spent,diário,linha/L1_L7,VAR11046,ltp,variable,diário,linha/L1_L7,m³/h,2,1,False,SAME,OWN_SCOPE,DIRECT
yield,EQ11086,152,ratio_spent,diário,linha/L1_L7,VAR11071,ltp_base,variable,anual,linha/L1_L7,m³/h,1,0,True,COARSER_REF (fallback temporal do runtime),OWN_SCOPE,RESOLVED_BY_FREQUENCY_FALLBACK
yield,EQ11086,152,ratio_spent,diário,linha/L1_L7,VAR11180,ssa_media,variable,diário,linha/L1_L7,m²/kg,2,1,False,SAME,OWN_SCOPE,DIRECT
yield,EQ11086,152,ratio_spent,diário,linha/L1_L7,VAR11190,ssa_media_base,variable,anual,linha/L1_L7,m²/kg,1,0,True,COARSER_REF (fallback temporal do runtime),OWN_SCOPE,RESOLVED_BY_FREQUENCY_FALLBACK
yield,EQ11087,154,ratio_spent_grupo,diário,linha_grupo/L1_L3,VAR11150@L1,ratio_spent,variable,diário,linha/L1_L7,-,2,1,False,SAME,EXPLICIT_OK,DIRECT
yield,EQ11087,154,ratio_spent_grupo,diário,linha_grupo/L1_L3,VAR11046@L1,ltp,variable,diário,linha/L1_L7,m³/h,2,1,False,SAME,EXPLICIT_OK,DIRECT
yield,EQ11087,154,ratio_spent_grupo,diário,linha_grupo/L1_L3,VAR11150@L2,ratio_spent,variable,diário,linha/L1_L7,-,2,1,False,SAME,EXPLICIT_OK,DIRECT
yield,EQ11087,154,ratio_spent_grupo,diário,linha_grupo/L1_L3,VAR11046@L2,ltp,variable,diário,linha/L1_L7,m³/h,2,1,False,SAME,EXPLICIT_OK,DIRECT
yield,EQ11087,154,ratio_spent_grupo,diário,linha_grupo/L1_L3,VAR11150@L3,ratio_spent,variable,diário,linha/L1_L7,-,2,1,False,SAME,EXPLICIT_OK,DIRECT
yield,EQ11087,154,ratio_spent_grupo,diário,linha_grupo/L1_L3,VAR11046@L3,ltp,variable,diário,linha/L1_L7,m³/h,2,1,False,SAME,EXPLICIT_OK,DIRECT
yield,EQ11087,154,ratio_spent_grupo,diário,linha_grupo/L1_L3,VAR11046@L1,ltp,variable,diário,linha/L1_L7,m³/h,2,1,False,SAME,EXPLICIT_OK,DIRECT
yield,EQ11087,154,ratio_spent_grupo,diário,linha_grupo/L1_L3,VAR11046@L2,ltp,variable,diário,linha/L1_L7,m³/h,2,1,False,SAME,EXPLICIT_OK,DIRECT
yield,EQ11087,154,ratio_spent_grupo,diário,linha_grupo/L1_L3,VAR11046@L3,ltp,variable,diário,linha/L1_L7,m³/h,2,1,False,SAME,EXPLICIT_OK,DIRECT
yield,EQ11088,155,ratio_spent_grupo,diário,linha_grupo/L4_L5,VAR11150@L4,ratio_spent,variable,diário,linha/L1_L7,-,2,1,False,SAME,EXPLICIT_OK,DIRECT
yield,EQ11088,155,ratio_spent_grupo,diário,linha_grupo/L4_L5,VAR11046@L4,ltp,variable,diário,linha/L1_L7,m³/h,2,1,False,SAME,EXPLICIT_OK,DIRECT
yield,EQ11088,155,ratio_spent_grupo,diário,linha_grupo/L4_L5,VAR11150@L5,ratio_spent,variable,diário,linha/L1_L7,-,2,1,False,SAME,EXPLICIT_OK,DIRECT
yield,EQ11088,155,ratio_spent_grupo,diário,linha_grupo/L4_L5,VAR11046@L5,ltp,variable,diário,linha/L1_L7,m³/h,2,1,False,SAME,EXPLICIT_OK,DIRECT
yield,EQ11088,155,ratio_spent_grupo,diário,linha_grupo/L4_L5,VAR11046@L4,ltp,variable,diário,linha/L1_L7,m³/h,2,1,False,SAME,EXPLICIT_OK,DIRECT
yield,EQ11088,155,ratio_spent_grupo,diário,linha_grupo/L4_L5,VAR11046@L5,ltp,variable,diário,linha/L1_L7,m³/h,2,1,False,SAME,EXPLICIT_OK,DIRECT
yield,EQ11089,156,ratio_spent_grupo,diário,linha_grupo/L6_L7,VAR11150@L6,ratio_spent,variable,diário,linha/L1_L7,-,2,1,False,SAME,EXPLICIT_OK,DIRECT
yield,EQ11089,156,ratio_spent_grupo,diário,linha_grupo/L6_L7,VAR11046@L6,ltp,variable,diário,linha/L1_L7,m³/h,2,1,False,SAME,EXPLICIT_OK,DIRECT
yield,EQ11089,156,ratio_spent_grupo,diário,linha_grupo/L6_L7,VAR11150@L7,ratio_spent,variable,diário,linha/L1_L7,-,2,1,False,SAME,EXPLICIT_OK,DIRECT
yield,EQ11089,156,ratio_spent_grupo,diário,linha_grupo/L6_L7,VAR11046@L7,ltp,variable,diário,linha/L1_L7,m³/h,2,1,False,SAME,EXPLICIT_OK,DIRECT
yield,EQ11089,156,ratio_spent_grupo,diário,linha_grupo/L6_L7,VAR11046@L6,ltp,variable,diário,linha/L1_L7,m³/h,2,1,False,SAME,EXPLICIT_OK,DIRECT
yield,EQ11089,156,ratio_spent_grupo,diário,linha_grupo/L6_L7,VAR11046@L7,ltp,variable,diário,linha/L1_L7,m³/h,2,1,False,SAME,EXPLICIT_OK,DIRECT
yield,EQ11090,157,ratio_spent_total,diário,linha_grupo/L1_L7,VAR11150@L1,ratio_spent,variable,diário,linha/L1_L7,-,2,1,False,SAME,EXPLICIT_OK,DIRECT
yield,EQ11090,157,ratio_spent_total,diário,linha_grupo/L1_L7,VAR11046@L1,ltp,variable,diário,linha/L1_L7,m³/h,2,1,False,SAME,EXPLICIT_OK,DIRECT
yield,EQ11090,157,ratio_spent_total,diário,linha_grupo/L1_L7,VAR11150@L2,ratio_spent,variable,diário,linha/L1_L7,-,2,1,False,SAME,EXPLICIT_OK,DIRECT
yield,EQ11090,157,ratio_spent_total,diário,linha_grupo/L1_L7,VAR11046@L2,ltp,variable,diário,linha/L1_L7,m³/h,2,1,False,SAME,EXPLICIT_OK,DIRECT
yield,EQ11090,157,ratio_spent_total,diário,linha_grupo/L1_L7,VAR11150@L3,ratio_spent,variable,diário,linha/L1_L7,-,2,1,False,SAME,EXPLICIT_OK,DIRECT
yield,EQ11090,157,ratio_spent_total,diário,linha_grupo/L1_L7,VAR11046@L3,ltp,variable,diário,linha/L1_L7,m³/h,2,1,False,SAME,EXPLICIT_OK,DIRECT
yield,EQ11090,157,ratio_spent_total,diário,linha_grupo/L1_L7,VAR11150@L4,ratio_spent,variable,diário,linha/L1_L7,-,2,1,False,SAME,EXPLICIT_OK,DIRECT
yield,EQ11090,157,ratio_spent_total,diário,linha_grupo/L1_L7,VAR11046@L4,ltp,variable,diário,linha/L1_L7,m³/h,2,1,False,SAME,EXPLICIT_OK,DIRECT
yield,EQ11090,157,ratio_spent_total,diário,linha_grupo/L1_L7,VAR11150@L5,ratio_spent,variable,diário,linha/L1_L7,-,2,1,False,SAME,EXPLICIT_OK,DIRECT
yield,EQ11090,157,ratio_spent_total,diário,linha_grupo/L1_L7,VAR11046@L5,ltp,variable,diário,linha/L1_L7,m³/h,2,1,False,SAME,EXPLICIT_OK,DIRECT
yield,EQ11090,157,ratio_spent_total,diário,linha_grupo/L1_L7,VAR11150@L6,ratio_spent,variable,diário,linha/L1_L7,-,2,1,False,SAME,EXPLICIT_OK,DIRECT
yield,EQ11090,157,ratio_spent_total,diário,linha_grupo/L1_L7,VAR11046@L6,ltp,variable,diário,linha/L1_L7,m³/h,2,1,False,SAME,EXPLICIT_OK,DIRECT
yield,EQ11090,157,ratio_spent_total,diário,linha_grupo/L1_L7,VAR11150@L7,ratio_spent,variable,diário,linha/L1_L7,-,2,1,False,SAME,EXPLICIT_OK,DIRECT
yield,EQ11090,157,ratio_spent_total,diário,linha_grupo/L1_L7,VAR11046@L7,ltp,variable,diário,linha/L1_L7,m³/h,2,1,False,SAME,EXPLICIT_OK,DIRECT
yield,EQ11090,157,ratio_spent_total,diário,linha_grupo/L1_L7,VAR11046@L1,ltp,variable,diário,linha/L1_L7,m³/h,2,1,False,SAME,EXPLICIT_OK,DIRECT
yield,EQ11090,157,ratio_spent_total,diário,linha_grupo/L1_L7,VAR11046@L2,ltp,variable,diário,linha/L1_L7,m³/h,2,1,False,SAME,EXPLICIT_OK,DIRECT
yield,EQ11090,157,ratio_spent_total,diário,linha_grupo/L1_L7,VAR11046@L3,ltp,variable,diário,linha/L1_L7,m³/h,2,1,False,SAME,EXPLICIT_OK,DIRECT
yield,EQ11090,157,ratio_spent_total,diário,linha_grupo/L1_L7,VAR11046@L4,ltp,variable,diário,linha/L1_L7,m³/h,2,1,False,SAME,EXPLICIT_OK,DIRECT
yield,EQ11090,157,ratio_spent_total,diário,linha_grupo/L1_L7,VAR11046@L5,ltp,variable,diário,linha/L1_L7,m³/h,2,1,False,SAME,EXPLICIT_OK,DIRECT
yield,EQ11090,157,ratio_spent_total,diário,linha_grupo/L1_L7,VAR11046@L6,ltp,variable,diário,linha/L1_L7,m³/h,2,1,False,SAME,EXPLICIT_OK,DIRECT
yield,EQ11090,157,ratio_spent_total,diário,linha_grupo/L1_L7,VAR11046@L7,ltp,variable,diário,linha/L1_L7,m³/h,2,1,False,SAME,EXPLICIT_OK,DIRECT
yield,EQ11091,163,ratio_spent_base_grupo,anual,linha_grupo/L1_L3,VAR11160@L1,ratio_spent_base,variable,anual,linha/L1_L7,-,1,1,False,SAME,EXPLICIT_OK,DIRECT
yield,EQ11091,163,ratio_spent_base_grupo,anual,linha_grupo/L1_L3,VAR11160@L2,ratio_spent_base,variable,anual,linha/L1_L7,-,1,1,False,SAME,EXPLICIT_OK,DIRECT
yield,EQ11091,163,ratio_spent_base_grupo,anual,linha_grupo/L1_L3,VAR11160@L3,ratio_spent_base,variable,anual,linha/L1_L7,-,1,1,False,SAME,EXPLICIT_OK,DIRECT
yield,EQ11092,164,ratio_spent_base_grupo,anual,linha_grupo/L4_L5,VAR11160@L4,ratio_spent_base,variable,anual,linha/L1_L7,-,1,1,False,SAME,EXPLICIT_OK,DIRECT
yield,EQ11092,164,ratio_spent_base_grupo,anual,linha_grupo/L4_L5,VAR11160@L5,ratio_spent_base,variable,anual,linha/L1_L7,-,1,1,False,SAME,EXPLICIT_OK,DIRECT
yield,EQ11093,165,ratio_spent_base_grupo,anual,linha_grupo/L6_L7,VAR11160@L6,ratio_spent_base,variable,anual,linha/L1_L7,-,1,1,False,SAME,EXPLICIT_OK,DIRECT
yield,EQ11093,165,ratio_spent_base_grupo,anual,linha_grupo/L6_L7,VAR11160@L7,ratio_spent_base,variable,anual,linha/L1_L7,-,1,1,False,SAME,EXPLICIT_OK,DIRECT
yield,EQ11094,166,ratio_spent_base_total,anual,linha_grupo/L1_L7,VAR11160@L1,ratio_spent_base,variable,anual,linha/L1_L7,-,1,1,False,SAME,EXPLICIT_OK,DIRECT
yield,EQ11094,166,ratio_spent_base_total,anual,linha_grupo/L1_L7,VAR11205@L1,ssa_sf_base,variable,anual,linha/L1_L7,m²/kg,1,1,False,SAME,EXPLICIT_OK,DIRECT
yield,EQ11094,166,ratio_spent_base_total,anual,linha_grupo/L1_L7,VAR11160@L2,ratio_spent_base,variable,anual,linha/L1_L7,-,1,1,False,SAME,EXPLICIT_OK,DIRECT
yield,EQ11094,166,ratio_spent_base_total,anual,linha_grupo/L1_L7,VAR11205@L2,ssa_sf_base,variable,anual,linha/L1_L7,m²/kg,1,1,False,SAME,EXPLICIT_OK,DIRECT
yield,EQ11094,166,ratio_spent_base_total,anual,linha_grupo/L1_L7,VAR11160@L3,ratio_spent_base,variable,anual,linha/L1_L7,-,1,1,False,SAME,EXPLICIT_OK,DIRECT
yield,EQ11094,166,ratio_spent_base_total,anual,linha_grupo/L1_L7,VAR11205@L3,ssa_sf_base,variable,anual,linha/L1_L7,m²/kg,1,1,False,SAME,EXPLICIT_OK,DIRECT
yield,EQ11094,166,ratio_spent_base_total,anual,linha_grupo/L1_L7,VAR11160@L4,ratio_spent_base,variable,anual,linha/L1_L7,-,1,1,False,SAME,EXPLICIT_OK,DIRECT
yield,EQ11094,166,ratio_spent_base_total,anual,linha_grupo/L1_L7,VAR11205@L4,ssa_sf_base,variable,anual,linha/L1_L7,m²/kg,1,1,False,SAME,EXPLICIT_OK,DIRECT
yield,EQ11094,166,ratio_spent_base_total,anual,linha_grupo/L1_L7,VAR11160@L5,ratio_spent_base,variable,anual,linha/L1_L7,-,1,1,False,SAME,EXPLICIT_OK,DIRECT
yield,EQ11094,166,ratio_spent_base_total,anual,linha_grupo/L1_L7,VAR11205@L5,ssa_sf_base,variable,anual,linha/L1_L7,m²/kg,1,1,False,SAME,EXPLICIT_OK,DIRECT
yield,EQ11094,166,ratio_spent_base_total,anual,linha_grupo/L1_L7,VAR11160@L6,ratio_spent_base,variable,anual,linha/L1_L7,-,1,1,False,SAME,EXPLICIT_OK,DIRECT
yield,EQ11094,166,ratio_spent_base_total,anual,linha_grupo/L1_L7,VAR11205@L6,ssa_sf_base,variable,anual,linha/L1_L7,m²/kg,1,1,False,SAME,EXPLICIT_OK,DIRECT
yield,EQ11094,166,ratio_spent_base_total,anual,linha_grupo/L1_L7,VAR11160@L7,ratio_spent_base,variable,anual,linha/L1_L7,-,1,1,False,SAME,EXPLICIT_OK,DIRECT
yield,EQ11094,166,ratio_spent_base_total,anual,linha_grupo/L1_L7,VAR11205@L7,ssa_sf_base,variable,anual,linha/L1_L7,m²/kg,1,1,False,SAME,EXPLICIT_OK,DIRECT
yield,EQ11094,166,ratio_spent_base_total,anual,linha_grupo/L1_L7,VAR11205@L1,ssa_sf_base,variable,anual,linha/L1_L7,m²/kg,1,1,False,SAME,EXPLICIT_OK,DIRECT
yield,EQ11094,166,ratio_spent_base_total,anual,linha_grupo/L1_L7,VAR11205@L2,ssa_sf_base,variable,anual,linha/L1_L7,m²/kg,1,1,False,SAME,EXPLICIT_OK,DIRECT
yield,EQ11094,166,ratio_spent_base_total,anual,linha_grupo/L1_L7,VAR11205@L3,ssa_sf_base,variable,anual,linha/L1_L7,m²/kg,1,1,False,SAME,EXPLICIT_OK,DIRECT
yield,EQ11094,166,ratio_spent_base_total,anual,linha_grupo/L1_L7,VAR11205@L4,ssa_sf_base,variable,anual,linha/L1_L7,m²/kg,1,1,False,SAME,EXPLICIT_OK,DIRECT
yield,EQ11094,166,ratio_spent_base_total,anual,linha_grupo/L1_L7,VAR11205@L5,ssa_sf_base,variable,anual,linha/L1_L7,m²/kg,1,1,False,SAME,EXPLICIT_OK,DIRECT
yield,EQ11094,166,ratio_spent_base_total,anual,linha_grupo/L1_L7,VAR11205@L6,ssa_sf_base,variable,anual,linha/L1_L7,m²/kg,1,1,False,SAME,EXPLICIT_OK,DIRECT
yield,EQ11094,166,ratio_spent_base_total,anual,linha_grupo/L1_L7,VAR11205@L7,ssa_sf_base,variable,anual,linha/L1_L7,m²/kg,1,1,False,SAME,EXPLICIT_OK,DIRECT
yield,EQ11095,169,sl_solids_grupo,diário,linha_grupo/L1_L3,VAR11165@L1,sl_solids,variable,diário,linha/L1_L7,g/l,2,1,False,SAME,EXPLICIT_OK,DIRECT
yield,EQ11095,169,sl_solids_grupo,diário,linha_grupo/L1_L3,VAR11165@L2,sl_solids,variable,diário,linha/L1_L7,g/l,2,1,False,SAME,EXPLICIT_OK,DIRECT
yield,EQ11095,169,sl_solids_grupo,diário,linha_grupo/L1_L3,VAR11165@L3,sl_solids,variable,diário,linha/L1_L7,g/l,2,1,False,SAME,EXPLICIT_OK,DIRECT
yield,EQ11096,170,sl_solids_grupo,diário,linha_grupo/L4_L5,VAR11165@L4,sl_solids,variable,diário,linha/L1_L7,g/l,2,1,False,SAME,EXPLICIT_OK,DIRECT
yield,EQ11096,170,sl_solids_grupo,diário,linha_grupo/L4_L5,VAR11165@L5,sl_solids,variable,diário,linha/L1_L7,g/l,2,1,False,SAME,EXPLICIT_OK,DIRECT
yield,EQ11097,171,sl_solids_grupo,diário,linha_grupo/L6_L7,VAR11165@L6,sl_solids,variable,diário,linha/L1_L7,g/l,2,1,False,SAME,EXPLICIT_OK,DIRECT
yield,EQ11097,171,sl_solids_grupo,diário,linha_grupo/L6_L7,VAR11165@L7,sl_solids,variable,diário,linha/L1_L7,g/l,2,1,False,SAME,EXPLICIT_OK,DIRECT
yield,EQ11098,172,sl_solids_total,diário,linha_grupo/L1_L7,VAR11165@L1,sl_solids,variable,diário,linha/L1_L7,g/l,2,1,False,SAME,EXPLICIT_OK,DIRECT
yield,EQ11098,172,sl_solids_total,diário,linha_grupo/L1_L7,VAR11150@L1,ratio_spent,variable,diário,linha/L1_L7,-,2,1,False,SAME,EXPLICIT_OK,DIRECT
yield,EQ11098,172,sl_solids_total,diário,linha_grupo/L1_L7,VAR11165@L2,sl_solids,variable,diário,linha/L1_L7,g/l,2,1,False,SAME,EXPLICIT_OK,DIRECT
yield,EQ11098,172,sl_solids_total,diário,linha_grupo/L1_L7,VAR11150@L2,ratio_spent,variable,diário,linha/L1_L7,-,2,1,False,SAME,EXPLICIT_OK,DIRECT
yield,EQ11098,172,sl_solids_total,diário,linha_grupo/L1_L7,VAR11165@L3,sl_solids,variable,diário,linha/L1_L7,g/l,2,1,False,SAME,EXPLICIT_OK,DIRECT
yield,EQ11098,172,sl_solids_total,diário,linha_grupo/L1_L7,VAR11150@L3,ratio_spent,variable,diário,linha/L1_L7,-,2,1,False,SAME,EXPLICIT_OK,DIRECT
yield,EQ11098,172,sl_solids_total,diário,linha_grupo/L1_L7,VAR11165@L4,sl_solids,variable,diário,linha/L1_L7,g/l,2,1,False,SAME,EXPLICIT_OK,DIRECT
yield,EQ11098,172,sl_solids_total,diário,linha_grupo/L1_L7,VAR11150@L4,ratio_spent,variable,diário,linha/L1_L7,-,2,1,False,SAME,EXPLICIT_OK,DIRECT
yield,EQ11098,172,sl_solids_total,diário,linha_grupo/L1_L7,VAR11165@L5,sl_solids,variable,diário,linha/L1_L7,g/l,2,1,False,SAME,EXPLICIT_OK,DIRECT
yield,EQ11098,172,sl_solids_total,diário,linha_grupo/L1_L7,VAR11150@L5,ratio_spent,variable,diário,linha/L1_L7,-,2,1,False,SAME,EXPLICIT_OK,DIRECT
yield,EQ11098,172,sl_solids_total,diário,linha_grupo/L1_L7,VAR11165@L6,sl_solids,variable,diário,linha/L1_L7,g/l,2,1,False,SAME,EXPLICIT_OK,DIRECT
yield,EQ11098,172,sl_solids_total,diário,linha_grupo/L1_L7,VAR11150@L6,ratio_spent,variable,diário,linha/L1_L7,-,2,1,False,SAME,EXPLICIT_OK,DIRECT
yield,EQ11098,172,sl_solids_total,diário,linha_grupo/L1_L7,VAR11165@L7,sl_solids,variable,diário,linha/L1_L7,g/l,2,1,False,SAME,EXPLICIT_OK,DIRECT
yield,EQ11098,172,sl_solids_total,diário,linha_grupo/L1_L7,VAR11150@L7,ratio_spent,variable,diário,linha/L1_L7,-,2,1,False,SAME,EXPLICIT_OK,DIRECT
yield,EQ11098,172,sl_solids_total,diário,linha_grupo/L1_L7,VAR11150@L1,ratio_spent,variable,diário,linha/L1_L7,-,2,1,False,SAME,EXPLICIT_OK,DIRECT
yield,EQ11098,172,sl_solids_total,diário,linha_grupo/L1_L7,VAR11150@L2,ratio_spent,variable,diário,linha/L1_L7,-,2,1,False,SAME,EXPLICIT_OK,DIRECT
yield,EQ11098,172,sl_solids_total,diário,linha_grupo/L1_L7,VAR11150@L3,ratio_spent,variable,diário,linha/L1_L7,-,2,1,False,SAME,EXPLICIT_OK,DIRECT
yield,EQ11098,172,sl_solids_total,diário,linha_grupo/L1_L7,VAR11150@L4,ratio_spent,variable,diário,linha/L1_L7,-,2,1,False,SAME,EXPLICIT_OK,DIRECT
yield,EQ11098,172,sl_solids_total,diário,linha_grupo/L1_L7,VAR11150@L5,ratio_spent,variable,diário,linha/L1_L7,-,2,1,False,SAME,EXPLICIT_OK,DIRECT
yield,EQ11098,172,sl_solids_total,diário,linha_grupo/L1_L7,VAR11150@L6,ratio_spent,variable,diário,linha/L1_L7,-,2,1,False,SAME,EXPLICIT_OK,DIRECT
yield,EQ11098,172,sl_solids_total,diário,linha_grupo/L1_L7,VAR11150@L7,ratio_spent,variable,diário,linha/L1_L7,-,2,1,False,SAME,EXPLICIT_OK,DIRECT
yield,EQ11099,178,sl_solids_base_grupo,anual,linha_grupo/L1_L3,VAR11175@L1,sl_solids_base,variable,anual,linha/L1_L7,g/l,1,1,False,SAME,EXPLICIT_OK,DIRECT
yield,EQ11099,178,sl_solids_base_grupo,anual,linha_grupo/L1_L3,VAR11175@L2,sl_solids_base,variable,anual,linha/L1_L7,g/l,1,1,False,SAME,EXPLICIT_OK,DIRECT
yield,EQ11099,178,sl_solids_base_grupo,anual,linha_grupo/L1_L3,VAR11175@L3,sl_solids_base,variable,anual,linha/L1_L7,g/l,1,1,False,SAME,EXPLICIT_OK,DIRECT
yield,EQ11100,179,sl_solids_base_grupo,anual,linha_grupo/L4_L5,VAR11175@L4,sl_solids_base,variable,anual,linha/L1_L7,g/l,1,1,False,SAME,EXPLICIT_OK,DIRECT
yield,EQ11100,179,sl_solids_base_grupo,anual,linha_grupo/L4_L5,VAR11175@L5,sl_solids_base,variable,anual,linha/L1_L7,g/l,1,1,False,SAME,EXPLICIT_OK,DIRECT
yield,EQ11101,180,sl_solids_base_grupo,anual,linha_grupo/L6_L7,VAR11175@L6,sl_solids_base,variable,anual,linha/L1_L7,g/l,1,1,False,SAME,EXPLICIT_OK,DIRECT
yield,EQ11101,180,sl_solids_base_grupo,anual,linha_grupo/L6_L7,VAR11175@L7,sl_solids_base,variable,anual,linha/L1_L7,g/l,1,1,False,SAME,EXPLICIT_OK,DIRECT
yield,EQ11102,181,sl_solids_base_total,anual,linha_grupo/L1_L7,VAR11175@L1,sl_solids_base,variable,anual,linha/L1_L7,g/l,1,1,False,SAME,EXPLICIT_OK,DIRECT
yield,EQ11102,181,sl_solids_base_total,anual,linha_grupo/L1_L7,VAR11160@L1,ratio_spent_base,variable,anual,linha/L1_L7,-,1,1,False,SAME,EXPLICIT_OK,DIRECT
yield,EQ11102,181,sl_solids_base_total,anual,linha_grupo/L1_L7,VAR11175@L2,sl_solids_base,variable,anual,linha/L1_L7,g/l,1,1,False,SAME,EXPLICIT_OK,DIRECT
yield,EQ11102,181,sl_solids_base_total,anual,linha_grupo/L1_L7,VAR11160@L2,ratio_spent_base,variable,anual,linha/L1_L7,-,1,1,False,SAME,EXPLICIT_OK,DIRECT
yield,EQ11102,181,sl_solids_base_total,anual,linha_grupo/L1_L7,VAR11175@L3,sl_solids_base,variable,anual,linha/L1_L7,g/l,1,1,False,SAME,EXPLICIT_OK,DIRECT
yield,EQ11102,181,sl_solids_base_total,anual,linha_grupo/L1_L7,VAR11160@L3,ratio_spent_base,variable,anual,linha/L1_L7,-,1,1,False,SAME,EXPLICIT_OK,DIRECT
yield,EQ11102,181,sl_solids_base_total,anual,linha_grupo/L1_L7,VAR11175@L4,sl_solids_base,variable,anual,linha/L1_L7,g/l,1,1,False,SAME,EXPLICIT_OK,DIRECT
yield,EQ11102,181,sl_solids_base_total,anual,linha_grupo/L1_L7,VAR11160@L4,ratio_spent_base,variable,anual,linha/L1_L7,-,1,1,False,SAME,EXPLICIT_OK,DIRECT
yield,EQ11102,181,sl_solids_base_total,anual,linha_grupo/L1_L7,VAR11175@L5,sl_solids_base,variable,anual,linha/L1_L7,g/l,1,1,False,SAME,EXPLICIT_OK,DIRECT
yield,EQ11102,181,sl_solids_base_total,anual,linha_grupo/L1_L7,VAR11160@L5,ratio_spent_base,variable,anual,linha/L1_L7,-,1,1,False,SAME,EXPLICIT_OK,DIRECT
yield,EQ11102,181,sl_solids_base_total,anual,linha_grupo/L1_L7,VAR11175@L6,sl_solids_base,variable,anual,linha/L1_L7,g/l,1,1,False,SAME,EXPLICIT_OK,DIRECT
yield,EQ11102,181,sl_solids_base_total,anual,linha_grupo/L1_L7,VAR11160@L6,ratio_spent_base,variable,anual,linha/L1_L7,-,1,1,False,SAME,EXPLICIT_OK,DIRECT
yield,EQ11102,181,sl_solids_base_total,anual,linha_grupo/L1_L7,VAR11175@L7,sl_solids_base,variable,anual,linha/L1_L7,g/l,1,1,False,SAME,EXPLICIT_OK,DIRECT
yield,EQ11102,181,sl_solids_base_total,anual,linha_grupo/L1_L7,VAR11160@L7,ratio_spent_base,variable,anual,linha/L1_L7,-,1,1,False,SAME,EXPLICIT_OK,DIRECT
yield,EQ11102,181,sl_solids_base_total,anual,linha_grupo/L1_L7,VAR11160@L1,ratio_spent_base,variable,anual,linha/L1_L7,-,1,1,False,SAME,EXPLICIT_OK,DIRECT
yield,EQ11102,181,sl_solids_base_total,anual,linha_grupo/L1_L7,VAR11160@L2,ratio_spent_base,variable,anual,linha/L1_L7,-,1,1,False,SAME,EXPLICIT_OK,DIRECT
yield,EQ11102,181,sl_solids_base_total,anual,linha_grupo/L1_L7,VAR11160@L3,ratio_spent_base,variable,anual,linha/L1_L7,-,1,1,False,SAME,EXPLICIT_OK,DIRECT
yield,EQ11102,181,sl_solids_base_total,anual,linha_grupo/L1_L7,VAR11160@L4,ratio_spent_base,variable,anual,linha/L1_L7,-,1,1,False,SAME,EXPLICIT_OK,DIRECT
yield,EQ11102,181,sl_solids_base_total,anual,linha_grupo/L1_L7,VAR11160@L5,ratio_spent_base,variable,anual,linha/L1_L7,-,1,1,False,SAME,EXPLICIT_OK,DIRECT
yield,EQ11102,181,sl_solids_base_total,anual,linha_grupo/L1_L7,VAR11160@L6,ratio_spent_base,variable,anual,linha/L1_L7,-,1,1,False,SAME,EXPLICIT_OK,DIRECT
yield,EQ11102,181,sl_solids_base_total,anual,linha_grupo/L1_L7,VAR11160@L7,ratio_spent_base,variable,anual,linha/L1_L7,-,1,1,False,SAME,EXPLICIT_OK,DIRECT
yield,EQ11103,182,ssa_media,diário,linha/L1_L7,VAR11195,ssa_sf,variable,diário,linha/L1_L7,m²/kg,2,1,False,SAME,OWN_SCOPE,DIRECT
yield,EQ11103,182,ssa_media,diário,linha/L1_L7,VAR11210,ssa_sg,variable,diário,linha/L1_L7,m²/kg,2,1,False,SAME,OWN_SCOPE,DIRECT
yield,EQ11104,184,ssa_media_grupo,diário,linha_grupo/L1_L3,VAR11180@L1,ssa_media,variable,diário,linha/L1_L7,m²/kg,2,1,False,SAME,EXPLICIT_OK,DIRECT
yield,EQ11104,184,ssa_media_grupo,diário,linha_grupo/L1_L3,VAR11180@L2,ssa_media,variable,diário,linha/L1_L7,m²/kg,2,1,False,SAME,EXPLICIT_OK,DIRECT
yield,EQ11104,184,ssa_media_grupo,diário,linha_grupo/L1_L3,VAR11180@L3,ssa_media,variable,diário,linha/L1_L7,m²/kg,2,1,False,SAME,EXPLICIT_OK,DIRECT
yield,EQ11105,185,ssa_media_grupo,diário,linha_grupo/L4_L5,VAR11180@L4,ssa_media,variable,diário,linha/L1_L7,m²/kg,2,1,False,SAME,EXPLICIT_OK,DIRECT
yield,EQ11105,185,ssa_media_grupo,diário,linha_grupo/L4_L5,VAR11180@L5,ssa_media,variable,diário,linha/L1_L7,m²/kg,2,1,False,SAME,EXPLICIT_OK,DIRECT
yield,EQ11106,186,ssa_media_grupo,diário,linha_grupo/L6_L7,VAR11180@L6,ssa_media,variable,diário,linha/L1_L7,m²/kg,2,1,False,SAME,EXPLICIT_OK,DIRECT
yield,EQ11106,186,ssa_media_grupo,diário,linha_grupo/L6_L7,VAR11180@L7,ssa_media,variable,diário,linha/L1_L7,m²/kg,2,1,False,SAME,EXPLICIT_OK,DIRECT
yield,EQ11107,187,ssa_media_total,diário,linha_grupo/L1_L7,VAR11180@L1,ssa_media,variable,diário,linha/L1_L7,m²/kg,2,1,False,SAME,EXPLICIT_OK,DIRECT
yield,EQ11107,187,ssa_media_total,diário,linha_grupo/L1_L7,VAR11105@L1,n_ppt,variable,diário,linha/L1_L7,-,2,1,False,SAME,EXPLICIT_OK,DIRECT
yield,EQ11107,187,ssa_media_total,diário,linha_grupo/L1_L7,VAR11180@L2,ssa_media,variable,diário,linha/L1_L7,m²/kg,2,1,False,SAME,EXPLICIT_OK,DIRECT
yield,EQ11107,187,ssa_media_total,diário,linha_grupo/L1_L7,VAR11105@L2,n_ppt,variable,diário,linha/L1_L7,-,2,1,False,SAME,EXPLICIT_OK,DIRECT
yield,EQ11107,187,ssa_media_total,diário,linha_grupo/L1_L7,VAR11180@L3,ssa_media,variable,diário,linha/L1_L7,m²/kg,2,1,False,SAME,EXPLICIT_OK,DIRECT
yield,EQ11107,187,ssa_media_total,diário,linha_grupo/L1_L7,VAR11105@L3,n_ppt,variable,diário,linha/L1_L7,-,2,1,False,SAME,EXPLICIT_OK,DIRECT
yield,EQ11107,187,ssa_media_total,diário,linha_grupo/L1_L7,VAR11180@L4,ssa_media,variable,diário,linha/L1_L7,m²/kg,2,1,False,SAME,EXPLICIT_OK,DIRECT
yield,EQ11107,187,ssa_media_total,diário,linha_grupo/L1_L7,VAR11105@L4,n_ppt,variable,diário,linha/L1_L7,-,2,1,False,SAME,EXPLICIT_OK,DIRECT
yield,EQ11107,187,ssa_media_total,diário,linha_grupo/L1_L7,VAR11180@L5,ssa_media,variable,diário,linha/L1_L7,m²/kg,2,1,False,SAME,EXPLICIT_OK,DIRECT
yield,EQ11107,187,ssa_media_total,diário,linha_grupo/L1_L7,VAR11105@L5,n_ppt,variable,diário,linha/L1_L7,-,2,1,False,SAME,EXPLICIT_OK,DIRECT
yield,EQ11107,187,ssa_media_total,diário,linha_grupo/L1_L7,VAR11180@L6,ssa_media,variable,diário,linha/L1_L7,m²/kg,2,1,False,SAME,EXPLICIT_OK,DIRECT
yield,EQ11107,187,ssa_media_total,diário,linha_grupo/L1_L7,VAR11105@L6,n_ppt,variable,diário,linha/L1_L7,-,2,1,False,SAME,EXPLICIT_OK,DIRECT
yield,EQ11107,187,ssa_media_total,diário,linha_grupo/L1_L7,VAR11180@L7,ssa_media,variable,diário,linha/L1_L7,m²/kg,2,1,False,SAME,EXPLICIT_OK,DIRECT
yield,EQ11107,187,ssa_media_total,diário,linha_grupo/L1_L7,VAR11105@L7,n_ppt,variable,diário,linha/L1_L7,-,2,1,False,SAME,EXPLICIT_OK,DIRECT
yield,EQ11107,187,ssa_media_total,diário,linha_grupo/L1_L7,VAR11105@L1,n_ppt,variable,diário,linha/L1_L7,-,2,1,False,SAME,EXPLICIT_OK,DIRECT
yield,EQ11107,187,ssa_media_total,diário,linha_grupo/L1_L7,VAR11105@L2,n_ppt,variable,diário,linha/L1_L7,-,2,1,False,SAME,EXPLICIT_OK,DIRECT
yield,EQ11107,187,ssa_media_total,diário,linha_grupo/L1_L7,VAR11105@L3,n_ppt,variable,diário,linha/L1_L7,-,2,1,False,SAME,EXPLICIT_OK,DIRECT
yield,EQ11107,187,ssa_media_total,diário,linha_grupo/L1_L7,VAR11105@L4,n_ppt,variable,diário,linha/L1_L7,-,2,1,False,SAME,EXPLICIT_OK,DIRECT
yield,EQ11107,187,ssa_media_total,diário,linha_grupo/L1_L7,VAR11105@L5,n_ppt,variable,diário,linha/L1_L7,-,2,1,False,SAME,EXPLICIT_OK,DIRECT
yield,EQ11107,187,ssa_media_total,diário,linha_grupo/L1_L7,VAR11105@L6,n_ppt,variable,diário,linha/L1_L7,-,2,1,False,SAME,EXPLICIT_OK,DIRECT
yield,EQ11107,187,ssa_media_total,diário,linha_grupo/L1_L7,VAR11105@L7,n_ppt,variable,diário,linha/L1_L7,-,2,1,False,SAME,EXPLICIT_OK,DIRECT
yield,EQ11108,192,ssa_media_base,anual,linha/L1_L7,VAR11205,ssa_sf_base,variable,anual,linha/L1_L7,m²/kg,1,1,False,SAME,OWN_SCOPE,DIRECT
yield,EQ11108,192,ssa_media_base,anual,linha/L1_L7,VAR11220,ssa_sg_base,variable,anual,linha/L1_L7,m²/kg,1,1,False,SAME,OWN_SCOPE,DIRECT
yield,EQ11109,193,ssa_media_base_grupo,anual,linha_grupo/L1_L3,VAR11190@L1,ssa_media_base,variable,anual,linha/L1_L7,m²/kg,1,1,False,SAME,EXPLICIT_OK,DIRECT
yield,EQ11109,193,ssa_media_base_grupo,anual,linha_grupo/L1_L3,VAR11190@L2,ssa_media_base,variable,anual,linha/L1_L7,m²/kg,1,1,False,SAME,EXPLICIT_OK,DIRECT
yield,EQ11109,193,ssa_media_base_grupo,anual,linha_grupo/L1_L3,VAR11190@L3,ssa_media_base,variable,anual,linha/L1_L7,m²/kg,1,1,False,SAME,EXPLICIT_OK,DIRECT
yield,EQ11110,194,ssa_media_base_grupo,anual,linha_grupo/L4_L5,VAR11190@L4,ssa_media_base,variable,anual,linha/L1_L7,m²/kg,1,1,False,SAME,EXPLICIT_OK,DIRECT
yield,EQ11110,194,ssa_media_base_grupo,anual,linha_grupo/L4_L5,VAR11190@L5,ssa_media_base,variable,anual,linha/L1_L7,m²/kg,1,1,False,SAME,EXPLICIT_OK,DIRECT
yield,EQ11111,195,ssa_media_base_grupo,anual,linha_grupo/L6_L7,VAR11190@L6,ssa_media_base,variable,anual,linha/L1_L7,m²/kg,1,1,False,SAME,EXPLICIT_OK,DIRECT
yield,EQ11111,195,ssa_media_base_grupo,anual,linha_grupo/L6_L7,VAR11190@L7,ssa_media_base,variable,anual,linha/L1_L7,m²/kg,1,1,False,SAME,EXPLICIT_OK,DIRECT
yield,EQ11112,196,ssa_media_base_total,anual,linha_grupo/L1_L7,VAR11190@L1,ssa_media_base,variable,anual,linha/L1_L7,m²/kg,1,1,False,SAME,EXPLICIT_OK,DIRECT
yield,EQ11112,196,ssa_media_base_total,anual,linha_grupo/L1_L7,VAR11115@L1,n_ppt_base,variable,anual,linha/L1_L7,-,1,1,False,SAME,EXPLICIT_OK,DIRECT
yield,EQ11112,196,ssa_media_base_total,anual,linha_grupo/L1_L7,VAR11190@L2,ssa_media_base,variable,anual,linha/L1_L7,m²/kg,1,1,False,SAME,EXPLICIT_OK,DIRECT
yield,EQ11112,196,ssa_media_base_total,anual,linha_grupo/L1_L7,VAR11115@L2,n_ppt_base,variable,anual,linha/L1_L7,-,1,1,False,SAME,EXPLICIT_OK,DIRECT
yield,EQ11112,196,ssa_media_base_total,anual,linha_grupo/L1_L7,VAR11190@L3,ssa_media_base,variable,anual,linha/L1_L7,m²/kg,1,1,False,SAME,EXPLICIT_OK,DIRECT
yield,EQ11112,196,ssa_media_base_total,anual,linha_grupo/L1_L7,VAR11115@L3,n_ppt_base,variable,anual,linha/L1_L7,-,1,1,False,SAME,EXPLICIT_OK,DIRECT
yield,EQ11112,196,ssa_media_base_total,anual,linha_grupo/L1_L7,VAR11190@L4,ssa_media_base,variable,anual,linha/L1_L7,m²/kg,1,1,False,SAME,EXPLICIT_OK,DIRECT
yield,EQ11112,196,ssa_media_base_total,anual,linha_grupo/L1_L7,VAR11115@L4,n_ppt_base,variable,anual,linha/L1_L7,-,1,1,False,SAME,EXPLICIT_OK,DIRECT
yield,EQ11112,196,ssa_media_base_total,anual,linha_grupo/L1_L7,VAR11190@L5,ssa_media_base,variable,anual,linha/L1_L7,m²/kg,1,1,False,SAME,EXPLICIT_OK,DIRECT
yield,EQ11112,196,ssa_media_base_total,anual,linha_grupo/L1_L7,VAR11115@L5,n_ppt_base,variable,anual,linha/L1_L7,-,1,1,False,SAME,EXPLICIT_OK,DIRECT
yield,EQ11112,196,ssa_media_base_total,anual,linha_grupo/L1_L7,VAR11190@L6,ssa_media_base,variable,anual,linha/L1_L7,m²/kg,1,1,False,SAME,EXPLICIT_OK,DIRECT
yield,EQ11112,196,ssa_media_base_total,anual,linha_grupo/L1_L7,VAR11115@L6,n_ppt_base,variable,anual,linha/L1_L7,-,1,1,False,SAME,EXPLICIT_OK,DIRECT
yield,EQ11112,196,ssa_media_base_total,anual,linha_grupo/L1_L7,VAR11190@L7,ssa_media_base,variable,anual,linha/L1_L7,m²/kg,1,1,False,SAME,EXPLICIT_OK,DIRECT
yield,EQ11112,196,ssa_media_base_total,anual,linha_grupo/L1_L7,VAR11115@L7,n_ppt_base,variable,anual,linha/L1_L7,-,1,1,False,SAME,EXPLICIT_OK,DIRECT
yield,EQ11112,196,ssa_media_base_total,anual,linha_grupo/L1_L7,VAR11115@L1,n_ppt_base,variable,anual,linha/L1_L7,-,1,1,False,SAME,EXPLICIT_OK,DIRECT
yield,EQ11112,196,ssa_media_base_total,anual,linha_grupo/L1_L7,VAR11115@L2,n_ppt_base,variable,anual,linha/L1_L7,-,1,1,False,SAME,EXPLICIT_OK,DIRECT
yield,EQ11112,196,ssa_media_base_total,anual,linha_grupo/L1_L7,VAR11115@L3,n_ppt_base,variable,anual,linha/L1_L7,-,1,1,False,SAME,EXPLICIT_OK,DIRECT
yield,EQ11112,196,ssa_media_base_total,anual,linha_grupo/L1_L7,VAR11115@L4,n_ppt_base,variable,anual,linha/L1_L7,-,1,1,False,SAME,EXPLICIT_OK,DIRECT
yield,EQ11112,196,ssa_media_base_total,anual,linha_grupo/L1_L7,VAR11115@L5,n_ppt_base,variable,anual,linha/L1_L7,-,1,1,False,SAME,EXPLICIT_OK,DIRECT
yield,EQ11112,196,ssa_media_base_total,anual,linha_grupo/L1_L7,VAR11115@L6,n_ppt_base,variable,anual,linha/L1_L7,-,1,1,False,SAME,EXPLICIT_OK,DIRECT
yield,EQ11112,196,ssa_media_base_total,anual,linha_grupo/L1_L7,VAR11115@L7,n_ppt_base,variable,anual,linha/L1_L7,-,1,1,False,SAME,EXPLICIT_OK,DIRECT
yield,EQ11113,199,ssa_sf_grupo,diário,linha_grupo/L1_L3,VAR11195@L1,ssa_sf,variable,diário,linha/L1_L7,m²/kg,2,1,False,SAME,EXPLICIT_OK,DIRECT
yield,EQ11113,199,ssa_sf_grupo,diário,linha_grupo/L1_L3,VAR11195@L2,ssa_sf,variable,diário,linha/L1_L7,m²/kg,2,1,False,SAME,EXPLICIT_OK,DIRECT
yield,EQ11113,199,ssa_sf_grupo,diário,linha_grupo/L1_L3,VAR11195@L3,ssa_sf,variable,diário,linha/L1_L7,m²/kg,2,1,False,SAME,EXPLICIT_OK,DIRECT
yield,EQ11114,200,ssa_sf_grupo,diário,linha_grupo/L4_L5,VAR11195@L4,ssa_sf,variable,diário,linha/L1_L7,m²/kg,2,1,False,SAME,EXPLICIT_OK,DIRECT
yield,EQ11114,200,ssa_sf_grupo,diário,linha_grupo/L4_L5,VAR11195@L5,ssa_sf,variable,diário,linha/L1_L7,m²/kg,2,1,False,SAME,EXPLICIT_OK,DIRECT
yield,EQ11115,201,ssa_sf_grupo,diário,linha_grupo/L6_L7,VAR11195@L6,ssa_sf,variable,diário,linha/L1_L7,m²/kg,2,1,False,SAME,EXPLICIT_OK,DIRECT
yield,EQ11115,201,ssa_sf_grupo,diário,linha_grupo/L6_L7,VAR11195@L7,ssa_sf,variable,diário,linha/L1_L7,m²/kg,2,1,False,SAME,EXPLICIT_OK,DIRECT
yield,EQ11116,202,ssa_sf_total,diário,linha_grupo/L1_L7,VAR11195@L1,ssa_sf,variable,diário,linha/L1_L7,m²/kg,2,1,False,SAME,EXPLICIT_OK,DIRECT
yield,EQ11116,202,ssa_sf_total,diário,linha_grupo/L1_L7,VAR11210@L1,ssa_sg,variable,diário,linha/L1_L7,m²/kg,2,1,False,SAME,EXPLICIT_OK,DIRECT
yield,EQ11116,202,ssa_sf_total,diário,linha_grupo/L1_L7,VAR11195@L2,ssa_sf,variable,diário,linha/L1_L7,m²/kg,2,1,False,SAME,EXPLICIT_OK,DIRECT
yield,EQ11116,202,ssa_sf_total,diário,linha_grupo/L1_L7,VAR11210@L2,ssa_sg,variable,diário,linha/L1_L7,m²/kg,2,1,False,SAME,EXPLICIT_OK,DIRECT
yield,EQ11116,202,ssa_sf_total,diário,linha_grupo/L1_L7,VAR11195@L3,ssa_sf,variable,diário,linha/L1_L7,m²/kg,2,1,False,SAME,EXPLICIT_OK,DIRECT
yield,EQ11116,202,ssa_sf_total,diário,linha_grupo/L1_L7,VAR11210@L3,ssa_sg,variable,diário,linha/L1_L7,m²/kg,2,1,False,SAME,EXPLICIT_OK,DIRECT
yield,EQ11116,202,ssa_sf_total,diário,linha_grupo/L1_L7,VAR11195@L4,ssa_sf,variable,diário,linha/L1_L7,m²/kg,2,1,False,SAME,EXPLICIT_OK,DIRECT
yield,EQ11116,202,ssa_sf_total,diário,linha_grupo/L1_L7,VAR11210@L4,ssa_sg,variable,diário,linha/L1_L7,m²/kg,2,1,False,SAME,EXPLICIT_OK,DIRECT
yield,EQ11116,202,ssa_sf_total,diário,linha_grupo/L1_L7,VAR11195@L5,ssa_sf,variable,diário,linha/L1_L7,m²/kg,2,1,False,SAME,EXPLICIT_OK,DIRECT
yield,EQ11116,202,ssa_sf_total,diário,linha_grupo/L1_L7,VAR11210@L5,ssa_sg,variable,diário,linha/L1_L7,m²/kg,2,1,False,SAME,EXPLICIT_OK,DIRECT
yield,EQ11116,202,ssa_sf_total,diário,linha_grupo/L1_L7,VAR11195@L6,ssa_sf,variable,diário,linha/L1_L7,m²/kg,2,1,False,SAME,EXPLICIT_OK,DIRECT
yield,EQ11116,202,ssa_sf_total,diário,linha_grupo/L1_L7,VAR11210@L6,ssa_sg,variable,diário,linha/L1_L7,m²/kg,2,1,False,SAME,EXPLICIT_OK,DIRECT
yield,EQ11116,202,ssa_sf_total,diário,linha_grupo/L1_L7,VAR11195@L7,ssa_sf,variable,diário,linha/L1_L7,m²/kg,2,1,False,SAME,EXPLICIT_OK,DIRECT
yield,EQ11116,202,ssa_sf_total,diário,linha_grupo/L1_L7,VAR11210@L7,ssa_sg,variable,diário,linha/L1_L7,m²/kg,2,1,False,SAME,EXPLICIT_OK,DIRECT
yield,EQ11116,202,ssa_sf_total,diário,linha_grupo/L1_L7,VAR11210@L1,ssa_sg,variable,diário,linha/L1_L7,m²/kg,2,1,False,SAME,EXPLICIT_OK,DIRECT
yield,EQ11116,202,ssa_sf_total,diário,linha_grupo/L1_L7,VAR11210@L2,ssa_sg,variable,diário,linha/L1_L7,m²/kg,2,1,False,SAME,EXPLICIT_OK,DIRECT
yield,EQ11116,202,ssa_sf_total,diário,linha_grupo/L1_L7,VAR11210@L3,ssa_sg,variable,diário,linha/L1_L7,m²/kg,2,1,False,SAME,EXPLICIT_OK,DIRECT
yield,EQ11116,202,ssa_sf_total,diário,linha_grupo/L1_L7,VAR11210@L4,ssa_sg,variable,diário,linha/L1_L7,m²/kg,2,1,False,SAME,EXPLICIT_OK,DIRECT
yield,EQ11116,202,ssa_sf_total,diário,linha_grupo/L1_L7,VAR11210@L5,ssa_sg,variable,diário,linha/L1_L7,m²/kg,2,1,False,SAME,EXPLICIT_OK,DIRECT
yield,EQ11116,202,ssa_sf_total,diário,linha_grupo/L1_L7,VAR11210@L6,ssa_sg,variable,diário,linha/L1_L7,m²/kg,2,1,False,SAME,EXPLICIT_OK,DIRECT
yield,EQ11116,202,ssa_sf_total,diário,linha_grupo/L1_L7,VAR11210@L7,ssa_sg,variable,diário,linha/L1_L7,m²/kg,2,1,False,SAME,EXPLICIT_OK,DIRECT
yield,EQ11117,208,ssa_sf_base_grupo,anual,linha_grupo/L1_L3,VAR11205@L1,ssa_sf_base,variable,anual,linha/L1_L7,m²/kg,1,1,False,SAME,EXPLICIT_OK,DIRECT
yield,EQ11117,208,ssa_sf_base_grupo,anual,linha_grupo/L1_L3,VAR11205@L2,ssa_sf_base,variable,anual,linha/L1_L7,m²/kg,1,1,False,SAME,EXPLICIT_OK,DIRECT
yield,EQ11117,208,ssa_sf_base_grupo,anual,linha_grupo/L1_L3,VAR11205@L3,ssa_sf_base,variable,anual,linha/L1_L7,m²/kg,1,1,False,SAME,EXPLICIT_OK,DIRECT
yield,EQ11118,209,ssa_sf_base_grupo,anual,linha_grupo/L4_L5,VAR11205@L4,ssa_sf_base,variable,anual,linha/L1_L7,m²/kg,1,1,False,SAME,EXPLICIT_OK,DIRECT
yield,EQ11118,209,ssa_sf_base_grupo,anual,linha_grupo/L4_L5,VAR11205@L5,ssa_sf_base,variable,anual,linha/L1_L7,m²/kg,1,1,False,SAME,EXPLICIT_OK,DIRECT
yield,EQ11119,210,ssa_sf_base_grupo,anual,linha_grupo/L6_L7,VAR11205@L6,ssa_sf_base,variable,anual,linha/L1_L7,m²/kg,1,1,False,SAME,EXPLICIT_OK,DIRECT
yield,EQ11119,210,ssa_sf_base_grupo,anual,linha_grupo/L6_L7,VAR11205@L7,ssa_sf_base,variable,anual,linha/L1_L7,m²/kg,1,1,False,SAME,EXPLICIT_OK,DIRECT
yield,EQ11120,211,ssa_sf_base_total,anual,linha_grupo/L1_L7,VAR11205@L1,ssa_sf_base,variable,anual,linha/L1_L7,m²/kg,1,1,False,SAME,EXPLICIT_OK,DIRECT
yield,EQ11120,211,ssa_sf_base_total,anual,linha_grupo/L1_L7,VAR11220@L1,ssa_sg_base,variable,anual,linha/L1_L7,m²/kg,1,1,False,SAME,EXPLICIT_OK,DIRECT
yield,EQ11120,211,ssa_sf_base_total,anual,linha_grupo/L1_L7,VAR11205@L2,ssa_sf_base,variable,anual,linha/L1_L7,m²/kg,1,1,False,SAME,EXPLICIT_OK,DIRECT
yield,EQ11120,211,ssa_sf_base_total,anual,linha_grupo/L1_L7,VAR11220@L2,ssa_sg_base,variable,anual,linha/L1_L7,m²/kg,1,1,False,SAME,EXPLICIT_OK,DIRECT
yield,EQ11120,211,ssa_sf_base_total,anual,linha_grupo/L1_L7,VAR11205@L3,ssa_sf_base,variable,anual,linha/L1_L7,m²/kg,1,1,False,SAME,EXPLICIT_OK,DIRECT
yield,EQ11120,211,ssa_sf_base_total,anual,linha_grupo/L1_L7,VAR11220@L3,ssa_sg_base,variable,anual,linha/L1_L7,m²/kg,1,1,False,SAME,EXPLICIT_OK,DIRECT
yield,EQ11120,211,ssa_sf_base_total,anual,linha_grupo/L1_L7,VAR11205@L4,ssa_sf_base,variable,anual,linha/L1_L7,m²/kg,1,1,False,SAME,EXPLICIT_OK,DIRECT
yield,EQ11120,211,ssa_sf_base_total,anual,linha_grupo/L1_L7,VAR11220@L4,ssa_sg_base,variable,anual,linha/L1_L7,m²/kg,1,1,False,SAME,EXPLICIT_OK,DIRECT
yield,EQ11120,211,ssa_sf_base_total,anual,linha_grupo/L1_L7,VAR11205@L5,ssa_sf_base,variable,anual,linha/L1_L7,m²/kg,1,1,False,SAME,EXPLICIT_OK,DIRECT
yield,EQ11120,211,ssa_sf_base_total,anual,linha_grupo/L1_L7,VAR11220@L5,ssa_sg_base,variable,anual,linha/L1_L7,m²/kg,1,1,False,SAME,EXPLICIT_OK,DIRECT
yield,EQ11120,211,ssa_sf_base_total,anual,linha_grupo/L1_L7,VAR11205@L6,ssa_sf_base,variable,anual,linha/L1_L7,m²/kg,1,1,False,SAME,EXPLICIT_OK,DIRECT
yield,EQ11120,211,ssa_sf_base_total,anual,linha_grupo/L1_L7,VAR11220@L6,ssa_sg_base,variable,anual,linha/L1_L7,m²/kg,1,1,False,SAME,EXPLICIT_OK,DIRECT
yield,EQ11120,211,ssa_sf_base_total,anual,linha_grupo/L1_L7,VAR11205@L7,ssa_sf_base,variable,anual,linha/L1_L7,m²/kg,1,1,False,SAME,EXPLICIT_OK,DIRECT
yield,EQ11120,211,ssa_sf_base_total,anual,linha_grupo/L1_L7,VAR11220@L7,ssa_sg_base,variable,anual,linha/L1_L7,m²/kg,1,1,False,SAME,EXPLICIT_OK,DIRECT
yield,EQ11120,211,ssa_sf_base_total,anual,linha_grupo/L1_L7,VAR11220@L1,ssa_sg_base,variable,anual,linha/L1_L7,m²/kg,1,1,False,SAME,EXPLICIT_OK,DIRECT
yield,EQ11120,211,ssa_sf_base_total,anual,linha_grupo/L1_L7,VAR11220@L2,ssa_sg_base,variable,anual,linha/L1_L7,m²/kg,1,1,False,SAME,EXPLICIT_OK,DIRECT
yield,EQ11120,211,ssa_sf_base_total,anual,linha_grupo/L1_L7,VAR11220@L3,ssa_sg_base,variable,anual,linha/L1_L7,m²/kg,1,1,False,SAME,EXPLICIT_OK,DIRECT
yield,EQ11120,211,ssa_sf_base_total,anual,linha_grupo/L1_L7,VAR11220@L4,ssa_sg_base,variable,anual,linha/L1_L7,m²/kg,1,1,False,SAME,EXPLICIT_OK,DIRECT
yield,EQ11120,211,ssa_sf_base_total,anual,linha_grupo/L1_L7,VAR11220@L5,ssa_sg_base,variable,anual,linha/L1_L7,m²/kg,1,1,False,SAME,EXPLICIT_OK,DIRECT
yield,EQ11120,211,ssa_sf_base_total,anual,linha_grupo/L1_L7,VAR11220@L6,ssa_sg_base,variable,anual,linha/L1_L7,m²/kg,1,1,False,SAME,EXPLICIT_OK,DIRECT
yield,EQ11120,211,ssa_sf_base_total,anual,linha_grupo/L1_L7,VAR11220@L7,ssa_sg_base,variable,anual,linha/L1_L7,m²/kg,1,1,False,SAME,EXPLICIT_OK,DIRECT
yield,EQ11121,214,ssa_sg_grupo,diário,linha_grupo/L1_L3,VAR11210@L1,ssa_sg,variable,diário,linha/L1_L7,m²/kg,2,1,False,SAME,EXPLICIT_OK,DIRECT
yield,EQ11121,214,ssa_sg_grupo,diário,linha_grupo/L1_L3,VAR11210@L2,ssa_sg,variable,diário,linha/L1_L7,m²/kg,2,1,False,SAME,EXPLICIT_OK,DIRECT
yield,EQ11121,214,ssa_sg_grupo,diário,linha_grupo/L1_L3,VAR11210@L3,ssa_sg,variable,diário,linha/L1_L7,m²/kg,2,1,False,SAME,EXPLICIT_OK,DIRECT
yield,EQ11122,215,ssa_sg_grupo,diário,linha_grupo/L4_L5,VAR11210@L4,ssa_sg,variable,diário,linha/L1_L7,m²/kg,2,1,False,SAME,EXPLICIT_OK,DIRECT
yield,EQ11122,215,ssa_sg_grupo,diário,linha_grupo/L4_L5,VAR11210@L5,ssa_sg,variable,diário,linha/L1_L7,m²/kg,2,1,False,SAME,EXPLICIT_OK,DIRECT
yield,EQ11123,216,ssa_sg_grupo,diário,linha_grupo/L6_L7,VAR11210@L6,ssa_sg,variable,diário,linha/L1_L7,m²/kg,2,1,False,SAME,EXPLICIT_OK,DIRECT
yield,EQ11123,216,ssa_sg_grupo,diário,linha_grupo/L6_L7,VAR11210@L7,ssa_sg,variable,diário,linha/L1_L7,m²/kg,2,1,False,SAME,EXPLICIT_OK,DIRECT
yield,EQ11124,217,ssa_sg_total,diário,linha_grupo/L1_L7,VAR11210@L1,ssa_sg,variable,diário,linha/L1_L7,m²/kg,2,1,False,SAME,EXPLICIT_OK,DIRECT
yield,EQ11124,217,ssa_sg_total,diário,linha_grupo/L1_L7,VAR11180@L1,ssa_media,variable,diário,linha/L1_L7,m²/kg,2,1,False,SAME,EXPLICIT_OK,DIRECT
yield,EQ11124,217,ssa_sg_total,diário,linha_grupo/L1_L7,VAR11210@L2,ssa_sg,variable,diário,linha/L1_L7,m²/kg,2,1,False,SAME,EXPLICIT_OK,DIRECT
yield,EQ11124,217,ssa_sg_total,diário,linha_grupo/L1_L7,VAR11180@L2,ssa_media,variable,diário,linha/L1_L7,m²/kg,2,1,False,SAME,EXPLICIT_OK,DIRECT
yield,EQ11124,217,ssa_sg_total,diário,linha_grupo/L1_L7,VAR11210@L3,ssa_sg,variable,diário,linha/L1_L7,m²/kg,2,1,False,SAME,EXPLICIT_OK,DIRECT
yield,EQ11124,217,ssa_sg_total,diário,linha_grupo/L1_L7,VAR11180@L3,ssa_media,variable,diário,linha/L1_L7,m²/kg,2,1,False,SAME,EXPLICIT_OK,DIRECT
yield,EQ11124,217,ssa_sg_total,diário,linha_grupo/L1_L7,VAR11210@L4,ssa_sg,variable,diário,linha/L1_L7,m²/kg,2,1,False,SAME,EXPLICIT_OK,DIRECT
yield,EQ11124,217,ssa_sg_total,diário,linha_grupo/L1_L7,VAR11180@L4,ssa_media,variable,diário,linha/L1_L7,m²/kg,2,1,False,SAME,EXPLICIT_OK,DIRECT
yield,EQ11124,217,ssa_sg_total,diário,linha_grupo/L1_L7,VAR11210@L5,ssa_sg,variable,diário,linha/L1_L7,m²/kg,2,1,False,SAME,EXPLICIT_OK,DIRECT
yield,EQ11124,217,ssa_sg_total,diário,linha_grupo/L1_L7,VAR11180@L5,ssa_media,variable,diário,linha/L1_L7,m²/kg,2,1,False,SAME,EXPLICIT_OK,DIRECT
yield,EQ11124,217,ssa_sg_total,diário,linha_grupo/L1_L7,VAR11210@L6,ssa_sg,variable,diário,linha/L1_L7,m²/kg,2,1,False,SAME,EXPLICIT_OK,DIRECT
yield,EQ11124,217,ssa_sg_total,diário,linha_grupo/L1_L7,VAR11180@L6,ssa_media,variable,diário,linha/L1_L7,m²/kg,2,1,False,SAME,EXPLICIT_OK,DIRECT
yield,EQ11124,217,ssa_sg_total,diário,linha_grupo/L1_L7,VAR11210@L7,ssa_sg,variable,diário,linha/L1_L7,m²/kg,2,1,False,SAME,EXPLICIT_OK,DIRECT
yield,EQ11124,217,ssa_sg_total,diário,linha_grupo/L1_L7,VAR11180@L7,ssa_media,variable,diário,linha/L1_L7,m²/kg,2,1,False,SAME,EXPLICIT_OK,DIRECT
yield,EQ11124,217,ssa_sg_total,diário,linha_grupo/L1_L7,VAR11180@L1,ssa_media,variable,diário,linha/L1_L7,m²/kg,2,1,False,SAME,EXPLICIT_OK,DIRECT
yield,EQ11124,217,ssa_sg_total,diário,linha_grupo/L1_L7,VAR11180@L2,ssa_media,variable,diário,linha/L1_L7,m²/kg,2,1,False,SAME,EXPLICIT_OK,DIRECT
yield,EQ11124,217,ssa_sg_total,diário,linha_grupo/L1_L7,VAR11180@L3,ssa_media,variable,diário,linha/L1_L7,m²/kg,2,1,False,SAME,EXPLICIT_OK,DIRECT
yield,EQ11124,217,ssa_sg_total,diário,linha_grupo/L1_L7,VAR11180@L4,ssa_media,variable,diário,linha/L1_L7,m²/kg,2,1,False,SAME,EXPLICIT_OK,DIRECT
yield,EQ11124,217,ssa_sg_total,diário,linha_grupo/L1_L7,VAR11180@L5,ssa_media,variable,diário,linha/L1_L7,m²/kg,2,1,False,SAME,EXPLICIT_OK,DIRECT
yield,EQ11124,217,ssa_sg_total,diário,linha_grupo/L1_L7,VAR11180@L6,ssa_media,variable,diário,linha/L1_L7,m²/kg,2,1,False,SAME,EXPLICIT_OK,DIRECT
yield,EQ11124,217,ssa_sg_total,diário,linha_grupo/L1_L7,VAR11180@L7,ssa_media,variable,diário,linha/L1_L7,m²/kg,2,1,False,SAME,EXPLICIT_OK,DIRECT
yield,EQ11125,223,ssa_sg_base_grupo,anual,linha_grupo/L1_L3,VAR11220@L1,ssa_sg_base,variable,anual,linha/L1_L7,m²/kg,1,1,False,SAME,EXPLICIT_OK,DIRECT
yield,EQ11125,223,ssa_sg_base_grupo,anual,linha_grupo/L1_L3,VAR11220@L2,ssa_sg_base,variable,anual,linha/L1_L7,m²/kg,1,1,False,SAME,EXPLICIT_OK,DIRECT
yield,EQ11125,223,ssa_sg_base_grupo,anual,linha_grupo/L1_L3,VAR11220@L3,ssa_sg_base,variable,anual,linha/L1_L7,m²/kg,1,1,False,SAME,EXPLICIT_OK,DIRECT
yield,EQ11126,224,ssa_sg_base_grupo,anual,linha_grupo/L4_L5,VAR11220@L4,ssa_sg_base,variable,anual,linha/L1_L7,m²/kg,1,1,False,SAME,EXPLICIT_OK,DIRECT
yield,EQ11126,224,ssa_sg_base_grupo,anual,linha_grupo/L4_L5,VAR11220@L5,ssa_sg_base,variable,anual,linha/L1_L7,m²/kg,1,1,False,SAME,EXPLICIT_OK,DIRECT
yield,EQ11127,225,ssa_sg_base_grupo,anual,linha_grupo/L6_L7,VAR11220@L6,ssa_sg_base,variable,anual,linha/L1_L7,m²/kg,1,1,False,SAME,EXPLICIT_OK,DIRECT
yield,EQ11127,225,ssa_sg_base_grupo,anual,linha_grupo/L6_L7,VAR11220@L7,ssa_sg_base,variable,anual,linha/L1_L7,m²/kg,1,1,False,SAME,EXPLICIT_OK,DIRECT
yield,EQ11128,226,ssa_sg_base_total,anual,linha_grupo/L1_L7,VAR11220@L1,ssa_sg_base,variable,anual,linha/L1_L7,m²/kg,1,1,False,SAME,EXPLICIT_OK,DIRECT
yield,EQ11128,226,ssa_sg_base_total,anual,linha_grupo/L1_L7,VAR11190@L1,ssa_media_base,variable,anual,linha/L1_L7,m²/kg,1,1,False,SAME,EXPLICIT_OK,DIRECT
yield,EQ11128,226,ssa_sg_base_total,anual,linha_grupo/L1_L7,VAR11220@L2,ssa_sg_base,variable,anual,linha/L1_L7,m²/kg,1,1,False,SAME,EXPLICIT_OK,DIRECT
yield,EQ11128,226,ssa_sg_base_total,anual,linha_grupo/L1_L7,VAR11190@L2,ssa_media_base,variable,anual,linha/L1_L7,m²/kg,1,1,False,SAME,EXPLICIT_OK,DIRECT
yield,EQ11128,226,ssa_sg_base_total,anual,linha_grupo/L1_L7,VAR11220@L3,ssa_sg_base,variable,anual,linha/L1_L7,m²/kg,1,1,False,SAME,EXPLICIT_OK,DIRECT
yield,EQ11128,226,ssa_sg_base_total,anual,linha_grupo/L1_L7,VAR11190@L3,ssa_media_base,variable,anual,linha/L1_L7,m²/kg,1,1,False,SAME,EXPLICIT_OK,DIRECT
yield,EQ11128,226,ssa_sg_base_total,anual,linha_grupo/L1_L7,VAR11220@L4,ssa_sg_base,variable,anual,linha/L1_L7,m²/kg,1,1,False,SAME,EXPLICIT_OK,DIRECT
yield,EQ11128,226,ssa_sg_base_total,anual,linha_grupo/L1_L7,VAR11190@L4,ssa_media_base,variable,anual,linha/L1_L7,m²/kg,1,1,False,SAME,EXPLICIT_OK,DIRECT
yield,EQ11128,226,ssa_sg_base_total,anual,linha_grupo/L1_L7,VAR11220@L5,ssa_sg_base,variable,anual,linha/L1_L7,m²/kg,1,1,False,SAME,EXPLICIT_OK,DIRECT
yield,EQ11128,226,ssa_sg_base_total,anual,linha_grupo/L1_L7,VAR11190@L5,ssa_media_base,variable,anual,linha/L1_L7,m²/kg,1,1,False,SAME,EXPLICIT_OK,DIRECT
yield,EQ11128,226,ssa_sg_base_total,anual,linha_grupo/L1_L7,VAR11220@L6,ssa_sg_base,variable,anual,linha/L1_L7,m²/kg,1,1,False,SAME,EXPLICIT_OK,DIRECT
yield,EQ11128,226,ssa_sg_base_total,anual,linha_grupo/L1_L7,VAR11190@L6,ssa_media_base,variable,anual,linha/L1_L7,m²/kg,1,1,False,SAME,EXPLICIT_OK,DIRECT
yield,EQ11128,226,ssa_sg_base_total,anual,linha_grupo/L1_L7,VAR11220@L7,ssa_sg_base,variable,anual,linha/L1_L7,m²/kg,1,1,False,SAME,EXPLICIT_OK,DIRECT
yield,EQ11128,226,ssa_sg_base_total,anual,linha_grupo/L1_L7,VAR11190@L7,ssa_media_base,variable,anual,linha/L1_L7,m²/kg,1,1,False,SAME,EXPLICIT_OK,DIRECT
yield,EQ11128,226,ssa_sg_base_total,anual,linha_grupo/L1_L7,VAR11190@L1,ssa_media_base,variable,anual,linha/L1_L7,m²/kg,1,1,False,SAME,EXPLICIT_OK,DIRECT
yield,EQ11128,226,ssa_sg_base_total,anual,linha_grupo/L1_L7,VAR11190@L2,ssa_media_base,variable,anual,linha/L1_L7,m²/kg,1,1,False,SAME,EXPLICIT_OK,DIRECT
yield,EQ11128,226,ssa_sg_base_total,anual,linha_grupo/L1_L7,VAR11190@L3,ssa_media_base,variable,anual,linha/L1_L7,m²/kg,1,1,False,SAME,EXPLICIT_OK,DIRECT
yield,EQ11128,226,ssa_sg_base_total,anual,linha_grupo/L1_L7,VAR11190@L4,ssa_media_base,variable,anual,linha/L1_L7,m²/kg,1,1,False,SAME,EXPLICIT_OK,DIRECT
yield,EQ11128,226,ssa_sg_base_total,anual,linha_grupo/L1_L7,VAR11190@L5,ssa_media_base,variable,anual,linha/L1_L7,m²/kg,1,1,False,SAME,EXPLICIT_OK,DIRECT
yield,EQ11128,226,ssa_sg_base_total,anual,linha_grupo/L1_L7,VAR11190@L6,ssa_media_base,variable,anual,linha/L1_L7,m²/kg,1,1,False,SAME,EXPLICIT_OK,DIRECT
yield,EQ11128,226,ssa_sg_base_total,anual,linha_grupo/L1_L7,VAR11190@L7,ssa_media_base,variable,anual,linha/L1_L7,m²/kg,1,1,False,SAME,EXPLICIT_OK,DIRECT
yield,EQ11129,241,yield,diário,linha/L1_L7,VAR11056,ltp_a_c,variable,diário,linha/L1_L7,-,2,1,False,SAME,OWN_SCOPE,DIRECT
yield,EQ11129,241,yield,diário,linha/L1_L7,VAR11150,ratio_spent,variable,diário,linha/L1_L7,-,2,1,False,SAME,OWN_SCOPE,DIRECT
yield,EQ11129,241,yield,diário,linha/L1_L7,VAR11091,ltp_tc,variable,diário,linha/L1_L7,g/l,2,1,False,SAME,OWN_SCOPE,DIRECT
yield,EQ11129,241,yield,diário,linha/L1_L7,VAR11165,sl_solids,variable,diário,linha/L1_L7,g/l,2,1,False,SAME,OWN_SCOPE,DIRECT
yield,EQ11130,243,yield_grupo,diário,linha_grupo/L1_L3,VAR11226@L1,yield,variable,diário,linha/L1_L7,g/l,2,1,False,SAME,EXPLICIT_OK,DIRECT
yield,EQ11130,243,yield_grupo,diário,linha_grupo/L1_L3,VAR11046@L1,ltp,variable,diário,linha/L1_L7,m³/h,2,1,False,SAME,EXPLICIT_OK,DIRECT
yield,EQ11130,243,yield_grupo,diário,linha_grupo/L1_L3,VAR11226@L2,yield,variable,diário,linha/L1_L7,g/l,2,1,False,SAME,EXPLICIT_OK,DIRECT
yield,EQ11130,243,yield_grupo,diário,linha_grupo/L1_L3,VAR11046@L2,ltp,variable,diário,linha/L1_L7,m³/h,2,1,False,SAME,EXPLICIT_OK,DIRECT
yield,EQ11130,243,yield_grupo,diário,linha_grupo/L1_L3,VAR11226@L3,yield,variable,diário,linha/L1_L7,g/l,2,1,False,SAME,EXPLICIT_OK,DIRECT
yield,EQ11130,243,yield_grupo,diário,linha_grupo/L1_L3,VAR11046@L3,ltp,variable,diário,linha/L1_L7,m³/h,2,1,False,SAME,EXPLICIT_OK,DIRECT
yield,EQ11130,243,yield_grupo,diário,linha_grupo/L1_L3,VAR11046@L1,ltp,variable,diário,linha/L1_L7,m³/h,2,1,False,SAME,EXPLICIT_OK,DIRECT
yield,EQ11130,243,yield_grupo,diário,linha_grupo/L1_L3,VAR11046@L2,ltp,variable,diário,linha/L1_L7,m³/h,2,1,False,SAME,EXPLICIT_OK,DIRECT
yield,EQ11130,243,yield_grupo,diário,linha_grupo/L1_L3,VAR11046@L3,ltp,variable,diário,linha/L1_L7,m³/h,2,1,False,SAME,EXPLICIT_OK,DIRECT
yield,EQ11131,244,yield_grupo,diário,linha_grupo/L4_L5,VAR11226@L4,yield,variable,diário,linha/L1_L7,g/l,2,1,False,SAME,EXPLICIT_OK,DIRECT
yield,EQ11131,244,yield_grupo,diário,linha_grupo/L4_L5,VAR11046@L4,ltp,variable,diário,linha/L1_L7,m³/h,2,1,False,SAME,EXPLICIT_OK,DIRECT
yield,EQ11131,244,yield_grupo,diário,linha_grupo/L4_L5,VAR11226@L5,yield,variable,diário,linha/L1_L7,g/l,2,1,False,SAME,EXPLICIT_OK,DIRECT
yield,EQ11131,244,yield_grupo,diário,linha_grupo/L4_L5,VAR11046@L5,ltp,variable,diário,linha/L1_L7,m³/h,2,1,False,SAME,EXPLICIT_OK,DIRECT
yield,EQ11131,244,yield_grupo,diário,linha_grupo/L4_L5,VAR11046@L4,ltp,variable,diário,linha/L1_L7,m³/h,2,1,False,SAME,EXPLICIT_OK,DIRECT
yield,EQ11131,244,yield_grupo,diário,linha_grupo/L4_L5,VAR11046@L5,ltp,variable,diário,linha/L1_L7,m³/h,2,1,False,SAME,EXPLICIT_OK,DIRECT
yield,EQ11132,245,yield_grupo,diário,linha_grupo/L6_L7,VAR11226@L6,yield,variable,diário,linha/L1_L7,g/l,2,1,False,SAME,EXPLICIT_OK,DIRECT
yield,EQ11132,245,yield_grupo,diário,linha_grupo/L6_L7,VAR11046@L6,ltp,variable,diário,linha/L1_L7,m³/h,2,1,False,SAME,EXPLICIT_OK,DIRECT
yield,EQ11132,245,yield_grupo,diário,linha_grupo/L6_L7,VAR11226@L7,yield,variable,diário,linha/L1_L7,g/l,2,1,False,SAME,EXPLICIT_OK,DIRECT
yield,EQ11132,245,yield_grupo,diário,linha_grupo/L6_L7,VAR11046@L7,ltp,variable,diário,linha/L1_L7,m³/h,2,1,False,SAME,EXPLICIT_OK,DIRECT
yield,EQ11132,245,yield_grupo,diário,linha_grupo/L6_L7,VAR11046@L6,ltp,variable,diário,linha/L1_L7,m³/h,2,1,False,SAME,EXPLICIT_OK,DIRECT
yield,EQ11132,245,yield_grupo,diário,linha_grupo/L6_L7,VAR11046@L7,ltp,variable,diário,linha/L1_L7,m³/h,2,1,False,SAME,EXPLICIT_OK,DIRECT
yield,EQ11133,246,yield_total,diário,linha_grupo/L1_L7,VAR11226@L1,yield,variable,diário,linha/L1_L7,g/l,2,1,False,SAME,EXPLICIT_OK,DIRECT
yield,EQ11133,246,yield_total,diário,linha_grupo/L1_L7,VAR11046@L1,ltp,variable,diário,linha/L1_L7,m³/h,2,1,False,SAME,EXPLICIT_OK,DIRECT
yield,EQ11133,246,yield_total,diário,linha_grupo/L1_L7,VAR11226@L2,yield,variable,diário,linha/L1_L7,g/l,2,1,False,SAME,EXPLICIT_OK,DIRECT
yield,EQ11133,246,yield_total,diário,linha_grupo/L1_L7,VAR11046@L2,ltp,variable,diário,linha/L1_L7,m³/h,2,1,False,SAME,EXPLICIT_OK,DIRECT
yield,EQ11133,246,yield_total,diário,linha_grupo/L1_L7,VAR11226@L3,yield,variable,diário,linha/L1_L7,g/l,2,1,False,SAME,EXPLICIT_OK,DIRECT
yield,EQ11133,246,yield_total,diário,linha_grupo/L1_L7,VAR11046@L3,ltp,variable,diário,linha/L1_L7,m³/h,2,1,False,SAME,EXPLICIT_OK,DIRECT
yield,EQ11133,246,yield_total,diário,linha_grupo/L1_L7,VAR11226@L4,yield,variable,diário,linha/L1_L7,g/l,2,1,False,SAME,EXPLICIT_OK,DIRECT
yield,EQ11133,246,yield_total,diário,linha_grupo/L1_L7,VAR11046@L4,ltp,variable,diário,linha/L1_L7,m³/h,2,1,False,SAME,EXPLICIT_OK,DIRECT
yield,EQ11133,246,yield_total,diário,linha_grupo/L1_L7,VAR11226@L5,yield,variable,diário,linha/L1_L7,g/l,2,1,False,SAME,EXPLICIT_OK,DIRECT
yield,EQ11133,246,yield_total,diário,linha_grupo/L1_L7,VAR11046@L5,ltp,variable,diário,linha/L1_L7,m³/h,2,1,False,SAME,EXPLICIT_OK,DIRECT
yield,EQ11133,246,yield_total,diário,linha_grupo/L1_L7,VAR11226@L6,yield,variable,diário,linha/L1_L7,g/l,2,1,False,SAME,EXPLICIT_OK,DIRECT
yield,EQ11133,246,yield_total,diário,linha_grupo/L1_L7,VAR11046@L6,ltp,variable,diário,linha/L1_L7,m³/h,2,1,False,SAME,EXPLICIT_OK,DIRECT
yield,EQ11133,246,yield_total,diário,linha_grupo/L1_L7,VAR11226@L7,yield,variable,diário,linha/L1_L7,g/l,2,1,False,SAME,EXPLICIT_OK,DIRECT
yield,EQ11133,246,yield_total,diário,linha_grupo/L1_L7,VAR11046@L7,ltp,variable,diário,linha/L1_L7,m³/h,2,1,False,SAME,EXPLICIT_OK,DIRECT
yield,EQ11133,246,yield_total,diário,linha_grupo/L1_L7,VAR11046@L1,ltp,variable,diário,linha/L1_L7,m³/h,2,1,False,SAME,EXPLICIT_OK,DIRECT
yield,EQ11133,246,yield_total,diário,linha_grupo/L1_L7,VAR11046@L2,ltp,variable,diário,linha/L1_L7,m³/h,2,1,False,SAME,EXPLICIT_OK,DIRECT
yield,EQ11133,246,yield_total,diário,linha_grupo/L1_L7,VAR11046@L3,ltp,variable,diário,linha/L1_L7,m³/h,2,1,False,SAME,EXPLICIT_OK,DIRECT
yield,EQ11133,246,yield_total,diário,linha_grupo/L1_L7,VAR11046@L4,ltp,variable,diário,linha/L1_L7,m³/h,2,1,False,SAME,EXPLICIT_OK,DIRECT
yield,EQ11133,246,yield_total,diário,linha_grupo/L1_L7,VAR11046@L5,ltp,variable,diário,linha/L1_L7,m³/h,2,1,False,SAME,EXPLICIT_OK,DIRECT
yield,EQ11133,246,yield_total,diário,linha_grupo/L1_L7,VAR11046@L6,ltp,variable,diário,linha/L1_L7,m³/h,2,1,False,SAME,EXPLICIT_OK,DIRECT
yield,EQ11133,246,yield_total,diário,linha_grupo/L1_L7,VAR11046@L7,ltp,variable,diário,linha/L1_L7,m³/h,2,1,False,SAME,EXPLICIT_OK,DIRECT
yield,EQ11134,251,yield_base,anual,linha/L1_L7,VAR11066,ltp_a_c_base,variable,anual,linha/L1_L7,-,1,1,False,SAME,OWN_SCOPE,DIRECT
yield,EQ11134,251,yield_base,anual,linha/L1_L7,VAR11160,ratio_spent_base,variable,anual,linha/L1_L7,-,1,1,False,SAME,OWN_SCOPE,DIRECT
yield,EQ11134,251,yield_base,anual,linha/L1_L7,PARAM11001,ltp_tc_base,parameter,,linha/L1_L7,g/l,1,0,False,PARAMETER (ano),OWN_SCOPE,DIRECT
yield,EQ11134,251,yield_base,anual,linha/L1_L7,VAR11175,sl_solids_base,variable,anual,linha/L1_L7,g/l,1,1,False,SAME,OWN_SCOPE,DIRECT
yield,EQ11135,252,yield_base_grupo,anual,linha_grupo/L1_L3,VAR11236@L1,yield_base,variable,anual,linha/L1_L7,g/l,1,1,False,SAME,EXPLICIT_OK,DIRECT
yield,EQ11135,252,yield_base_grupo,anual,linha_grupo/L1_L3,VAR11071@L1,ltp_base,variable,anual,linha/L1_L7,m³/h,1,1,False,SAME,EXPLICIT_OK,DIRECT
yield,EQ11135,252,yield_base_grupo,anual,linha_grupo/L1_L3,VAR11236@L2,yield_base,variable,anual,linha/L1_L7,g/l,1,1,False,SAME,EXPLICIT_OK,DIRECT
yield,EQ11135,252,yield_base_grupo,anual,linha_grupo/L1_L3,VAR11071@L2,ltp_base,variable,anual,linha/L1_L7,m³/h,1,1,False,SAME,EXPLICIT_OK,DIRECT
yield,EQ11135,252,yield_base_grupo,anual,linha_grupo/L1_L3,VAR11236@L3,yield_base,variable,anual,linha/L1_L7,g/l,1,1,False,SAME,EXPLICIT_OK,DIRECT
yield,EQ11135,252,yield_base_grupo,anual,linha_grupo/L1_L3,VAR11071@L3,ltp_base,variable,anual,linha/L1_L7,m³/h,1,1,False,SAME,EXPLICIT_OK,DIRECT
yield,EQ11135,252,yield_base_grupo,anual,linha_grupo/L1_L3,VAR11071@L1,ltp_base,variable,anual,linha/L1_L7,m³/h,1,1,False,SAME,EXPLICIT_OK,DIRECT
yield,EQ11135,252,yield_base_grupo,anual,linha_grupo/L1_L3,VAR11071@L2,ltp_base,variable,anual,linha/L1_L7,m³/h,1,1,False,SAME,EXPLICIT_OK,DIRECT
yield,EQ11135,252,yield_base_grupo,anual,linha_grupo/L1_L3,VAR11071@L3,ltp_base,variable,anual,linha/L1_L7,m³/h,1,1,False,SAME,EXPLICIT_OK,DIRECT
yield,EQ11136,253,yield_base_grupo,anual,linha_grupo/L4_L5,VAR11236@L4,yield_base,variable,anual,linha/L1_L7,g/l,1,1,False,SAME,EXPLICIT_OK,DIRECT
yield,EQ11136,253,yield_base_grupo,anual,linha_grupo/L4_L5,VAR11071@L4,ltp_base,variable,anual,linha/L1_L7,m³/h,1,1,False,SAME,EXPLICIT_OK,DIRECT
yield,EQ11136,253,yield_base_grupo,anual,linha_grupo/L4_L5,VAR11236@L5,yield_base,variable,anual,linha/L1_L7,g/l,1,1,False,SAME,EXPLICIT_OK,DIRECT
yield,EQ11136,253,yield_base_grupo,anual,linha_grupo/L4_L5,VAR11071@L5,ltp_base,variable,anual,linha/L1_L7,m³/h,1,1,False,SAME,EXPLICIT_OK,DIRECT
yield,EQ11136,253,yield_base_grupo,anual,linha_grupo/L4_L5,VAR11071@L4,ltp_base,variable,anual,linha/L1_L7,m³/h,1,1,False,SAME,EXPLICIT_OK,DIRECT
yield,EQ11136,253,yield_base_grupo,anual,linha_grupo/L4_L5,VAR11071@L5,ltp_base,variable,anual,linha/L1_L7,m³/h,1,1,False,SAME,EXPLICIT_OK,DIRECT
yield,EQ11137,254,yield_base_grupo,anual,linha_grupo/L6_L7,VAR11236@L6,yield_base,variable,anual,linha/L1_L7,g/l,1,1,False,SAME,EXPLICIT_OK,DIRECT
yield,EQ11137,254,yield_base_grupo,anual,linha_grupo/L6_L7,VAR11071@L6,ltp_base,variable,anual,linha/L1_L7,m³/h,1,1,False,SAME,EXPLICIT_OK,DIRECT
yield,EQ11137,254,yield_base_grupo,anual,linha_grupo/L6_L7,VAR11236@L7,yield_base,variable,anual,linha/L1_L7,g/l,1,1,False,SAME,EXPLICIT_OK,DIRECT
yield,EQ11137,254,yield_base_grupo,anual,linha_grupo/L6_L7,VAR11071@L7,ltp_base,variable,anual,linha/L1_L7,m³/h,1,1,False,SAME,EXPLICIT_OK,DIRECT
yield,EQ11137,254,yield_base_grupo,anual,linha_grupo/L6_L7,VAR11071@L6,ltp_base,variable,anual,linha/L1_L7,m³/h,1,1,False,SAME,EXPLICIT_OK,DIRECT
yield,EQ11137,254,yield_base_grupo,anual,linha_grupo/L6_L7,VAR11071@L7,ltp_base,variable,anual,linha/L1_L7,m³/h,1,1,False,SAME,EXPLICIT_OK,DIRECT
yield,EQ11138,255,yield_base_total,anual,linha_grupo/L1_L7,VAR11236@L1,yield_base,variable,anual,linha/L1_L7,g/l,1,1,False,SAME,EXPLICIT_OK,DIRECT
yield,EQ11138,255,yield_base_total,anual,linha_grupo/L1_L7,VAR11071@L1,ltp_base,variable,anual,linha/L1_L7,m³/h,1,1,False,SAME,EXPLICIT_OK,DIRECT
yield,EQ11138,255,yield_base_total,anual,linha_grupo/L1_L7,VAR11236@L2,yield_base,variable,anual,linha/L1_L7,g/l,1,1,False,SAME,EXPLICIT_OK,DIRECT
yield,EQ11138,255,yield_base_total,anual,linha_grupo/L1_L7,VAR11071@L2,ltp_base,variable,anual,linha/L1_L7,m³/h,1,1,False,SAME,EXPLICIT_OK,DIRECT
yield,EQ11138,255,yield_base_total,anual,linha_grupo/L1_L7,VAR11236@L3,yield_base,variable,anual,linha/L1_L7,g/l,1,1,False,SAME,EXPLICIT_OK,DIRECT
yield,EQ11138,255,yield_base_total,anual,linha_grupo/L1_L7,VAR11071@L3,ltp_base,variable,anual,linha/L1_L7,m³/h,1,1,False,SAME,EXPLICIT_OK,DIRECT
yield,EQ11138,255,yield_base_total,anual,linha_grupo/L1_L7,VAR11236@L4,yield_base,variable,anual,linha/L1_L7,g/l,1,1,False,SAME,EXPLICIT_OK,DIRECT
yield,EQ11138,255,yield_base_total,anual,linha_grupo/L1_L7,VAR11071@L4,ltp_base,variable,anual,linha/L1_L7,m³/h,1,1,False,SAME,EXPLICIT_OK,DIRECT
yield,EQ11138,255,yield_base_total,anual,linha_grupo/L1_L7,VAR11236@L5,yield_base,variable,anual,linha/L1_L7,g/l,1,1,False,SAME,EXPLICIT_OK,DIRECT
yield,EQ11138,255,yield_base_total,anual,linha_grupo/L1_L7,VAR11071@L5,ltp_base,variable,anual,linha/L1_L7,m³/h,1,1,False,SAME,EXPLICIT_OK,DIRECT
yield,EQ11138,255,yield_base_total,anual,linha_grupo/L1_L7,VAR11236@L6,yield_base,variable,anual,linha/L1_L7,g/l,1,1,False,SAME,EXPLICIT_OK,DIRECT
yield,EQ11138,255,yield_base_total,anual,linha_grupo/L1_L7,VAR11071@L6,ltp_base,variable,anual,linha/L1_L7,m³/h,1,1,False,SAME,EXPLICIT_OK,DIRECT
yield,EQ11138,255,yield_base_total,anual,linha_grupo/L1_L7,VAR11236@L7,yield_base,variable,anual,linha/L1_L7,g/l,1,1,False,SAME,EXPLICIT_OK,DIRECT
yield,EQ11138,255,yield_base_total,anual,linha_grupo/L1_L7,VAR11071@L7,ltp_base,variable,anual,linha/L1_L7,m³/h,1,1,False,SAME,EXPLICIT_OK,DIRECT
yield,EQ11138,255,yield_base_total,anual,linha_grupo/L1_L7,VAR11071@L1,ltp_base,variable,anual,linha/L1_L7,m³/h,1,1,False,SAME,EXPLICIT_OK,DIRECT
yield,EQ11138,255,yield_base_total,anual,linha_grupo/L1_L7,VAR11071@L2,ltp_base,variable,anual,linha/L1_L7,m³/h,1,1,False,SAME,EXPLICIT_OK,DIRECT
yield,EQ11138,255,yield_base_total,anual,linha_grupo/L1_L7,VAR11071@L3,ltp_base,variable,anual,linha/L1_L7,m³/h,1,1,False,SAME,EXPLICIT_OK,DIRECT
yield,EQ11138,255,yield_base_total,anual,linha_grupo/L1_L7,VAR11071@L4,ltp_base,variable,anual,linha/L1_L7,m³/h,1,1,False,SAME,EXPLICIT_OK,DIRECT
yield,EQ11138,255,yield_base_total,anual,linha_grupo/L1_L7,VAR11071@L5,ltp_base,variable,anual,linha/L1_L7,m³/h,1,1,False,SAME,EXPLICIT_OK,DIRECT
yield,EQ11138,255,yield_base_total,anual,linha_grupo/L1_L7,VAR11071@L6,ltp_base,variable,anual,linha/L1_L7,m³/h,1,1,False,SAME,EXPLICIT_OK,DIRECT
yield,EQ11138,255,yield_base_total,anual,linha_grupo/L1_L7,VAR11071@L7,ltp_base,variable,anual,linha/L1_L7,m³/h,1,1,False,SAME,EXPLICIT_OK,DIRECT
