target,block,planner_status,producer_nodes,planner_nodes,executed_nodes,instances,execution_status,result_status,final_results_2026-02-01
VAR11002,yield,PLANNED,AGGREGATION:AGR-YIELD-EOC_SOLIDS-LINHA-L1_L7-MENSAL-AVERAGE,AGGREGATION:AGR-YIELD-EOC_SOLIDS-LINHA-L1_L7-MENSAL-AVERAGE,1,7,EXECUTED,VALUE_WITHOUT_STATE,"{""linha/L1"": [""float"", ""1.0032"", null, null], ""linha/L2"": [""float"", ""1.0042"", null, null], ""linha/L3"": [""float"", ""1.0052"", null, null], ""linha/L4"": [""float"", ""1.0062"", null, null], ""linha/L5"": [""float"", ""1.0072"", null, null], ""linha/L6"": [""float"", ""1.0082"", null, null], ""linha/L7"": [""float"", ""1.0092"", null, null]}"
VAR11003,yield,PLANNED,EQUATION:EQ11001,EQUATION:EQ11001,1,1,EXECUTED,VALUE_WITHOUT_STATE,"{""linha_grupo/L1_L3"": [""float"", ""1.0042"", null, null]}"
VAR11004,yield,PLANNED,EQUATION:EQ11002,EQUATION:EQ11002,1,1,EXECUTED,VALUE_WITHOUT_STATE,"{""linha_grupo/L4_L5"": [""float"", ""1.0067"", null, null]}"
VAR11005,yield,PLANNED,EQUATION:EQ11003,EQUATION:EQ11003,1,1,EXECUTED,VALUE_WITHOUT_STATE,"{""linha_grupo/L6_L7"": [""float"", ""1.0087000000000002"", null, null]}"
VAR11006,yield,PLANNED,EQUATION:EQ11004,EQUATION:EQ12012|TRANSFER:VAR11031|EQUATION:EQ11025|EQUATION:EQ11004,4,1,EXECUTED,VALUE_WITHOUT_STATE,"{""linha_grupo/L1_L7"": [""float"", ""1.0062066509322762"", null, null]}"
VAR11007,yield,PLANNED,AGGREGATION:AGR-YIELD-EOC_SOLIDS_GRUPO-GRUPO-L1_L3-MENSAL-AVERAGE,EQUATION:EQ11001|AGGREGATION:AGR-YIELD-EOC_SOLIDS_GRUPO-GRUPO-L1_L3-MENSAL-AVERAGE,2,1,EXECUTED,VALUE_WITHOUT_STATE,"{""linha_grupo/L1_L3"": [""float"", ""1.0042"", null, null]}"
VAR11008,yield,PLANNED,AGGREGATION:AGR-YIELD-EOC_SOLIDS_GRUPO-GRUPO-L4_L5-MENSAL-AVERAGE,EQUATION:EQ11002|AGGREGATION:AGR-YIELD-EOC_SOLIDS_GRUPO-GRUPO-L4_L5-MENSAL-AVERAGE,2,1,EXECUTED,VALUE_WITHOUT_STATE,"{""linha_grupo/L4_L5"": [""float"", ""1.0067"", null, null]}"
VAR11009,yield,PLANNED,AGGREGATION:AGR-YIELD-EOC_SOLIDS_GRUPO-GRUPO-L6_L7-MENSAL-AVERAGE,EQUATION:EQ11003|AGGREGATION:AGR-YIELD-EOC_SOLIDS_GRUPO-GRUPO-L6_L7-MENSAL-AVERAGE,2,1,EXECUTED,VALUE_WITHOUT_STATE,"{""linha_grupo/L6_L7"": [""float"", ""1.0087000000000002"", null, null]}"
VAR11010,yield,PLANNED,AGGREGATION:AGR-YIELD-EOC_SOLIDS_TOTAL-GRUPO-L1_L7-MENSAL-AVERAGE,EQUATION:EQ12012|TRANSFER:VAR11031|EQUATION:EQ11025|EQUATION:EQ11004|AGGREGATION:AGR-YIELD-EOC_SOLIDS_TOTAL-GRUPO-L1_L7-MENSAL-AVERAGE,5,1,EXECUTED,VALUE_WITHOUT_STATE,"{""linha_grupo/L1_L7"": [""float"", ""1.0062066509322762"", null, null]}"
VAR11012,yield,PLANNED,EQUATION:EQ11005,EQUATION:EQ11005,1,1,EXECUTED,VALUE_WITHOUT_STATE,"{""linha_grupo/L1_L3"": [""float"", ""1.011"", null, null]}"
VAR11013,yield,PLANNED,EQUATION:EQ11006,EQUATION:EQ11006,1,1,EXECUTED,VALUE_WITHOUT_STATE,"{""linha_grupo/L4_L5"": [""float"", ""1.0135"", null, null]}"
VAR11014,yield,PLANNED,EQUATION:EQ11007,EQUATION:EQ11007,1,1,EXECUTED,VALUE_WITHOUT_STATE,"{""linha_grupo/L6_L7"": [""float"", ""1.0154999999999998"", null, null]}"
VAR11015,yield,PLANNED,EQUATION:EQ11008,EQUATION:EQ11038|EQUATION:EQ11134|EQUATION:EQ11081|EQUATION:EQ11008,4,1,EXECUTED,VALUE_WITHOUT_STATE,"{""linha_grupo/L1_L7"": [""float"", ""1.0130076597396778"", null, null]}"
VAR11017,yield,PLANNED,AGGREGATION:AGR-YIELD-EOC_TEMP-LINHA-L1_L7-MENSAL-AVERAGE,AGGREGATION:AGR-YIELD-EOC_TEMP-LINHA-L1_L7-MENSAL-AVERAGE,1,7,EXECUTED,VALUE_WITHOUT_STATE,"{""linha/L1"": [""float"", ""1.0232"", null, null], ""linha/L2"": [""float"", ""1.0242"", null, null], ""linha/L3"": [""float"", ""1.0252000000000001"", null, null], ""linha/L4"": [""float"", ""1.0262"", null, null], ""linha/L5"": [""float"", ""1.0272000000000001"", null, null], ""linha/L6"": [""float"", ""1.0282"", null, null], ""linha/L7"": [""float"", ""1.0292000000000001"", null, null]}"
VAR11018,yield,PLANNED,EQUATION:EQ11009,EQUATION:EQ12012|TRANSFER:VAR11031|EQUATION:EQ11025|EQUATION:EQ11009,4,1,EXECUTED,VALUE_WITHOUT_STATE,"{""linha_grupo/L1_L3"": [""float"", ""1.0242011103630773"", null, null]}"
VAR11019,yield,PLANNED,EQUATION:EQ11010,EQUATION:EQ12012|TRANSFER:VAR11031|EQUATION:EQ11025|EQUATION:EQ11010,4,1,EXECUTED,VALUE_WITHOUT_STATE,"{""linha_grupo/L4_L5"": [""float"", ""1.0267004155092188"", null, null]}"
VAR11020,yield,PLANNED,EQUATION:EQ11011,EQUATION:EQ12012|TRANSFER:VAR11031|EQUATION:EQ11025|EQUATION:EQ11011,4,1,EXECUTED,VALUE_WITHOUT_STATE,"{""linha_grupo/L6_L7"": [""float"", ""1.0287004148102663"", null, null]}"
VAR11021,yield,PLANNED,EQUATION:EQ11012,EQUATION:EQ11012,1,1,EXECUTED,VALUE_WITHOUT_STATE,"{""linha_grupo/L1_L7"": [""float"", ""1.0262039753528125"", null, null]}"
VAR11022,yield,PLANNED,AGGREGATION:AGR-YIELD-EOC_TEMP_GRUPO-GRUPO-L1_L3-MENSAL-AVERAGE,EQUATION:EQ12012|TRANSFER:VAR11031|EQUATION:EQ11025|EQUATION:EQ11009|AGGREGATION:AGR-YIELD-EOC_TEMP_GRUPO-GRUPO-L1_L3-MENSAL-AVERAGE,5,1,EXECUTED,VALUE_WITHOUT_STATE,"{""linha_grupo/L1_L3"": [""float"", ""1.0242011103630773"", null, null]}"
VAR11023,yield,PLANNED,AGGREGATION:AGR-YIELD-EOC_TEMP_GRUPO-GRUPO-L4_L5-MENSAL-AVERAGE,EQUATION:EQ12012|TRANSFER:VAR11031|EQUATION:EQ11025|EQUATION:EQ11010|AGGREGATION:AGR-YIELD-EOC_TEMP_GRUPO-GRUPO-L4_L5-MENSAL-AVERAGE,5,1,EXECUTED,VALUE_WITHOUT_STATE,"{""linha_grupo/L4_L5"": [""float"", ""1.0267004155092188"", null, null]}"
VAR11024,yield,PLANNED,AGGREGATION:AGR-YIELD-EOC_TEMP_GRUPO-GRUPO-L6_L7-MENSAL-AVERAGE,EQUATION:EQ12012|TRANSFER:VAR11031|EQUATION:EQ11025|EQUATION:EQ11011|AGGREGATION:AGR-YIELD-EOC_TEMP_GRUPO-GRUPO-L6_L7-MENSAL-AVERAGE,5,1,EXECUTED,VALUE_WITHOUT_STATE,"{""linha_grupo/L6_L7"": [""float"", ""1.0287004148102663"", null, null]}"
VAR11025,yield,PLANNED,AGGREGATION:AGR-YIELD-EOC_TEMP_TOTAL-GRUPO-L1_L7-MENSAL-AVERAGE,EQUATION:EQ11012|AGGREGATION:AGR-YIELD-EOC_TEMP_TOTAL-GRUPO-L1_L7-MENSAL-AVERAGE,2,1,EXECUTED,VALUE_WITHOUT_STATE,"{""linha_grupo/L1_L7"": [""float"", ""1.0262039753528125"", null, null]}"
VAR11027,yield,PLANNED,EQUATION:EQ11013,EQUATION:EQ11013,1,1,EXECUTED,VALUE_WITHOUT_STATE,"{""linha_grupo/L1_L3"": [""float"", ""1.031"", null, null]}"
VAR11028,yield,PLANNED,EQUATION:EQ11014,EQUATION:EQ11014,1,1,EXECUTED,VALUE_WITHOUT_STATE,"{""linha_grupo/L4_L5"": [""float"", ""1.0335"", null, null]}"
VAR11029,yield,PLANNED,EQUATION:EQ11015,EQUATION:EQ11015,1,1,EXECUTED,VALUE_WITHOUT_STATE,"{""linha_grupo/L6_L7"": [""float"", ""1.0354999999999999"", null, null]}"
VAR11030,yield,PLANNED,EQUATION:EQ11016,EQUATION:EQ11016,1,1,EXECUTED,VALUE_WITHOUT_STATE,"{""linha_grupo/L1_L7"": [""float"", ""1.0330039486673248"", null, null]}"
VAR11031,yield,PLANNED,TRANSFER:VAR11031,EQUATION:EQ12012|TRANSFER:VAR11031,2,7,EXECUTED,VALUE_WITHOUT_STATE,"{""linha/L1"": [""float"", ""1.3462373733333333"", null, null], ""linha/L2"": [""float"", ""1.3472270733333334"", null, null], ""linha/L3"": [""float"", ""1.3482167733333332"", null, null], ""linha/L4"": [""float"", ""1.349206473333333"", null, null], ""linha/L5"": [""float"", ""1.3501961733333332"", null, null], ""linha/L6"": [""float"", ""1.351185873333333"", null, null], ""linha/L7"": [""float"", ""1.352175573333333"", null, null]}"
VAR11032,yield,PLANNED,AGGREGATION:AGR-YIELD-LTH-LINHA-L1_L7-MENSAL-AVERAGE,EQUATION:EQ12012|TRANSFER:VAR11031|AGGREGATION:AGR-YIELD-LTH-LINHA-L1_L7-MENSAL-AVERAGE,3,7,EXECUTED,VALUE_WITHOUT_STATE,"{""linha/L1"": [""float"", ""1.3462373733333333"", null, null], ""linha/L2"": [""float"", ""1.3472270733333334"", null, null], ""linha/L3"": [""float"", ""1.3482167733333332"", null, null], ""linha/L4"": [""float"", ""1.349206473333333"", null, null], ""linha/L5"": [""float"", ""1.3501961733333332"", null, null], ""linha/L6"": [""float"", ""1.351185873333333"", null, null], ""linha/L7"": [""float"", ""1.352175573333333"", null, null]}"
VAR11033,yield,PLANNED,EQUATION:EQ11017,EQUATION:EQ12012|TRANSFER:VAR11031|EQUATION:EQ11017,3,1,EXECUTED,VALUE_WITHOUT_STATE,"{""linha_grupo/L1_L3"": [""float"", ""1.3472270733333334"", null, null]}"
VAR11034,yield,PLANNED,EQUATION:EQ11018,EQUATION:EQ12012|TRANSFER:VAR11031|EQUATION:EQ11018,3,1,EXECUTED,VALUE_WITHOUT_STATE,"{""linha_grupo/L4_L5"": [""float"", ""1.349701323333333"", null, null]}"
VAR11035,yield,PLANNED,EQUATION:EQ11019,EQUATION:EQ12012|TRANSFER:VAR11031|EQUATION:EQ11019,3,1,EXECUTED,VALUE_WITHOUT_STATE,"{""linha_grupo/L6_L7"": [""float"", ""1.351680723333333"", null, null]}"
VAR11036,yield,PLANNED,EQUATION:EQ11020,EQUATION:EQ12012|TRANSFER:VAR11031|EQUATION:EQ11020,3,1,EXECUTED,VALUE_WITHOUT_STATE,"{""linha_grupo/L1_L7"": [""float"", ""1.3492100200095563"", null, null]}"
VAR11037,yield,PLANNED,AGGREGATION:AGR-YIELD-LTH_GRUPO-GRUPO-L1_L3-MENSAL-AVERAGE,EQUATION:EQ12012|TRANSFER:VAR11031|EQUATION:EQ11017|AGGREGATION:AGR-YIELD-LTH_GRUPO-GRUPO-L1_L3-MENSAL-AVERAGE,4,1,EXECUTED,VALUE_WITHOUT_STATE,"{""linha_grupo/L1_L3"": [""float"", ""1.3472270733333334"", null, null]}"
VAR11038,yield,PLANNED,AGGREGATION:AGR-YIELD-LTH_GRUPO-GRUPO-L4_L5-MENSAL-AVERAGE,EQUATION:EQ12012|TRANSFER:VAR11031|EQUATION:EQ11018|AGGREGATION:AGR-YIELD-LTH_GRUPO-GRUPO-L4_L5-MENSAL-AVERAGE,4,1,EXECUTED,VALUE_WITHOUT_STATE,"{""linha_grupo/L4_L5"": [""float"", ""1.349701323333333"", null, null]}"
VAR11039,yield,PLANNED,AGGREGATION:AGR-YIELD-LTH_GRUPO-GRUPO-L6_L7-MENSAL-AVERAGE,EQUATION:EQ12012|TRANSFER:VAR11031|EQUATION:EQ11019|AGGREGATION:AGR-YIELD-LTH_GRUPO-GRUPO-L6_L7-MENSAL-AVERAGE,4,1,EXECUTED,VALUE_WITHOUT_STATE,"{""linha_grupo/L6_L7"": [""float"", ""1.351680723333333"", null, null]}"
VAR11040,yield,PLANNED,AGGREGATION:AGR-YIELD-LTH_TOTAL-GRUPO-L1_L7-MENSAL-AVERAGE,EQUATION:EQ12012|TRANSFER:VAR11031|EQUATION:EQ11020|AGGREGATION:AGR-YIELD-LTH_TOTAL-GRUPO-L1_L7-MENSAL-AVERAGE,4,1,EXECUTED,VALUE_WITHOUT_STATE,"{""linha_grupo/L1_L7"": [""float"", ""1.3492100200095563"", null, null]}"
VAR11042,yield,PLANNED,EQUATION:EQ11021,EQUATION:EQ11021,1,1,EXECUTED,VALUE_WITHOUT_STATE,"{""linha_grupo/L1_L3"": [""float"", ""1.0410000000000001"", null, null]}"
VAR11043,yield,PLANNED,EQUATION:EQ11022,EQUATION:EQ11022,1,1,EXECUTED,VALUE_WITHOUT_STATE,"{""linha_grupo/L4_L5"": [""float"", ""1.0434999999999999"", null, null]}"
VAR11044,yield,PLANNED,EQUATION:EQ11023,EQUATION:EQ11023,1,1,EXECUTED,VALUE_WITHOUT_STATE,"{""linha_grupo/L6_L7"": [""float"", ""1.0455"", null, null]}"
VAR11045,yield,PLANNED,EQUATION:EQ11024,EQUATION:EQ11024,1,1,EXECUTED,VALUE_WITHOUT_STATE,"{""linha_grupo/L1_L7"": [""float"", ""1.0430035618878004"", null, null]}"
VAR11046,yield,PLANNED,EQUATION:EQ11025,EQUATION:EQ12012|TRANSFER:VAR11031|EQUATION:EQ11025,3,7,EXECUTED,VALUE_WITHOUT_STATE,"{""linha/L1"": [""float"", ""1.4447819490613334"", null, null], ""linha/L2"": [""float"", ""1.4471913221746668"", null, null], ""linha/L3"": [""float"", ""1.4496026746880002"", null, null], ""linha/L4"": [""float"", ""1.4520160066013332"", null, null], ""linha/L5"": [""float"", ""1.4544313179146666"", null, null], ""linha/L6"": [""float"", ""1.4568486086279997"", null, null], ""linha/L7"": [""float"", ""1.4592678787413331"", null, null]}"
VAR11047,yield,PLANNED,AGGREGATION:AGR-YIELD-LTP-LINHA-L1_L7-MENSAL-AVERAGE,EQUATION:EQ12012|TRANSFER:VAR11031|EQUATION:EQ11025|AGGREGATION:AGR-YIELD-LTP-LINHA-L1_L7-MENSAL-AVERAGE,4,7,EXECUTED,VALUE_WITHOUT_STATE,"{""linha/L1"": [""float"", ""1.4447819490613334"", null, null], ""linha/L2"": [""float"", ""1.4471913221746668"", null, null], ""linha/L3"": [""float"", ""1.4496026746880002"", null, null], ""linha/L4"": [""float"", ""1.4520160066013332"", null, null], ""linha/L5"": [""float"", ""1.4544313179146666"", null, null], ""linha/L6"": [""float"", ""1.4568486086279997"", null, null], ""linha/L7"": [""float"", ""1.4592678787413331"", null, null]}"
VAR11048,yield,PLANNED,EQUATION:EQ11026,EQUATION:EQ12012|TRANSFER:VAR11031|EQUATION:EQ11025|EQUATION:EQ11026,4,1,EXECUTED,VALUE_WITHOUT_STATE,"{""linha_grupo/L1_L3"": [""float"", ""1.4471919819746668"", null, null]}"
VAR11049,yield,PLANNED,EQUATION:EQ11027,EQUATION:EQ12012|TRANSFER:VAR11031|EQUATION:EQ11025|EQUATION:EQ11027,4,1,EXECUTED,VALUE_WITHOUT_STATE,"{""linha_grupo/L4_L5"": [""float"", ""1.453223662258"", null, null]}"
VAR11050,yield,PLANNED,EQUATION:EQ11028,EQUATION:EQ12012|TRANSFER:VAR11031|EQUATION:EQ11025|EQUATION:EQ11028,4,1,EXECUTED,VALUE_WITHOUT_STATE,"{""linha_grupo/L6_L7"": [""float"", ""1.4580582436846665"", null, null]}"
VAR11051,yield,PLANNED,EQUATION:EQ11029,EQUATION:EQ12012|TRANSFER:VAR11031|EQUATION:EQ11025|EQUATION:EQ11029,4,1,EXECUTED,VALUE_WITHOUT_STATE,"{""linha_grupo/L1_L7"": [""float"", ""1.4520270494293093"", null, null]}"
VAR11052,yield,PLANNED,AGGREGATION:AGR-YIELD-LTP_GRUPO-GRUPO-L1_L3-MENSAL-AVERAGE,EQUATION:EQ12012|TRANSFER:VAR11031|EQUATION:EQ11025|EQUATION:EQ11026|AGGREGATION:AGR-YIELD-LTP_GRUPO-GRUPO-L1_L3-MENSAL-AVERAGE,5,1,EXECUTED,VALUE_WITHOUT_STATE,"{""linha_grupo/L1_L3"": [""float"", ""1.4471919819746668"", null, null]}"
VAR11053,yield,PLANNED,AGGREGATION:AGR-YIELD-LTP_GRUPO-GRUPO-L4_L5-MENSAL-AVERAGE,EQUATION:EQ12012|TRANSFER:VAR11031|EQUATION:EQ11025|EQUATION:EQ11027|AGGREGATION:AGR-YIELD-LTP_GRUPO-GRUPO-L4_L5-MENSAL-AVERAGE,5,1,EXECUTED,VALUE_WITHOUT_STATE,"{""linha_grupo/L4_L5"": [""float"", ""1.453223662258"", null, null]}"
VAR11054,yield,PLANNED,AGGREGATION:AGR-YIELD-LTP_GRUPO-GRUPO-L6_L7-MENSAL-AVERAGE,EQUATION:EQ12012|TRANSFER:VAR11031|EQUATION:EQ11025|EQUATION:EQ11028|AGGREGATION:AGR-YIELD-LTP_GRUPO-GRUPO-L6_L7-MENSAL-AVERAGE,5,1,EXECUTED,VALUE_WITHOUT_STATE,"{""linha_grupo/L6_L7"": [""float"", ""1.4580582436846665"", null, null]}"
VAR11055,yield,PLANNED,AGGREGATION:AGR-YIELD-LTP_TOTAL-GRUPO-L1_L7-MENSAL-AVERAGE,EQUATION:EQ12012|TRANSFER:VAR11031|EQUATION:EQ11025|EQUATION:EQ11029|AGGREGATION:AGR-YIELD-LTP_TOTAL-GRUPO-L1_L7-MENSAL-AVERAGE,5,1,EXECUTED,VALUE_WITHOUT_STATE,"{""linha_grupo/L1_L7"": [""float"", ""1.4520270494293093"", null, null]}"
VAR11057,yield,PLANNED,AGGREGATION:AGR-YIELD-LTP_A_C-LINHA-L1_L7-MENSAL-AVERAGE,AGGREGATION:AGR-YIELD-LTP_A_C-LINHA-L1_L7-MENSAL-AVERAGE,1,7,EXECUTED,VALUE_WITHOUT_STATE,"{""linha/L1"": [""float"", ""1.0532000000000001"", null, null], ""linha/L2"": [""float"", ""1.0542"", null, null], ""linha/L3"": [""float"", ""1.0552000000000001"", null, null], ""linha/L4"": [""float"", ""1.0562"", null, null], ""linha/L5"": [""float"", ""1.0572000000000001"", null, null], ""linha/L6"": [""float"", ""1.0582"", null, null], ""linha/L7"": [""float"", ""1.0592000000000001"", null, null]}"
VAR11058,yield,PLANNED,EQUATION:EQ11030,EQUATION:EQ11030,1,1,EXECUTED,VALUE_WITHOUT_STATE,"{""linha_grupo/L1_L3"": [""float"", ""1.0542"", null, null]}"
VAR11059,yield,PLANNED,EQUATION:EQ11031,EQUATION:EQ11031,1,1,EXECUTED,VALUE_WITHOUT_STATE,"{""linha_grupo/L4_L5"": [""float"", ""1.0567000000000002"", null, null]}"
VAR11060,yield,PLANNED,EQUATION:EQ11032,EQUATION:EQ11032,1,1,EXECUTED,VALUE_WITHOUT_STATE,"{""linha_grupo/L6_L7"": [""float"", ""1.0587"", null, null]}"
VAR11061,yield,PLANNED,EQUATION:EQ11033,EQUATION:EQ12012|TRANSFER:VAR11031|EQUATION:EQ11025|EQUATION:EQ11033,4,1,EXECUTED,VALUE_WITHOUT_STATE,"{""linha_grupo/L1_L7"": [""float"", ""1.0562066509322763"", null, null]}"
VAR11062,yield,PLANNED,AGGREGATION:AGR-YIELD-LTP_A_C_GRUPO-GRUPO-L1_L3-MENSAL-AVERAGE,EQUATION:EQ11030|AGGREGATION:AGR-YIELD-LTP_A_C_GRUPO-GRUPO-L1_L3-MENSAL-AVERAGE,2,1,EXECUTED,VALUE_WITHOUT_STATE,"{""linha_grupo/L1_L3"": [""float"", ""1.0542"", null, null]}"
VAR11063,yield,PLANNED,AGGREGATION:AGR-YIELD-LTP_A_C_GRUPO-GRUPO-L4_L5-MENSAL-AVERAGE,EQUATION:EQ11031|AGGREGATION:AGR-YIELD-LTP_A_C_GRUPO-GRUPO-L4_L5-MENSAL-AVERAGE,2,1,EXECUTED,VALUE_WITHOUT_STATE,"{""linha_grupo/L4_L5"": [""float"", ""1.0567000000000002"", null, null]}"
VAR11064,yield,PLANNED,AGGREGATION:AGR-YIELD-LTP_A_C_GRUPO-GRUPO-L6_L7-MENSAL-AVERAGE,EQUATION:EQ11032|AGGREGATION:AGR-YIELD-LTP_A_C_GRUPO-GRUPO-L6_L7-MENSAL-AVERAGE,2,1,EXECUTED,VALUE_WITHOUT_STATE,"{""linha_grupo/L6_L7"": [""float"", ""1.0587"", null, null]}"
VAR11065,yield,PLANNED,AGGREGATION:AGR-YIELD-LTP_A_C_TOTAL-GRUPO-L1_L7-MENSAL-AVERAGE,EQUATION:EQ12012|TRANSFER:VAR11031|EQUATION:EQ11025|EQUATION:EQ11033|AGGREGATION:AGR-YIELD-LTP_A_C_TOTAL-GRUPO-L1_L7-MENSAL-AVERAGE,5,1,EXECUTED,VALUE_WITHOUT_STATE,"{""linha_grupo/L1_L7"": [""float"", ""1.0562066509322763"", null, null]}"
VAR11067,yield,PLANNED,EQUATION:EQ11034,EQUATION:EQ11034,1,1,EXECUTED,VALUE_WITHOUT_STATE,"{""linha_grupo/L1_L3"": [""float"", ""1.061"", null, null]}"
VAR11068,yield,PLANNED,EQUATION:EQ11035,EQUATION:EQ11035,1,1,EXECUTED,VALUE_WITHOUT_STATE,"{""linha_grupo/L4_L5"": [""float"", ""1.0635"", null, null]}"
VAR11069,yield,PLANNED,EQUATION:EQ11036,EQUATION:EQ11036,1,1,EXECUTED,VALUE_WITHOUT_STATE,"{""linha_grupo/L6_L7"": [""float"", ""1.0655000000000001"", null, null]}"
VAR11070,yield,PLANNED,EQUATION:EQ11037,EQUATION:EQ11037,1,1,EXECUTED,VALUE_WITHOUT_STATE,"{""linha_grupo/L1_L7"": [""float"", ""1.0630034692107544"", null, null]}"
VAR11071,yield,PLANNED,EQUATION:EQ11038,EQUATION:EQ11038,1,7,EXECUTED,VALUE_WITHOUT_STATE,"{""linha/L1"": [""float"", ""1.1232000000000002"", null, null], ""linha/L2"": [""float"", ""1.1253209999999998"", null, null], ""linha/L3"": [""float"", ""1.1274440000000001"", null, null], ""linha/L4"": [""float"", ""1.1295689999999998"", null, null], ""linha/L5"": [""float"", ""1.131696"", null, null], ""linha/L6"": [""float"", ""1.1338249999999999"", null, null], ""linha/L7"": [""float"", ""1.1359560000000002"", null, null]}"
VAR11072,yield,PLANNED,EQUATION:EQ11039,EQUATION:EQ11038|EQUATION:EQ11039,2,1,EXECUTED,VALUE_WITHOUT_STATE,"{""linha_grupo/L1_L3"": [""float"", ""1.1253216666666668"", null, null]}"
VAR11073,yield,PLANNED,EQUATION:EQ11040,EQUATION:EQ11038|EQUATION:EQ11040,2,1,EXECUTED,VALUE_WITHOUT_STATE,"{""linha_grupo/L4_L5"": [""float"", ""1.1306325"", null, null]}"
VAR11074,yield,PLANNED,EQUATION:EQ11041,EQUATION:EQ11038|EQUATION:EQ11041,2,1,EXECUTED,VALUE_WITHOUT_STATE,"{""linha_grupo/L6_L7"": [""float"", ""1.1348905"", null, null]}"
VAR11075,yield,PLANNED,EQUATION:EQ11042,EQUATION:EQ11038|EQUATION:EQ11042,2,1,EXECUTED,VALUE_WITHOUT_STATE,"{""linha_grupo/L1_L7"": [""float"", ""1.129581153403643"", null, null]}"
VAR11077,yield,PLANNED,AGGREGATION:AGR-YIELD-LTP_LTH-LINHA-L1_L7-MENSAL-AVERAGE,AGGREGATION:AGR-YIELD-LTP_LTH-LINHA-L1_L7-MENSAL-AVERAGE,1,7,EXECUTED,VALUE_WITHOUT_STATE,"{""linha/L1"": [""float"", ""1.0732000000000002"", null, null], ""linha/L2"": [""float"", ""1.0742"", null, null], ""linha/L3"": [""float"", ""1.0752000000000002"", null, null], ""linha/L4"": [""float"", ""1.0762"", null, null], ""linha/L5"": [""float"", ""1.0772000000000002"", null, null], ""linha/L6"": [""float"", ""1.0782"", null, null], ""linha/L7"": [""float"", ""1.0792000000000002"", null, null]}"
VAR11078,yield,PLANNED,EQUATION:EQ11043,EQUATION:EQ11043,1,1,EXECUTED,VALUE_WITHOUT_STATE,"{""linha_grupo/L1_L3"": [""float"", ""1.0742"", null, null]}"
VAR11079,yield,PLANNED,EQUATION:EQ11044,EQUATION:EQ11044,1,1,EXECUTED,VALUE_WITHOUT_STATE,"{""linha_grupo/L4_L5"": [""float"", ""1.0767000000000002"", null, null]}"
VAR11080,yield,PLANNED,EQUATION:EQ11045,EQUATION:EQ11045,1,1,EXECUTED,VALUE_WITHOUT_STATE,"{""linha_grupo/L6_L7"": [""float"", ""1.0787"", null, null]}"
VAR11081,yield,PLANNED,EQUATION:EQ11046,EQUATION:EQ11046,1,1,EXECUTED,VALUE_WITHOUT_STATE,"{""linha_grupo/L1_L7"": [""float"", ""1.0762036489691662"", null, null]}"
VAR11082,yield,PLANNED,AGGREGATION:AGR-YIELD-LTP_LTH_GRUPO-GRUPO-L1_L3-MENSAL-AVERAGE,EQUATION:EQ11043|AGGREGATION:AGR-YIELD-LTP_LTH_GRUPO-GRUPO-L1_L3-MENSAL-AVERAGE,2,1,EXECUTED,VALUE_WITHOUT_STATE,"{""linha_grupo/L1_L3"": [""float"", ""1.0742"", null, null]}"
VAR11083,yield,PLANNED,AGGREGATION:AGR-YIELD-LTP_LTH_GRUPO-GRUPO-L4_L5-MENSAL-AVERAGE,EQUATION:EQ11044|AGGREGATION:AGR-YIELD-LTP_LTH_GRUPO-GRUPO-L4_L5-MENSAL-AVERAGE,2,1,EXECUTED,VALUE_WITHOUT_STATE,"{""linha_grupo/L4_L5"": [""float"", ""1.0767000000000002"", null, null]}"
VAR11084,yield,PLANNED,AGGREGATION:AGR-YIELD-LTP_LTH_GRUPO-GRUPO-L6_L7-MENSAL-AVERAGE,EQUATION:EQ11045|AGGREGATION:AGR-YIELD-LTP_LTH_GRUPO-GRUPO-L6_L7-MENSAL-AVERAGE,2,1,EXECUTED,VALUE_WITHOUT_STATE,"{""linha_grupo/L6_L7"": [""float"", ""1.0787"", null, null]}"
VAR11085,yield,PLANNED,AGGREGATION:AGR-YIELD-LTP_LTH_TOTAL-GRUPO-L1_L7-MENSAL-AVERAGE,EQUATION:EQ11046|AGGREGATION:AGR-YIELD-LTP_LTH_TOTAL-GRUPO-L1_L7-MENSAL-AVERAGE,2,1,EXECUTED,VALUE_WITHOUT_STATE,"{""linha_grupo/L1_L7"": [""float"", ""1.0762036489691662"", null, null]}"
VAR11087,yield,PLANNED,EQUATION:EQ11047,EQUATION:EQ11047,1,1,EXECUTED,VALUE_WITHOUT_STATE,"{""linha_grupo/L1_L3"": [""float"", ""1.0810000000000002"", null, null]}"
VAR11088,yield,PLANNED,EQUATION:EQ11048,EQUATION:EQ11048,1,1,EXECUTED,VALUE_WITHOUT_STATE,"{""linha_grupo/L4_L5"": [""float"", ""1.0835"", null, null]}"
VAR11089,yield,PLANNED,EQUATION:EQ11049,EQUATION:EQ11049,1,1,EXECUTED,VALUE_WITHOUT_STATE,"{""linha_grupo/L6_L7"": [""float"", ""1.0855000000000001"", null, null]}"
VAR11090,yield,PLANNED,EQUATION:EQ11050,EQUATION:EQ11050,1,1,EXECUTED,VALUE_WITHOUT_STATE,"{""linha_grupo/L1_L7"": [""float"", ""1.083"", null, null]}"
VAR11092,yield,PLANNED,AGGREGATION:AGR-YIELD-LTP_TC-LINHA-L1_L7-MENSAL-AVERAGE,AGGREGATION:AGR-YIELD-LTP_TC-LINHA-L1_L7-MENSAL-AVERAGE,1,7,EXECUTED,VALUE_WITHOUT_STATE,"{""linha/L1"": [""float"", ""1.0932000000000002"", null, null], ""linha/L2"": [""float"", ""1.0942"", null, null], ""linha/L3"": [""float"", ""1.0952000000000002"", null, null], ""linha/L4"": [""float"", ""1.0962"", null, null], ""linha/L5"": [""float"", ""1.0972000000000002"", null, null], ""linha/L6"": [""float"", ""1.0982"", null, null], ""linha/L7"": [""float"", ""1.0992000000000002"", null, null]}"
VAR11093,yield,PLANNED,EQUATION:EQ11051,EQUATION:EQ11051,1,1,EXECUTED,VALUE_WITHOUT_STATE,"{""linha_grupo/L1_L3"": [""float"", ""1.0942"", null, null]}"
VAR11094,yield,PLANNED,EQUATION:EQ11052,EQUATION:EQ11052,1,1,EXECUTED,VALUE_WITHOUT_STATE,"{""linha_grupo/L4_L5"": [""float"", ""1.0967000000000002"", null, null]}"
VAR11095,yield,PLANNED,EQUATION:EQ11053,EQUATION:EQ11053,1,1,EXECUTED,VALUE_WITHOUT_STATE,"{""linha_grupo/L6_L7"": [""float"", ""1.0987"", null, null]}"
VAR11096,yield,PLANNED,EQUATION:EQ11054,EQUATION:EQ12012|TRANSFER:VAR11031|EQUATION:EQ11025|EQUATION:EQ11054,4,1,EXECUTED,VALUE_WITHOUT_STATE,"{""linha_grupo/L1_L7"": [""float"", ""1.0962066509322763"", null, null]}"
VAR11097,yield,PLANNED,AGGREGATION:AGR-YIELD-LTP_TC_GRUPO-GRUPO-L1_L3-MENSAL-AVERAGE,EQUATION:EQ11051|AGGREGATION:AGR-YIELD-LTP_TC_GRUPO-GRUPO-L1_L3-MENSAL-AVERAGE,2,1,EXECUTED,VALUE_WITHOUT_STATE,"{""linha_grupo/L1_L3"": [""float"", ""1.0942"", null, null]}"
VAR11098,yield,PLANNED,AGGREGATION:AGR-YIELD-LTP_TC_GRUPO-GRUPO-L4_L5-MENSAL-AVERAGE,EQUATION:EQ11052|AGGREGATION:AGR-YIELD-LTP_TC_GRUPO-GRUPO-L4_L5-MENSAL-AVERAGE,2,1,EXECUTED,VALUE_WITHOUT_STATE,"{""linha_grupo/L4_L5"": [""float"", ""1.0967000000000002"", null, null]}"
VAR11099,yield,PLANNED,AGGREGATION:AGR-YIELD-LTP_TC_GRUPO-GRUPO-L6_L7-MENSAL-AVERAGE,EQUATION:EQ11053|AGGREGATION:AGR-YIELD-LTP_TC_GRUPO-GRUPO-L6_L7-MENSAL-AVERAGE,2,1,EXECUTED,VALUE_WITHOUT_STATE,"{""linha_grupo/L6_L7"": [""float"", ""1.0987"", null, null]}"
VAR11100,yield,PLANNED,AGGREGATION:AGR-YIELD-LTP_TC_TOTAL-GRUPO-L1_L7-MENSAL-AVERAGE,EQUATION:EQ12012|TRANSFER:VAR11031|EQUATION:EQ11025|EQUATION:EQ11054|AGGREGATION:AGR-YIELD-LTP_TC_TOTAL-GRUPO-L1_L7-MENSAL-AVERAGE,5,1,EXECUTED,VALUE_WITHOUT_STATE,"{""linha_grupo/L1_L7"": [""float"", ""1.0962066509322763"", null, null]}"
VAR11101,yield,PLANNED,EQUATION:EQ11055,EQUATION:EQ11055,1,1,EXECUTED,VALUE_WITHOUT_STATE,"{""linha_grupo/L1_L3"": [""float"", ""274.0"", null, null]}"
VAR11102,yield,PLANNED,EQUATION:EQ11056,EQUATION:EQ11056,1,1,EXECUTED,VALUE_WITHOUT_STATE,"{""linha_grupo/L4_L5"": [""float"", ""274.0"", null, null]}"
VAR11103,yield,PLANNED,EQUATION:EQ11057,EQUATION:EQ11057,1,1,EXECUTED,VALUE_WITHOUT_STATE,"{""linha_grupo/L6_L7"": [""float"", ""274.0"", null, null]}"
VAR11104,yield,PLANNED,EQUATION:EQ11058,EQUATION:EQ11058,1,1,EXECUTED,VALUE_WITHOUT_STATE,"{""linha_grupo/L1_L7"": [""float"", ""274.0"", null, null]}"
VAR11105,yield,PLANNED,EQUATION:EQ11059,EQUATION:EQ11059,1,7,EXECUTED,VALUE_WITHOUT_STATE,"{""linha/L1"": [""float"", ""12.7968"", null, null], ""linha/L2"": [""float"", ""12.7958"", null, null], ""linha/L3"": [""float"", ""14.7948"", null, null], ""linha/L4"": [""float"", ""16.7938"", null, null], ""linha/L5"": [""float"", ""16.7928"", null, null], ""linha/L6"": [""float"", ""16.7918"", null, null], ""linha/L7"": [""float"", ""16.7908"", null, null]}"
VAR11106,yield,PLANNED,AGGREGATION:AGR-YIELD-N_PPT-LINHA-L1_L7-MENSAL-AVERAGE,EQUATION:EQ11059|AGGREGATION:AGR-YIELD-N_PPT-LINHA-L1_L7-MENSAL-AVERAGE,2,7,EXECUTED,VALUE_WITHOUT_STATE,"{""linha/L1"": [""float"", ""12.7968"", null, null], ""linha/L2"": [""float"", ""12.7958"", null, null], ""linha/L3"": [""float"", ""14.7948"", null, null], ""linha/L4"": [""float"", ""16.7938"", null, null], ""linha/L5"": [""float"", ""16.7928"", null, null], ""linha/L6"": [""float"", ""16.7918"", null, null], ""linha/L7"": [""float"", ""16.7908"", null, null]}"
VAR11107,yield,PLANNED,EQUATION:EQ11060,EQUATION:EQ11059|EQUATION:EQ11060,2,1,EXECUTED,VALUE_WITHOUT_STATE,"{""linha_grupo/L1_L3"": [""float"", ""13.462466666666666"", null, null]}"
VAR11108,yield,PLANNED,EQUATION:EQ11061,EQUATION:EQ11059|EQUATION:EQ11061,2,1,EXECUTED,VALUE_WITHOUT_STATE,"{""linha_grupo/L4_L5"": [""float"", ""16.793300000000002"", null, null]}"
VAR11109,yield,PLANNED,EQUATION:EQ11062,EQUATION:EQ11059|EQUATION:EQ11062,2,1,EXECUTED,VALUE_WITHOUT_STATE,"{""linha_grupo/L6_L7"": [""float"", ""16.7913"", null, null]}"
VAR11110,yield,PLANNED,EQUATION:EQ11063,EQUATION:EQ11059|EQUATION:EQ11063,2,1,EXECUTED,VALUE_WITHOUT_STATE,"{""linha_grupo/L1_L7"": [""float"", ""15.368287290141158"", null, null]}"
VAR11111,yield,PLANNED,AGGREGATION:AGR-YIELD-N_PPT_GRUPO-GRUPO-L1_L3-MENSAL-AVERAGE,EQUATION:EQ11059|EQUATION:EQ11060|AGGREGATION:AGR-YIELD-N_PPT_GRUPO-GRUPO-L1_L3-MENSAL-AVERAGE,3,1,EXECUTED,VALUE_WITHOUT_STATE,"{""linha_grupo/L1_L3"": [""float"", ""13.462466666666666"", null, null]}"
VAR11112,yield,PLANNED,AGGREGATION:AGR-YIELD-N_PPT_GRUPO-GRUPO-L4_L5-MENSAL-AVERAGE,EQUATION:EQ11059|EQUATION:EQ11061|AGGREGATION:AGR-YIELD-N_PPT_GRUPO-GRUPO-L4_L5-MENSAL-AVERAGE,3,1,EXECUTED,VALUE_WITHOUT_STATE,"{""linha_grupo/L4_L5"": [""float"", ""16.793300000000002"", null, null]}"
VAR11113,yield,PLANNED,AGGREGATION:AGR-YIELD-N_PPT_GRUPO-GRUPO-L6_L7-MENSAL-AVERAGE,EQUATION:EQ11059|EQUATION:EQ11062|AGGREGATION:AGR-YIELD-N_PPT_GRUPO-GRUPO-L6_L7-MENSAL-AVERAGE,3,1,EXECUTED,VALUE_WITHOUT_STATE,"{""linha_grupo/L6_L7"": [""float"", ""16.7913"", null, null]}"
VAR11114,yield,PLANNED,AGGREGATION:AGR-YIELD-N_PPT_TOTAL-GRUPO-L1_L7-MENSAL-AVERAGE,EQUATION:EQ11059|EQUATION:EQ11063|AGGREGATION:AGR-YIELD-N_PPT_TOTAL-GRUPO-L1_L7-MENSAL-AVERAGE,3,1,EXECUTED,VALUE_WITHOUT_STATE,"{""linha_grupo/L1_L7"": [""float"", ""15.368287290141158"", null, null]}"
VAR11116,yield,PLANNED,EQUATION:EQ11064,EQUATION:EQ11064,1,1,EXECUTED,VALUE_WITHOUT_STATE,"{""linha_grupo/L1_L3"": [""float"", ""1.101"", null, null]}"
VAR11117,yield,PLANNED,EQUATION:EQ11065,EQUATION:EQ11065,1,1,EXECUTED,VALUE_WITHOUT_STATE,"{""linha_grupo/L4_L5"": [""float"", ""1.1035"", null, null]}"
VAR11118,yield,PLANNED,EQUATION:EQ11066,EQUATION:EQ11066,1,1,EXECUTED,VALUE_WITHOUT_STATE,"{""linha_grupo/L6_L7"": [""float"", ""1.1055000000000001"", null, null]}"
VAR11119,yield,PLANNED,EQUATION:EQ11067,EQUATION:EQ11067,1,1,EXECUTED,VALUE_WITHOUT_STATE,"{""linha_grupo/L1_L7"": [""float"", ""1.1030038722168443"", null, null]}"
VAR11121,yield,PLANNED,AGGREGATION:AGR-YIELD-OEE-LINHA-L1_L7-MENSAL-AVERAGE,AGGREGATION:AGR-YIELD-OEE-LINHA-L1_L7-MENSAL-AVERAGE,1,7,EXECUTED,VALUE_WITHOUT_STATE,"{""linha/L1"": [""float"", ""1.1132000000000002"", null, null], ""linha/L2"": [""float"", ""1.1142"", null, null], ""linha/L3"": [""float"", ""1.1152000000000002"", null, null], ""linha/L4"": [""float"", ""1.1162"", null, null], ""linha/L5"": [""float"", ""1.1172000000000002"", null, null], ""linha/L6"": [""float"", ""1.1182"", null, null], ""linha/L7"": [""float"", ""1.1192000000000002"", null, null]}"
VAR11122,yield,PLANNED,EQUATION:EQ11068,EQUATION:EQ11068,1,1,EXECUTED,VALUE_WITHOUT_STATE,"{""linha_grupo/L1_L3"": [""float"", ""1.1142"", null, null]}"
VAR11123,yield,PLANNED,EQUATION:EQ11069,EQUATION:EQ11069,1,1,EXECUTED,VALUE_WITHOUT_STATE,"{""linha_grupo/L4_L5"": [""float"", ""1.1167000000000002"", null, null]}"
VAR11124,yield,PLANNED,EQUATION:EQ11070,EQUATION:EQ11070,1,1,EXECUTED,VALUE_WITHOUT_STATE,"{""linha_grupo/L6_L7"": [""float"", ""1.1187"", null, null]}"
VAR11125,yield,PLANNED,EQUATION:EQ11071,EQUATION:EQ11071,1,1,EXECUTED,VALUE_WITHOUT_STATE,"{""linha_grupo/L1_L7"": [""float"", ""1.1162037167812677"", null, null]}"
VAR11126,yield,PLANNED,AGGREGATION:AGR-YIELD-OEE_GRUPO-GRUPO-L1_L3-MENSAL-AVERAGE,EQUATION:EQ11068|AGGREGATION:AGR-YIELD-OEE_GRUPO-GRUPO-L1_L3-MENSAL-AVERAGE,2,1,EXECUTED,VALUE_WITHOUT_STATE,"{""linha_grupo/L1_L3"": [""float"", ""1.1142"", null, null]}"
VAR11127,yield,PLANNED,AGGREGATION:AGR-YIELD-OEE_GRUPO-GRUPO-L4_L5-MENSAL-AVERAGE,EQUATION:EQ11069|AGGREGATION:AGR-YIELD-OEE_GRUPO-GRUPO-L4_L5-MENSAL-AVERAGE,2,1,EXECUTED,VALUE_WITHOUT_STATE,"{""linha_grupo/L4_L5"": [""float"", ""1.1167000000000002"", null, null]}"
VAR11128,yield,PLANNED,AGGREGATION:AGR-YIELD-OEE_GRUPO-GRUPO-L6_L7-MENSAL-AVERAGE,EQUATION:EQ11070|AGGREGATION:AGR-YIELD-OEE_GRUPO-GRUPO-L6_L7-MENSAL-AVERAGE,2,1,EXECUTED,VALUE_WITHOUT_STATE,"{""linha_grupo/L6_L7"": [""float"", ""1.1187"", null, null]}"
VAR11129,yield,PLANNED,AGGREGATION:AGR-YIELD-OEE_TOTAL-GRUPO-L1_L7-MENSAL-AVERAGE,EQUATION:EQ11071|AGGREGATION:AGR-YIELD-OEE_TOTAL-GRUPO-L1_L7-MENSAL-AVERAGE,2,1,EXECUTED,VALUE_WITHOUT_STATE,"{""linha_grupo/L1_L7"": [""float"", ""1.1162037167812677"", null, null]}"
VAR11131,yield,PLANNED,EQUATION:EQ11072,EQUATION:EQ11072,1,1,EXECUTED,VALUE_WITHOUT_STATE,"{""linha_grupo/L1_L3"": [""float"", ""1.1210000000000002"", null, null]}"
VAR11132,yield,PLANNED,EQUATION:EQ11073,EQUATION:EQ11073,1,1,EXECUTED,VALUE_WITHOUT_STATE,"{""linha_grupo/L4_L5"": [""float"", ""1.1235"", null, null]}"
VAR11133,yield,PLANNED,EQUATION:EQ11074,EQUATION:EQ11074,1,1,EXECUTED,VALUE_WITHOUT_STATE,"{""linha_grupo/L6_L7"": [""float"", ""1.1255000000000002"", null, null]}"
VAR11134,yield,PLANNED,EQUATION:EQ11075,EQUATION:EQ11075,1,1,EXECUTED,VALUE_WITHOUT_STATE,"{""linha_grupo/L1_L7"": [""float"", ""1.1230036934441368"", null, null]}"
VAR11135,yield,PLANNED,EQUATION:EQ11076,EQUATION:EQ11038|EQUATION:EQ11059|EQUATION:EQ11103|EQUATION:EQ11108|EQUATION:EQ12012|TRANSFER:VAR11031|EQUATION:EQ11025|EQUATION:EQ11086|EQUATION:EQ11129|EQUATION:EQ11076,10,7,EXECUTED,VALUE_WITHOUT_STATE,"{""linha/L1"": [""float"", ""-0.008760260095238882"", null, null], ""linha/L2"": [""float"", ""-0.008782318937450767"", null, null], ""linha/L3"": [""float"", ""-0.008434820988003628"", null, null], ""linha/L4"": [""float"", ""-0.008085454013109792"", null, null], ""linha/L5"": [""float"", ""-0.008105715874940739"", null, null], ""linha/L6"": [""float"", ""-0.008126012196332496"", null, null], ""linha/L7"": [""float"", ""-0.008146343009048838"", null, null]}"
VAR11136,yield,PLANNED,AGGREGATION:AGR-YIELD-PRODUCAO_BASE_PPT-LINHA-L1_L7-MENSAL-AVERAGE,EQUATION:EQ11038|EQUATION:EQ11059|EQUATION:EQ11103|EQUATION:EQ11108|EQUATION:EQ12012|TRANSFER:VAR11031|EQUATION:EQ11025|EQUATION:EQ11086|EQUATION:EQ11129|EQUATION:EQ11076|AGGREGATION:AGR-YIELD-PRODUCAO_BASE_PPT-LINHA-L1_L7-MENSAL-AVERAGE,11,7,EXECUTED,VALUE_WITHOUT_STATE,"{""linha/L1"": [""float"", ""-0.008760260095238882"", null, null], ""linha/L2"": [""float"", ""-0.008782318937450767"", null, null], ""linha/L3"": [""float"", ""-0.008434820988003628"", null, null], ""linha/L4"": [""float"", ""-0.008085454013109792"", null, null], ""linha/L5"": [""float"", ""-0.008105715874940739"", null, null], ""linha/L6"": [""float"", ""-0.008126012196332496"", null, null], ""linha/L7"": [""float"", ""-0.008146343009048838"", null, null]}"
VAR11137,yield,PLANNED,EQUATION:EQ11077,EQUATION:EQ11038|EQUATION:EQ11059|EQUATION:EQ11103|EQUATION:EQ11108|EQUATION:EQ12012|TRANSFER:VAR11031|EQUATION:EQ11025|EQUATION:EQ11086|EQUATION:EQ11129|EQUATION:EQ11076|EQUATION:EQ11077,11,1,EXECUTED,VALUE_WITHOUT_STATE,"{""linha_grupo/L1_L3"": [""float"", ""-0.025977400020693278"", null, null]}"
VAR11138,yield,PLANNED,EQUATION:EQ11078,EQUATION:EQ11038|EQUATION:EQ11059|EQUATION:EQ11103|EQUATION:EQ11108|EQUATION:EQ12012|TRANSFER:VAR11031|EQUATION:EQ11025|EQUATION:EQ11086|EQUATION:EQ11129|EQUATION:EQ11076|EQUATION:EQ11078,11,1,EXECUTED,VALUE_WITHOUT_STATE,"{""linha_grupo/L4_L5"": [""float"", ""-0.01619116988805053"", null, null]}"
VAR11139,yield,PLANNED,EQUATION:EQ11079,EQUATION:EQ11038|EQUATION:EQ11059|EQUATION:EQ11103|EQUATION:EQ11108|EQUATION:EQ12012|TRANSFER:VAR11031|EQUATION:EQ11025|EQUATION:EQ11086|EQUATION:EQ11129|EQUATION:EQ11076|EQUATION:EQ11079,11,1,EXECUTED,VALUE_WITHOUT_STATE,"{""linha_grupo/L6_L7"": [""float"", ""-0.016272355205381332"", null, null]}"
VAR11140,yield,PLANNED,EQUATION:EQ11080,EQUATION:EQ11038|EQUATION:EQ11059|EQUATION:EQ11103|EQUATION:EQ11108|EQUATION:EQ12012|TRANSFER:VAR11031|EQUATION:EQ11025|EQUATION:EQ11086|EQUATION:EQ11129|EQUATION:EQ11076|EQUATION:EQ11080,11,1,EXECUTED,VALUE_WITHOUT_STATE,"{""linha_grupo/L1_L7"": [""float"", ""-0.05844092511412514"", null, null]}"
VAR11141,yield,PLANNED,AGGREGATION:AGR-YIELD-PRODUCAO_BASE_PPT_GRUPO-GRUPO-L1_L3-MENSAL-AVERAGE,EQUATION:EQ11038|EQUATION:EQ11059|EQUATION:EQ11103|EQUATION:EQ11108|EQUATION:EQ12012|TRANSFER:VAR11031|EQUATION:EQ11025|EQUATION:EQ11086|EQUATION:EQ11129|EQUATION:EQ11076|EQUATION:EQ11077|AGGREGATION:AGR-YIELD-PRODUCAO_BASE_PPT_GRUPO-GRUPO-L1_L3-MENSAL-AVERAGE,12,1,EXECUTED,VALUE_WITHOUT_STATE,"{""linha_grupo/L1_L3"": [""float"", ""-0.025977400020693278"", null, null]}"
VAR11142,yield,PLANNED,AGGREGATION:AGR-YIELD-PRODUCAO_BASE_PPT_GRUPO-GRUPO-L4_L5-MENSAL-AVERAGE,EQUATION:EQ11038|EQUATION:EQ11059|EQUATION:EQ11103|EQUATION:EQ11108|EQUATION:EQ12012|TRANSFER:VAR11031|EQUATION:EQ11025|EQUATION:EQ11086|EQUATION:EQ11129|EQUATION:EQ11076|EQUATION:EQ11078|AGGREGATION:AGR-YIELD-PRODUCAO_BASE_PPT_GRUPO-GRUPO-L4_L5-MENSAL-AVERAGE,12,1,EXECUTED,VALUE_WITHOUT_STATE,"{""linha_grupo/L4_L5"": [""float"", ""-0.01619116988805053"", null, null]}"
VAR11143,yield,PLANNED,AGGREGATION:AGR-YIELD-PRODUCAO_BASE_PPT_GRUPO-GRUPO-L6_L7-MENSAL-AVERAGE,EQUATION:EQ11038|EQUATION:EQ11059|EQUATION:EQ11103|EQUATION:EQ11108|EQUATION:EQ12012|TRANSFER:VAR11031|EQUATION:EQ11025|EQUATION:EQ11086|EQUATION:EQ11129|EQUATION:EQ11076|EQUATION:EQ11079|AGGREGATION:AGR-YIELD-PRODUCAO_BASE_PPT_GRUPO-GRUPO-L6_L7-MENSAL-AVERAGE,12,1,EXECUTED,VALUE_WITHOUT_STATE,"{""linha_grupo/L6_L7"": [""float"", ""-0.016272355205381332"", null, null]}"
VAR11144,yield,PLANNED,AGGREGATION:AGR-YIELD-PRODUCAO_BASE_PPT_TOTAL-GRUPO-L1_L7-MENSAL-AVERAGE,EQUATION:EQ11038|EQUATION:EQ11059|EQUATION:EQ11103|EQUATION:EQ11108|EQUATION:EQ12012|TRANSFER:VAR11031|EQUATION:EQ11025|EQUATION:EQ11086|EQUATION:EQ11129|EQUATION:EQ11076|EQUATION:EQ11080|AGGREGATION:AGR-YIELD-PRODUCAO_BASE_PPT_TOTAL-GRUPO-L1_L7-MENSAL-AVERAGE,12,1,EXECUTED,VALUE_WITHOUT_STATE,"{""linha_grupo/L1_L7"": [""float"", ""-0.05844092511412514"", null, null]}"
VAR11145,yield,PLANNED,EQUATION:EQ11081,EQUATION:EQ11038|EQUATION:EQ11134|EQUATION:EQ11081,3,7,EXECUTED,VALUE_WITHOUT_STATE,"{""linha/L1"": [""float"", ""-15.635593928447967"", null, null], ""linha/L2"": [""float"", ""-15.665633470161307"", null, null], ""linha/L3"": [""float"", ""-15.695702792407726"", null, null], ""linha/L4"": [""float"", ""-15.72580189792772"", null, null], ""linha/L5"": [""float"", ""-15.755930789461829"", null, null], ""linha/L6"": [""float"", ""-15.786089469750562"", null, null], ""linha/L7"": [""float"", ""-15.816277941534457"", null, null]}"
VAR11146,yield,PLANNED,EQUATION:EQ11082,EQUATION:EQ11038|EQUATION:EQ11134|EQUATION:EQ11081|EQUATION:EQ11082,4,1,EXECUTED,VALUE_WITHOUT_STATE,"{""linha_grupo/L1_L3"": [""float"", ""-46.996930191017"", null, null]}"
VAR11147,yield,PLANNED,EQUATION:EQ11083,EQUATION:EQ11038|EQUATION:EQ11134|EQUATION:EQ11081|EQUATION:EQ11083,4,1,EXECUTED,VALUE_WITHOUT_STATE,"{""linha_grupo/L4_L5"": [""float"", ""-31.48173268738955"", null, null]}"
VAR11148,yield,PLANNED,EQUATION:EQ11084,EQUATION:EQ11038|EQUATION:EQ11134|EQUATION:EQ11081|EQUATION:EQ11084,4,1,EXECUTED,VALUE_WITHOUT_STATE,"{""linha_grupo/L6_L7"": [""float"", ""-31.60236741128502"", null, null]}"
VAR11149,yield,PLANNED,EQUATION:EQ11085,EQUATION:EQ11038|EQUATION:EQ11134|EQUATION:EQ11081|EQUATION:EQ11085,4,1,EXECUTED,VALUE_WITHOUT_STATE,"{""linha_grupo/L1_L7"": [""float"", ""-110.08103028969157"", null, null]}"
VAR11150,yield,PLANNED,EQUATION:EQ11086,EQUATION:EQ11038|EQUATION:EQ11059|EQUATION:EQ11103|EQUATION:EQ11108|EQUATION:EQ12012|TRANSFER:VAR11031|EQUATION:EQ11025|EQUATION:EQ11086,8,7,EXECUTED,VALUE_WITHOUT_STATE,"{""linha/L1"": [""float"", ""0.6075373687220377"", null, null], ""linha/L2"": [""float"", ""0.6085490571871129"", null, null], ""linha/L3"": [""float"", ""0.5995607456530124"", null, null], ""linha/L4"": [""float"", ""0.5905724341197358"", null, null], ""linha/L5"": [""float"", ""0.5915841225872834"", null, null], ""linha/L6"": [""float"", ""0.5925958110556548"", null, null], ""linha/L7"": [""float"", ""0.5936074995248504"", null, null]}"
VAR11151,yield,PLANNED,AGGREGATION:AGR-YIELD-RATIO_SPENT-LINHA-L1_L7-MENSAL-AVERAGE,EQUATION:EQ11038|EQUATION:EQ11059|EQUATION:EQ11103|EQUATION:EQ11108|EQUATION:EQ12012|TRANSFER:VAR11031|EQUATION:EQ11025|EQUATION:EQ11086|AGGREGATION:AGR-YIELD-RATIO_SPENT-LINHA-L1_L7-MENSAL-AVERAGE,9,7,EXECUTED,VALUE_WITHOUT_STATE,"{""linha/L1"": [""float"", ""0.6075373687220377"", null, null], ""linha/L2"": [""float"", ""0.6085490571871129"", null, null], ""linha/L3"": [""float"", ""0.5995607456530124"", null, null], ""linha/L4"": [""float"", ""0.5905724341197358"", null, null], ""linha/L5"": [""float"", ""0.5915841225872834"", null, null], ""linha/L6"": [""float"", ""0.5925958110556548"", null, null], ""linha/L7"": [""float"", ""0.5936074995248504"", null, null]}"
VAR11152,yield,PLANNED,EQUATION:EQ11087,EQUATION:EQ11038|EQUATION:EQ11059|EQUATION:EQ11103|EQUATION:EQ11108|EQUATION:EQ12012|TRANSFER:VAR11031|EQUATION:EQ11025|EQUATION:EQ11086|EQUATION:EQ11087,9,1,EXECUTED,VALUE_WITHOUT_STATE,"{""linha_grupo/L1_L3"": [""float"", ""0.6052112946203242"", null, null]}"
VAR11153,yield,PLANNED,EQUATION:EQ11088,EQUATION:EQ11038|EQUATION:EQ11059|EQUATION:EQ11103|EQUATION:EQ11108|EQUATION:EQ12012|TRANSFER:VAR11031|EQUATION:EQ11025|EQUATION:EQ11086|EQUATION:EQ11088,9,1,EXECUTED,VALUE_WITHOUT_STATE,"{""linha_grupo/L4_L5"": [""float"", ""0.5910786987193941"", null, null]}"
VAR11154,yield,PLANNED,EQUATION:EQ11089,EQUATION:EQ11038|EQUATION:EQ11059|EQUATION:EQ11103|EQUATION:EQ11108|EQUATION:EQ12012|TRANSFER:VAR11031|EQUATION:EQ11025|EQUATION:EQ11086|EQUATION:EQ11089,9,1,EXECUTED,VALUE_WITHOUT_STATE,"{""linha_grupo/L6_L7"": [""float"", ""0.5931020749490159"", null, null]}"
VAR11155,yield,PLANNED,EQUATION:EQ11090,EQUATION:EQ11038|EQUATION:EQ11059|EQUATION:EQ11103|EQUATION:EQ11108|EQUATION:EQ12012|TRANSFER:VAR11031|EQUATION:EQ11025|EQUATION:EQ11086|EQUATION:EQ11090,9,1,EXECUTED,VALUE_WITHOUT_STATE,"{""linha_grupo/L1_L7"": [""float"", ""0.5976958980892294"", null, null]}"
VAR11156,yield,PLANNED,AGGREGATION:AGR-YIELD-RATIO_SPENT_GRUPO-GRUPO-L1_L3-MENSAL-AVERAGE,EQUATION:EQ11038|EQUATION:EQ11059|EQUATION:EQ11103|EQUATION:EQ11108|EQUATION:EQ12012|TRANSFER:VAR11031|EQUATION:EQ11025|EQUATION:EQ11086|EQUATION:EQ11087|AGGREGATION:AGR-YIELD-RATIO_SPENT_GRUPO-GRUPO-L1_L3-MENSAL-AVERAGE,10,1,EXECUTED,VALUE_WITHOUT_STATE,"{""linha_grupo/L1_L3"": [""float"", ""0.6052112946203242"", null, null]}"
VAR11157,yield,PLANNED,AGGREGATION:AGR-YIELD-RATIO_SPENT_GRUPO-GRUPO-L4_L5-MENSAL-AVERAGE,EQUATION:EQ11038|EQUATION:EQ11059|EQUATION:EQ11103|EQUATION:EQ11108|EQUATION:EQ12012|TRANSFER:VAR11031|EQUATION:EQ11025|EQUATION:EQ11086|EQUATION:EQ11088|AGGREGATION:AGR-YIELD-RATIO_SPENT_GRUPO-GRUPO-L4_L5-MENSAL-AVERAGE,10,1,EXECUTED,VALUE_WITHOUT_STATE,"{""linha_grupo/L4_L5"": [""float"", ""0.5910786987193941"", null, null]}"
VAR11158,yield,PLANNED,AGGREGATION:AGR-YIELD-RATIO_SPENT_GRUPO-GRUPO-L6_L7-MENSAL-AVERAGE,EQUATION:EQ11038|EQUATION:EQ11059|EQUATION:EQ11103|EQUATION:EQ11108|EQUATION:EQ12012|TRANSFER:VAR11031|EQUATION:EQ11025|EQUATION:EQ11086|EQUATION:EQ11089|AGGREGATION:AGR-YIELD-RATIO_SPENT_GRUPO-GRUPO-L6_L7-MENSAL-AVERAGE,10,1,EXECUTED,VALUE_WITHOUT_STATE,"{""linha_grupo/L6_L7"": [""float"", ""0.5931020749490159"", null, null]}"
VAR11159,yield,PLANNED,AGGREGATION:AGR-YIELD-RATIO_SPENT_TOTAL-GRUPO-L1_L7-MENSAL-AVERAGE,EQUATION:EQ11038|EQUATION:EQ11059|EQUATION:EQ11103|EQUATION:EQ11108|EQUATION:EQ12012|TRANSFER:VAR11031|EQUATION:EQ11025|EQUATION:EQ11086|EQUATION:EQ11090|AGGREGATION:AGR-YIELD-RATIO_SPENT_TOTAL-GRUPO-L1_L7-MENSAL-AVERAGE,10,1,EXECUTED,VALUE_WITHOUT_STATE,"{""linha_grupo/L1_L7"": [""float"", ""0.5976958980892294"", null, null]}"
VAR11161,yield,PLANNED,EQUATION:EQ11091,EQUATION:EQ11091,1,1,EXECUTED,VALUE_WITHOUT_STATE,"{""linha_grupo/L1_L3"": [""float"", ""1.131"", null, null]}"
VAR11162,yield,PLANNED,EQUATION:EQ11092,EQUATION:EQ11092,1,1,EXECUTED,VALUE_WITHOUT_STATE,"{""linha_grupo/L4_L5"": [""float"", ""1.1334999999999997"", null, null]}"
VAR11163,yield,PLANNED,EQUATION:EQ11093,EQUATION:EQ11093,1,1,EXECUTED,VALUE_WITHOUT_STATE,"{""linha_grupo/L6_L7"": [""float"", ""1.1355"", null, null]}"
VAR11164,yield,PLANNED,EQUATION:EQ11094,EQUATION:EQ11094,1,1,EXECUTED,VALUE_WITHOUT_STATE,"{""linha_grupo/L1_L7"": [""float"", ""1.133003410059676"", null, null]}"
VAR11166,yield,PLANNED,AGGREGATION:AGR-YIELD-SL_SOLIDS-LINHA-L1_L7-MENSAL-AVERAGE,AGGREGATION:AGR-YIELD-SL_SOLIDS-LINHA-L1_L7-MENSAL-AVERAGE,1,7,EXECUTED,VALUE_WITHOUT_STATE,"{""linha/L1"": [""float"", ""1.1432000000000002"", null, null], ""linha/L2"": [""float"", ""1.1442"", null, null], ""linha/L3"": [""float"", ""1.1452000000000002"", null, null], ""linha/L4"": [""float"", ""1.1462"", null, null], ""linha/L5"": [""float"", ""1.1472000000000002"", null, null], ""linha/L6"": [""float"", ""1.1482"", null, null], ""linha/L7"": [""float"", ""1.1492000000000002"", null, null]}"
VAR11167,yield,PLANNED,EQUATION:EQ11095,EQUATION:EQ11095,1,1,EXECUTED,VALUE_WITHOUT_STATE,"{""linha_grupo/L1_L3"": [""float"", ""1.1442000000000003"", null, null]}"
VAR11168,yield,PLANNED,EQUATION:EQ11096,EQUATION:EQ11096,1,1,EXECUTED,VALUE_WITHOUT_STATE,"{""linha_grupo/L4_L5"": [""float"", ""1.1467"", null, null]}"
VAR11169,yield,PLANNED,EQUATION:EQ11097,EQUATION:EQ11097,1,1,EXECUTED,VALUE_WITHOUT_STATE,"{""linha_grupo/L6_L7"": [""float"", ""1.1487000000000003"", null, null]}"
VAR11170,yield,PLANNED,EQUATION:EQ11098,EQUATION:EQ11038|EQUATION:EQ11059|EQUATION:EQ11103|EQUATION:EQ11108|EQUATION:EQ12012|TRANSFER:VAR11031|EQUATION:EQ11025|EQUATION:EQ11086|EQUATION:EQ11098,9,1,EXECUTED,VALUE_WITHOUT_STATE,"{""linha_grupo/L1_L7"": [""float"", ""1.1461804797835755"", null, null]}"
VAR11171,yield,PLANNED,AGGREGATION:AGR-YIELD-SL_SOLIDS_GRUPO-GRUPO-L1_L3-MENSAL-AVERAGE,EQUATION:EQ11095|AGGREGATION:AGR-YIELD-SL_SOLIDS_GRUPO-GRUPO-L1_L3-MENSAL-AVERAGE,2,1,EXECUTED,VALUE_WITHOUT_STATE,"{""linha_grupo/L1_L3"": [""float"", ""1.1442000000000003"", null, null]}"
VAR11172,yield,PLANNED,AGGREGATION:AGR-YIELD-SL_SOLIDS_GRUPO-GRUPO-L4_L5-MENSAL-AVERAGE,EQUATION:EQ11096|AGGREGATION:AGR-YIELD-SL_SOLIDS_GRUPO-GRUPO-L4_L5-MENSAL-AVERAGE,2,1,EXECUTED,VALUE_WITHOUT_STATE,"{""linha_grupo/L4_L5"": [""float"", ""1.1467"", null, null]}"
VAR11173,yield,PLANNED,AGGREGATION:AGR-YIELD-SL_SOLIDS_GRUPO-GRUPO-L6_L7-MENSAL-AVERAGE,EQUATION:EQ11097|AGGREGATION:AGR-YIELD-SL_SOLIDS_GRUPO-GRUPO-L6_L7-MENSAL-AVERAGE,2,1,EXECUTED,VALUE_WITHOUT_STATE,"{""linha_grupo/L6_L7"": [""float"", ""1.1487000000000003"", null, null]}"
VAR11174,yield,PLANNED,AGGREGATION:AGR-YIELD-SL_SOLIDS_TOTAL-GRUPO-L1_L7-MENSAL-AVERAGE,EQUATION:EQ11038|EQUATION:EQ11059|EQUATION:EQ11103|EQUATION:EQ11108|EQUATION:EQ12012|TRANSFER:VAR11031|EQUATION:EQ11025|EQUATION:EQ11086|EQUATION:EQ11098|AGGREGATION:AGR-YIELD-SL_SOLIDS_TOTAL-GRUPO-L1_L7-MENSAL-AVERAGE,10,1,EXECUTED,VALUE_WITHOUT_STATE,"{""linha_grupo/L1_L7"": [""float"", ""1.1461804797835755"", null, null]}"
VAR11176,yield,PLANNED,EQUATION:EQ11099,EQUATION:EQ11099,1,1,EXECUTED,VALUE_WITHOUT_STATE,"{""linha_grupo/L1_L3"": [""float"", ""1.1509999999999998"", null, null]}"
VAR11177,yield,PLANNED,EQUATION:EQ11100,EQUATION:EQ11100,1,1,EXECUTED,VALUE_WITHOUT_STATE,"{""linha_grupo/L4_L5"": [""float"", ""1.1534999999999997"", null, null]}"
VAR11178,yield,PLANNED,EQUATION:EQ11101,EQUATION:EQ11101,1,1,EXECUTED,VALUE_WITHOUT_STATE,"{""linha_grupo/L6_L7"": [""float"", ""1.1555"", null, null]}"
VAR11179,yield,PLANNED,EQUATION:EQ11102,EQUATION:EQ11102,1,1,EXECUTED,VALUE_WITHOUT_STATE,"{""linha_grupo/L1_L7"": [""float"", ""1.153003530450132"", null, null]}"
VAR11180,yield,PLANNED,EQUATION:EQ11103,EQUATION:EQ11103,1,7,EXECUTED,VALUE_WITHOUT_STATE,"{""linha/L1"": [""float"", ""1.1732"", null, null], ""linha/L2"": [""float"", ""1.1742"", null, null], ""linha/L3"": [""float"", ""1.1752"", null, null], ""linha/L4"": [""float"", ""1.1762"", null, null], ""linha/L5"": [""float"", ""1.1772"", null, null], ""linha/L6"": [""float"", ""1.1782"", null, null], ""linha/L7"": [""float"", ""1.1792"", null, null]}"
VAR11181,yield,PLANNED,AGGREGATION:AGR-YIELD-SSA_MEDIA-LINHA-L1_L7-MENSAL-AVERAGE,EQUATION:EQ11103|AGGREGATION:AGR-YIELD-SSA_MEDIA-LINHA-L1_L7-MENSAL-AVERAGE,2,7,EXECUTED,VALUE_WITHOUT_STATE,"{""linha/L1"": [""float"", ""1.1732"", null, null], ""linha/L2"": [""float"", ""1.1742"", null, null], ""linha/L3"": [""float"", ""1.1752"", null, null], ""linha/L4"": [""float"", ""1.1762"", null, null], ""linha/L5"": [""float"", ""1.1772"", null, null], ""linha/L6"": [""float"", ""1.1782"", null, null], ""linha/L7"": [""float"", ""1.1792"", null, null]}"
VAR11182,yield,PLANNED,EQUATION:EQ11104,EQUATION:EQ11103|EQUATION:EQ11104,2,1,EXECUTED,VALUE_WITHOUT_STATE,"{""linha_grupo/L1_L3"": [""float"", ""1.1742"", null, null]}"
VAR11183,yield,PLANNED,EQUATION:EQ11105,EQUATION:EQ11103|EQUATION:EQ11105,2,1,EXECUTED,VALUE_WITHOUT_STATE,"{""linha_grupo/L4_L5"": [""float"", ""1.1766999999999999"", null, null]}"
VAR11184,yield,PLANNED,EQUATION:EQ11106,EQUATION:EQ11103|EQUATION:EQ11106,2,1,EXECUTED,VALUE_WITHOUT_STATE,"{""linha_grupo/L6_L7"": [""float"", ""1.1787"", null, null]}"
VAR11185,yield,PLANNED,EQUATION:EQ11107,EQUATION:EQ11059|EQUATION:EQ11103|EQUATION:EQ11107,3,1,EXECUTED,VALUE_WITHOUT_STATE,"{""linha_grupo/L1_L7"": [""float"", ""1.1764042831402257"", null, null]}"
VAR11186,yield,PLANNED,AGGREGATION:AGR-YIELD-SSA_MEDIA_GRUPO-GRUPO-L1_L3-MENSAL-AVERAGE,EQUATION:EQ11103|EQUATION:EQ11104|AGGREGATION:AGR-YIELD-SSA_MEDIA_GRUPO-GRUPO-L1_L3-MENSAL-AVERAGE,3,1,EXECUTED,VALUE_WITHOUT_STATE,"{""linha_grupo/L1_L3"": [""float"", ""1.1742"", null, null]}"
VAR11187,yield,PLANNED,AGGREGATION:AGR-YIELD-SSA_MEDIA_GRUPO-GRUPO-L4_L5-MENSAL-AVERAGE,EQUATION:EQ11103|EQUATION:EQ11105|AGGREGATION:AGR-YIELD-SSA_MEDIA_GRUPO-GRUPO-L4_L5-MENSAL-AVERAGE,3,1,EXECUTED,VALUE_WITHOUT_STATE,"{""linha_grupo/L4_L5"": [""float"", ""1.1766999999999999"", null, null]}"
VAR11188,yield,PLANNED,AGGREGATION:AGR-YIELD-SSA_MEDIA_GRUPO-GRUPO-L6_L7-MENSAL-AVERAGE,EQUATION:EQ11103|EQUATION:EQ11106|AGGREGATION:AGR-YIELD-SSA_MEDIA_GRUPO-GRUPO-L6_L7-MENSAL-AVERAGE,3,1,EXECUTED,VALUE_WITHOUT_STATE,"{""linha_grupo/L6_L7"": [""float"", ""1.1787"", null, null]}"
VAR11189,yield,PLANNED,AGGREGATION:AGR-YIELD-SSA_MEDIA_TOTAL-GRUPO-L1_L7-MENSAL-AVERAGE,EQUATION:EQ11059|EQUATION:EQ11103|EQUATION:EQ11107|AGGREGATION:AGR-YIELD-SSA_MEDIA_TOTAL-GRUPO-L1_L7-MENSAL-AVERAGE,4,1,EXECUTED,VALUE_WITHOUT_STATE,"{""linha_grupo/L1_L7"": [""float"", ""1.1764042831402257"", null, null]}"
VAR11190,yield,PLANNED,EQUATION:EQ11108,EQUATION:EQ11108,1,7,EXECUTED,VALUE_WITHOUT_STATE,"{""linha/L1"": [""float"", ""1.18"", null, null], ""linha/L2"": [""float"", ""1.1809999999999998"", null, null], ""linha/L3"": [""float"", ""1.182"", null, null], ""linha/L4"": [""float"", ""1.1829999999999998"", null, null], ""linha/L5"": [""float"", ""1.184"", null, null], ""linha/L6"": [""float"", ""1.1849999999999998"", null, null], ""linha/L7"": [""float"", ""1.186"", null, null]}"
VAR11191,yield,PLANNED,EQUATION:EQ11109,EQUATION:EQ11108|EQUATION:EQ11109,2,1,EXECUTED,VALUE_WITHOUT_STATE,"{""linha_grupo/L1_L3"": [""float"", ""1.1809999999999998"", null, null]}"
VAR11192,yield,PLANNED,EQUATION:EQ11110,EQUATION:EQ11108|EQUATION:EQ11110,2,1,EXECUTED,VALUE_WITHOUT_STATE,"{""linha_grupo/L4_L5"": [""float"", ""1.1835"", null, null]}"
VAR11193,yield,PLANNED,EQUATION:EQ11111,EQUATION:EQ11108|EQUATION:EQ11111,2,1,EXECUTED,VALUE_WITHOUT_STATE,"{""linha_grupo/L6_L7"": [""float"", ""1.1854999999999998"", null, null]}"
VAR11194,yield,PLANNED,EQUATION:EQ11112,EQUATION:EQ11108|EQUATION:EQ11112,2,1,EXECUTED,VALUE_WITHOUT_STATE,"{""linha_grupo/L1_L7"": [""float"", ""1.1830036264732549"", null, null]}"
VAR11196,yield,PLANNED,AGGREGATION:AGR-YIELD-SSA_SF-LINHA-L1_L7-MENSAL-AVERAGE,AGGREGATION:AGR-YIELD-SSA_SF-LINHA-L1_L7-MENSAL-AVERAGE,1,7,EXECUTED,VALUE_WITHOUT_STATE,"{""linha/L1"": [""float"", ""1.1632"", null, null], ""linha/L2"": [""float"", ""1.1642"", null, null], ""linha/L3"": [""float"", ""1.1652"", null, null], ""linha/L4"": [""float"", ""1.1662"", null, null], ""linha/L5"": [""float"", ""1.1672"", null, null], ""linha/L6"": [""float"", ""1.1682"", null, null], ""linha/L7"": [""float"", ""1.1692"", null, null]}"
VAR11197,yield,PLANNED,EQUATION:EQ11113,EQUATION:EQ11113,1,1,EXECUTED,VALUE_WITHOUT_STATE,"{""linha_grupo/L1_L3"": [""float"", ""1.1642"", null, null]}"
VAR11198,yield,PLANNED,EQUATION:EQ11114,EQUATION:EQ11114,1,1,EXECUTED,VALUE_WITHOUT_STATE,"{""linha_grupo/L4_L5"": [""float"", ""1.1667"", null, null]}"
VAR11199,yield,PLANNED,EQUATION:EQ11115,EQUATION:EQ11115,1,1,EXECUTED,VALUE_WITHOUT_STATE,"{""linha_grupo/L6_L7"": [""float"", ""1.1686999999999999"", null, null]}"
VAR11200,yield,PLANNED,EQUATION:EQ11116,EQUATION:EQ11116,1,1,EXECUTED,VALUE_WITHOUT_STATE,"{""linha_grupo/L1_L7"": [""float"", ""1.1662033721126286"", null, null]}"
VAR11201,yield,PLANNED,AGGREGATION:AGR-YIELD-SSA_SF_GRUPO-GRUPO-L1_L3-MENSAL-AVERAGE,EQUATION:EQ11113|AGGREGATION:AGR-YIELD-SSA_SF_GRUPO-GRUPO-L1_L3-MENSAL-AVERAGE,2,1,EXECUTED,VALUE_WITHOUT_STATE,"{""linha_grupo/L1_L3"": [""float"", ""1.1642"", null, null]}"
VAR11202,yield,PLANNED,AGGREGATION:AGR-YIELD-SSA_SF_GRUPO-GRUPO-L4_L5-MENSAL-AVERAGE,EQUATION:EQ11114|AGGREGATION:AGR-YIELD-SSA_SF_GRUPO-GRUPO-L4_L5-MENSAL-AVERAGE,2,1,EXECUTED,VALUE_WITHOUT_STATE,"{""linha_grupo/L4_L5"": [""float"", ""1.1667"", null, null]}"
VAR11203,yield,PLANNED,AGGREGATION:AGR-YIELD-SSA_SF_GRUPO-GRUPO-L6_L7-MENSAL-AVERAGE,EQUATION:EQ11115|AGGREGATION:AGR-YIELD-SSA_SF_GRUPO-GRUPO-L6_L7-MENSAL-AVERAGE,2,1,EXECUTED,VALUE_WITHOUT_STATE,"{""linha_grupo/L6_L7"": [""float"", ""1.1686999999999999"", null, null]}"
VAR11204,yield,PLANNED,AGGREGATION:AGR-YIELD-SSA_SF_TOTAL-GRUPO-L1_L7-MENSAL-AVERAGE,EQUATION:EQ11116|AGGREGATION:AGR-YIELD-SSA_SF_TOTAL-GRUPO-L1_L7-MENSAL-AVERAGE,2,1,EXECUTED,VALUE_WITHOUT_STATE,"{""linha_grupo/L1_L7"": [""float"", ""1.1662033721126286"", null, null]}"
VAR11206,yield,PLANNED,EQUATION:EQ11117,EQUATION:EQ11117,1,1,EXECUTED,VALUE_WITHOUT_STATE,"{""linha_grupo/L1_L3"": [""float"", ""1.171"", null, null]}"
VAR11207,yield,PLANNED,EQUATION:EQ11118,EQUATION:EQ11118,1,1,EXECUTED,VALUE_WITHOUT_STATE,"{""linha_grupo/L4_L5"": [""float"", ""1.1734999999999998"", null, null]}"
VAR11208,yield,PLANNED,EQUATION:EQ11119,EQUATION:EQ11119,1,1,EXECUTED,VALUE_WITHOUT_STATE,"{""linha_grupo/L6_L7"": [""float"", ""1.1755"", null, null]}"
VAR11209,yield,PLANNED,EQUATION:EQ11120,EQUATION:EQ11120,1,1,EXECUTED,VALUE_WITHOUT_STATE,"{""linha_grupo/L1_L7"": [""float"", ""1.1730033528918693"", null, null]}"
VAR11211,yield,PLANNED,AGGREGATION:AGR-YIELD-SSA_SG-LINHA-L1_L7-MENSAL-AVERAGE,AGGREGATION:AGR-YIELD-SSA_SG-LINHA-L1_L7-MENSAL-AVERAGE,1,7,EXECUTED,VALUE_WITHOUT_STATE,"{""linha/L1"": [""float"", ""1.1832"", null, null], ""linha/L2"": [""float"", ""1.1842"", null, null], ""linha/L3"": [""float"", ""1.1852"", null, null], ""linha/L4"": [""float"", ""1.1862"", null, null], ""linha/L5"": [""float"", ""1.1872"", null, null], ""linha/L6"": [""float"", ""1.1882"", null, null], ""linha/L7"": [""float"", ""1.1892"", null, null]}"
VAR11212,yield,PLANNED,EQUATION:EQ11121,EQUATION:EQ11121,1,1,EXECUTED,VALUE_WITHOUT_STATE,"{""linha_grupo/L1_L3"": [""float"", ""1.1842"", null, null]}"
VAR11213,yield,PLANNED,EQUATION:EQ11122,EQUATION:EQ11122,1,1,EXECUTED,VALUE_WITHOUT_STATE,"{""linha_grupo/L4_L5"": [""float"", ""1.1867"", null, null]}"
VAR11214,yield,PLANNED,EQUATION:EQ11123,EQUATION:EQ11123,1,1,EXECUTED,VALUE_WITHOUT_STATE,"{""linha_grupo/L6_L7"": [""float"", ""1.1886999999999999"", null, null]}"
VAR11215,yield,PLANNED,EQUATION:EQ11124,EQUATION:EQ11103|EQUATION:EQ11124,2,1,EXECUTED,VALUE_WITHOUT_STATE,"{""linha_grupo/L1_L7"": [""float"", ""1.18620340078218"", null, null]}"
VAR11216,yield,PLANNED,AGGREGATION:AGR-YIELD-SSA_SG_GRUPO-GRUPO-L1_L3-MENSAL-AVERAGE,EQUATION:EQ11121|AGGREGATION:AGR-YIELD-SSA_SG_GRUPO-GRUPO-L1_L3-MENSAL-AVERAGE,2,1,EXECUTED,VALUE_WITHOUT_STATE,"{""linha_grupo/L1_L3"": [""float"", ""1.1842"", null, null]}"
VAR11217,yield,PLANNED,AGGREGATION:AGR-YIELD-SSA_SG_GRUPO-GRUPO-L4_L5-MENSAL-AVERAGE,EQUATION:EQ11122|AGGREGATION:AGR-YIELD-SSA_SG_GRUPO-GRUPO-L4_L5-MENSAL-AVERAGE,2,1,EXECUTED,VALUE_WITHOUT_STATE,"{""linha_grupo/L4_L5"": [""float"", ""1.1867"", null, null]}"
VAR11218,yield,PLANNED,AGGREGATION:AGR-YIELD-SSA_SG_GRUPO-GRUPO-L6_L7-MENSAL-AVERAGE,EQUATION:EQ11123|AGGREGATION:AGR-YIELD-SSA_SG_GRUPO-GRUPO-L6_L7-MENSAL-AVERAGE,2,1,EXECUTED,VALUE_WITHOUT_STATE,"{""linha_grupo/L6_L7"": [""float"", ""1.1886999999999999"", null, null]}"
VAR11219,yield,PLANNED,AGGREGATION:AGR-YIELD-SSA_SG_TOTAL-GRUPO-L1_L7-MENSAL-AVERAGE,EQUATION:EQ11103|EQUATION:EQ11124|AGGREGATION:AGR-YIELD-SSA_SG_TOTAL-GRUPO-L1_L7-MENSAL-AVERAGE,3,1,EXECUTED,VALUE_WITHOUT_STATE,"{""linha_grupo/L1_L7"": [""float"", ""1.18620340078218"", null, null]}"
VAR11221,yield,PLANNED,EQUATION:EQ11125,EQUATION:EQ11125,1,1,EXECUTED,VALUE_WITHOUT_STATE,"{""linha_grupo/L1_L3"": [""float"", ""1.1909999999999998"", null, null]}"
VAR11222,yield,PLANNED,EQUATION:EQ11126,EQUATION:EQ11126,1,1,EXECUTED,VALUE_WITHOUT_STATE,"{""linha_grupo/L4_L5"": [""float"", ""1.1934999999999998"", null, null]}"
VAR11223,yield,PLANNED,EQUATION:EQ11127,EQUATION:EQ11127,1,1,EXECUTED,VALUE_WITHOUT_STATE,"{""linha_grupo/L6_L7"": [""float"", ""1.1955"", null, null]}"
VAR11224,yield,PLANNED,EQUATION:EQ11128,EQUATION:EQ11108|EQUATION:EQ11128,2,1,EXECUTED,VALUE_WITHOUT_STATE,"{""linha_grupo/L1_L7"": [""float"", ""1.1930033812341505"", null, null]}"
VAR11226,yield,PLANNED,EQUATION:EQ11129,EQUATION:EQ11038|EQUATION:EQ11059|EQUATION:EQ11103|EQUATION:EQ11108|EQUATION:EQ12012|TRANSFER:VAR11031|EQUATION:EQ11025|EQUATION:EQ11086|EQUATION:EQ11129,9,7,EXECUTED,VALUE_WITHOUT_STATE,"{""linha/L1"": [""float"", ""-0.2604544114869315"", null, null], ""linha/L2"": [""float"", ""-0.260675538374139"", null, null], ""linha/L3"": [""float"", ""-0.24994468863917918"", null, null], ""linha/L4"": [""float"", ""-0.23919386228205453"", null, null], ""linha/L5"": [""float"", ""-0.23939505930276728"", null, null], ""linha/L6"": [""float"", ""-0.23959627970132025"", null, null], ""linha/L7"": [""float"", ""-0.23979752347771544"", null, null]}"
VAR11227,yield,PLANNED,AGGREGATION:AGR-YIELD-YIELD-LINHA-L1_L7-MENSAL-AVERAGE,EQUATION:EQ11038|EQUATION:EQ11059|EQUATION:EQ11103|EQUATION:EQ11108|EQUATION:EQ12012|TRANSFER:VAR11031|EQUATION:EQ11025|EQUATION:EQ11086|EQUATION:EQ11129|AGGREGATION:AGR-YIELD-YIELD-LINHA-L1_L7-MENSAL-AVERAGE,10,7,EXECUTED,VALUE_WITHOUT_STATE,"{""linha/L1"": [""float"", ""-0.2604544114869315"", null, null], ""linha/L2"": [""float"", ""-0.260675538374139"", null, null], ""linha/L3"": [""float"", ""-0.24994468863917918"", null, null], ""linha/L4"": [""float"", ""-0.23919386228205453"", null, null], ""linha/L5"": [""float"", ""-0.23939505930276728"", null, null], ""linha/L6"": [""float"", ""-0.23959627970132025"", null, null], ""linha/L7"": [""float"", ""-0.23979752347771544"", null, null]}"
VAR11228,yield,PLANNED,EQUATION:EQ11130,EQUATION:EQ11038|EQUATION:EQ11059|EQUATION:EQ11103|EQUATION:EQ11108|EQUATION:EQ12012|TRANSFER:VAR11031|EQUATION:EQ11025|EQUATION:EQ11086|EQUATION:EQ11129|EQUATION:EQ11130,10,1,EXECUTED,VALUE_WITHOUT_STATE,"{""linha_grupo/L1_L3"": [""float"", ""-0.25701904386378355"", null, null]}"
VAR11229,yield,PLANNED,EQUATION:EQ11131,EQUATION:EQ11038|EQUATION:EQ11059|EQUATION:EQ11103|EQUATION:EQ11108|EQUATION:EQ12012|TRANSFER:VAR11031|EQUATION:EQ11025|EQUATION:EQ11086|EQUATION:EQ11129|EQUATION:EQ11131,10,1,EXECUTED,VALUE_WITHOUT_STATE,"{""linha_grupo/L4_L5"": [""float"", ""-0.23929454439162776"", null, null]}"
VAR11230,yield,PLANNED,EQUATION:EQ11132,EQUATION:EQ11038|EQUATION:EQ11059|EQUATION:EQ11103|EQUATION:EQ11108|EQUATION:EQ12012|TRANSFER:VAR11031|EQUATION:EQ11025|EQUATION:EQ11086|EQUATION:EQ11129|EQUATION:EQ11132,10,1,EXECUTED,VALUE_WITHOUT_STATE,"{""linha_grupo/L6_L7"": [""float"", ""-0.23969698506750228"", null, null]}"
VAR11231,yield,PLANNED,EQUATION:EQ11133,EQUATION:EQ11038|EQUATION:EQ11059|EQUATION:EQ11103|EQUATION:EQ11108|EQUATION:EQ12012|TRANSFER:VAR11031|EQUATION:EQ11025|EQUATION:EQ11086|EQUATION:EQ11129|EQUATION:EQ11133,10,1,EXECUTED,VALUE_WITHOUT_STATE,"{""linha_grupo/L1_L7"": [""float"", ""-0.24698096216170362"", null, null]}"
VAR11232,yield,PLANNED,AGGREGATION:AGR-YIELD-YIELD_GRUPO-GRUPO-L1_L3-MENSAL-AVERAGE,EQUATION:EQ11038|EQUATION:EQ11059|EQUATION:EQ11103|EQUATION:EQ11108|EQUATION:EQ12012|TRANSFER:VAR11031|EQUATION:EQ11025|EQUATION:EQ11086|EQUATION:EQ11129|EQUATION:EQ11130|AGGREGATION:AGR-YIELD-YIELD_GRUPO-GRUPO-L1_L3-MENSAL-AVERAGE,11,1,EXECUTED,VALUE_WITHOUT_STATE,"{""linha_grupo/L1_L3"": [""float"", ""-0.25701904386378355"", null, null]}"
VAR11233,yield,PLANNED,AGGREGATION:AGR-YIELD-YIELD_GRUPO-GRUPO-L4_L5-MENSAL-AVERAGE,EQUATION:EQ11038|EQUATION:EQ11059|EQUATION:EQ11103|EQUATION:EQ11108|EQUATION:EQ12012|TRANSFER:VAR11031|EQUATION:EQ11025|EQUATION:EQ11086|EQUATION:EQ11129|EQUATION:EQ11131|AGGREGATION:AGR-YIELD-YIELD_GRUPO-GRUPO-L4_L5-MENSAL-AVERAGE,11,1,EXECUTED,VALUE_WITHOUT_STATE,"{""linha_grupo/L4_L5"": [""float"", ""-0.23929454439162776"", null, null]}"
VAR11234,yield,PLANNED,AGGREGATION:AGR-YIELD-YIELD_GRUPO-GRUPO-L6_L7-MENSAL-AVERAGE,EQUATION:EQ11038|EQUATION:EQ11059|EQUATION:EQ11103|EQUATION:EQ11108|EQUATION:EQ12012|TRANSFER:VAR11031|EQUATION:EQ11025|EQUATION:EQ11086|EQUATION:EQ11129|EQUATION:EQ11132|AGGREGATION:AGR-YIELD-YIELD_GRUPO-GRUPO-L6_L7-MENSAL-AVERAGE,11,1,EXECUTED,VALUE_WITHOUT_STATE,"{""linha_grupo/L6_L7"": [""float"", ""-0.23969698506750228"", null, null]}"
VAR11235,yield,PLANNED,AGGREGATION:AGR-YIELD-YIELD_TOTAL-GRUPO-L1_L7-MENSAL-AVERAGE,EQUATION:EQ11038|EQUATION:EQ11059|EQUATION:EQ11103|EQUATION:EQ11108|EQUATION:EQ12012|TRANSFER:VAR11031|EQUATION:EQ11025|EQUATION:EQ11086|EQUATION:EQ11129|EQUATION:EQ11133|AGGREGATION:AGR-YIELD-YIELD_TOTAL-GRUPO-L1_L7-MENSAL-AVERAGE,11,1,EXECUTED,VALUE_WITHOUT_STATE,"{""linha_grupo/L1_L7"": [""float"", ""-0.24698096216170362"", null, null]}"
VAR11236,yield,PLANNED,EQUATION:EQ11134,EQUATION:EQ11134,1,7,EXECUTED,VALUE_WITHOUT_STATE,"{""linha/L1"": [""float"", ""-19.932099999999956"", null, null], ""linha/L2"": [""float"", ""-19.932753999999957"", null, null], ""linha/L3"": [""float"", ""-19.933407999999957"", null, null], ""linha/L4"": [""float"", ""-19.934061999999958"", null, null], ""linha/L5"": [""float"", ""-19.934715999999955"", null, null], ""linha/L6"": [""float"", ""-19.935369999999956"", null, null], ""linha/L7"": [""float"", ""-19.936023999999957"", null, null]}"
VAR11237,yield,PLANNED,EQUATION:EQ11135,EQUATION:EQ11038|EQUATION:EQ11134|EQUATION:EQ11135,3,1,EXECUTED,VALUE_WITHOUT_STATE,"{""linha_grupo/L1_L3"": [""float"", ""-19.93275482215777"", null, null]}"
VAR11238,yield,PLANNED,EQUATION:EQ11136,EQUATION:EQ11038|EQUATION:EQ11134|EQUATION:EQ11136,3,1,EXECUTED,VALUE_WITHOUT_STATE,"{""linha_grupo/L4_L5"": [""float"", ""-19.934389307583988"", null, null]}"
VAR11239,yield,PLANNED,EQUATION:EQ11137,EQUATION:EQ11038|EQUATION:EQ11134|EQUATION:EQ11137,3,1,EXECUTED,VALUE_WITHOUT_STATE,"{""linha_grupo/L6_L7"": [""float"", ""-19.935697307006226"", null, null]}"
VAR11240,yield,PLANNED,EQUATION:EQ11138,EQUATION:EQ11038|EQUATION:EQ11134|EQUATION:EQ11138,3,1,EXECUTED,VALUE_WITHOUT_STATE,"{""linha_grupo/L1_L7"": [""float"", ""-19.93406692364456"", null, null]}"
VAR12001,production,PLANNED,EQUATION:EQ12001,EQUATION:EQ11038|EQUATION:EQ11059|EQUATION:EQ11103|EQUATION:EQ11108|EQUATION:EQ12010|EQUATION:EQ12011|EQUATION:EQ12009|EQUATION:EQ12012|TRANSFER:VAR11031|EQUATION:EQ11025|EQUATION:EQ11086|EQUATION:EQ11129|TRANSFER:VAR12062|EQUATION:EQ12016|EQUATION:EQ12017|EQUATION:EQ12018|EQUATION:EQ12019|EQUATION:EQ12020|EQUATION:EQ12021|EQUATION:EQ12022|EQUATION:EQ12024|EQUATION:EQ12002|EQUATION:EQ12003|EQUATION:EQ12004|EQUATION:EQ12005|EQUATION:EQ12006|EQUATION:EQ12007|EQUATION:EQ12001,28,1,EXECUTED,VALUE_WITHOUT_STATE,"{""linha_grupo/L1_L7"": [""float"", ""0.015382707068600164"", null, null]}"
VAR12002,production,PLANNED,AGGREGATION:AGR-PRODUCTION-CONSUMO_BAUXITA-GRUPO-L1_L7-MENSAL-AVERAGE,EQUATION:EQ11038|EQUATION:EQ11059|EQUATION:EQ11103|EQUATION:EQ11108|EQUATION:EQ12010|EQUATION:EQ12011|EQUATION:EQ12009|EQUATION:EQ12012|TRANSFER:VAR11031|EQUATION:EQ11025|EQUATION:EQ11086|EQUATION:EQ11129|TRANSFER:VAR12062|EQUATION:EQ12016|EQUATION:EQ12017|EQUATION:EQ12018|EQUATION:EQ12019|EQUATION:EQ12020|EQUATION:EQ12021|EQUATION:EQ12022|EQUATION:EQ12024|EQUATION:EQ12002|EQUATION:EQ12003|EQUATION:EQ12004|EQUATION:EQ12005|EQUATION:EQ12006|EQUATION:EQ12007|EQUATION:EQ12001|AGGREGATION:AGR-PRODUCTION-CONSUMO_BAUXITA-GRUPO-L1_L7-MENSAL-AVERAGE,29,1,EXECUTED,VALUE_WITHOUT_STATE,"{""linha_grupo/L1_L7"": [""float"", ""0.015382707068600164"", null, null]}"
VAR12003,production,PLANNED,AGGREGATION:AGR-PRODUCTION-CONSUMO_BAUXITA_SOMATORIO-GRUPO-L1_L7-MENSAL-SUM,EQUATION:EQ11038|EQUATION:EQ11059|EQUATION:EQ11103|EQUATION:EQ11108|EQUATION:EQ12010|EQUATION:EQ12011|EQUATION:EQ12009|EQUATION:EQ12012|TRANSFER:VAR11031|EQUATION:EQ11025|EQUATION:EQ11086|EQUATION:EQ11129|TRANSFER:VAR12062|EQUATION:EQ12016|EQUATION:EQ12017|EQUATION:EQ12018|EQUATION:EQ12019|EQUATION:EQ12020|EQUATION:EQ12021|EQUATION:EQ12022|EQUATION:EQ12024|EQUATION:EQ12002|EQUATION:EQ12003|EQUATION:EQ12004|EQUATION:EQ12005|EQUATION:EQ12006|EQUATION:EQ12007|EQUATION:EQ12001|AGGREGATION:AGR-PRODUCTION-CONSUMO_BAUXITA_SOMATORIO-GRUPO-L1_L7-MENSAL-SUM,29,1,EXECUTED,VALUE_WITHOUT_STATE,"{""linha_grupo/L1_L7"": [""float"", ""0.015382707068600164"", null, null]}"
VAR12004,production,PLANNED,AGGREGATION:AGR-PRODUCTION-CONSUMO_BAUXITA-GRUPO-L1_L7-ANUAL-SUM,EQUATION:EQ11038|EQUATION:EQ11059|EQUATION:EQ11103|EQUATION:EQ11108|EQUATION:EQ12010|EQUATION:EQ12011|EQUATION:EQ12009|EQUATION:EQ12012|TRANSFER:VAR11031|EQUATION:EQ11025|EQUATION:EQ11086|EQUATION:EQ11129|TRANSFER:VAR12062|EQUATION:EQ12016|EQUATION:EQ12017|EQUATION:EQ12018|EQUATION:EQ12019|EQUATION:EQ12020|EQUATION:EQ12021|EQUATION:EQ12022|EQUATION:EQ12024|EQUATION:EQ12002|EQUATION:EQ12003|EQUATION:EQ12004|EQUATION:EQ12005|EQUATION:EQ12006|EQUATION:EQ12007|EQUATION:EQ12001|AGGREGATION:AGR-PRODUCTION-CONSUMO_BAUXITA-GRUPO-L1_L7-ANUAL-SUM,29,1,EXECUTED,VALUE_WITHOUT_STATE,"{""linha_grupo/L1_L7"": [""float"", ""0.49062094916252486"", null, null]}"
VAR12005,production,PLANNED,EQUATION:EQ12002,EQUATION:EQ11038|EQUATION:EQ11059|EQUATION:EQ11103|EQUATION:EQ11108|EQUATION:EQ12011|EQUATION:EQ12009|EQUATION:EQ12012|TRANSFER:VAR11031|EQUATION:EQ11025|EQUATION:EQ11086|EQUATION:EQ11129|TRANSFER:VAR12062|EQUATION:EQ12016|EQUATION:EQ12017|EQUATION:EQ12018|EQUATION:EQ12019|EQUATION:EQ12020|EQUATION:EQ12021|EQUATION:EQ12022|EQUATION:EQ12024|EQUATION:EQ12002,21,7,EXECUTED,VALUE_WITHOUT_STATE,"{""linha/L1"": [""float"", ""0.0006886514961080963"", null, null], ""linha/L2"": [""float"", ""0.0006897258148019765"", null, null], ""linha/L3"": [""float"", ""0.0006908009680970794"", null, null], ""linha/L4"": [""float"", ""0.0006811849260047498"", null, null], ""linha/L5"": [""float"", ""0.0006822451076554884"", null, null], ""linha/L6"": [""float"", ""0.0006302076470748774"", null, null], ""linha/L7"": [""float"", ""0.0006311869596561085"", null, null]}"
VAR12006,production,PLANNED,EQUATION:EQ12003,EQUATION:EQ11038|EQUATION:EQ11059|EQUATION:EQ11103|EQUATION:EQ11108|EQUATION:EQ12011|EQUATION:EQ12009|EQUATION:EQ12012|TRANSFER:VAR11031|EQUATION:EQ11025|EQUATION:EQ11086|EQUATION:EQ11129|TRANSFER:VAR12062|EQUATION:EQ12016|EQUATION:EQ12017|EQUATION:EQ12018|EQUATION:EQ12019|EQUATION:EQ12020|EQUATION:EQ12021|EQUATION:EQ12022|EQUATION:EQ12024|EQUATION:EQ12002|EQUATION:EQ12003,22,1,EXECUTED,VALUE_WITHOUT_STATE,"{""linha_grupo/L1_L7"": [""float"", ""0.004694002919398376"", null, null]}"
VAR12007,production,PLANNED,AGGREGATION:AGR-PRODUCTION-CONSUMO_CBG_GRUPO-GRUPO-L1_L7-MENSAL-AVERAGE,EQUATION:EQ11038|EQUATION:EQ11059|EQUATION:EQ11103|EQUATION:EQ11108|EQUATION:EQ12011|EQUATION:EQ12009|EQUATION:EQ12012|TRANSFER:VAR11031|EQUATION:EQ11025|EQUATION:EQ11086|EQUATION:EQ11129|TRANSFER:VAR12062|EQUATION:EQ12016|EQUATION:EQ12017|EQUATION:EQ12018|EQUATION:EQ12019|EQUATION:EQ12020|EQUATION:EQ12021|EQUATION:EQ12022|EQUATION:EQ12024|EQUATION:EQ12002|EQUATION:EQ12003|AGGREGATION:AGR-PRODUCTION-CONSUMO_CBG_GRUPO-GRUPO-L1_L7-MENSAL-AVERAGE,23,1,EXECUTED,VALUE_WITHOUT_STATE,"{""linha_grupo/L1_L7"": [""float"", ""0.004694002919398376"", null, null]}"
VAR12008,production,PLANNED,AGGREGATION:AGR-PRODUCTION-CONSUMO_CBG_GRUPO_SOMATORIO-GRUPO-L1_L7-MENSAL-SUM,EQUATION:EQ11038|EQUATION:EQ11059|EQUATION:EQ11103|EQUATION:EQ11108|EQUATION:EQ12011|EQUATION:EQ12009|EQUATION:EQ12012|TRANSFER:VAR11031|EQUATION:EQ11025|EQUATION:EQ11086|EQUATION:EQ11129|TRANSFER:VAR12062|EQUATION:EQ12016|EQUATION:EQ12017|EQUATION:EQ12018|EQUATION:EQ12019|EQUATION:EQ12020|EQUATION:EQ12021|EQUATION:EQ12022|EQUATION:EQ12024|EQUATION:EQ12002|EQUATION:EQ12003|AGGREGATION:AGR-PRODUCTION-CONSUMO_CBG_GRUPO_SOMATORIO-GRUPO-L1_L7-MENSAL-SUM,23,1,EXECUTED,VALUE_WITHOUT_STATE,"{""linha_grupo/L1_L7"": [""float"", ""0.004694002919398376"", null, null]}"
VAR12009,production,PLANNED,AGGREGATION:AGR-PRODUCTION-CONSUMO_CBG_GRUPO-GRUPO-L1_L7-ANUAL-SUM,EQUATION:EQ11038|EQUATION:EQ11059|EQUATION:EQ11103|EQUATION:EQ11108|EQUATION:EQ12011|EQUATION:EQ12009|EQUATION:EQ12012|TRANSFER:VAR11031|EQUATION:EQ11025|EQUATION:EQ11086|EQUATION:EQ11129|TRANSFER:VAR12062|EQUATION:EQ12016|EQUATION:EQ12017|EQUATION:EQ12018|EQUATION:EQ12019|EQUATION:EQ12020|EQUATION:EQ12021|EQUATION:EQ12022|EQUATION:EQ12024|EQUATION:EQ12002|EQUATION:EQ12003|AGGREGATION:AGR-PRODUCTION-CONSUMO_CBG_GRUPO-GRUPO-L1_L7-ANUAL-SUM,23,1,EXECUTED,VALUE_WITHOUT_STATE,"{""linha_grupo/L1_L7"": [""float"", ""0.14978272126062753"", null, null]}"
VAR12011,production,PLANNED,EQUATION:EQ12004,EQUATION:EQ11038|EQUATION:EQ11059|EQUATION:EQ11103|EQUATION:EQ11108|EQUATION:EQ12010|EQUATION:EQ12012|TRANSFER:VAR11031|EQUATION:EQ11025|EQUATION:EQ11086|EQUATION:EQ11129|TRANSFER:VAR12062|EQUATION:EQ12016|EQUATION:EQ12017|EQUATION:EQ12018|EQUATION:EQ12019|EQUATION:EQ12020|EQUATION:EQ12021|EQUATION:EQ12022|EQUATION:EQ12024|EQUATION:EQ12004,20,7,EXECUTED,VALUE_WITHOUT_STATE,"{""linha/L1"": [""float"", ""0.0006888744117111239"", null, null], ""linha/L2"": [""float"", ""0.0006899444326940272"", null, null], ""linha/L3"": [""float"", ""0.0006910152817230068"", null, null], ""linha/L4"": [""float"", ""0.0006813916834978452"", null, null], ""linha/L5"": [""float"", ""0.0006824476144914273"", null, null], ""linha/L6"": [""float"", ""0.0006303904911775027"", null, null], ""linha/L7"": [""float"", ""0.000631365871507687"", null, null]}"
VAR12012,production,PLANNED,EQUATION:EQ12005,EQUATION:EQ11038|EQUATION:EQ11059|EQUATION:EQ11103|EQUATION:EQ11108|EQUATION:EQ12010|EQUATION:EQ12012|TRANSFER:VAR11031|EQUATION:EQ11025|EQUATION:EQ11086|EQUATION:EQ11129|TRANSFER:VAR12062|EQUATION:EQ12016|EQUATION:EQ12017|EQUATION:EQ12018|EQUATION:EQ12019|EQUATION:EQ12020|EQUATION:EQ12021|EQUATION:EQ12022|EQUATION:EQ12024|EQUATION:EQ12004|EQUATION:EQ12005,21,1,EXECUTED,VALUE_WITHOUT_STATE,"{""linha_grupo/L1_L7"": [""float"", ""0.0046954297868026205"", null, null]}"
VAR12013,production,PLANNED,AGGREGATION:AGR-PRODUCTION-CONSUMO_MPSA_GRUPO-GRUPO-L1_L7-MENSAL-AVERAGE,EQUATION:EQ11038|EQUATION:EQ11059|EQUATION:EQ11103|EQUATION:EQ11108|EQUATION:EQ12010|EQUATION:EQ12012|TRANSFER:VAR11031|EQUATION:EQ11025|EQUATION:EQ11086|EQUATION:EQ11129|TRANSFER:VAR12062|EQUATION:EQ12016|EQUATION:EQ12017|EQUATION:EQ12018|EQUATION:EQ12019|EQUATION:EQ12020|EQUATION:EQ12021|EQUATION:EQ12022|EQUATION:EQ12024|EQUATION:EQ12004|EQUATION:EQ12005|AGGREGATION:AGR-PRODUCTION-CONSUMO_MPSA_GRUPO-GRUPO-L1_L7-MENSAL-AVERAGE,22,1,EXECUTED,VALUE_WITHOUT_STATE,"{""linha_grupo/L1_L7"": [""float"", ""0.0046954297868026205"", null, null]}"
VAR12014,production,PLANNED,AGGREGATION:AGR-PRODUCTION-CONSUMO_MPSA_GRUPO_SOMATORIO-GRUPO-L1_L7-MENSAL-SUM,EQUATION:EQ11038|EQUATION:EQ11059|EQUATION:EQ11103|EQUATION:EQ11108|EQUATION:EQ12010|EQUATION:EQ12012|TRANSFER:VAR11031|EQUATION:EQ11025|EQUATION:EQ11086|EQUATION:EQ11129|TRANSFER:VAR12062|EQUATION:EQ12016|EQUATION:EQ12017|EQUATION:EQ12018|EQUATION:EQ12019|EQUATION:EQ12020|EQUATION:EQ12021|EQUATION:EQ12022|EQUATION:EQ12024|EQUATION:EQ12004|EQUATION:EQ12005|AGGREGATION:AGR-PRODUCTION-CONSUMO_MPSA_GRUPO_SOMATORIO-GRUPO-L1_L7-MENSAL-SUM,22,1,EXECUTED,VALUE_WITHOUT_STATE,"{""linha_grupo/L1_L7"": [""float"", ""0.0046954297868026205"", null, null]}"
VAR12015,production,PLANNED,AGGREGATION:AGR-PRODUCTION-CONSUMO_MPSA_GRUPO-GRUPO-L1_L7-ANUAL-SUM,EQUATION:EQ11038|EQUATION:EQ11059|EQUATION:EQ11103|EQUATION:EQ11108|EQUATION:EQ12010|EQUATION:EQ12012|TRANSFER:VAR11031|EQUATION:EQ11025|EQUATION:EQ11086|EQUATION:EQ11129|TRANSFER:VAR12062|EQUATION:EQ12016|EQUATION:EQ12017|EQUATION:EQ12018|EQUATION:EQ12019|EQUATION:EQ12020|EQUATION:EQ12021|EQUATION:EQ12022|EQUATION:EQ12024|EQUATION:EQ12004|EQUATION:EQ12005|AGGREGATION:AGR-PRODUCTION-CONSUMO_MPSA_GRUPO-GRUPO-L1_L7-ANUAL-SUM,22,1,EXECUTED,VALUE_WITHOUT_STATE,"{""linha_grupo/L1_L7"": [""float"", ""0.14982836535575045"", null, null]}"
VAR12017,production,PLANNED,EQUATION:EQ12006,EQUATION:EQ11038|EQUATION:EQ11059|EQUATION:EQ11103|EQUATION:EQ11108|EQUATION:EQ12011|EQUATION:EQ12012|TRANSFER:VAR11031|EQUATION:EQ11025|EQUATION:EQ11086|EQUATION:EQ11129|TRANSFER:VAR12062|EQUATION:EQ12016|EQUATION:EQ12017|EQUATION:EQ12018|EQUATION:EQ12019|EQUATION:EQ12020|EQUATION:EQ12021|EQUATION:EQ12022|EQUATION:EQ12024|EQUATION:EQ12006,20,7,EXECUTED,VALUE_WITHOUT_STATE,"{""linha/L1"": [""float"", ""0.0008772451906780681"", null, null], ""linha/L2"": [""float"", ""0.0008793030728944073"", null, null], ""linha/L3"": [""float"", ""0.0008813641680316136"", null, null], ""linha/L4"": [""float"", ""0.0008697762768484686"", null, null], ""linha/L5"": [""float"", ""0.0008718118544602289"", null, null], ""linha/L6"": [""float"", ""0.0008059452760225973"", null, null], ""linha/L7"": [""float"", ""0.0008078285234637845"", null, null]}"
VAR12018,production,PLANNED,EQUATION:EQ12007,EQUATION:EQ11038|EQUATION:EQ11059|EQUATION:EQ11103|EQUATION:EQ11108|EQUATION:EQ12011|EQUATION:EQ12012|TRANSFER:VAR11031|EQUATION:EQ11025|EQUATION:EQ11086|EQUATION:EQ11129|TRANSFER:VAR12062|EQUATION:EQ12016|EQUATION:EQ12017|EQUATION:EQ12018|EQUATION:EQ12019|EQUATION:EQ12020|EQUATION:EQ12021|EQUATION:EQ12022|EQUATION:EQ12024|EQUATION:EQ12006|EQUATION:EQ12007,21,1,EXECUTED,VALUE_WITHOUT_STATE,"{""linha_grupo/L1_L7"": [""float"", ""0.005993274362399168"", null, null]}"
VAR12019,production,PLANNED,AGGREGATION:AGR-PRODUCTION-CONSUMO_MRN_GRUPO-GRUPO-L1_L7-MENSAL-AVERAGE,EQUATION:EQ11038|EQUATION:EQ11059|EQUATION:EQ11103|EQUATION:EQ11108|EQUATION:EQ12011|EQUATION:EQ12012|TRANSFER:VAR11031|EQUATION:EQ11025|EQUATION:EQ11086|EQUATION:EQ11129|TRANSFER:VAR12062|EQUATION:EQ12016|EQUATION:EQ12017|EQUATION:EQ12018|EQUATION:EQ12019|EQUATION:EQ12020|EQUATION:EQ12021|EQUATION:EQ12022|EQUATION:EQ12024|EQUATION:EQ12006|EQUATION:EQ12007|AGGREGATION:AGR-PRODUCTION-CONSUMO_MRN_GRUPO-GRUPO-L1_L7-MENSAL-AVERAGE,22,1,EXECUTED,VALUE_WITHOUT_STATE,"{""linha_grupo/L1_L7"": [""float"", ""0.005993274362399168"", null, null]}"
VAR12020,production,PLANNED,AGGREGATION:AGR-PRODUCTION-CONSUMO_MRN_GRUPO_SOMATORIO-GRUPO-L1_L7-MENSAL-SUM,EQUATION:EQ11038|EQUATION:EQ11059|EQUATION:EQ11103|EQUATION:EQ11108|EQUATION:EQ12011|EQUATION:EQ12012|TRANSFER:VAR11031|EQUATION:EQ11025|EQUATION:EQ11086|EQUATION:EQ11129|TRANSFER:VAR12062|EQUATION:EQ12016|EQUATION:EQ12017|EQUATION:EQ12018|EQUATION:EQ12019|EQUATION:EQ12020|EQUATION:EQ12021|EQUATION:EQ12022|EQUATION:EQ12024|EQUATION:EQ12006|EQUATION:EQ12007|AGGREGATION:AGR-PRODUCTION-CONSUMO_MRN_GRUPO_SOMATORIO-GRUPO-L1_L7-MENSAL-SUM,22,1,EXECUTED,VALUE_WITHOUT_STATE,"{""linha_grupo/L1_L7"": [""float"", ""0.005993274362399168"", null, null]}"
VAR12021,production,PLANNED,AGGREGATION:AGR-PRODUCTION-CONSUMO_MRN_GRUPO-GRUPO-L1_L7-ANUAL-SUM,EQUATION:EQ11038|EQUATION:EQ11059|EQUATION:EQ11103|EQUATION:EQ11108|EQUATION:EQ12011|EQUATION:EQ12012|TRANSFER:VAR11031|EQUATION:EQ11025|EQUATION:EQ11086|EQUATION:EQ11129|TRANSFER:VAR12062|EQUATION:EQ12016|EQUATION:EQ12017|EQUATION:EQ12018|EQUATION:EQ12019|EQUATION:EQ12020|EQUATION:EQ12021|EQUATION:EQ12022|EQUATION:EQ12024|EQUATION:EQ12006|EQUATION:EQ12007|AGGREGATION:AGR-PRODUCTION-CONSUMO_MRN_GRUPO-GRUPO-L1_L7-ANUAL-SUM,22,1,EXECUTED,VALUE_WITHOUT_STATE,"{""linha_grupo/L1_L7"": [""float"", ""0.1910098625461467"", null, null]}"
VAR12023,production,PLANNED,EQUATION:EQ12008,EQUATION:EQ11038|EQUATION:EQ11059|EQUATION:EQ11103|EQUATION:EQ11108|EQUATION:EQ12010|EQUATION:EQ12012|TRANSFER:VAR11031|EQUATION:EQ11025|EQUATION:EQ11086|EQUATION:EQ11129|TRANSFER:VAR12062|EQUATION:EQ12016|EQUATION:EQ12017|EQUATION:EQ12018|EQUATION:EQ12019|EQUATION:EQ12020|EQUATION:EQ12021|EQUATION:EQ12022|EQUATION:EQ12024|EQUATION:EQ12004|EQUATION:EQ12005|AGGREGATION:AGR-PRODUCTION-CONSUMO_MPSA_GRUPO-GRUPO-L1_L7-ANUAL-SUM|EQUATION:EQ12008,23,1,EXECUTED,VALUE_WITHOUT_STATE,"{""linha_grupo/L1_L7"": [""float"", ""0.0004175818432434516"", null, null]}"
VAR12026,production,PLANNED,EQUATION:EQ12009,EQUATION:EQ12011|EQUATION:EQ12009,2,7,EXECUTED,VALUE_WITHOUT_STATE,"{""linha/L1"": [""float"", ""0.0012732000000000002"", null, null], ""linha/L2"": [""float"", ""0.0012732000000000002"", null, null], ""linha/L3"": [""float"", ""0.0012732000000000002"", null, null], ""linha/L4"": [""float"", ""0.0012732000000000002"", null, null], ""linha/L5"": [""float"", ""0.0012732000000000002"", null, null], ""linha/L6"": [""float"", ""0.0012732000000000002"", null, null], ""linha/L7"": [""float"", ""0.0012732000000000002"", null, null]}"
VAR12027,production,PLANNED,EQUATION:EQ12010,EQUATION:EQ12010,1,7,EXECUTED,VALUE_WITHOUT_STATE,"{""linha/L1"": [""float"", ""0.0012632000000000001"", null, null], ""linha/L2"": [""float"", ""0.0012632000000000001"", null, null], ""linha/L3"": [""float"", ""0.0012632000000000001"", null, null], ""linha/L4"": [""float"", ""0.0012632000000000001"", null, null], ""linha/L5"": [""float"", ""0.0012632000000000001"", null, null], ""linha/L6"": [""float"", ""0.0012632000000000001"", null, null], ""linha/L7"": [""float"", ""0.0012632000000000001"", null, null]}"
VAR12029,production,PLANNED,EQUATION:EQ12011,EQUATION:EQ12011,1,7,EXECUTED,VALUE_WITHOUT_STATE,"{""linha/L1"": [""float"", ""0.0012732000000000002"", null, null], ""linha/L2"": [""float"", ""0.0012732000000000002"", null, null], ""linha/L3"": [""float"", ""0.0012732000000000002"", null, null], ""linha/L4"": [""float"", ""0.0012732000000000002"", null, null], ""linha/L5"": [""float"", ""0.0012732000000000002"", null, null], ""linha/L6"": [""float"", ""0.0012732000000000002"", null, null], ""linha/L7"": [""float"", ""0.0012732000000000002"", null, null]}"
VAR12031,production,PLANNED,EQUATION:EQ12012,EQUATION:EQ12012,1,7,EXECUTED,VALUE_WITHOUT_STATE,"{""linha/L1"": [""float"", ""1.3462373733333333"", null, null], ""linha/L2"": [""float"", ""1.3472270733333334"", null, null], ""linha/L3"": [""float"", ""1.3482167733333332"", null, null], ""linha/L4"": [""float"", ""1.349206473333333"", null, null], ""linha/L5"": [""float"", ""1.3501961733333332"", null, null], ""linha/L6"": [""float"", ""1.351185873333333"", null, null], ""linha/L7"": [""float"", ""1.352175573333333"", null, null]}"
VAR12032,production,PLANNED,AGGREGATION:AGR-PRODUCTION-LTH-LINHA-L1_L7-MENSAL-AVERAGE,EQUATION:EQ12012|AGGREGATION:AGR-PRODUCTION-LTH-LINHA-L1_L7-MENSAL-AVERAGE,2,7,EXECUTED,VALUE_WITHOUT_STATE,"{""linha/L1"": [""float"", ""1.3462373733333333"", null, null], ""linha/L2"": [""float"", ""1.3472270733333334"", null, null], ""linha/L3"": [""float"", ""1.3482167733333332"", null, null], ""linha/L4"": [""float"", ""1.349206473333333"", null, null], ""linha/L5"": [""float"", ""1.3501961733333332"", null, null], ""linha/L6"": [""float"", ""1.351185873333333"", null, null], ""linha/L7"": [""float"", ""1.352175573333333"", null, null]}"
VAR12033,production,PLANNED,EQUATION:EQ12013,EQUATION:EQ12012|EQUATION:EQ12013,2,1,EXECUTED,VALUE_WITHOUT_STATE,"{""linha_grupo/L1_L7"": [""float"", ""9.444445313333333"", null, null]}"
VAR12034,production,PLANNED,AGGREGATION:AGR-PRODUCTION-LTH_TOTAL-GRUPO-L1_L7-MENSAL-AVERAGE,EQUATION:EQ12012|EQUATION:EQ12013|AGGREGATION:AGR-PRODUCTION-LTH_TOTAL-GRUPO-L1_L7-MENSAL-AVERAGE,3,1,EXECUTED,VALUE_WITHOUT_STATE,"{""linha_grupo/L1_L7"": [""float"", ""9.444445313333333"", null, null]}"
VAR12035,production,PLANNED,AGGREGATION:AGR-PRODUCTION-LTH_TOTAL-GRUPO-L1_L7-ANUAL-AVERAGE,EQUATION:EQ12012|EQUATION:EQ12013|AGGREGATION:AGR-PRODUCTION-LTH_TOTAL-GRUPO-L1_L7-ANUAL-AVERAGE,3,1,EXECUTED,VALUE_WITHOUT_STATE,"{""linha_grupo/L1_L7"": [""float"", ""9.442135529166663"", null, null]}"
VAR12036,production,PLANNED,EQUATION:EQ12014,EQUATION:EQ12012|EQUATION:EQ12014,2,7,EXECUTED,VALUE_WITHOUT_STATE,"{""linha/L1"": [""float"", ""0.9898804215686275"", null, null], ""linha/L2"": [""float"", ""0.9898802890031841"", null, null], ""linha/L3"": [""float"", ""0.9898801566324034"", null, null], ""linha/L4"": [""float"", ""0.9898800244558572"", null, null], ""linha/L5"": [""float"", ""0.9898798924731183"", null, null], ""linha/L6"": [""float"", ""0.9898797606837606"", null, null], ""linha/L7"": [""float"", ""0.9898796290873595"", null, null]}"
VAR12037,production,PLANNED,AGGREGATION:AGR-PRODUCTION-OEE-LINHA-L1_L7-MENSAL-AVERAGE,EQUATION:EQ12012|EQUATION:EQ12014|AGGREGATION:AGR-PRODUCTION-OEE-LINHA-L1_L7-MENSAL-AVERAGE,3,7,EXECUTED,VALUE_WITHOUT_STATE,"{""linha/L1"": [""float"", ""0.9898804215686275"", null, null], ""linha/L2"": [""float"", ""0.9898802890031841"", null, null], ""linha/L3"": [""float"", ""0.9898801566324034"", null, null], ""linha/L4"": [""float"", ""0.9898800244558572"", null, null], ""linha/L5"": [""float"", ""0.9898798924731183"", null, null], ""linha/L6"": [""float"", ""0.9898797606837606"", null, null], ""linha/L7"": [""float"", ""0.9898796290873595"", null, null]}"
VAR12038,production,PLANNED,EQUATION:EQ12015,EQUATION:EQ12012|EQUATION:EQ12014|EQUATION:EQ12015,3,1,EXECUTED,VALUE_WITHOUT_STATE,"{""linha_grupo/L1_L7"": [""float"", ""0.9898800244558572"", null, null]}"
VAR12039,production,PLANNED,AGGREGATION:AGR-PRODUCTION-OEE_TOTAL-GRUPO-L1_L7-MENSAL-AVERAGE,EQUATION:EQ12012|EQUATION:EQ12014|EQUATION:EQ12015|AGGREGATION:AGR-PRODUCTION-OEE_TOTAL-GRUPO-L1_L7-MENSAL-AVERAGE,4,1,EXECUTED,VALUE_WITHOUT_STATE,"{""linha_grupo/L1_L7"": [""float"", ""0.9898800244558572"", null, null]}"
VAR12040,production,PLANNED,AGGREGATION:AGR-PRODUCTION-OEE_TOTAL-GRUPO-L1_L7-ANUAL-AVERAGE,EQUATION:EQ12012|EQUATION:EQ12014|EQUATION:EQ12015|AGGREGATION:AGR-PRODUCTION-OEE_TOTAL-GRUPO-L1_L7-ANUAL-AVERAGE,4,1,EXECUTED,VALUE_WITHOUT_STATE,"{""linha_grupo/L1_L7"": [""float"", ""0.9896379340914649"", null, null]}"
VAR12041,production,PLANNED,EQUATION:EQ12016|EQUATION:EQ12017|EQUATION:EQ12018|EQUATION:EQ12019|EQUATION:EQ12020|EQUATION:EQ12021|EQUATION:EQ12022,EQUATION:EQ11038|EQUATION:EQ11059|EQUATION:EQ11103|EQUATION:EQ11108|EQUATION:EQ12012|TRANSFER:VAR11031|EQUATION:EQ11025|EQUATION:EQ11086|EQUATION:EQ11129|TRANSFER:VAR12062|EQUATION:EQ12016|EQUATION:EQ12017|EQUATION:EQ12018|EQUATION:EQ12019|EQUATION:EQ12020|EQUATION:EQ12021|EQUATION:EQ12022,17,7,EXECUTED,VALUE_WITHOUT_STATE,"{""linha/L1"": [""float"", ""14.382975120499918"", null, null], ""linha/L2"": [""float"", ""14.382975120499918"", null, null], ""linha/L3"": [""float"", ""14.382975120499918"", null, null], ""linha/L4"": [""float"", ""14.160705539207589"", null, null], ""linha/L5"": [""float"", ""14.160705539207589"", null, null], ""linha/L6"": [""float"", ""13.060303098410483"", null, null], ""linha/L7"": [""float"", ""13.060303098410483"", null, null]}"
VAR12042,production,PLANNED,AGGREGATION:AGR-PRODUCTION-PICK_UP-LINHA-L1_L7-MENSAL-AVERAGE,EQUATION:EQ11038|EQUATION:EQ11059|EQUATION:EQ11103|EQUATION:EQ11108|EQUATION:EQ12012|TRANSFER:VAR11031|EQUATION:EQ11025|EQUATION:EQ11086|EQUATION:EQ11129|TRANSFER:VAR12062|EQUATION:EQ12016|EQUATION:EQ12017|EQUATION:EQ12018|EQUATION:EQ12019|EQUATION:EQ12020|EQUATION:EQ12021|EQUATION:EQ12022|AGGREGATION:AGR-PRODUCTION-PICK_UP-LINHA-L1_L7-MENSAL-AVERAGE,18,7,EXECUTED,VALUE_WITHOUT_STATE,"{""linha/L1"": [""float"", ""14.382975120499918"", null, null], ""linha/L2"": [""float"", ""14.382975120499918"", null, null], ""linha/L3"": [""float"", ""14.382975120499918"", null, null], ""linha/L4"": [""float"", ""14.160705539207589"", null, null], ""linha/L5"": [""float"", ""14.160705539207589"", null, null], ""linha/L6"": [""float"", ""13.060303098410483"", null, null], ""linha/L7"": [""float"", ""13.060303098410483"", null, null]}"
VAR12043,production,PLANNED,EQUATION:EQ12023,EQUATION:EQ11038|EQUATION:EQ11059|EQUATION:EQ11103|EQUATION:EQ11108|EQUATION:EQ12012|TRANSFER:VAR11031|EQUATION:EQ11025|EQUATION:EQ11086|EQUATION:EQ11129|TRANSFER:VAR12062|EQUATION:EQ12016|EQUATION:EQ12017|EQUATION:EQ12018|EQUATION:EQ12019|EQUATION:EQ12020|EQUATION:EQ12021|EQUATION:EQ12022|EQUATION:EQ12023,18,1,EXECUTED,VALUE_WITHOUT_STATE,"{""linha_grupo/L1_L7"": [""float"", ""13.940846916187041"", null, null]}"
VAR12044,production,PLANNED,AGGREGATION:AGR-PRODUCTION-PICK_UP_TOTAL-GRUPO-L1_L7-MENSAL-AVERAGE,EQUATION:EQ11038|EQUATION:EQ11059|EQUATION:EQ11103|EQUATION:EQ11108|EQUATION:EQ12012|TRANSFER:VAR11031|EQUATION:EQ11025|EQUATION:EQ11086|EQUATION:EQ11129|TRANSFER:VAR12062|EQUATION:EQ12016|EQUATION:EQ12017|EQUATION:EQ12018|EQUATION:EQ12019|EQUATION:EQ12020|EQUATION:EQ12021|EQUATION:EQ12022|EQUATION:EQ12023|AGGREGATION:AGR-PRODUCTION-PICK_UP_TOTAL-GRUPO-L1_L7-MENSAL-AVERAGE,19,1,EXECUTED,VALUE_WITHOUT_STATE,"{""linha_grupo/L1_L7"": [""float"", ""13.940846916187041"", null, null]}"
VAR12045,production,PLANNED,AGGREGATION:AGR-PRODUCTION-PICK_UP_TOTAL-GRUPO-L1_L7-ANUAL-AVERAGE,EQUATION:EQ11038|EQUATION:EQ11059|EQUATION:EQ11103|EQUATION:EQ11108|EQUATION:EQ12012|TRANSFER:VAR11031|EQUATION:EQ11025|EQUATION:EQ11086|EQUATION:EQ11129|TRANSFER:VAR12062|EQUATION:EQ12016|EQUATION:EQ12017|EQUATION:EQ12018|EQUATION:EQ12019|EQUATION:EQ12020|EQUATION:EQ12021|EQUATION:EQ12022|EQUATION:EQ12023|AGGREGATION:AGR-PRODUCTION-PICK_UP_TOTAL-GRUPO-L1_L7-ANUAL-AVERAGE,19,1,EXECUTED,VALUE_WITHOUT_STATE,"{""linha_grupo/L1_L7"": [""float"", ""13.939471393904892"", null, null]}"
VAR12046,production,PLANNED,EQUATION:EQ12024,EQUATION:EQ11038|EQUATION:EQ11059|EQUATION:EQ11103|EQUATION:EQ11108|EQUATION:EQ12012|TRANSFER:VAR11031|EQUATION:EQ11025|EQUATION:EQ11086|EQUATION:EQ11129|TRANSFER:VAR12062|EQUATION:EQ12016|EQUATION:EQ12017|EQUATION:EQ12018|EQUATION:EQ12019|EQUATION:EQ12020|EQUATION:EQ12021|EQUATION:EQ12022|EQUATION:EQ12024,18,7,EXECUTED,VALUE_WITHOUT_STATE,"{""linha/L1"": [""float"", ""0.44583120605537235"", null, null], ""linha/L2"": [""float"", ""0.44615896336873573"", null, null], ""linha/L3"": [""float"", ""0.44648672068209894"", null, null], ""linha/L4"": [""float"", ""0.4399095597774051"", null, null], ""linha/L5"": [""float"", ""0.440232252041278"", null, null], ""linha/L6"": [""float"", ""0.4063202280562772"", null, null], ""linha/L7"": [""float"", ""0.40661784449650473"", null, null]}"
VAR12047,production,PLANNED,AGGREGATION:AGR-PRODUCTION-PRODUCAO-LINHA-L1_L7-MENSAL-AVERAGE,EQUATION:EQ11038|EQUATION:EQ11059|EQUATION:EQ11103|EQUATION:EQ11108|EQUATION:EQ12012|TRANSFER:VAR11031|EQUATION:EQ11025|EQUATION:EQ11086|EQUATION:EQ11129|TRANSFER:VAR12062|EQUATION:EQ12016|EQUATION:EQ12017|EQUATION:EQ12018|EQUATION:EQ12019|EQUATION:EQ12020|EQUATION:EQ12021|EQUATION:EQ12022|EQUATION:EQ12024|AGGREGATION:AGR-PRODUCTION-PRODUCAO-LINHA-L1_L7-MENSAL-AVERAGE,19,7,EXECUTED,VALUE_WITHOUT_STATE,"{""linha/L1"": [""float"", ""0.44583120605537235"", null, null], ""linha/L2"": [""float"", ""0.44615896336873573"", null, null], ""linha/L3"": [""float"", ""0.44648672068209894"", null, null], ""linha/L4"": [""float"", ""0.4399095597774051"", null, null], ""linha/L5"": [""float"", ""0.440232252041278"", null, null], ""linha/L6"": [""float"", ""0.4063202280562772"", null, null], ""linha/L7"": [""float"", ""0.40661784449650473"", null, null]}"
VAR12048,production,PLANNED,EQUATION:EQ12025,EQUATION:EQ11038|EQUATION:EQ11059|EQUATION:EQ11103|EQUATION:EQ11108|EQUATION:EQ12012|TRANSFER:VAR11031|EQUATION:EQ11025|EQUATION:EQ11086|EQUATION:EQ11129|TRANSFER:VAR12062|EQUATION:EQ12016|EQUATION:EQ12017|EQUATION:EQ12018|EQUATION:EQ12019|EQUATION:EQ12020|EQUATION:EQ12021|EQUATION:EQ12022|EQUATION:EQ12024|EQUATION:EQ12025,19,1,EXECUTED,VALUE_WITHOUT_STATE,"{""linha_grupo/L1_L7"": [""float"", ""3.0315567744776715"", null, null]}"
VAR12049,production,PLANNED,AGGREGATION:AGR-PRODUCTION-PRODUCAO_PLANTA-GRUPO-L1_L7-MENSAL-AVERAGE,EQUATION:EQ11038|EQUATION:EQ11059|EQUATION:EQ11103|EQUATION:EQ11108|EQUATION:EQ12012|TRANSFER:VAR11031|EQUATION:EQ11025|EQUATION:EQ11086|EQUATION:EQ11129|TRANSFER:VAR12062|EQUATION:EQ12016|EQUATION:EQ12017|EQUATION:EQ12018|EQUATION:EQ12019|EQUATION:EQ12020|EQUATION:EQ12021|EQUATION:EQ12022|EQUATION:EQ12024|EQUATION:EQ12025|AGGREGATION:AGR-PRODUCTION-PRODUCAO_PLANTA-GRUPO-L1_L7-MENSAL-AVERAGE,20,1,EXECUTED,VALUE_WITHOUT_STATE,"{""linha_grupo/L1_L7"": [""float"", ""3.0315567744776715"", null, null]}"
VAR12050,production,PLANNED,AGGREGATION:AGR-PRODUCTION-PRODUCAO_PLANTA_SOMATORIO-GRUPO-L1_L7-MENSAL-SUM,EQUATION:EQ11038|EQUATION:EQ11059|EQUATION:EQ11103|EQUATION:EQ11108|EQUATION:EQ12012|TRANSFER:VAR11031|EQUATION:EQ11025|EQUATION:EQ11086|EQUATION:EQ11129|TRANSFER:VAR12062|EQUATION:EQ12016|EQUATION:EQ12017|EQUATION:EQ12018|EQUATION:EQ12019|EQUATION:EQ12020|EQUATION:EQ12021|EQUATION:EQ12022|EQUATION:EQ12024|EQUATION:EQ12025|AGGREGATION:AGR-PRODUCTION-PRODUCAO_PLANTA_SOMATORIO-GRUPO-L1_L7-MENSAL-SUM,20,1,EXECUTED,VALUE_WITHOUT_STATE,"{""linha_grupo/L1_L7"": [""float"", ""3.0315567744776715"", null, null]}"
VAR12051,production,PLANNED,AGGREGATION:AGR-PRODUCTION-PRODUCAO_PLANTA-GRUPO-L1_L7-ANUAL-SUM,EQUATION:EQ11038|EQUATION:EQ11059|EQUATION:EQ11103|EQUATION:EQ11108|EQUATION:EQ12012|TRANSFER:VAR11031|EQUATION:EQ11025|EQUATION:EQ11086|EQUATION:EQ11129|TRANSFER:VAR12062|EQUATION:EQ12016|EQUATION:EQ12017|EQUATION:EQ12018|EQUATION:EQ12019|EQUATION:EQ12020|EQUATION:EQ12021|EQUATION:EQ12022|EQUATION:EQ12024|EQUATION:EQ12025|AGGREGATION:AGR-PRODUCTION-PRODUCAO_PLANTA-GRUPO-L1_L7-ANUAL-SUM,20,1,EXECUTED,VALUE_WITHOUT_STATE,"{""linha_grupo/L1_L7"": [""float"", ""96.97652290063468"", null, null]}"
VAR12052,production,PLANNED,AGGREGATION:AGR-PRODUCTION-PRODUCAO_PLANTA_MOVEL-GRUPO-L1_L7-DIARIO-MOVING_AVERAGE,EQUATION:EQ11038|EQUATION:EQ11059|EQUATION:EQ11103|EQUATION:EQ11108|EQUATION:EQ12012|TRANSFER:VAR11031|EQUATION:EQ11025|EQUATION:EQ11086|EQUATION:EQ11129|TRANSFER:VAR12062|EQUATION:EQ12016|EQUATION:EQ12017|EQUATION:EQ12018|EQUATION:EQ12019|EQUATION:EQ12020|EQUATION:EQ12021|EQUATION:EQ12022|EQUATION:EQ12024|EQUATION:EQ12025|AGGREGATION:AGR-PRODUCTION-PRODUCAO_PLANTA_MOVEL-GRUPO-L1_L7-DIARIO-MOVING_AVERAGE,20,1,EXECUTED,VALUE_WITHOUT_STATE,"{""linha_grupo/L1_L7"": [""float"", ""3.0315567744776715"", null, null]}"
VAR12053,production,PLANNED,EQUATION:EQ12026,EQUATION:EQ11038|EQUATION:EQ11059|EQUATION:EQ11103|EQUATION:EQ11108|EQUATION:EQ12012|TRANSFER:VAR11031|EQUATION:EQ11025|EQUATION:EQ11086|EQUATION:EQ11129|TRANSFER:VAR12062|EQUATION:EQ12016|EQUATION:EQ12017|EQUATION:EQ12018|EQUATION:EQ12019|EQUATION:EQ12020|EQUATION:EQ12021|EQUATION:EQ12022|EQUATION:EQ12024|EQUATION:EQ12025|EQUATION:EQ12026,20,1,EXECUTED,VALUE_WITHOUT_STATE,"{""linha_grupo/L1_L7"": [""float"", ""0.00110651822268435"", null, null]}"
VAR12062,production,PLANNED,TRANSFER:VAR12062,EQUATION:EQ11038|EQUATION:EQ11059|EQUATION:EQ11103|EQUATION:EQ11108|EQUATION:EQ12012|TRANSFER:VAR11031|EQUATION:EQ11025|EQUATION:EQ11086|EQUATION:EQ11129|TRANSFER:VAR12062,10,7,EXECUTED,VALUE_WITHOUT_STATE,"{""linha/L1"": [""float"", ""-0.2604544114869315"", null, null], ""linha/L2"": [""float"", ""-0.260675538374139"", null, null], ""linha/L3"": [""float"", ""-0.24994468863917918"", null, null], ""linha/L4"": [""float"", ""-0.23919386228205453"", null, null], ""linha/L5"": [""float"", ""-0.23939505930276728"", null, null], ""linha/L6"": [""float"", ""-0.23959627970132025"", null, null], ""linha/L7"": [""float"", ""-0.23979752347771544"", null, null]}"
VAR12063,production,PLANNED,EQUATION:EQ12027,EQUATION:EQ11038|EQUATION:EQ11059|EQUATION:EQ11103|EQUATION:EQ11108|EQUATION:EQ12012|TRANSFER:VAR11031|EQUATION:EQ11025|EQUATION:EQ11086|EQUATION:EQ11129|TRANSFER:VAR12062|EQUATION:EQ12027,11,1,EXECUTED,VALUE_WITHOUT_STATE,"{""linha_grupo/L1_L7"": [""float"", ""-0.2469961773581723"", null, null]}"
VAR12064,production,PLANNED,AGGREGATION:AGR-PRODUCTION-YIELD_LTH_TOTAL-GRUPO-L1_L7-MENSAL-WEIGHTED_AVERAGE,EQUATION:EQ11038|EQUATION:EQ11059|EQUATION:EQ11103|EQUATION:EQ11108|EQUATION:EQ12012|TRANSFER:VAR11031|EQUATION:EQ11025|EQUATION:EQ11086|EQUATION:EQ11129|TRANSFER:VAR12062|EQUATION:EQ12016|EQUATION:EQ12017|EQUATION:EQ12018|EQUATION:EQ12019|EQUATION:EQ12020|EQUATION:EQ12021|EQUATION:EQ12022|EQUATION:EQ12024|EQUATION:EQ12025|EQUATION:EQ12027|AGGREGATION:AGR-PRODUCTION-YIELD_LTH_TOTAL-GRUPO-L1_L7-MENSAL-WEIGHTED_AVERAGE,21,1,EXECUTED,VALUE_WITHOUT_STATE,"{""linha_grupo/L1_L7"": [""float"", ""-0.2469961773581723"", null, null]}"
VAR12065,production,PLANNED,AGGREGATION:AGR-PRODUCTION-YIELD_LTH_TOTAL-GRUPO-L1_L7-ANUAL-WEIGHTED_AVERAGE,EQUATION:EQ11038|EQUATION:EQ11059|EQUATION:EQ11103|EQUATION:EQ11108|EQUATION:EQ12012|TRANSFER:VAR11031|EQUATION:EQ11025|EQUATION:EQ11086|EQUATION:EQ11129|TRANSFER:VAR12062|EQUATION:EQ12016|EQUATION:EQ12017|EQUATION:EQ12018|EQUATION:EQ12019|EQUATION:EQ12020|EQUATION:EQ12021|EQUATION:EQ12022|EQUATION:EQ12024|EQUATION:EQ12025|EQUATION:EQ12027|AGGREGATION:AGR-PRODUCTION-YIELD_LTH_TOTAL-GRUPO-L1_L7-ANUAL-WEIGHTED_AVERAGE,21,1,EXECUTED,VALUE_WITHOUT_STATE,"{""linha_grupo/L1_L7"": [""float"", ""-0.24837154650064983"", null, null]}"
VAR13001,max_ht,PLANNED,AGGREGATION:AGR-MAX_HT-ALIMENTAÇÃO_EVAP-LINHA-L1_L7-ANUAL-AVERAGE,AGGREGATION:AGR-MAX_HT-ALIMENTAÇÃO_EVAP-LINHA-L1_L7-ANUAL-AVERAGE,1,7,EXECUTED,VALUE_WITHOUT_STATE,"{""linha/L1"": [""float"", ""1.37165"", null, null], ""linha/L2"": [""float"", ""1.3726500000000004"", null, null], ""linha/L3"": [""float"", ""1.3736499999999996"", null, null], ""linha/L4"": [""float"", ""1.3746500000000001"", null, null], ""linha/L5"": [""float"", ""1.3756500000000005"", null, null], ""linha/L6"": [""float"", ""1.3766499999999997"", null, null], ""linha/L7"": [""float"", ""1.3776500000000003"", null, null]}"
VAR13002,max_ht,PLANNED,AGGREGATION:AGR-MAX_HT-ALIMENTAÇÃO_EVAP-LINHA-L1_L7-MENSAL-AVERAGE,AGGREGATION:AGR-MAX_HT-ALIMENTAÇÃO_EVAP-LINHA-L1_L7-MENSAL-AVERAGE,1,7,EXECUTED,VALUE_WITHOUT_STATE,"{""linha/L1"": [""float"", ""1.3732000000000002"", null, null], ""linha/L2"": [""float"", ""1.3742"", null, null], ""linha/L3"": [""float"", ""1.3752000000000002"", null, null], ""linha/L4"": [""float"", ""1.3762"", null, null], ""linha/L5"": [""float"", ""1.3772000000000002"", null, null], ""linha/L6"": [""float"", ""1.3782"", null, null], ""linha/L7"": [""float"", ""1.3792000000000002"", null, null]}"
VAR13004,max_ht,PLANNED,EQUATION:EQ13001,EQUATION:EQ13001,1,1,EXECUTED,VALUE_WITHOUT_STATE,"{""linha_grupo/L1_L7"": [""float"", ""9.633400000000002"", null, null]}"
VAR13005,max_ht,PLANNED,AGGREGATION:AGR-MAX_HT-ALIMENTAÇÃO_EVAP_TOTAL-GRUPO-L1_L7-ANUAL-AVERAGE,EQUATION:EQ13001|AGGREGATION:AGR-MAX_HT-ALIMENTAÇÃO_EVAP_TOTAL-GRUPO-L1_L7-ANUAL-AVERAGE,2,1,EXECUTED,VALUE_WITHOUT_STATE,"{""linha_grupo/L1_L7"": [""float"", ""9.622550000000002"", null, null]}"
VAR13006,max_ht,PLANNED,AGGREGATION:AGR-MAX_HT-ALIMENTAÇÃO_EVAP_TOTAL-GRUPO-L1_L7-MENSAL-AVERAGE,EQUATION:EQ13001|AGGREGATION:AGR-MAX_HT-ALIMENTAÇÃO_EVAP_TOTAL-GRUPO-L1_L7-MENSAL-AVERAGE,2,1,EXECUTED,VALUE_WITHOUT_STATE,"{""linha_grupo/L1_L7"": [""float"", ""9.633400000000002"", null, null]}"
VAR13009,max_ht,PLANNED,EQUATION:EQ13002,EQUATION:EQ11038|EQUATION:EQ11059|EQUATION:EQ11103|EQUATION:EQ11108|EQUATION:EQ12012|EQUATION:EQ13019|EQUATION:EQ13008|EQUATION:EQ13009|EQUATION:EQ13010|TRANSFER:VAR11031|EQUATION:EQ11025|EQUATION:EQ11086|EQUATION:EQ11129|TRANSFER:VAR12062|EQUATION:EQ12016|EQUATION:EQ12017|EQUATION:EQ12018|EQUATION:EQ12019|EQUATION:EQ12020|EQUATION:EQ12021|EQUATION:EQ12022|EQUATION:EQ12024|TRANSFER:VAR13062|EQUATION:EQ13014|EQUATION:EQ13015|EQUATION:EQ13011|EQUATION:EQ13016|EQUATION:EQ13012|EQUATION:EQ13017|EQUATION:EQ13013|EQUATION:EQ13022|EQUATION:EQ13023|EQUATION:EQ13024|TRANSFER:VAR13092|EQUATION:EQ13029|EQUATION:EQ13002,36,1,EXECUTED,VALUE_WITHOUT_STATE,"{""linha_grupo/L1_L7"": [""float"", ""0.01297774780236563"", null, null]}"
VAR13010,max_ht,PLANNED,EQUATION:EQ13003,EQUATION:EQ11038|EQUATION:EQ11059|EQUATION:EQ11103|EQUATION:EQ11108|EQUATION:EQ12012|EQUATION:EQ13019|EQUATION:EQ13020|TRANSFER:VAR11031|EQUATION:EQ11025|EQUATION:EQ11086|EQUATION:EQ11129|TRANSFER:VAR12062|EQUATION:EQ12016|EQUATION:EQ12017|EQUATION:EQ12018|EQUATION:EQ12019|EQUATION:EQ12020|EQUATION:EQ12021|EQUATION:EQ12022|EQUATION:EQ12024|TRANSFER:VAR13062|EQUATION:EQ13014|EQUATION:EQ13018|EQUATION:EQ13025|AGGREGATION:AGR-MAX_HT-MASSA_TOTAL_MAX_HT_TOTAL-GRUPO-L1_L7-MENSAL-AVERAGE|TRANSFER:VAR13092|EQUATION:EQ13029|AGGREGATION:AGR-MAX_HT-REFINERY-GRUPO-L1_L7-MENSAL-AVERAGE|EQUATION:EQ13003,29,1,EXECUTED,VALUE_WITHOUT_STATE,"{""linha_grupo/L1_L7"": [""float"", ""0.013174518043251385"", null, null]}"
VAR13011,max_ht,PLANNED,EQUATION:EQ13004,EQUATION:EQ11038|EQUATION:EQ11059|EQUATION:EQ11103|EQUATION:EQ11108|EQUATION:EQ12012|EQUATION:EQ13019|EQUATION:EQ13020|TRANSFER:VAR11031|EQUATION:EQ11025|EQUATION:EQ11086|EQUATION:EQ11129|TRANSFER:VAR12062|EQUATION:EQ12016|EQUATION:EQ12017|EQUATION:EQ12018|EQUATION:EQ12019|EQUATION:EQ12020|EQUATION:EQ12021|EQUATION:EQ12022|EQUATION:EQ12024|TRANSFER:VAR13062|EQUATION:EQ13014|EQUATION:EQ13018|EQUATION:EQ13025|AGGREGATION:AGR-MAX_HT-MASSA_TOTAL_MAX_HT_TOTAL-GRUPO-L1_L7-ANUAL-AVERAGE|TRANSFER:VAR13092|EQUATION:EQ13029|AGGREGATION:AGR-MAX_HT-REFINERY-GRUPO-L1_L7-ANUAL-AVERAGE|EQUATION:EQ13004,29,1,EXECUTED,VALUE_WITHOUT_STATE,"{""linha_grupo/L1_L7"": [""float"", ""0.013141082733802503"", null, null]}"
VAR13012,max_ht,PLANNED,EQUATION:EQ13005,EQUATION:EQ11038|EQUATION:EQ11059|EQUATION:EQ11103|EQUATION:EQ11108|EQUATION:EQ12012|EQUATION:EQ13019|EQUATION:EQ13008|TRANSFER:VAR11031|EQUATION:EQ11025|EQUATION:EQ11086|EQUATION:EQ11129|TRANSFER:VAR12062|EQUATION:EQ12016|EQUATION:EQ12017|EQUATION:EQ12018|EQUATION:EQ12019|EQUATION:EQ12020|EQUATION:EQ12021|EQUATION:EQ12022|EQUATION:EQ12024|TRANSFER:VAR13062|EQUATION:EQ13014|EQUATION:EQ13015|EQUATION:EQ13011|EQUATION:EQ13022|TRANSFER:VAR13092|EQUATION:EQ13026|EQUATION:EQ13005,28,1,EXECUTED,VALUE_WITHOUT_STATE,"{""linha_grupo/L1_L3"": [""float"", ""0.012484334253113336"", null, null]}"
VAR13013,max_ht,PLANNED,EQUATION:EQ13006,EQUATION:EQ11038|EQUATION:EQ11059|EQUATION:EQ11103|EQUATION:EQ11108|EQUATION:EQ12012|EQUATION:EQ13019|EQUATION:EQ13009|TRANSFER:VAR11031|EQUATION:EQ11025|EQUATION:EQ11086|EQUATION:EQ11129|TRANSFER:VAR12062|EQUATION:EQ12016|EQUATION:EQ12017|EQUATION:EQ12018|EQUATION:EQ12019|EQUATION:EQ12020|EQUATION:EQ12021|EQUATION:EQ12022|EQUATION:EQ12024|TRANSFER:VAR13062|EQUATION:EQ13014|EQUATION:EQ13016|EQUATION:EQ13012|EQUATION:EQ13023|TRANSFER:VAR13092|EQUATION:EQ13027|EQUATION:EQ13006,28,1,EXECUTED,VALUE_WITHOUT_STATE,"{""linha_grupo/L4_L5"": [""float"", ""0.012793526914918677"", null, null]}"
VAR13014,max_ht,PLANNED,EQUATION:EQ13007,EQUATION:EQ11038|EQUATION:EQ11059|EQUATION:EQ11103|EQUATION:EQ11108|EQUATION:EQ12012|EQUATION:EQ13019|EQUATION:EQ13010|TRANSFER:VAR11031|EQUATION:EQ11025|EQUATION:EQ11086|EQUATION:EQ11129|TRANSFER:VAR12062|EQUATION:EQ12016|EQUATION:EQ12017|EQUATION:EQ12018|EQUATION:EQ12019|EQUATION:EQ12020|EQUATION:EQ12021|EQUATION:EQ12022|EQUATION:EQ12024|TRANSFER:VAR13062|EQUATION:EQ13014|EQUATION:EQ13017|EQUATION:EQ13013|EQUATION:EQ13024|TRANSFER:VAR13092|EQUATION:EQ13028|EQUATION:EQ13007,28,1,EXECUTED,VALUE_WITHOUT_STATE,"{""linha_grupo/L6_L7"": [""float"", ""0.013989587653842717"", null, null]}"
VAR13015,max_ht,PLANNED,AGGREGATION:AGR-MAX_HT-ESP_MAXHT-GRUPO-L1_L3-ANUAL-AVERAGE,EQUATION:EQ11038|EQUATION:EQ11059|EQUATION:EQ11103|EQUATION:EQ11108|EQUATION:EQ12012|EQUATION:EQ13019|EQUATION:EQ13008|TRANSFER:VAR11031|EQUATION:EQ11025|EQUATION:EQ11086|EQUATION:EQ11129|TRANSFER:VAR12062|EQUATION:EQ12016|EQUATION:EQ12017|EQUATION:EQ12018|EQUATION:EQ12019|EQUATION:EQ12020|EQUATION:EQ12021|EQUATION:EQ12022|EQUATION:EQ12024|TRANSFER:VAR13062|EQUATION:EQ13014|EQUATION:EQ13015|EQUATION:EQ13011|EQUATION:EQ13022|TRANSFER:VAR13092|EQUATION:EQ13026|EQUATION:EQ13005|AGGREGATION:AGR-MAX_HT-ESP_MAXHT-GRUPO-L1_L3-ANUAL-AVERAGE,29,1,EXECUTED,VALUE_WITHOUT_STATE,"{""linha_grupo/L1_L3"": [""float"", ""0.012452275002270348"", null, null]}"
VAR13016,max_ht,PLANNED,AGGREGATION:AGR-MAX_HT-ESP_MAXHT-GRUPO-L4_L5-ANUAL-AVERAGE,EQUATION:EQ11038|EQUATION:EQ11059|EQUATION:EQ11103|EQUATION:EQ11108|EQUATION:EQ12012|EQUATION:EQ13019|EQUATION:EQ13009|TRANSFER:VAR11031|EQUATION:EQ11025|EQUATION:EQ11086|EQUATION:EQ11129|TRANSFER:VAR12062|EQUATION:EQ12016|EQUATION:EQ12017|EQUATION:EQ12018|EQUATION:EQ12019|EQUATION:EQ12020|EQUATION:EQ12021|EQUATION:EQ12022|EQUATION:EQ12024|TRANSFER:VAR13062|EQUATION:EQ13014|EQUATION:EQ13016|EQUATION:EQ13012|EQUATION:EQ13023|TRANSFER:VAR13092|EQUATION:EQ13027|EQUATION:EQ13006|AGGREGATION:AGR-MAX_HT-ESP_MAXHT-GRUPO-L4_L5-ANUAL-AVERAGE,29,1,EXECUTED,VALUE_WITHOUT_STATE,"{""linha_grupo/L4_L5"": [""float"", ""0.012760857985222121"", null, null]}"
VAR13017,max_ht,PLANNED,AGGREGATION:AGR-MAX_HT-ESP_MAXHT-GRUPO-L6_L7-ANUAL-AVERAGE,EQUATION:EQ11038|EQUATION:EQ11059|EQUATION:EQ11103|EQUATION:EQ11108|EQUATION:EQ12012|EQUATION:EQ13019|EQUATION:EQ13010|TRANSFER:VAR11031|EQUATION:EQ11025|EQUATION:EQ11086|EQUATION:EQ11129|TRANSFER:VAR12062|EQUATION:EQ12016|EQUATION:EQ12017|EQUATION:EQ12018|EQUATION:EQ12019|EQUATION:EQ12020|EQUATION:EQ12021|EQUATION:EQ12022|EQUATION:EQ12024|TRANSFER:VAR13062|EQUATION:EQ13014|EQUATION:EQ13017|EQUATION:EQ13013|EQUATION:EQ13024|TRANSFER:VAR13092|EQUATION:EQ13028|EQUATION:EQ13007|AGGREGATION:AGR-MAX_HT-ESP_MAXHT-GRUPO-L6_L7-ANUAL-AVERAGE,29,1,EXECUTED,VALUE_WITHOUT_STATE,"{""linha_grupo/L6_L7"": [""float"", ""0.013954124419623138"", null, null]}"
VAR13018,max_ht,PLANNED,AGGREGATION:AGR-MAX_HT-ESP_MAXHT-GRUPO-L1_L3-MENSAL-AVERAGE,EQUATION:EQ11038|EQUATION:EQ11059|EQUATION:EQ11103|EQUATION:EQ11108|EQUATION:EQ12012|EQUATION:EQ13019|EQUATION:EQ13008|TRANSFER:VAR11031|EQUATION:EQ11025|EQUATION:EQ11086|EQUATION:EQ11129|TRANSFER:VAR12062|EQUATION:EQ12016|EQUATION:EQ12017|EQUATION:EQ12018|EQUATION:EQ12019|EQUATION:EQ12020|EQUATION:EQ12021|EQUATION:EQ12022|EQUATION:EQ12024|TRANSFER:VAR13062|EQUATION:EQ13014|EQUATION:EQ13015|EQUATION:EQ13011|EQUATION:EQ13022|TRANSFER:VAR13092|EQUATION:EQ13026|EQUATION:EQ13005|AGGREGATION:AGR-MAX_HT-ESP_MAXHT-GRUPO-L1_L3-MENSAL-AVERAGE,29,1,EXECUTED,VALUE_WITHOUT_STATE,"{""linha_grupo/L1_L3"": [""float"", ""0.012484334253113336"", null, null]}"
VAR13019,max_ht,PLANNED,AGGREGATION:AGR-MAX_HT-ESP_MAXHT-GRUPO-L4_L5-MENSAL-AVERAGE,EQUATION:EQ11038|EQUATION:EQ11059|EQUATION:EQ11103|EQUATION:EQ11108|EQUATION:EQ12012|EQUATION:EQ13019|EQUATION:EQ13009|TRANSFER:VAR11031|EQUATION:EQ11025|EQUATION:EQ11086|EQUATION:EQ11129|TRANSFER:VAR12062|EQUATION:EQ12016|EQUATION:EQ12017|EQUATION:EQ12018|EQUATION:EQ12019|EQUATION:EQ12020|EQUATION:EQ12021|EQUATION:EQ12022|EQUATION:EQ12024|TRANSFER:VAR13062|EQUATION:EQ13014|EQUATION:EQ13016|EQUATION:EQ13012|EQUATION:EQ13023|TRANSFER:VAR13092|EQUATION:EQ13027|EQUATION:EQ13006|AGGREGATION:AGR-MAX_HT-ESP_MAXHT-GRUPO-L4_L5-MENSAL-AVERAGE,29,1,EXECUTED,VALUE_WITHOUT_STATE,"{""linha_grupo/L4_L5"": [""float"", ""0.012793526914918677"", null, null]}"
VAR13020,max_ht,PLANNED,AGGREGATION:AGR-MAX_HT-ESP_MAXHT-GRUPO-L6_L7-MENSAL-AVERAGE,EQUATION:EQ11038|EQUATION:EQ11059|EQUATION:EQ11103|EQUATION:EQ11108|EQUATION:EQ12012|EQUATION:EQ13019|EQUATION:EQ13010|TRANSFER:VAR11031|EQUATION:EQ11025|EQUATION:EQ11086|EQUATION:EQ11129|TRANSFER:VAR12062|EQUATION:EQ12016|EQUATION:EQ12017|EQUATION:EQ12018|EQUATION:EQ12019|EQUATION:EQ12020|EQUATION:EQ12021|EQUATION:EQ12022|EQUATION:EQ12024|TRANSFER:VAR13062|EQUATION:EQ13014|EQUATION:EQ13017|EQUATION:EQ13013|EQUATION:EQ13024|TRANSFER:VAR13092|EQUATION:EQ13028|EQUATION:EQ13007|AGGREGATION:AGR-MAX_HT-ESP_MAXHT-GRUPO-L6_L7-MENSAL-AVERAGE,29,1,EXECUTED,VALUE_WITHOUT_STATE,"{""linha_grupo/L6_L7"": [""float"", ""0.013989587653842717"", null, null]}"
VAR13021,max_ht,PLANNED,EQUATION:EQ13008,EQUATION:EQ13019|EQUATION:EQ13008,2,1,EXECUTED,VALUE_WITHOUT_STATE,"{""linha_grupo/L1_L3"": [""float"", ""0.005706504920000001"", null, null]}"
VAR13022,max_ht,PLANNED,EQUATION:EQ13009,EQUATION:EQ13019|EQUATION:EQ13009,2,1,EXECUTED,VALUE_WITHOUT_STATE,"{""linha_grupo/L4_L5"": [""float"", ""0.0038181402800000004"", null, null]}"
VAR13023,max_ht,PLANNED,EQUATION:EQ13010,EQUATION:EQ13019|EQUATION:EQ13010,2,1,EXECUTED,VALUE_WITHOUT_STATE,"{""linha_grupo/L6_L7"": [""float"", ""0.00382920188"", null, null]}"
VAR13024,max_ht,PLANNED,AGGREGATION:AGR-MAX_HT-FLUXO_PARA_A13_LINHA_GRUPO-GRUPO-L1_L3-ANUAL-AVERAGE,EQUATION:EQ13019|EQUATION:EQ13008|AGGREGATION:AGR-MAX_HT-FLUXO_PARA_A13_LINHA_GRUPO-GRUPO-L1_L3-ANUAL-AVERAGE,3,1,EXECUTED,VALUE_WITHOUT_STATE,"{""linha_grupo/L1_L3"": [""float"", ""0.005693688125"", null, null]}"
VAR13025,max_ht,PLANNED,AGGREGATION:AGR-MAX_HT-FLUXO_PARA_A13_LINHA_GRUPO-GRUPO-L4_L5-ANUAL-AVERAGE,EQUATION:EQ13019|EQUATION:EQ13009|AGGREGATION:AGR-MAX_HT-FLUXO_PARA_A13_LINHA_GRUPO-GRUPO-L4_L5-ANUAL-AVERAGE,3,1,EXECUTED,VALUE_WITHOUT_STATE,"{""linha_grupo/L4_L5"": [""float"", ""0.00380958025"", null, null]}"
VAR13026,max_ht,PLANNED,AGGREGATION:AGR-MAX_HT-FLUXO_PARA_A13_LINHA_GRUPO-GRUPO-L6_L7-ANUAL-AVERAGE,EQUATION:EQ13019|EQUATION:EQ13010|AGGREGATION:AGR-MAX_HT-FLUXO_PARA_A13_LINHA_GRUPO-GRUPO-L6_L7-ANUAL-AVERAGE,3,1,EXECUTED,VALUE_WITHOUT_STATE,"{""linha_grupo/L6_L7"": [""float"", ""0.00382062945"", null, null]}"
VAR13027,max_ht,PLANNED,AGGREGATION:AGR-MAX_HT-FLUXO_PARA_A13_LINHA_GRUPO-GRUPO-L1_L3-MENSAL-AVERAGE,EQUATION:EQ13019|EQUATION:EQ13008|AGGREGATION:AGR-MAX_HT-FLUXO_PARA_A13_LINHA_GRUPO-GRUPO-L1_L3-MENSAL-AVERAGE,3,1,EXECUTED,VALUE_WITHOUT_STATE,"{""linha_grupo/L1_L3"": [""float"", ""0.005706504920000001"", null, null]}"
VAR13028,max_ht,PLANNED,AGGREGATION:AGR-MAX_HT-FLUXO_PARA_A13_LINHA_GRUPO-GRUPO-L4_L5-MENSAL-AVERAGE,EQUATION:EQ13019|EQUATION:EQ13009|AGGREGATION:AGR-MAX_HT-FLUXO_PARA_A13_LINHA_GRUPO-GRUPO-L4_L5-MENSAL-AVERAGE,3,1,EXECUTED,VALUE_WITHOUT_STATE,"{""linha_grupo/L4_L5"": [""float"", ""0.0038181402800000004"", null, null]}"
VAR13029,max_ht,PLANNED,AGGREGATION:AGR-MAX_HT-FLUXO_PARA_A13_LINHA_GRUPO-GRUPO-L6_L7-MENSAL-AVERAGE,EQUATION:EQ13019|EQUATION:EQ13010|AGGREGATION:AGR-MAX_HT-FLUXO_PARA_A13_LINHA_GRUPO-GRUPO-L6_L7-MENSAL-AVERAGE,3,1,EXECUTED,VALUE_WITHOUT_STATE,"{""linha_grupo/L6_L7"": [""float"", ""0.00382920188"", null, null]}"
VAR13030,max_ht,PLANNED,EQUATION:EQ13011,EQUATION:EQ12012|EQUATION:EQ13019|EQUATION:EQ13008|TRANSFER:VAR13062|EQUATION:EQ13014|EQUATION:EQ13015|EQUATION:EQ13011,7,1,EXECUTED,VALUE_WITHOUT_STATE,"{""linha_grupo/L1_L3"": [""float"", ""0.011341418856324002"", null, null]}"
VAR13031,max_ht,PLANNED,EQUATION:EQ13012,EQUATION:EQ12012|EQUATION:EQ13019|EQUATION:EQ13009|TRANSFER:VAR13062|EQUATION:EQ13014|EQUATION:EQ13016|EQUATION:EQ13012,7,1,EXECUTED,VALUE_WITHOUT_STATE,"{""linha_grupo/L4_L5"": [""float"", ""0.0075883964514493335"", null, null]}"
VAR13032,max_ht,PLANNED,EQUATION:EQ13013,EQUATION:EQ12012|EQUATION:EQ13019|EQUATION:EQ13010|TRANSFER:VAR13062|EQUATION:EQ13014|EQUATION:EQ13017|EQUATION:EQ13013,7,1,EXECUTED,VALUE_WITHOUT_STATE,"{""linha_grupo/L6_L7"": [""float"", ""0.007610394030302666"", null, null]}"
VAR13033,max_ht,PLANNED,AGGREGATION:AGR-MAX_HT-FLUXO_PARA_A18_A13_LINHA_GRUPO-GRUPO-L1_L3-ANUAL-AVERAGE,EQUATION:EQ12012|EQUATION:EQ13019|EQUATION:EQ13008|TRANSFER:VAR13062|EQUATION:EQ13014|EQUATION:EQ13015|EQUATION:EQ13011|AGGREGATION:AGR-MAX_HT-FLUXO_PARA_A18_A13_LINHA_GRUPO-GRUPO-L1_L3-ANUAL-AVERAGE,8,1,EXECUTED,VALUE_WITHOUT_STATE,"{""linha_grupo/L1_L3"": [""float"", ""0.011320961562014334"", null, null]}"
VAR13034,max_ht,PLANNED,AGGREGATION:AGR-MAX_HT-FLUXO_PARA_A18_A13_LINHA_GRUPO-GRUPO-L4_L5-ANUAL-AVERAGE,EQUATION:EQ12012|EQUATION:EQ13019|EQUATION:EQ13009|TRANSFER:VAR13062|EQUATION:EQ13014|EQUATION:EQ13016|EQUATION:EQ13012|AGGREGATION:AGR-MAX_HT-FLUXO_PARA_A18_A13_LINHA_GRUPO-GRUPO-L4_L5-ANUAL-AVERAGE,8,1,EXECUTED,VALUE_WITHOUT_STATE,"{""linha_grupo/L4_L5"": [""float"", ""0.007574731636662332"", null, null]}"
VAR13035,max_ht,PLANNED,AGGREGATION:AGR-MAX_HT-FLUXO_PARA_A18_A13_LINHA_GRUPO-GRUPO-L6_L7-ANUAL-AVERAGE,EQUATION:EQ12012|EQUATION:EQ13019|EQUATION:EQ13010|TRANSFER:VAR13062|EQUATION:EQ13014|EQUATION:EQ13017|EQUATION:EQ13013|AGGREGATION:AGR-MAX_HT-FLUXO_PARA_A18_A13_LINHA_GRUPO-GRUPO-L6_L7-ANUAL-AVERAGE,8,1,EXECUTED,VALUE_WITHOUT_STATE,"{""linha_grupo/L6_L7"": [""float"", ""0.007596707915828998"", null, null]}"
VAR13036,max_ht,PLANNED,AGGREGATION:AGR-MAX_HT-FLUXO_PARA_A18_A13_LINHA_GRUPO-GRUPO-L1_L3-MENSAL-AVERAGE,EQUATION:EQ12012|EQUATION:EQ13019|EQUATION:EQ13008|TRANSFER:VAR13062|EQUATION:EQ13014|EQUATION:EQ13015|EQUATION:EQ13011|AGGREGATION:AGR-MAX_HT-FLUXO_PARA_A18_A13_LINHA_GRUPO-GRUPO-L1_L3-MENSAL-AVERAGE,8,1,EXECUTED,VALUE_WITHOUT_STATE,"{""linha_grupo/L1_L3"": [""float"", ""0.011341418856324002"", null, null]}"
VAR13037,max_ht,PLANNED,AGGREGATION:AGR-MAX_HT-FLUXO_PARA_A18_A13_LINHA_GRUPO-GRUPO-L4_L5-MENSAL-AVERAGE,EQUATION:EQ12012|EQUATION:EQ13019|EQUATION:EQ13009|TRANSFER:VAR13062|EQUATION:EQ13014|EQUATION:EQ13016|EQUATION:EQ13012|AGGREGATION:AGR-MAX_HT-FLUXO_PARA_A18_A13_LINHA_GRUPO-GRUPO-L4_L5-MENSAL-AVERAGE,8,1,EXECUTED,VALUE_WITHOUT_STATE,"{""linha_grupo/L4_L5"": [""float"", ""0.0075883964514493335"", null, null]}"
VAR13038,max_ht,PLANNED,AGGREGATION:AGR-MAX_HT-FLUXO_PARA_A18_A13_LINHA_GRUPO-GRUPO-L6_L7-MENSAL-AVERAGE,EQUATION:EQ12012|EQUATION:EQ13019|EQUATION:EQ13010|TRANSFER:VAR13062|EQUATION:EQ13014|EQUATION:EQ13017|EQUATION:EQ13013|AGGREGATION:AGR-MAX_HT-FLUXO_PARA_A18_A13_LINHA_GRUPO-GRUPO-L6_L7-MENSAL-AVERAGE,8,1,EXECUTED,VALUE_WITHOUT_STATE,"{""linha_grupo/L6_L7"": [""float"", ""0.007610394030302666"", null, null]}"
VAR13039,max_ht,PLANNED,EQUATION:EQ13014,EQUATION:EQ12012|TRANSFER:VAR13062|EQUATION:EQ13014,3,7,EXECUTED,VALUE_WITHOUT_STATE,"{""linha/L1"": [""float"", ""0.0018755779085280002"", null, null], ""linha/L2"": [""float"", ""0.0018783039856413335"", null, null], ""linha/L3"": [""float"", ""0.0018810320421546668"", null, null], ""linha/L4"": [""float"", ""0.0018837620780679997"", null, null], ""linha/L5"": [""float"", ""0.0018864940933813335"", null, null], ""linha/L6"": [""float"", ""0.0018892280880946663"", null, null], ""linha/L7"": [""float"", ""0.001891964062208"", null, null]}"
VAR13040,max_ht,PLANNED,AGGREGATION:AGR-MAX_HT-FLUXO_PARA_A18_LINHA-LINHA-L1_L7-ANUAL-AVERAGE,EQUATION:EQ12012|TRANSFER:VAR13062|EQUATION:EQ13014|AGGREGATION:AGR-MAX_HT-FLUXO_PARA_A18_LINHA-LINHA-L1_L7-ANUAL-AVERAGE,4,7,EXECUTED,VALUE_WITHOUT_STATE,"{""linha/L1"": [""float"", ""0.0018730332984519997"", null, null], ""linha/L2"": [""float"", ""0.0018757571527103333"", null, null], ""linha/L3"": [""float"", ""0.0018784829858520002"", null, null], ""linha/L4"": [""float"", ""0.0018812107978769996"", null, null], ""linha/L5"": [""float"", ""0.0018839405887853336"", null, null], ""linha/L6"": [""float"", ""0.0018866723585769997"", null, null], ""linha/L7"": [""float"", ""0.0018894061072520002"", null, null]}"
VAR13041,max_ht,PLANNED,AGGREGATION:AGR-MAX_HT-FLUXO_PARA_A18_LINHA-LINHA-L1_L7-MENSAL-AVERAGE,EQUATION:EQ12012|TRANSFER:VAR13062|EQUATION:EQ13014|AGGREGATION:AGR-MAX_HT-FLUXO_PARA_A18_LINHA-LINHA-L1_L7-MENSAL-AVERAGE,4,7,EXECUTED,VALUE_WITHOUT_STATE,"{""linha/L1"": [""float"", ""0.0018755779085280002"", null, null], ""linha/L2"": [""float"", ""0.0018783039856413335"", null, null], ""linha/L3"": [""float"", ""0.0018810320421546668"", null, null], ""linha/L4"": [""float"", ""0.0018837620780679997"", null, null], ""linha/L5"": [""float"", ""0.0018864940933813335"", null, null], ""linha/L6"": [""float"", ""0.0018892280880946663"", null, null], ""linha/L7"": [""float"", ""0.001891964062208"", null, null]}"
VAR13042,max_ht,PLANNED,EQUATION:EQ13015,EQUATION:EQ12012|TRANSFER:VAR13062|EQUATION:EQ13014|EQUATION:EQ13015,4,1,EXECUTED,VALUE_WITHOUT_STATE,"{""linha_grupo/L1_L3"": [""float"", ""0.005634913936324001"", null, null]}"
VAR13043,max_ht,PLANNED,EQUATION:EQ13016,EQUATION:EQ12012|TRANSFER:VAR13062|EQUATION:EQ13014|EQUATION:EQ13016,4,1,EXECUTED,VALUE_WITHOUT_STATE,"{""linha_grupo/L4_L5"": [""float"", ""0.0037702561714493335"", null, null]}"
VAR13044,max_ht,PLANNED,EQUATION:EQ13017,EQUATION:EQ12012|TRANSFER:VAR13062|EQUATION:EQ13014|EQUATION:EQ13017,4,1,EXECUTED,VALUE_WITHOUT_STATE,"{""linha_grupo/L6_L7"": [""float"", ""0.003781192150302666"", null, null]}"
VAR13045,max_ht,PLANNED,AGGREGATION:AGR-MAX_HT-FLUXO_PARA_A18_LINHA_GRUPO-GRUPO-L1_L3-ANUAL-AVERAGE,EQUATION:EQ12012|TRANSFER:VAR13062|EQUATION:EQ13014|EQUATION:EQ13015|AGGREGATION:AGR-MAX_HT-FLUXO_PARA_A18_LINHA_GRUPO-GRUPO-L1_L3-ANUAL-AVERAGE,5,1,EXECUTED,VALUE_WITHOUT_STATE,"{""linha_grupo/L1_L3"": [""float"", ""0.005627273437014333"", null, null]}"
VAR13046,max_ht,PLANNED,AGGREGATION:AGR-MAX_HT-FLUXO_PARA_A18_LINHA_GRUPO-GRUPO-L4_L5-ANUAL-AVERAGE,EQUATION:EQ12012|TRANSFER:VAR13062|EQUATION:EQ13014|EQUATION:EQ13016|AGGREGATION:AGR-MAX_HT-FLUXO_PARA_A18_LINHA_GRUPO-GRUPO-L4_L5-ANUAL-AVERAGE,5,1,EXECUTED,VALUE_WITHOUT_STATE,"{""linha_grupo/L4_L5"": [""float"", ""0.003765151386662333"", null, null]}"
VAR13047,max_ht,PLANNED,AGGREGATION:AGR-MAX_HT-FLUXO_PARA_A18_LINHA_GRUPO-GRUPO-L6_L7-ANUAL-AVERAGE,EQUATION:EQ12012|TRANSFER:VAR13062|EQUATION:EQ13014|EQUATION:EQ13017|AGGREGATION:AGR-MAX_HT-FLUXO_PARA_A18_LINHA_GRUPO-GRUPO-L6_L7-ANUAL-AVERAGE,5,1,EXECUTED,VALUE_WITHOUT_STATE,"{""linha_grupo/L6_L7"": [""float"", ""0.0037760784658289995"", null, null]}"
VAR13048,max_ht,PLANNED,AGGREGATION:AGR-MAX_HT-FLUXO_PARA_A18_LINHA_GRUPO-GRUPO-L1_L3-MENSAL-AVERAGE,EQUATION:EQ12012|TRANSFER:VAR13062|EQUATION:EQ13014|EQUATION:EQ13015|AGGREGATION:AGR-MAX_HT-FLUXO_PARA_A18_LINHA_GRUPO-GRUPO-L1_L3-MENSAL-AVERAGE,5,1,EXECUTED,VALUE_WITHOUT_STATE,"{""linha_grupo/L1_L3"": [""float"", ""0.005634913936324001"", null, null]}"
VAR13049,max_ht,PLANNED,AGGREGATION:AGR-MAX_HT-FLUXO_PARA_A18_LINHA_GRUPO-GRUPO-L4_L5-MENSAL-AVERAGE,EQUATION:EQ12012|TRANSFER:VAR13062|EQUATION:EQ13014|EQUATION:EQ13016|AGGREGATION:AGR-MAX_HT-FLUXO_PARA_A18_LINHA_GRUPO-GRUPO-L4_L5-MENSAL-AVERAGE,5,1,EXECUTED,VALUE_WITHOUT_STATE,"{""linha_grupo/L4_L5"": [""float"", ""0.0037702561714493335"", null, null]}"
VAR13050,max_ht,PLANNED,AGGREGATION:AGR-MAX_HT-FLUXO_PARA_A18_LINHA_GRUPO-GRUPO-L6_L7-MENSAL-AVERAGE,EQUATION:EQ12012|TRANSFER:VAR13062|EQUATION:EQ13014|EQUATION:EQ13017|AGGREGATION:AGR-MAX_HT-FLUXO_PARA_A18_LINHA_GRUPO-GRUPO-L6_L7-MENSAL-AVERAGE,5,1,EXECUTED,VALUE_WITHOUT_STATE,"{""linha_grupo/L6_L7"": [""float"", ""0.003781192150302666"", null, null]}"
VAR13051,max_ht,PLANNED,EQUATION:EQ13018,EQUATION:EQ12012|TRANSFER:VAR13062|EQUATION:EQ13014|EQUATION:EQ13018,4,1,EXECUTED,VALUE_WITHOUT_STATE,"{""linha_grupo/L1_L7"": [""float"", ""0.013186362258076002"", null, null]}"
VAR13052,max_ht,PLANNED,AGGREGATION:AGR-MAX_HT-FLUXO_PARA_A18_LINHA_TOTAL-GRUPO-L1_L7-ANUAL-AVERAGE,EQUATION:EQ12012|TRANSFER:VAR13062|EQUATION:EQ13014|EQUATION:EQ13018|AGGREGATION:AGR-MAX_HT-FLUXO_PARA_A18_LINHA_TOTAL-GRUPO-L1_L7-ANUAL-AVERAGE,5,1,EXECUTED,VALUE_WITHOUT_STATE,"{""linha_grupo/L1_L7"": [""float"", ""0.013168503289505664"", null, null]}"
VAR13053,max_ht,PLANNED,AGGREGATION:AGR-MAX_HT-FLUXO_PARA_A18_LINHA_TOTAL-GRUPO-L1_L7-MENSAL-AVERAGE,EQUATION:EQ12012|TRANSFER:VAR13062|EQUATION:EQ13014|EQUATION:EQ13018|AGGREGATION:AGR-MAX_HT-FLUXO_PARA_A18_LINHA_TOTAL-GRUPO-L1_L7-MENSAL-AVERAGE,5,1,EXECUTED,VALUE_WITHOUT_STATE,"{""linha_grupo/L1_L7"": [""float"", ""0.013186362258076002"", null, null]}"
VAR13054,max_ht,PLANNED,EQUATION:EQ13019,EQUATION:EQ13019,1,7,EXECUTED,VALUE_WITHOUT_STATE,"{""linha/L1"": [""float"", ""0.0018994102400000004"", null, null], ""linha/L2"": [""float"", ""0.00190216764"", null, null], ""linha/L3"": [""float"", ""0.0019049270400000003"", null, null], ""linha/L4"": [""float"", ""0.00190768844"", null, null], ""linha/L5"": [""float"", ""0.0019104518400000004"", null, null], ""linha/L6"": [""float"", ""0.00191321724"", null, null], ""linha/L7"": [""float"", ""0.0019159846400000002"", null, null]}"
VAR13055,max_ht,PLANNED,AGGREGATION:AGR-MAX_HT-FLUXO_PARA_EVAP-LINHA-L1_L7-ANUAL-AVERAGE,EQUATION:EQ13019|AGGREGATION:AGR-MAX_HT-FLUXO_PARA_EVAP-LINHA-L1_L7-ANUAL-AVERAGE,2,7,EXECUTED,VALUE_WITHOUT_STATE,"{""linha/L1"": [""float"", ""0.001895141075"", null, null], ""linha/L2"": [""float"", ""0.0018978953750000002"", null, null], ""linha/L3"": [""float"", ""0.0019006516749999999"", null, null], ""linha/L4"": [""float"", ""0.001903409975"", null, null], ""linha/L5"": [""float"", ""0.0019061702749999998"", null, null], ""linha/L6"": [""float"", ""0.0019089325749999998"", null, null], ""linha/L7"": [""float"", ""0.001911696875"", null, null]}"
VAR13056,max_ht,PLANNED,AGGREGATION:AGR-MAX_HT-FLUXO_PARA_EVAP-LINHA-L1_L7-MENSAL-AVERAGE,EQUATION:EQ13019|AGGREGATION:AGR-MAX_HT-FLUXO_PARA_EVAP-LINHA-L1_L7-MENSAL-AVERAGE,2,7,EXECUTED,VALUE_WITHOUT_STATE,"{""linha/L1"": [""float"", ""0.0018994102400000004"", null, null], ""linha/L2"": [""float"", ""0.00190216764"", null, null], ""linha/L3"": [""float"", ""0.0019049270400000003"", null, null], ""linha/L4"": [""float"", ""0.00190768844"", null, null], ""linha/L5"": [""float"", ""0.0019104518400000004"", null, null], ""linha/L6"": [""float"", ""0.00191321724"", null, null], ""linha/L7"": [""float"", ""0.0019159846400000002"", null, null]}"
VAR13057,max_ht,PLANNED,EQUATION:EQ13020,EQUATION:EQ13019|EQUATION:EQ13020,2,1,EXECUTED,VALUE_WITHOUT_STATE,"{""linha_grupo/L1_L7"": [""float"", ""0.013353847080000002"", null, null]}"
VAR13058,max_ht,PLANNED,AGGREGATION:AGR-MAX_HT-FLUXO_PARA_EVAP_TOTAL-GRUPO-L1_L7-ANUAL-AVERAGE,EQUATION:EQ13019|EQUATION:EQ13020|AGGREGATION:AGR-MAX_HT-FLUXO_PARA_EVAP_TOTAL-GRUPO-L1_L7-ANUAL-AVERAGE,3,1,EXECUTED,VALUE_WITHOUT_STATE,"{""linha_grupo/L1_L7"": [""float"", ""0.013323897825"", null, null]}"
VAR13059,max_ht,PLANNED,AGGREGATION:AGR-MAX_HT-FLUXO_PARA_EVAP_TOTAL-GRUPO-L1_L7-MENSAL-AVERAGE,EQUATION:EQ13019|EQUATION:EQ13020|AGGREGATION:AGR-MAX_HT-FLUXO_PARA_EVAP_TOTAL-GRUPO-L1_L7-MENSAL-AVERAGE,3,1,EXECUTED,VALUE_WITHOUT_STATE,"{""linha_grupo/L1_L7"": [""float"", ""0.013353847080000002"", null, null]}"
VAR13060,max_ht,PLANNED,AGGREGATION:AGR-MAX_HT-LTH-LINHA-L1_L7-ANUAL-AVERAGE,EQUATION:EQ12012|TRANSFER:VAR13062|AGGREGATION:AGR-MAX_HT-LTH-LINHA-L1_L7-ANUAL-AVERAGE,3,7,EXECUTED,VALUE_WITHOUT_STATE,"{""linha/L1"": [""float"", ""1.3459081791666667"", null, null], ""linha/L2"": [""float"", ""1.3468976208333332"", null, null], ""linha/L3"": [""float"", ""1.3478870624999995"", null, null], ""linha/L4"": [""float"", ""1.3488765041666666"", null, null], ""linha/L5"": [""float"", ""1.3498659458333329"", null, null], ""linha/L6"": [""float"", ""1.3508553874999998"", null, null], ""linha/L7"": [""float"", ""1.3518448291666667"", null, null]}"
VAR13061,max_ht,PLANNED,AGGREGATION:AGR-MAX_HT-LTH-LINHA-L1_L7-MENSAL-AVERAGE,EQUATION:EQ12012|TRANSFER:VAR13062|AGGREGATION:AGR-MAX_HT-LTH-LINHA-L1_L7-MENSAL-AVERAGE,3,7,EXECUTED,VALUE_WITHOUT_STATE,"{""linha/L1"": [""float"", ""1.3462373733333333"", null, null], ""linha/L2"": [""float"", ""1.3472270733333334"", null, null], ""linha/L3"": [""float"", ""1.3482167733333332"", null, null], ""linha/L4"": [""float"", ""1.349206473333333"", null, null], ""linha/L5"": [""float"", ""1.3501961733333332"", null, null], ""linha/L6"": [""float"", ""1.351185873333333"", null, null], ""linha/L7"": [""float"", ""1.352175573333333"", null, null]}"
VAR13062,max_ht,PLANNED,TRANSFER:VAR13062,EQUATION:EQ12012|TRANSFER:VAR13062,2,7,EXECUTED,VALUE_WITHOUT_STATE,"{""linha/L1"": [""float"", ""1.3462373733333333"", null, null], ""linha/L2"": [""float"", ""1.3472270733333334"", null, null], ""linha/L3"": [""float"", ""1.3482167733333332"", null, null], ""linha/L4"": [""float"", ""1.349206473333333"", null, null], ""linha/L5"": [""float"", ""1.3501961733333332"", null, null], ""linha/L6"": [""float"", ""1.351185873333333"", null, null], ""linha/L7"": [""float"", ""1.352175573333333"", null, null]}"
VAR13063,max_ht,PLANNED,EQUATION:EQ13021,EQUATION:EQ12012|TRANSFER:VAR13062|EQUATION:EQ13021,3,1,EXECUTED,VALUE_WITHOUT_STATE,"{""linha_grupo/L1_L7"": [""float"", ""9.444445313333333"", null, null]}"
VAR13064,max_ht,PLANNED,AGGREGATION:AGR-MAX_HT-LTH_TOTAL-GRUPO-L1_L7-ANUAL-AVERAGE,EQUATION:EQ12012|TRANSFER:VAR13062|EQUATION:EQ13021|AGGREGATION:AGR-MAX_HT-LTH_TOTAL-GRUPO-L1_L7-ANUAL-AVERAGE,4,1,EXECUTED,VALUE_WITHOUT_STATE,"{""linha_grupo/L1_L7"": [""float"", ""9.442135529166663"", null, null]}"
VAR13065,max_ht,PLANNED,AGGREGATION:AGR-MAX_HT-LTH_TOTAL-GRUPO-L1_L7-MENSAL-AVERAGE,EQUATION:EQ12012|TRANSFER:VAR13062|EQUATION:EQ13021|AGGREGATION:AGR-MAX_HT-LTH_TOTAL-GRUPO-L1_L7-MENSAL-AVERAGE,4,1,EXECUTED,VALUE_WITHOUT_STATE,"{""linha_grupo/L1_L7"": [""float"", ""9.444445313333333"", null, null]}"
VAR13066,max_ht,PLANNED,AGGREGATION:AGR-MAX_HT-LTH_TOTAL_SOMATORIO-GRUPO-L1_L7-ANUAL-SUM,EQUATION:EQ12012|TRANSFER:VAR13062|EQUATION:EQ13021|AGGREGATION:AGR-MAX_HT-LTH_TOTAL_SOMATORIO-GRUPO-L1_L7-ANUAL-SUM,4,1,EXECUTED,VALUE_WITHOUT_STATE,"{""linha_grupo/L1_L7"": [""float"", ""7251.5600864"", null, null]}"
VAR13067,max_ht,PLANNED,AGGREGATION:AGR-MAX_HT-LTH_TOTAL_SOMATORIO-GRUPO-L1_L7-MENSAL-SUM,EQUATION:EQ12012|TRANSFER:VAR13062|EQUATION:EQ13021|AGGREGATION:AGR-MAX_HT-LTH_TOTAL_SOMATORIO-GRUPO-L1_L7-MENSAL-SUM,4,1,EXECUTED,VALUE_WITHOUT_STATE,"{""linha_grupo/L1_L7"": [""float"", ""226.66668751999998"", null, null]}"
VAR13068,max_ht,PLANNED,EQUATION:EQ13022,EQUATION:EQ12012|EQUATION:EQ13019|EQUATION:EQ13008|TRANSFER:VAR13062|EQUATION:EQ13014|EQUATION:EQ13015|EQUATION:EQ13011|EQUATION:EQ13022,8,1,EXECUTED,VALUE_WITHOUT_STATE,"{""linha_grupo/L1_L3"": [""float"", ""0.016709992886153532"", null, null]}"
VAR13069,max_ht,PLANNED,EQUATION:EQ13023,EQUATION:EQ12012|EQUATION:EQ13019|EQUATION:EQ13009|TRANSFER:VAR13062|EQUATION:EQ13014|EQUATION:EQ13016|EQUATION:EQ13012|EQUATION:EQ13023,8,1,EXECUTED,VALUE_WITHOUT_STATE,"{""linha_grupo/L4_L5"": [""float"", ""0.011260117958447611"", null, null]}"
VAR13070,max_ht,PLANNED,EQUATION:EQ13024,EQUATION:EQ12012|EQUATION:EQ13019|EQUATION:EQ13010|TRANSFER:VAR13062|EQUATION:EQ13014|EQUATION:EQ13017|EQUATION:EQ13013|EQUATION:EQ13024,8,1,EXECUTED,VALUE_WITHOUT_STATE,"{""linha_grupo/L6_L7"": [""float"", ""0.011372668423123093"", null, null]}"
VAR13071,max_ht,PLANNED,AGGREGATION:AGR-MAX_HT-MASSA_TOTAL_MAX_HT-GRUPO-L1_L3-ANUAL-AVERAGE,EQUATION:EQ12012|EQUATION:EQ13019|EQUATION:EQ13008|TRANSFER:VAR13062|EQUATION:EQ13014|EQUATION:EQ13015|EQUATION:EQ13011|EQUATION:EQ13022|AGGREGATION:AGR-MAX_HT-MASSA_TOTAL_MAX_HT-GRUPO-L1_L3-ANUAL-AVERAGE,9,1,EXECUTED,VALUE_WITHOUT_STATE,"{""linha_grupo/L1_L3"": [""float"", ""0.01666143887227533"", null, null]}"
VAR13072,max_ht,PLANNED,AGGREGATION:AGR-MAX_HT-MASSA_TOTAL_MAX_HT-GRUPO-L4_L5-ANUAL-AVERAGE,EQUATION:EQ12012|EQUATION:EQ13019|EQUATION:EQ13009|TRANSFER:VAR13062|EQUATION:EQ13014|EQUATION:EQ13016|EQUATION:EQ13012|EQUATION:EQ13023|AGGREGATION:AGR-MAX_HT-MASSA_TOTAL_MAX_HT-GRUPO-L4_L5-ANUAL-AVERAGE,9,1,EXECUTED,VALUE_WITHOUT_STATE,"{""linha_grupo/L4_L5"": [""float"", ""0.011227521299481888"", null, null]}"
VAR13073,max_ht,PLANNED,AGGREGATION:AGR-MAX_HT-MASSA_TOTAL_MAX_HT-GRUPO-L6_L7-ANUAL-AVERAGE,EQUATION:EQ12012|EQUATION:EQ13019|EQUATION:EQ13010|TRANSFER:VAR13062|EQUATION:EQ13014|EQUATION:EQ13017|EQUATION:EQ13013|EQUATION:EQ13024|AGGREGATION:AGR-MAX_HT-MASSA_TOTAL_MAX_HT-GRUPO-L6_L7-ANUAL-AVERAGE,9,1,EXECUTED,VALUE_WITHOUT_STATE,"{""linha_grupo/L6_L7"": [""float"", ""0.011339860700107373"", null, null]}"
VAR13074,max_ht,PLANNED,AGGREGATION:AGR-MAX_HT-MASSA_TOTAL_MAX_HT-GRUPO-L1_L3-MENSAL-AVERAGE,EQUATION:EQ12012|EQUATION:EQ13019|EQUATION:EQ13008|TRANSFER:VAR13062|EQUATION:EQ13014|EQUATION:EQ13015|EQUATION:EQ13011|EQUATION:EQ13022|AGGREGATION:AGR-MAX_HT-MASSA_TOTAL_MAX_HT-GRUPO-L1_L3-MENSAL-AVERAGE,9,1,EXECUTED,VALUE_WITHOUT_STATE,"{""linha_grupo/L1_L3"": [""float"", ""0.016709992886153532"", null, null]}"
VAR13075,max_ht,PLANNED,AGGREGATION:AGR-MAX_HT-MASSA_TOTAL_MAX_HT-GRUPO-L4_L5-MENSAL-AVERAGE,EQUATION:EQ12012|EQUATION:EQ13019|EQUATION:EQ13009|TRANSFER:VAR13062|EQUATION:EQ13014|EQUATION:EQ13016|EQUATION:EQ13012|EQUATION:EQ13023|AGGREGATION:AGR-MAX_HT-MASSA_TOTAL_MAX_HT-GRUPO-L4_L5-MENSAL-AVERAGE,9,1,EXECUTED,VALUE_WITHOUT_STATE,"{""linha_grupo/L4_L5"": [""float"", ""0.011260117958447611"", null, null]}"
VAR13076,max_ht,PLANNED,AGGREGATION:AGR-MAX_HT-MASSA_TOTAL_MAX_HT-GRUPO-L6_L7-MENSAL-AVERAGE,EQUATION:EQ12012|EQUATION:EQ13019|EQUATION:EQ13010|TRANSFER:VAR13062|EQUATION:EQ13014|EQUATION:EQ13017|EQUATION:EQ13013|EQUATION:EQ13024|AGGREGATION:AGR-MAX_HT-MASSA_TOTAL_MAX_HT-GRUPO-L6_L7-MENSAL-AVERAGE,9,1,EXECUTED,VALUE_WITHOUT_STATE,"{""linha_grupo/L6_L7"": [""float"", ""0.011372668423123093"", null, null]}"
VAR13077,max_ht,PLANNED,AGGREGATION:AGR-MAX_HT-MASSA_TOTAL_MAX_HT_SOMATORIO-GRUPO-L1_L3-ANUAL-SUM,EQUATION:EQ12012|EQUATION:EQ13019|EQUATION:EQ13008|TRANSFER:VAR13062|EQUATION:EQ13014|EQUATION:EQ13015|EQUATION:EQ13011|EQUATION:EQ13022|AGGREGATION:AGR-MAX_HT-MASSA_TOTAL_MAX_HT_SOMATORIO-GRUPO-L1_L3-ANUAL-SUM,9,1,EXECUTED,VALUE_WITHOUT_STATE,"{""linha_grupo/L1_L3"": [""float"", ""0.5331660439128105"", null, null]}"
VAR13078,max_ht,PLANNED,AGGREGATION:AGR-MAX_HT-MASSA_TOTAL_MAX_HT_SOMATORIO-GRUPO-L4_L5-ANUAL-SUM,EQUATION:EQ12012|EQUATION:EQ13019|EQUATION:EQ13009|TRANSFER:VAR13062|EQUATION:EQ13014|EQUATION:EQ13016|EQUATION:EQ13012|EQUATION:EQ13023|AGGREGATION:AGR-MAX_HT-MASSA_TOTAL_MAX_HT_SOMATORIO-GRUPO-L4_L5-ANUAL-SUM,9,1,EXECUTED,VALUE_WITHOUT_STATE,"{""linha_grupo/L4_L5"": [""float"", ""0.3592806815834204"", null, null]}"
VAR13079,max_ht,PLANNED,AGGREGATION:AGR-MAX_HT-MASSA_TOTAL_MAX_HT_SOMATORIO-GRUPO-L6_L7-ANUAL-SUM,EQUATION:EQ12012|EQUATION:EQ13019|EQUATION:EQ13010|TRANSFER:VAR13062|EQUATION:EQ13014|EQUATION:EQ13017|EQUATION:EQ13013|EQUATION:EQ13024|AGGREGATION:AGR-MAX_HT-MASSA_TOTAL_MAX_HT_SOMATORIO-GRUPO-L6_L7-ANUAL-SUM,9,1,EXECUTED,VALUE_WITHOUT_STATE,"{""linha_grupo/L6_L7"": [""float"", ""0.36287554240343595"", null, null]}"
VAR13080,max_ht,PLANNED,AGGREGATION:AGR-MAX_HT-MASSA_TOTAL_MAX_HT_SOMATORIO-GRUPO-L1_L3-MENSAL-SUM,EQUATION:EQ12012|EQUATION:EQ13019|EQUATION:EQ13008|TRANSFER:VAR13062|EQUATION:EQ13014|EQUATION:EQ13015|EQUATION:EQ13011|EQUATION:EQ13022|AGGREGATION:AGR-MAX_HT-MASSA_TOTAL_MAX_HT_SOMATORIO-GRUPO-L1_L3-MENSAL-SUM,9,1,EXECUTED,VALUE_WITHOUT_STATE,"{""linha_grupo/L1_L3"": [""float"", ""0.016709992886153532"", null, null]}"
VAR13081,max_ht,PLANNED,AGGREGATION:AGR-MAX_HT-MASSA_TOTAL_MAX_HT_SOMATORIO-GRUPO-L4_L5-MENSAL-SUM,EQUATION:EQ12012|EQUATION:EQ13019|EQUATION:EQ13009|TRANSFER:VAR13062|EQUATION:EQ13014|EQUATION:EQ13016|EQUATION:EQ13012|EQUATION:EQ13023|AGGREGATION:AGR-MAX_HT-MASSA_TOTAL_MAX_HT_SOMATORIO-GRUPO-L4_L5-MENSAL-SUM,9,1,EXECUTED,VALUE_WITHOUT_STATE,"{""linha_grupo/L4_L5"": [""float"", ""0.011260117958447611"", null, null]}"
VAR13082,max_ht,PLANNED,AGGREGATION:AGR-MAX_HT-MASSA_TOTAL_MAX_HT_SOMATORIO-GRUPO-L6_L7-MENSAL-SUM,EQUATION:EQ12012|EQUATION:EQ13019|EQUATION:EQ13010|TRANSFER:VAR13062|EQUATION:EQ13014|EQUATION:EQ13017|EQUATION:EQ13013|EQUATION:EQ13024|AGGREGATION:AGR-MAX_HT-MASSA_TOTAL_MAX_HT_SOMATORIO-GRUPO-L6_L7-MENSAL-SUM,9,1,EXECUTED,VALUE_WITHOUT_STATE,"{""linha_grupo/L6_L7"": [""float"", ""0.011372668423123093"", null, null]}"
VAR13083,max_ht,PLANNED,EQUATION:EQ13025,EQUATION:EQ12012|EQUATION:EQ13019|EQUATION:EQ13020|TRANSFER:VAR13062|EQUATION:EQ13014|EQUATION:EQ13018|EQUATION:EQ13025,7,1,EXECUTED,VALUE_WITHOUT_STATE,"{""linha_grupo/L1_L7"": [""float"", ""0.03993929942449705"", null, null]}"
VAR13084,max_ht,PLANNED,AGGREGATION:AGR-MAX_HT-MASSA_TOTAL_MAX_HT_TOTAL-GRUPO-L1_L7-ANUAL-AVERAGE,EQUATION:EQ12012|EQUATION:EQ13019|EQUATION:EQ13020|TRANSFER:VAR13062|EQUATION:EQ13014|EQUATION:EQ13018|EQUATION:EQ13025|AGGREGATION:AGR-MAX_HT-MASSA_TOTAL_MAX_HT_TOTAL-GRUPO-L1_L7-ANUAL-AVERAGE,8,1,EXECUTED,VALUE_WITHOUT_STATE,"{""linha_grupo/L1_L7"": [""float"", ""0.03982426595855417"", null, null]}"
VAR13085,max_ht,PLANNED,AGGREGATION:AGR-MAX_HT-MASSA_TOTAL_MAX_HT_TOTAL-GRUPO-L1_L7-MENSAL-AVERAGE,EQUATION:EQ12012|EQUATION:EQ13019|EQUATION:EQ13020|TRANSFER:VAR13062|EQUATION:EQ13014|EQUATION:EQ13018|EQUATION:EQ13025|AGGREGATION:AGR-MAX_HT-MASSA_TOTAL_MAX_HT_TOTAL-GRUPO-L1_L7-MENSAL-AVERAGE,8,1,EXECUTED,VALUE_WITHOUT_STATE,"{""linha_grupo/L1_L7"": [""float"", ""0.03993929942449705"", null, null]}"
VAR13086,max_ht,PLANNED,AGGREGATION:AGR-MAX_HT-MASSA_TOTAL_MAX_HT_TOTAL_SOMATORIO-GRUPO-L1_L7-ANUAL-SUM,EQUATION:EQ12012|EQUATION:EQ13019|EQUATION:EQ13020|TRANSFER:VAR13062|EQUATION:EQ13014|EQUATION:EQ13018|EQUATION:EQ13025|AGGREGATION:AGR-MAX_HT-MASSA_TOTAL_MAX_HT_TOTAL_SOMATORIO-GRUPO-L1_L7-ANUAL-SUM,8,1,EXECUTED,VALUE_WITHOUT_STATE,"{""linha_grupo/L1_L7"": [""float"", ""1.2743765106737335"", null, null]}"
VAR13087,max_ht,PLANNED,AGGREGATION:AGR-MAX_HT-MASSA_TOTAL_MAX_HT_TOTAL_SOMATORIO-GRUPO-L1_L7-MENSAL-SUM,EQUATION:EQ12012|EQUATION:EQ13019|EQUATION:EQ13020|TRANSFER:VAR13062|EQUATION:EQ13014|EQUATION:EQ13018|EQUATION:EQ13025|AGGREGATION:AGR-MAX_HT-MASSA_TOTAL_MAX_HT_TOTAL_SOMATORIO-GRUPO-L1_L7-MENSAL-SUM,8,1,EXECUTED,VALUE_WITHOUT_STATE,"{""linha_grupo/L1_L7"": [""float"", ""0.03993929942449705"", null, null]}"
VAR13088,max_ht,PLANNED,AGGREGATION:AGR-MAX_HT-PRODUCAO-LINHA-L1_L7-ANUAL-AVERAGE,EQUATION:EQ11038|EQUATION:EQ11059|EQUATION:EQ11103|EQUATION:EQ11108|EQUATION:EQ12012|TRANSFER:VAR11031|EQUATION:EQ11025|EQUATION:EQ11086|EQUATION:EQ11129|TRANSFER:VAR12062|EQUATION:EQ12016|EQUATION:EQ12017|EQUATION:EQ12018|EQUATION:EQ12019|EQUATION:EQ12020|EQUATION:EQ12021|EQUATION:EQ12022|EQUATION:EQ12024|TRANSFER:VAR13092|AGGREGATION:AGR-MAX_HT-PRODUCAO-LINHA-L1_L7-ANUAL-AVERAGE,20,7,EXECUTED,VALUE_WITHOUT_STATE,"{""linha/L1"": [""float"", ""0.44568011586751927"", null, null], ""linha/L2"": [""float"", ""0.44600775670046494"", null, null], ""linha/L3"": [""float"", ""0.44633539753341045"", null, null], ""linha/L4"": [""float"", ""0.43975888887967485"", null, null], ""linha/L5"": [""float"", ""0.4400814653103949"", null, null], ""linha/L6"": [""float"", ""0.40617760463501634"", null, null], ""linha/L7"": [""float"", ""0.40647511171835304"", null, null]}"
VAR13089,max_ht,PLANNED,AGGREGATION:AGR-MAX_HT-PRODUCAO-LINHA-L1_L7-MENSAL-AVERAGE,EQUATION:EQ11038|EQUATION:EQ11059|EQUATION:EQ11103|EQUATION:EQ11108|EQUATION:EQ12012|TRANSFER:VAR11031|EQUATION:EQ11025|EQUATION:EQ11086|EQUATION:EQ11129|TRANSFER:VAR12062|EQUATION:EQ12016|EQUATION:EQ12017|EQUATION:EQ12018|EQUATION:EQ12019|EQUATION:EQ12020|EQUATION:EQ12021|EQUATION:EQ12022|EQUATION:EQ12024|TRANSFER:VAR13092|AGGREGATION:AGR-MAX_HT-PRODUCAO-LINHA-L1_L7-MENSAL-AVERAGE,20,7,EXECUTED,VALUE_WITHOUT_STATE,"{""linha/L1"": [""float"", ""0.44583120605537235"", null, null], ""linha/L2"": [""float"", ""0.44615896336873573"", null, null], ""linha/L3"": [""float"", ""0.44648672068209894"", null, null], ""linha/L4"": [""float"", ""0.4399095597774051"", null, null], ""linha/L5"": [""float"", ""0.440232252041278"", null, null], ""linha/L6"": [""float"", ""0.4063202280562772"", null, null], ""linha/L7"": [""float"", ""0.40661784449650473"", null, null]}"
VAR13090,max_ht,PLANNED,AGGREGATION:AGR-MAX_HT-PRODUCAO_SOMATORIO-LINHA-L1_L7-ANUAL-SUM,EQUATION:EQ11038|EQUATION:EQ11059|EQUATION:EQ11103|EQUATION:EQ11108|EQUATION:EQ12012|TRANSFER:VAR11031|EQUATION:EQ11025|EQUATION:EQ11086|EQUATION:EQ11129|TRANSFER:VAR12062|EQUATION:EQ12016|EQUATION:EQ12017|EQUATION:EQ12018|EQUATION:EQ12019|EQUATION:EQ12020|EQUATION:EQ12021|EQUATION:EQ12022|EQUATION:EQ12024|TRANSFER:VAR13092|AGGREGATION:AGR-MAX_HT-PRODUCAO_SOMATORIO-LINHA-L1_L7-ANUAL-SUM,20,7,EXECUTED,VALUE_WITHOUT_STATE,"{""linha/L1"": [""float"", ""14.261763707760617"", null, null], ""linha/L2"": [""float"", ""14.272248214414878"", null, null], ""linha/L3"": [""float"", ""14.282732721069134"", null, null], ""linha/L4"": [""float"", ""14.072284444149595"", null, null], ""linha/L5"": [""float"", ""14.082606889932636"", null, null], ""linha/L6"": [""float"", ""12.997683348320523"", null, null], ""linha/L7"": [""float"", ""13.007203574987297"", null, null]}"
VAR13091,max_ht,PLANNED,AGGREGATION:AGR-MAX_HT-PRODUCAO_SOMATORIO-LINHA-L1_L7-MENSAL-SUM,EQUATION:EQ11038|EQUATION:EQ11059|EQUATION:EQ11103|EQUATION:EQ11108|EQUATION:EQ12012|TRANSFER:VAR11031|EQUATION:EQ11025|EQUATION:EQ11086|EQUATION:EQ11129|TRANSFER:VAR12062|EQUATION:EQ12016|EQUATION:EQ12017|EQUATION:EQ12018|EQUATION:EQ12019|EQUATION:EQ12020|EQUATION:EQ12021|EQUATION:EQ12022|EQUATION:EQ12024|TRANSFER:VAR13092|AGGREGATION:AGR-MAX_HT-PRODUCAO_SOMATORIO-LINHA-L1_L7-MENSAL-SUM,20,7,EXECUTED,VALUE_WITHOUT_STATE,"{""linha/L1"": [""float"", ""0.44583120605537235"", null, null], ""linha/L2"": [""float"", ""0.44615896336873573"", null, null], ""linha/L3"": [""float"", ""0.44648672068209894"", null, null], ""linha/L4"": [""float"", ""0.4399095597774051"", null, null], ""linha/L5"": [""float"", ""0.440232252041278"", null, null], ""linha/L6"": [""float"", ""0.4063202280562772"", null, null], ""linha/L7"": [""float"", ""0.40661784449650473"", null, null]}"
VAR13092,max_ht,PLANNED,TRANSFER:VAR13092,EQUATION:EQ11038|EQUATION:EQ11059|EQUATION:EQ11103|EQUATION:EQ11108|EQUATION:EQ12012|TRANSFER:VAR11031|EQUATION:EQ11025|EQUATION:EQ11086|EQUATION:EQ11129|TRANSFER:VAR12062|EQUATION:EQ12016|EQUATION:EQ12017|EQUATION:EQ12018|EQUATION:EQ12019|EQUATION:EQ12020|EQUATION:EQ12021|EQUATION:EQ12022|EQUATION:EQ12024|TRANSFER:VAR13092,19,7,EXECUTED,VALUE_WITHOUT_STATE,"{""linha/L1"": [""float"", ""0.44583120605537235"", null, null], ""linha/L2"": [""float"", ""0.44615896336873573"", null, null], ""linha/L3"": [""float"", ""0.44648672068209894"", null, null], ""linha/L4"": [""float"", ""0.4399095597774051"", null, null], ""linha/L5"": [""float"", ""0.440232252041278"", null, null], ""linha/L6"": [""float"", ""0.4063202280562772"", null, null], ""linha/L7"": [""float"", ""0.40661784449650473"", null, null]}"
VAR13093,max_ht,PLANNED,AGGREGATION:AGR-MAX_HT-PRODUCAO_GRUPO-GRUPO-L1_L3-ANUAL-AVERAGE,EQUATION:EQ11038|EQUATION:EQ11059|EQUATION:EQ11103|EQUATION:EQ11108|EQUATION:EQ12012|TRANSFER:VAR11031|EQUATION:EQ11025|EQUATION:EQ11086|EQUATION:EQ11129|TRANSFER:VAR12062|EQUATION:EQ12016|EQUATION:EQ12017|EQUATION:EQ12018|EQUATION:EQ12019|EQUATION:EQ12020|EQUATION:EQ12021|EQUATION:EQ12022|EQUATION:EQ12024|TRANSFER:VAR13092|EQUATION:EQ13026|AGGREGATION:AGR-MAX_HT-PRODUCAO_GRUPO-GRUPO-L1_L3-ANUAL-AVERAGE,21,1,EXECUTED,VALUE_WITHOUT_STATE,"{""linha_grupo/L1_L3"": [""float"", ""1.3380232701013945"", null, null]}"
VAR13094,max_ht,PLANNED,AGGREGATION:AGR-MAX_HT-PRODUCAO_GRUPO-GRUPO-L4_L5-ANUAL-AVERAGE,EQUATION:EQ11038|EQUATION:EQ11059|EQUATION:EQ11103|EQUATION:EQ11108|EQUATION:EQ12012|TRANSFER:VAR11031|EQUATION:EQ11025|EQUATION:EQ11086|EQUATION:EQ11129|TRANSFER:VAR12062|EQUATION:EQ12016|EQUATION:EQ12017|EQUATION:EQ12018|EQUATION:EQ12019|EQUATION:EQ12020|EQUATION:EQ12021|EQUATION:EQ12022|EQUATION:EQ12024|TRANSFER:VAR13092|EQUATION:EQ13027|AGGREGATION:AGR-MAX_HT-PRODUCAO_GRUPO-GRUPO-L4_L5-ANUAL-AVERAGE,21,1,EXECUTED,VALUE_WITHOUT_STATE,"{""linha_grupo/L4_L5"": [""float"", ""0.8798403541900698"", null, null]}"
VAR13095,max_ht,PLANNED,AGGREGATION:AGR-MAX_HT-PRODUCAO_GRUPO-GRUPO-L6_L7-ANUAL-AVERAGE,EQUATION:EQ11038|EQUATION:EQ11059|EQUATION:EQ11103|EQUATION:EQ11108|EQUATION:EQ12012|TRANSFER:VAR11031|EQUATION:EQ11025|EQUATION:EQ11086|EQUATION:EQ11129|TRANSFER:VAR12062|EQUATION:EQ12016|EQUATION:EQ12017|EQUATION:EQ12018|EQUATION:EQ12019|EQUATION:EQ12020|EQUATION:EQ12021|EQUATION:EQ12022|EQUATION:EQ12024|TRANSFER:VAR13092|EQUATION:EQ13028|AGGREGATION:AGR-MAX_HT-PRODUCAO_GRUPO-GRUPO-L6_L7-ANUAL-AVERAGE,21,1,EXECUTED,VALUE_WITHOUT_STATE,"{""linha_grupo/L6_L7"": [""float"", ""0.8126527163533692"", null, null]}"
VAR13096,max_ht,PLANNED,AGGREGATION:AGR-MAX_HT-PRODUCAO_GRUPO-GRUPO-L1_L3-MENSAL-AVERAGE,EQUATION:EQ11038|EQUATION:EQ11059|EQUATION:EQ11103|EQUATION:EQ11108|EQUATION:EQ12012|TRANSFER:VAR11031|EQUATION:EQ11025|EQUATION:EQ11086|EQUATION:EQ11129|TRANSFER:VAR12062|EQUATION:EQ12016|EQUATION:EQ12017|EQUATION:EQ12018|EQUATION:EQ12019|EQUATION:EQ12020|EQUATION:EQ12021|EQUATION:EQ12022|EQUATION:EQ12024|TRANSFER:VAR13092|EQUATION:EQ13026|AGGREGATION:AGR-MAX_HT-PRODUCAO_GRUPO-GRUPO-L1_L3-MENSAL-AVERAGE,21,1,EXECUTED,VALUE_WITHOUT_STATE,"{""linha_grupo/L1_L3"": [""float"", ""1.338476890106207"", null, null]}"
VAR13097,max_ht,PLANNED,AGGREGATION:AGR-MAX_HT-PRODUCAO_GRUPO-GRUPO-L4_L5-MENSAL-AVERAGE,EQUATION:EQ11038|EQUATION:EQ11059|EQUATION:EQ11103|EQUATION:EQ11108|EQUATION:EQ12012|TRANSFER:VAR11031|EQUATION:EQ11025|EQUATION:EQ11086|EQUATION:EQ11129|TRANSFER:VAR12062|EQUATION:EQ12016|EQUATION:EQ12017|EQUATION:EQ12018|EQUATION:EQ12019|EQUATION:EQ12020|EQUATION:EQ12021|EQUATION:EQ12022|EQUATION:EQ12024|TRANSFER:VAR13092|EQUATION:EQ13027|AGGREGATION:AGR-MAX_HT-PRODUCAO_GRUPO-GRUPO-L4_L5-MENSAL-AVERAGE,21,1,EXECUTED,VALUE_WITHOUT_STATE,"{""linha_grupo/L4_L5"": [""float"", ""0.8801418118186831"", null, null]}"
VAR13098,max_ht,PLANNED,AGGREGATION:AGR-MAX_HT-PRODUCAO_GRUPO-GRUPO-L6_L7-MENSAL-AVERAGE,EQUATION:EQ11038|EQUATION:EQ11059|EQUATION:EQ11103|EQUATION:EQ11108|EQUATION:EQ12012|TRANSFER:VAR11031|EQUATION:EQ11025|EQUATION:EQ11086|EQUATION:EQ11129|TRANSFER:VAR12062|EQUATION:EQ12016|EQUATION:EQ12017|EQUATION:EQ12018|EQUATION:EQ12019|EQUATION:EQ12020|EQUATION:EQ12021|EQUATION:EQ12022|EQUATION:EQ12024|TRANSFER:VAR13092|EQUATION:EQ13028|AGGREGATION:AGR-MAX_HT-PRODUCAO_GRUPO-GRUPO-L6_L7-MENSAL-AVERAGE,21,1,EXECUTED,VALUE_WITHOUT_STATE,"{""linha_grupo/L6_L7"": [""float"", ""0.8129380725527819"", null, null]}"
VAR13099,max_ht,PLANNED,EQUATION:EQ13026,EQUATION:EQ11038|EQUATION:EQ11059|EQUATION:EQ11103|EQUATION:EQ11108|EQUATION:EQ12012|TRANSFER:VAR11031|EQUATION:EQ11025|EQUATION:EQ11086|EQUATION:EQ11129|TRANSFER:VAR12062|EQUATION:EQ12016|EQUATION:EQ12017|EQUATION:EQ12018|EQUATION:EQ12019|EQUATION:EQ12020|EQUATION:EQ12021|EQUATION:EQ12022|EQUATION:EQ12024|TRANSFER:VAR13092|EQUATION:EQ13026,20,1,EXECUTED,VALUE_WITHOUT_STATE,"{""linha_grupo/L1_L3"": [""float"", ""1.338476890106207"", null, null]}"
VAR13100,max_ht,PLANNED,EQUATION:EQ13027,EQUATION:EQ11038|EQUATION:EQ11059|EQUATION:EQ11103|EQUATION:EQ11108|EQUATION:EQ12012|TRANSFER:VAR11031|EQUATION:EQ11025|EQUATION:EQ11086|EQUATION:EQ11129|TRANSFER:VAR12062|EQUATION:EQ12016|EQUATION:EQ12017|EQUATION:EQ12018|EQUATION:EQ12019|EQUATION:EQ12020|EQUATION:EQ12021|EQUATION:EQ12022|EQUATION:EQ12024|TRANSFER:VAR13092|EQUATION:EQ13027,20,1,EXECUTED,VALUE_WITHOUT_STATE,"{""linha_grupo/L4_L5"": [""float"", ""0.8801418118186831"", null, null]}"
VAR13101,max_ht,PLANNED,EQUATION:EQ13028,EQUATION:EQ11038|EQUATION:EQ11059|EQUATION:EQ11103|EQUATION:EQ11108|EQUATION:EQ12012|TRANSFER:VAR11031|EQUATION:EQ11025|EQUATION:EQ11086|EQUATION:EQ11129|TRANSFER:VAR12062|EQUATION:EQ12016|EQUATION:EQ12017|EQUATION:EQ12018|EQUATION:EQ12019|EQUATION:EQ12020|EQUATION:EQ12021|EQUATION:EQ12022|EQUATION:EQ12024|TRANSFER:VAR13092|EQUATION:EQ13028,20,1,EXECUTED,VALUE_WITHOUT_STATE,"{""linha_grupo/L6_L7"": [""float"", ""0.8129380725527819"", null, null]}"
VAR13102,max_ht,PLANNED,AGGREGATION:AGR-MAX_HT-PRODUCAO_GRUPO_SOMATORIO-GRUPO-L1_L3-ANUAL-SUM,EQUATION:EQ11038|EQUATION:EQ11059|EQUATION:EQ11103|EQUATION:EQ11108|EQUATION:EQ12012|TRANSFER:VAR11031|EQUATION:EQ11025|EQUATION:EQ11086|EQUATION:EQ11129|TRANSFER:VAR12062|EQUATION:EQ12016|EQUATION:EQ12017|EQUATION:EQ12018|EQUATION:EQ12019|EQUATION:EQ12020|EQUATION:EQ12021|EQUATION:EQ12022|EQUATION:EQ12024|TRANSFER:VAR13092|EQUATION:EQ13026|AGGREGATION:AGR-MAX_HT-PRODUCAO_GRUPO_SOMATORIO-GRUPO-L1_L3-ANUAL-SUM,21,1,EXECUTED,VALUE_WITHOUT_STATE,"{""linha_grupo/L1_L3"": [""float"", ""42.816744643244625"", null, null]}"
VAR13103,max_ht,PLANNED,AGGREGATION:AGR-MAX_HT-PRODUCAO_GRUPO_SOMATORIO-GRUPO-L4_L5-ANUAL-SUM,EQUATION:EQ11038|EQUATION:EQ11059|EQUATION:EQ11103|EQUATION:EQ11108|EQUATION:EQ12012|TRANSFER:VAR11031|EQUATION:EQ11025|EQUATION:EQ11086|EQUATION:EQ11129|TRANSFER:VAR12062|EQUATION:EQ12016|EQUATION:EQ12017|EQUATION:EQ12018|EQUATION:EQ12019|EQUATION:EQ12020|EQUATION:EQ12021|EQUATION:EQ12022|EQUATION:EQ12024|TRANSFER:VAR13092|EQUATION:EQ13027|AGGREGATION:AGR-MAX_HT-PRODUCAO_GRUPO_SOMATORIO-GRUPO-L4_L5-ANUAL-SUM,21,1,EXECUTED,VALUE_WITHOUT_STATE,"{""linha_grupo/L4_L5"": [""float"", ""28.154891334082233"", null, null]}"
VAR13104,max_ht,PLANNED,AGGREGATION:AGR-MAX_HT-PRODUCAO_GRUPO_SOMATORIO-GRUPO-L6_L7-ANUAL-SUM,EQUATION:EQ11038|EQUATION:EQ11059|EQUATION:EQ11103|EQUATION:EQ11108|EQUATION:EQ12012|TRANSFER:VAR11031|EQUATION:EQ11025|EQUATION:EQ11086|EQUATION:EQ11129|TRANSFER:VAR12062|EQUATION:EQ12016|EQUATION:EQ12017|EQUATION:EQ12018|EQUATION:EQ12019|EQUATION:EQ12020|EQUATION:EQ12021|EQUATION:EQ12022|EQUATION:EQ12024|TRANSFER:VAR13092|EQUATION:EQ13028|AGGREGATION:AGR-MAX_HT-PRODUCAO_GRUPO_SOMATORIO-GRUPO-L6_L7-ANUAL-SUM,21,1,EXECUTED,VALUE_WITHOUT_STATE,"{""linha_grupo/L6_L7"": [""float"", ""26.004886923307815"", null, null]}"
VAR13105,max_ht,PLANNED,AGGREGATION:AGR-MAX_HT-PRODUCAO_GRUPO_SOMATORIO-GRUPO-L1_L3-MENSAL-SUM,EQUATION:EQ11038|EQUATION:EQ11059|EQUATION:EQ11103|EQUATION:EQ11108|EQUATION:EQ12012|TRANSFER:VAR11031|EQUATION:EQ11025|EQUATION:EQ11086|EQUATION:EQ11129|TRANSFER:VAR12062|EQUATION:EQ12016|EQUATION:EQ12017|EQUATION:EQ12018|EQUATION:EQ12019|EQUATION:EQ12020|EQUATION:EQ12021|EQUATION:EQ12022|EQUATION:EQ12024|TRANSFER:VAR13092|EQUATION:EQ13026|AGGREGATION:AGR-MAX_HT-PRODUCAO_GRUPO_SOMATORIO-GRUPO-L1_L3-MENSAL-SUM,21,1,EXECUTED,VALUE_WITHOUT_STATE,"{""linha_grupo/L1_L3"": [""float"", ""1.338476890106207"", null, null]}"
VAR13106,max_ht,PLANNED,AGGREGATION:AGR-MAX_HT-PRODUCAO_GRUPO_SOMATORIO-GRUPO-L4_L5-MENSAL-SUM,EQUATION:EQ11038|EQUATION:EQ11059|EQUATION:EQ11103|EQUATION:EQ11108|EQUATION:EQ12012|TRANSFER:VAR11031|EQUATION:EQ11025|EQUATION:EQ11086|EQUATION:EQ11129|TRANSFER:VAR12062|EQUATION:EQ12016|EQUATION:EQ12017|EQUATION:EQ12018|EQUATION:EQ12019|EQUATION:EQ12020|EQUATION:EQ12021|EQUATION:EQ12022|EQUATION:EQ12024|TRANSFER:VAR13092|EQUATION:EQ13027|AGGREGATION:AGR-MAX_HT-PRODUCAO_GRUPO_SOMATORIO-GRUPO-L4_L5-MENSAL-SUM,21,1,EXECUTED,VALUE_WITHOUT_STATE,"{""linha_grupo/L4_L5"": [""float"", ""0.8801418118186831"", null, null]}"
VAR13107,max_ht,PLANNED,AGGREGATION:AGR-MAX_HT-PRODUCAO_GRUPO_SOMATORIO-GRUPO-L6_L7-MENSAL-SUM,EQUATION:EQ11038|EQUATION:EQ11059|EQUATION:EQ11103|EQUATION:EQ11108|EQUATION:EQ12012|TRANSFER:VAR11031|EQUATION:EQ11025|EQUATION:EQ11086|EQUATION:EQ11129|TRANSFER:VAR12062|EQUATION:EQ12016|EQUATION:EQ12017|EQUATION:EQ12018|EQUATION:EQ12019|EQUATION:EQ12020|EQUATION:EQ12021|EQUATION:EQ12022|EQUATION:EQ12024|TRANSFER:VAR13092|EQUATION:EQ13028|AGGREGATION:AGR-MAX_HT-PRODUCAO_GRUPO_SOMATORIO-GRUPO-L6_L7-MENSAL-SUM,21,1,EXECUTED,VALUE_WITHOUT_STATE,"{""linha_grupo/L6_L7"": [""float"", ""0.8129380725527819"", null, null]}"
VAR13108,max_ht,PLANNED,AGGREGATION:AGR-MAX_HT-REFINERY-GRUPO-L1_L7-ANUAL-AVERAGE,EQUATION:EQ11038|EQUATION:EQ11059|EQUATION:EQ11103|EQUATION:EQ11108|EQUATION:EQ12012|TRANSFER:VAR11031|EQUATION:EQ11025|EQUATION:EQ11086|EQUATION:EQ11129|TRANSFER:VAR12062|EQUATION:EQ12016|EQUATION:EQ12017|EQUATION:EQ12018|EQUATION:EQ12019|EQUATION:EQ12020|EQUATION:EQ12021|EQUATION:EQ12022|EQUATION:EQ12024|TRANSFER:VAR13092|EQUATION:EQ13029|AGGREGATION:AGR-MAX_HT-REFINERY-GRUPO-L1_L7-ANUAL-AVERAGE,21,1,EXECUTED,VALUE_WITHOUT_STATE,"{""linha_grupo/L1_L7"": [""float"", ""3.0305163406448337"", null, null]}"
VAR13109,max_ht,PLANNED,AGGREGATION:AGR-MAX_HT-REFINERY-GRUPO-L1_L7-MENSAL-AVERAGE,EQUATION:EQ11038|EQUATION:EQ11059|EQUATION:EQ11103|EQUATION:EQ11108|EQUATION:EQ12012|TRANSFER:VAR11031|EQUATION:EQ11025|EQUATION:EQ11086|EQUATION:EQ11129|TRANSFER:VAR12062|EQUATION:EQ12016|EQUATION:EQ12017|EQUATION:EQ12018|EQUATION:EQ12019|EQUATION:EQ12020|EQUATION:EQ12021|EQUATION:EQ12022|EQUATION:EQ12024|TRANSFER:VAR13092|EQUATION:EQ13029|AGGREGATION:AGR-MAX_HT-REFINERY-GRUPO-L1_L7-MENSAL-AVERAGE,21,1,EXECUTED,VALUE_WITHOUT_STATE,"{""linha_grupo/L1_L7"": [""float"", ""3.0315567744776715"", null, null]}"
VAR13110,max_ht,PLANNED,EQUATION:EQ13029,EQUATION:EQ11038|EQUATION:EQ11059|EQUATION:EQ11103|EQUATION:EQ11108|EQUATION:EQ12012|TRANSFER:VAR11031|EQUATION:EQ11025|EQUATION:EQ11086|EQUATION:EQ11129|TRANSFER:VAR12062|EQUATION:EQ12016|EQUATION:EQ12017|EQUATION:EQ12018|EQUATION:EQ12019|EQUATION:EQ12020|EQUATION:EQ12021|EQUATION:EQ12022|EQUATION:EQ12024|TRANSFER:VAR13092|EQUATION:EQ13029,20,1,EXECUTED,VALUE_WITHOUT_STATE,"{""linha_grupo/L1_L7"": [""float"", ""3.0315567744776715"", null, null]}"
VAR13111,max_ht,PLANNED,AGGREGATION:AGR-MAX_HT-REFINERY_SOMATORIO-GRUPO-L1_L7-ANUAL-SUM,EQUATION:EQ11038|EQUATION:EQ11059|EQUATION:EQ11103|EQUATION:EQ11108|EQUATION:EQ12012|TRANSFER:VAR11031|EQUATION:EQ11025|EQUATION:EQ11086|EQUATION:EQ11129|TRANSFER:VAR12062|EQUATION:EQ12016|EQUATION:EQ12017|EQUATION:EQ12018|EQUATION:EQ12019|EQUATION:EQ12020|EQUATION:EQ12021|EQUATION:EQ12022|EQUATION:EQ12024|TRANSFER:VAR13092|EQUATION:EQ13029|AGGREGATION:AGR-MAX_HT-REFINERY_SOMATORIO-GRUPO-L1_L7-ANUAL-SUM,21,1,EXECUTED,VALUE_WITHOUT_STATE,"{""linha_grupo/L1_L7"": [""float"", ""96.97652290063468"", null, null]}"
VAR13112,max_ht,PLANNED,AGGREGATION:AGR-MAX_HT-REFINERY_SOMATORIO-GRUPO-L1_L7-MENSAL-SUM,EQUATION:EQ11038|EQUATION:EQ11059|EQUATION:EQ11103|EQUATION:EQ11108|EQUATION:EQ12012|TRANSFER:VAR11031|EQUATION:EQ11025|EQUATION:EQ11086|EQUATION:EQ11129|TRANSFER:VAR12062|EQUATION:EQ12016|EQUATION:EQ12017|EQUATION:EQ12018|EQUATION:EQ12019|EQUATION:EQ12020|EQUATION:EQ12021|EQUATION:EQ12022|EQUATION:EQ12024|TRANSFER:VAR13092|EQUATION:EQ13029|AGGREGATION:AGR-MAX_HT-REFINERY_SOMATORIO-GRUPO-L1_L7-MENSAL-SUM,21,1,EXECUTED,VALUE_WITHOUT_STATE,"{""linha_grupo/L1_L7"": [""float"", ""3.0315567744776715"", null, null]}"
VAR16004,area_41,PLANNED,EQUATION:EQ16001,EQUATION:EQ16001,1,1,EXECUTED,VALUE_WITHOUT_STATE,"{""linha_grupo/L1_L3"": [""float"", ""-77.97316455014742"", null, null]}"
VAR16005,area_41,PLANNED,EQUATION:EQ16002,EQUATION:EQ16002,1,1,EXECUTED,VALUE_WITHOUT_STATE,"{""linha_grupo/L4_L5"": [""float"", ""-77.84461622863684"", null, null]}"
VAR16006,area_41,PLANNED,EQUATION:EQ16003,EQUATION:EQ16003,1,1,EXECUTED,VALUE_WITHOUT_STATE,"{""linha_grupo/L6_L7"": [""float"", ""-77.7169108530004"", null, null]}"
VAR16007,area_41,PLANNED,TRANSFER:VAR16007,EQUATION:EQ12012|TRANSFER:VAR11031|TRANSFER:VAR16007,3,7,EXECUTED,VALUE_WITHOUT_STATE,"{""linha/L1"": [""float"", ""1.3462373733333333"", null, null], ""linha/L2"": [""float"", ""1.3472270733333334"", null, null], ""linha/L3"": [""float"", ""1.3482167733333332"", null, null], ""linha/L4"": [""float"", ""1.349206473333333"", null, null], ""linha/L5"": [""float"", ""1.3501961733333332"", null, null], ""linha/L6"": [""float"", ""1.351185873333333"", null, null], ""linha/L7"": [""float"", ""1.352175573333333"", null, null]}"
VAR16008,area_41,PLANNED,EQUATION:EQ16004,EQUATION:EQ12012|TRANSFER:VAR11031|TRANSFER:VAR16007|EQUATION:EQ16004,4,1,EXECUTED,VALUE_WITHOUT_STATE,"{""linha_grupo/L1_L3"": [""float"", ""1.3472270733333334"", null, null]}"
VAR16009,area_41,PLANNED,EQUATION:EQ16005,EQUATION:EQ12012|TRANSFER:VAR11031|TRANSFER:VAR16007|EQUATION:EQ16005,4,1,EXECUTED,VALUE_WITHOUT_STATE,"{""linha_grupo/L4_L5"": [""float"", ""1.349701323333333"", null, null]}"
VAR16010,area_41,PLANNED,EQUATION:EQ16006,EQUATION:EQ12012|TRANSFER:VAR11031|TRANSFER:VAR16007|EQUATION:EQ16006,4,1,EXECUTED,VALUE_WITHOUT_STATE,"{""linha_grupo/L6_L7"": [""float"", ""1.351680723333333"", null, null]}"
VAR16014,area_41,PLANNED,EQUATION:EQ16007,EQUATION:EQ12012|TRANSFER:VAR11031|TRANSFER:VAR16007|EQUATION:EQ16004|EQUATION:EQ16007,5,1,EXECUTED,VALUE_WITHOUT_STATE,"{""linha_grupo/L1_L3"": [""float"", ""-71.78554367566134"", null, null]}"
VAR16015,area_41,PLANNED,EQUATION:EQ16008,EQUATION:EQ12012|TRANSFER:VAR11031|TRANSFER:VAR16007|EQUATION:EQ16005|EQUATION:EQ16008,5,1,EXECUTED,VALUE_WITHOUT_STATE,"{""linha_grupo/L4_L5"": [""float"", ""-71.62375744631612"", null, null]}"
VAR16016,area_41,PLANNED,EQUATION:EQ16009,EQUATION:EQ12012|TRANSFER:VAR11031|TRANSFER:VAR16007|EQUATION:EQ16006|EQUATION:EQ16009,5,1,EXECUTED,VALUE_WITHOUT_STATE,"{""linha_grupo/L6_L7"": [""float"", ""-71.46997578302866"", null, null]}"
VAR16018,area_41,PLANNED,EQUATION:EQ16010,EQUATION:EQ12012|EQUATION:EQ16001|TRANSFER:VAR11031|TRANSFER:VAR16007|EQUATION:EQ16004|EQUATION:EQ16007|EQUATION:EQ16010,7,1,EXECUTED,VALUE_WITHOUT_STATE,"{""linha_grupo/L1_L3"": [""float"", ""23.285462623458216"", null, null]}"
VAR16019,area_41,PLANNED,AGGREGATION:AGR-AREA_41-RETIRADA_CONDENSADO_GRUPO-GRUPO-L1_L3-MENSAL-AVERAGE,EQUATION:EQ12012|EQUATION:EQ16001|TRANSFER:VAR11031|TRANSFER:VAR16007|EQUATION:EQ16004|EQUATION:EQ16007|EQUATION:EQ16010|AGGREGATION:AGR-AREA_41-RETIRADA_CONDENSADO_GRUPO-GRUPO-L1_L3-MENSAL-AVERAGE,8,1,EXECUTED,VALUE_WITHOUT_STATE,"{""linha_grupo/L1_L3"": [""float"", ""23.285462623458216"", null, null]}"
VAR16020,area_41,PLANNED,AGGREGATION:AGR-AREA_41-RETIRADA_CONDENSADO_GRUPO-GRUPO-L1_L3-ANUAL-AVERAGE,EQUATION:EQ12012|EQUATION:EQ16001|TRANSFER:VAR11031|TRANSFER:VAR16007|EQUATION:EQ16004|EQUATION:EQ16007|EQUATION:EQ16010|AGGREGATION:AGR-AREA_41-RETIRADA_CONDENSADO_GRUPO-GRUPO-L1_L3-ANUAL-AVERAGE,8,1,EXECUTED,VALUE_WITHOUT_STATE,"{""linha_grupo/L1_L3"": [""float"", ""23.266522938531043"", null, null]}"
VAR16025,area_41,PLANNED,EQUATION:EQ16011,EQUATION:EQ12012|EQUATION:EQ16002|TRANSFER:VAR11031|TRANSFER:VAR16007|EQUATION:EQ16005|EQUATION:EQ16008|EQUATION:EQ16011,7,1,EXECUTED,VALUE_WITHOUT_STATE,"{""linha_grupo/L4_L5"": [""float"", ""112.44171756464144"", null, null]}"
VAR16026,area_41,PLANNED,AGGREGATION:AGR-AREA_41-RETIRADA_CONDENSADO_GRUPO-GRUPO-L4_L5-MENSAL-AVERAGE,EQUATION:EQ12012|EQUATION:EQ16002|TRANSFER:VAR11031|TRANSFER:VAR16007|EQUATION:EQ16005|EQUATION:EQ16008|EQUATION:EQ16011|AGGREGATION:AGR-AREA_41-RETIRADA_CONDENSADO_GRUPO-GRUPO-L4_L5-MENSAL-AVERAGE,8,1,EXECUTED,VALUE_WITHOUT_STATE,"{""linha_grupo/L4_L5"": [""float"", ""112.44171756464144"", null, null]}"
VAR16027,area_41,PLANNED,AGGREGATION:AGR-AREA_41-RETIRADA_CONDENSADO_GRUPO-GRUPO-L4_L5-ANUAL-AVERAGE,EQUATION:EQ12012|EQUATION:EQ16002|TRANSFER:VAR11031|TRANSFER:VAR16007|EQUATION:EQ16005|EQUATION:EQ16008|EQUATION:EQ16011|AGGREGATION:AGR-AREA_41-RETIRADA_CONDENSADO_GRUPO-GRUPO-L4_L5-ANUAL-AVERAGE,8,1,EXECUTED,VALUE_WITHOUT_STATE,"{""linha_grupo/L4_L5"": [""float"", ""112.43218993087072"", null, null]}"
VAR16028,area_41,PLANNED,EQUATION:EQ16012,EQUATION:EQ12012|EQUATION:EQ16003|TRANSFER:VAR11031|TRANSFER:VAR16007|EQUATION:EQ16006|EQUATION:EQ16009|EQUATION:EQ16012,7,1,EXECUTED,VALUE_WITHOUT_STATE,"{""linha_grupo/L6_L7"": [""float"", ""112.49387013994348"", null, null]}"
VAR16029,area_41,PLANNED,AGGREGATION:AGR-AREA_41-RETIRADA_CONDENSADO_GRUPO-GRUPO-L6_L7-MENSAL-AVERAGE,EQUATION:EQ12012|EQUATION:EQ16003|TRANSFER:VAR11031|TRANSFER:VAR16007|EQUATION:EQ16006|EQUATION:EQ16009|EQUATION:EQ16012|AGGREGATION:AGR-AREA_41-RETIRADA_CONDENSADO_GRUPO-GRUPO-L6_L7-MENSAL-AVERAGE,8,1,EXECUTED,VALUE_WITHOUT_STATE,"{""linha_grupo/L6_L7"": [""float"", ""112.49387013994348"", null, null]}"
VAR16030,area_41,PLANNED,AGGREGATION:AGR-AREA_41-RETIRADA_CONDENSADO_GRUPO-GRUPO-L6_L7-ANUAL-AVERAGE,EQUATION:EQ12012|EQUATION:EQ16003|TRANSFER:VAR11031|TRANSFER:VAR16007|EQUATION:EQ16006|EQUATION:EQ16009|EQUATION:EQ16012|AGGREGATION:AGR-AREA_41-RETIRADA_CONDENSADO_GRUPO-GRUPO-L6_L7-ANUAL-AVERAGE,8,1,EXECUTED,VALUE_WITHOUT_STATE,"{""linha_grupo/L6_L7"": [""float"", ""112.4843415675536"", null, null]}"
VAR16031,area_41,PLANNED,EQUATION:EQ16013|EQUATION:EQ16014|EQUATION:EQ16015|EQUATION:EQ16016|EQUATION:EQ16017|EQUATION:EQ16018|EQUATION:EQ16019,EQUATION:EQ12012|EQUATION:EQ16001|EQUATION:EQ16002|EQUATION:EQ16003|TRANSFER:VAR11031|TRANSFER:VAR16007|EQUATION:EQ16004|EQUATION:EQ16005|EQUATION:EQ16006|EQUATION:EQ16007|EQUATION:EQ16008|EQUATION:EQ16009|EQUATION:EQ16010|EQUATION:EQ16011|EQUATION:EQ16012|EQUATION:EQ16013|EQUATION:EQ16014|EQUATION:EQ16015|EQUATION:EQ16016|EQUATION:EQ16017|EQUATION:EQ16018|EQUATION:EQ16019,22,7,EXECUTED,VALUE_WITHOUT_STATE,"{""linha/L1"": [""float"", ""7.756118885362239"", null, null], ""linha/L2"": [""float"", ""7.761820874486072"", null, null], ""linha/L3"": [""float"", ""7.767522863609903"", null, null], ""linha/L4"": [""float"", ""56.200246153817304"", null, null], ""linha/L5"": [""float"", ""56.24147141082414"", null, null], ""linha/L6"": [""float"", ""56.22634308005956"", null, null], ""linha/L7"": [""float"", ""56.26752705988392"", null, null]}"
VAR16032,area_41,PLANNED,AGGREGATION:AGR-AREA_41-RETIRADA_CONDENSADO_LINHA-LINHA-L1_L7-MENSAL-AVERAGE,EQUATION:EQ12012|EQUATION:EQ16001|EQUATION:EQ16002|EQUATION:EQ16003|TRANSFER:VAR11031|TRANSFER:VAR16007|EQUATION:EQ16004|EQUATION:EQ16005|EQUATION:EQ16006|EQUATION:EQ16007|EQUATION:EQ16008|EQUATION:EQ16009|EQUATION:EQ16010|EQUATION:EQ16011|EQUATION:EQ16012|EQUATION:EQ16013|EQUATION:EQ16014|EQUATION:EQ16015|EQUATION:EQ16016|EQUATION:EQ16017|EQUATION:EQ16018|EQUATION:EQ16019|AGGREGATION:AGR-AREA_41-RETIRADA_CONDENSADO_LINHA-LINHA-L1_L7-MENSAL-AVERAGE,23,7,EXECUTED,VALUE_WITHOUT_STATE,"{""linha/L1"": [""float"", ""7.756118885362239"", null, null], ""linha/L2"": [""float"", ""7.761820874486072"", null, null], ""linha/L3"": [""float"", ""7.767522863609903"", null, null], ""linha/L4"": [""float"", ""56.200246153817304"", null, null], ""linha/L5"": [""float"", ""56.24147141082414"", null, null], ""linha/L6"": [""float"", ""56.22634308005956"", null, null], ""linha/L7"": [""float"", ""56.26752705988392"", null, null]}"
VAR16033,area_41,PLANNED,AGGREGATION:AGR-AREA_41-RETIRADA_CONDENSADO_LINHA-LINHA-L1_L7-ANUAL-AVERAGE,EQUATION:EQ12012|EQUATION:EQ16001|EQUATION:EQ16002|EQUATION:EQ16003|TRANSFER:VAR11031|TRANSFER:VAR16007|EQUATION:EQ16004|EQUATION:EQ16005|EQUATION:EQ16006|EQUATION:EQ16007|EQUATION:EQ16008|EQUATION:EQ16009|EQUATION:EQ16010|EQUATION:EQ16011|EQUATION:EQ16012|EQUATION:EQ16013|EQUATION:EQ16014|EQUATION:EQ16015|EQUATION:EQ16016|EQUATION:EQ16017|EQUATION:EQ16018|EQUATION:EQ16019|AGGREGATION:AGR-AREA_41-RETIRADA_CONDENSADO_LINHA-LINHA-L1_L7-ANUAL-AVERAGE,23,7,EXECUTED,VALUE_WITHOUT_STATE,"{""linha/L1"": [""float"", ""7.749810388777164"", null, null], ""linha/L2"": [""float"", ""7.755507646177013"", null, null], ""linha/L3"": [""float"", ""7.761204903576864"", null, null], ""linha/L4"": [""float"", ""56.19548442268292"", null, null], ""linha/L5"": [""float"", ""56.23670550818782"", null, null], ""linha/L6"": [""float"", ""56.22158087639393"", null, null], ""linha/L7"": [""float"", ""56.26276069115966"", null, null]}"
VAR16034,area_41,PLANNED,EQUATION:EQ16020,EQUATION:EQ12012|EQUATION:EQ16001|EQUATION:EQ16002|EQUATION:EQ16003|TRANSFER:VAR11031|TRANSFER:VAR16007|EQUATION:EQ16004|EQUATION:EQ16005|EQUATION:EQ16006|EQUATION:EQ16007|EQUATION:EQ16008|EQUATION:EQ16009|EQUATION:EQ16010|EQUATION:EQ16011|EQUATION:EQ16012|EQUATION:EQ16020,16,1,EXECUTED,VALUE_WITHOUT_STATE,"{""linha_grupo/L1_L7"": [""float"", ""248.22105032804313"", null, null]}"
VAR16035,area_41,PLANNED,AGGREGATION:AGR-AREA_41-RETIRADA_CONDENSADO_TOTAL-GRUPO-L1_L7-MENSAL-AVERAGE,EQUATION:EQ12012|EQUATION:EQ16001|EQUATION:EQ16002|EQUATION:EQ16003|TRANSFER:VAR11031|TRANSFER:VAR16007|EQUATION:EQ16004|EQUATION:EQ16005|EQUATION:EQ16006|EQUATION:EQ16007|EQUATION:EQ16008|EQUATION:EQ16009|EQUATION:EQ16010|EQUATION:EQ16011|EQUATION:EQ16012|EQUATION:EQ16020|AGGREGATION:AGR-AREA_41-RETIRADA_CONDENSADO_TOTAL-GRUPO-L1_L7-MENSAL-AVERAGE,17,1,EXECUTED,VALUE_WITHOUT_STATE,"{""linha_grupo/L1_L7"": [""float"", ""248.22105032804313"", null, null]}"
VAR16036,area_41,PLANNED,AGGREGATION:AGR-AREA_41-RETIRADA_CONDENSADO_TOTAL-GRUPO-L1_L7-ANUAL-AVERAGE,EQUATION:EQ12012|EQUATION:EQ16001|EQUATION:EQ16002|EQUATION:EQ16003|TRANSFER:VAR11031|TRANSFER:VAR16007|EQUATION:EQ16004|EQUATION:EQ16005|EQUATION:EQ16006|EQUATION:EQ16007|EQUATION:EQ16008|EQUATION:EQ16009|EQUATION:EQ16010|EQUATION:EQ16011|EQUATION:EQ16012|EQUATION:EQ16020|AGGREGATION:AGR-AREA_41-RETIRADA_CONDENSADO_TOTAL-GRUPO-L1_L7-ANUAL-AVERAGE,17,1,EXECUTED,VALUE_WITHOUT_STATE,"{""linha_grupo/L1_L7"": [""float"", ""248.1830544369554"", null, null]}"
VAR18001,energy,PLANNED,TRANSFER:VAR18001,EQUATION:EQ11038|EQUATION:EQ11059|EQUATION:EQ11103|EQUATION:EQ11108|EQUATION:EQ12012|TRANSFER:VAR11031|EQUATION:EQ11025|EQUATION:EQ11086|EQUATION:EQ11129|TRANSFER:VAR12062|EQUATION:EQ12016|EQUATION:EQ12017|EQUATION:EQ12018|EQUATION:EQ12019|EQUATION:EQ12020|EQUATION:EQ12021|EQUATION:EQ12022|EQUATION:EQ12024|TRANSFER:VAR18001,19,7,EXECUTED,VALUE_WITHOUT_STATE,"{""linha/L1"": [""float"", ""0.44583120605537235"", null, null], ""linha/L2"": [""float"", ""0.44615896336873573"", null, null], ""linha/L3"": [""float"", ""0.44648672068209894"", null, null], ""linha/L4"": [""float"", ""0.4399095597774051"", null, null], ""linha/L5"": [""float"", ""0.440232252041278"", null, null], ""linha/L6"": [""float"", ""0.4063202280562772"", null, null], ""linha/L7"": [""float"", ""0.40661784449650473"", null, null]}"
VAR18002,energy,PLANNED,EQUATION:EQ18001,EQUATION:EQ11038|EQUATION:EQ11059|EQUATION:EQ11103|EQUATION:EQ11108|EQUATION:EQ12012|TRANSFER:VAR11031|EQUATION:EQ11025|EQUATION:EQ11086|EQUATION:EQ11129|TRANSFER:VAR12062|EQUATION:EQ12016|EQUATION:EQ12017|EQUATION:EQ12018|EQUATION:EQ12019|EQUATION:EQ12020|EQUATION:EQ12021|EQUATION:EQ12022|EQUATION:EQ12024|TRANSFER:VAR18001|EQUATION:EQ18001,20,7,EXECUTED,VALUE_WITHOUT_STATE,"{""linha/L1"": [""float"", ""0.018576300252307183"", null, null], ""linha/L2"": [""float"", ""0.018589956807030655"", null, null], ""linha/L3"": [""float"", ""0.01860361336175412"", null, null], ""linha/L4"": [""float"", ""0.018329564990725213"", null, null], ""linha/L5"": [""float"", ""0.01834301050171992"", null, null], ""linha/L6"": [""float"", ""0.016930009502344884"", null, null], ""linha/L7"": [""float"", ""0.016942410187354363"", null, null]}"
VAR18003,energy,PLANNED,EQUATION:EQ18002,EQUATION:EQ11038|EQUATION:EQ11059|EQUATION:EQ11103|EQUATION:EQ11108|EQUATION:EQ12012|TRANSFER:VAR11031|EQUATION:EQ11025|EQUATION:EQ11086|EQUATION:EQ11129|TRANSFER:VAR12062|EQUATION:EQ12016|EQUATION:EQ12017|EQUATION:EQ12018|EQUATION:EQ12019|EQUATION:EQ12020|EQUATION:EQ12021|EQUATION:EQ12022|EQUATION:EQ12024|TRANSFER:VAR18001|EQUATION:EQ18001|EQUATION:EQ18002,21,1,EXECUTED,VALUE_WITHOUT_STATE,"{""linha_grupo/L1_L7"": [""float"", ""0.12631486560323635"", null, null]}"
VAR18004,energy,PLANNED,AGGREGATION:AGR-ENERGY-PRODUCAO_PLANTA_T_H_MEDIA_MOVEL-GRUPO-L1_L7-DIARIO-MOVING_AVERAGE,EQUATION:EQ11038|EQUATION:EQ11059|EQUATION:EQ11103|EQUATION:EQ11108|EQUATION:EQ12012|TRANSFER:VAR11031|EQUATION:EQ11025|EQUATION:EQ11086|EQUATION:EQ11129|TRANSFER:VAR12062|EQUATION:EQ12016|EQUATION:EQ12017|EQUATION:EQ12018|EQUATION:EQ12019|EQUATION:EQ12020|EQUATION:EQ12021|EQUATION:EQ12022|EQUATION:EQ12024|TRANSFER:VAR18001|EQUATION:EQ18001|EQUATION:EQ18002|AGGREGATION:AGR-ENERGY-PRODUCAO_PLANTA_T_H_MEDIA_MOVEL-GRUPO-L1_L7-DIARIO-MOVING_AVERAGE,22,1,EXECUTED,VALUE_WITHOUT_STATE,"{""linha_grupo/L1_L7"": [""float"", ""0.12631486560323635"", null, null]}"
VAR18005,energy,PLANNED,TRANSFER:VAR18005,EQUATION:EQ11038|EQUATION:EQ11059|EQUATION:EQ11103|EQUATION:EQ11108|EQUATION:EQ12012|TRANSFER:VAR11031|EQUATION:EQ11025|EQUATION:EQ11086|EQUATION:EQ11129|TRANSFER:VAR12062|EQUATION:EQ12016|EQUATION:EQ12017|EQUATION:EQ12018|EQUATION:EQ12019|EQUATION:EQ12020|EQUATION:EQ12021|EQUATION:EQ12022|TRANSFER:VAR18005,18,7,EXECUTED,VALUE_WITHOUT_STATE,"{""linha/L1"": [""float"", ""14.382975120499918"", null, null], ""linha/L2"": [""float"", ""14.382975120499918"", null, null], ""linha/L3"": [""float"", ""14.382975120499918"", null, null], ""linha/L4"": [""float"", ""14.160705539207589"", null, null], ""linha/L5"": [""float"", ""14.160705539207589"", null, null], ""linha/L6"": [""float"", ""13.060303098410483"", null, null], ""linha/L7"": [""float"", ""13.060303098410483"", null, null]}"
VAR18006,energy,PLANNED,TRANSFER:VAR18006,EQUATION:EQ11038|EQUATION:EQ11059|EQUATION:EQ11103|EQUATION:EQ11108|EQUATION:EQ12012|TRANSFER:VAR11031|EQUATION:EQ11025|EQUATION:EQ11086|EQUATION:EQ11129|TRANSFER:VAR12062|EQUATION:EQ12016|EQUATION:EQ12017|EQUATION:EQ12018|EQUATION:EQ12019|EQUATION:EQ12020|EQUATION:EQ12021|EQUATION:EQ12022|EQUATION:EQ12023|TRANSFER:VAR18006,19,1,EXECUTED,VALUE_WITHOUT_STATE,"{""linha_grupo/L1_L7"": [""float"", ""13.940846916187041"", null, null]}"
VAR18007,energy,PLANNED,TRANSFER:VAR18007,EQUATION:EQ11038|EQUATION:EQ11059|EQUATION:EQ11103|EQUATION:EQ11108|EQUATION:EQ12012|TRANSFER:VAR11031|EQUATION:EQ11025|EQUATION:EQ11086|EQUATION:EQ11129|TRANSFER:VAR12062|EQUATION:EQ12016|EQUATION:EQ12017|EQUATION:EQ12018|EQUATION:EQ12019|EQUATION:EQ12020|EQUATION:EQ12021|EQUATION:EQ12022|EQUATION:EQ12023|AGGREGATION:AGR-PRODUCTION-PICK_UP_TOTAL-GRUPO-L1_L7-MENSAL-AVERAGE|TRANSFER:VAR18007,20,1,EXECUTED,VALUE_WITHOUT_STATE,"{""linha_grupo/L1_L7"": [""float"", ""13.940846916187041"", null, null]}"
VAR18008,energy,PLANNED,TRANSFER:VAR18008,EQUATION:EQ12012|TRANSFER:VAR18008,2,7,EXECUTED,VALUE_WITHOUT_STATE,"{""linha/L1"": [""float"", ""1.3462373733333333"", null, null], ""linha/L2"": [""float"", ""1.3472270733333334"", null, null], ""linha/L3"": [""float"", ""1.3482167733333332"", null, null], ""linha/L4"": [""float"", ""1.349206473333333"", null, null], ""linha/L5"": [""float"", ""1.3501961733333332"", null, null], ""linha/L6"": [""float"", ""1.351185873333333"", null, null], ""linha/L7"": [""float"", ""1.352175573333333"", null, null]}"
VAR18009,energy,PLANNED,TRANSFER:VAR18009,EQUATION:EQ12012|EQUATION:EQ12013|TRANSFER:VAR18009,3,1,EXECUTED,VALUE_WITHOUT_STATE,"{""linha_grupo/L1_L7"": [""float"", ""9.444445313333333"", null, null]}"
VAR18010,energy,PLANNED,TRANSFER:VAR18010,EQUATION:EQ12012|EQUATION:EQ12013|AGGREGATION:AGR-PRODUCTION-LTH_TOTAL-GRUPO-L1_L7-MENSAL-AVERAGE|TRANSFER:VAR18010,4,1,EXECUTED,VALUE_WITHOUT_STATE,"{""linha_grupo/L1_L7"": [""float"", ""9.444445313333333"", null, null]}"
VAR18011,energy,PLANNED,TRANSFER:VAR18011,TRANSFER:VAR18011,1,7,EXECUTED,VALUE_WITHOUT_STATE,"{""linha/L1"": [""float"", ""1.3599999999999999"", null, null], ""linha/L2"": [""float"", ""1.3609999999999998"", null, null], ""linha/L3"": [""float"", ""1.3619999999999999"", null, null], ""linha/L4"": [""float"", ""1.3629999999999998"", null, null], ""linha/L5"": [""float"", ""1.3639999999999999"", null, null], ""linha/L6"": [""float"", ""1.3649999999999998"", null, null], ""linha/L7"": [""float"", ""1.3659999999999999"", null, null]}"
VAR18017,energy,PLANNED,EQUATION:EQ18003,EQUATION:EQ18003,1,7,EXECUTED,VALUE_WITHOUT_STATE,"{""linha/L1"": [""float"", ""1.46"", null, null], ""linha/L2"": [""float"", ""1.4609999999999999"", null, null], ""linha/L3"": [""float"", ""1.462"", null, null], ""linha/L4"": [""float"", ""1.4629999999999999"", null, null], ""linha/L5"": [""float"", ""1.464"", null, null], ""linha/L6"": [""float"", ""1.4649999999999999"", null, null], ""linha/L7"": [""float"", ""1.466"", null, null]}"
VAR18019,energy,PLANNED,EQUATION:EQ18004,EQUATION:EQ18003|EQUATION:EQ18004,2,7,EXECUTED,VALUE_WITHOUT_STATE,"{""linha/L1"": [""float"", ""-1.43"", null, null], ""linha/L2"": [""float"", ""-1.4309999999999998"", null, null], ""linha/L3"": [""float"", ""-1.432"", null, null], ""linha/L4"": [""float"", ""-1.4329999999999998"", null, null], ""linha/L5"": [""float"", ""-1.434"", null, null], ""linha/L6"": [""float"", ""-1.4349999999999998"", null, null], ""linha/L7"": [""float"", ""-1.436"", null, null]}"
VAR18020,energy,PLANNED,EQUATION:EQ18005,EQUATION:EQ12012|EQUATION:EQ18003|TRANSFER:VAR18008|EQUATION:EQ18005,4,7,EXECUTED,VALUE_WITHOUT_STATE,"{""linha/L1"": [""float"", ""-0.004319512313927785"", null, null], ""linha/L2"": [""float"", ""-0.004325710705660298"", null, null], ""linha/L3"": [""float"", ""-0.004331913538697846"", null, null], ""linha/L4"": [""float"", ""-0.004338120813040423"", null, null], ""linha/L5"": [""float"", ""-0.004344332528688035"", null, null], ""linha/L6"": [""float"", ""-0.004350548685640679"", null, null], ""linha/L7"": [""float"", ""-0.004356769283898355"", null, null]}"
VAR18021,energy,PLANNED,AGGREGATION:AGR-ENERGY-VAZAO_VAPOR_DIGESTAO-LINHA-L1_L7-MENSAL-AVERAGE,EQUATION:EQ12012|EQUATION:EQ18003|TRANSFER:VAR18008|EQUATION:EQ18005|AGGREGATION:AGR-ENERGY-VAZAO_VAPOR_DIGESTAO-LINHA-L1_L7-MENSAL-AVERAGE,5,7,EXECUTED,VALUE_WITHOUT_STATE,"{""linha/L1"": [""float"", ""-0.004319512313927785"", null, null], ""linha/L2"": [""float"", ""-0.004325710705660298"", null, null], ""linha/L3"": [""float"", ""-0.004331913538697846"", null, null], ""linha/L4"": [""float"", ""-0.004338120813040423"", null, null], ""linha/L5"": [""float"", ""-0.004344332528688035"", null, null], ""linha/L6"": [""float"", ""-0.004350548685640679"", null, null], ""linha/L7"": [""float"", ""-0.004356769283898355"", null, null]}"
VAR18022,energy,PLANNED,EQUATION:EQ18006,EQUATION:EQ12012|EQUATION:EQ18003|TRANSFER:VAR18008|EQUATION:EQ18005|EQUATION:EQ18006,5,1,EXECUTED,VALUE_WITHOUT_STATE,"{""linha_grupo/L1_L7"": [""float"", ""-0.030366907869553424"", null, null]}"
VAR18023,energy,PLANNED,AGGREGATION:AGR-ENERGY-VAZAO_VAPOR_DIGESTAO_TOTAL-GRUPO-L1_L7-MENSAL-AVERAGE,EQUATION:EQ12012|EQUATION:EQ18003|TRANSFER:VAR18008|EQUATION:EQ18005|EQUATION:EQ18006|AGGREGATION:AGR-ENERGY-VAZAO_VAPOR_DIGESTAO_TOTAL-GRUPO-L1_L7-MENSAL-AVERAGE,6,1,EXECUTED,VALUE_WITHOUT_STATE,"{""linha_grupo/L1_L7"": [""float"", ""-0.030366907869553424"", null, null]}"
VAR18024,energy,PLANNED,EQUATION:EQ18007,EQUATION:EQ11038|EQUATION:EQ11059|EQUATION:EQ11103|EQUATION:EQ11108|EQUATION:EQ12012|EQUATION:EQ18003|TRANSFER:VAR11031|EQUATION:EQ11025|EQUATION:EQ11086|EQUATION:EQ11129|TRANSFER:VAR12062|EQUATION:EQ12016|EQUATION:EQ12017|EQUATION:EQ12018|EQUATION:EQ12019|EQUATION:EQ12020|EQUATION:EQ12021|EQUATION:EQ12022|EQUATION:EQ12024|TRANSFER:VAR18001|EQUATION:EQ18001|TRANSFER:VAR18008|EQUATION:EQ18005|EQUATION:EQ18007,24,7,EXECUTED,VALUE_WITHOUT_STATE,"{""linha/L1"": [""float"", ""-0.232528127520511"", null, null], ""linha/L2"": [""float"", ""-0.2326907346026931"", null, null], ""linha/L3"": [""float"", ""-0.2328533416848754"", null, null], ""linha/L4"": [""float"", ""-0.23667341888558285"", null, null], ""linha/L5"": [""float"", ""-0.23683857828466556"", null, null], ""linha/L6"": [""float"", ""-0.2569726074304984"", null, null], ""linha/L7"": [""float"", ""-0.25715168241825487"", null, null]}"
VAR18025,energy,PLANNED,EQUATION:EQ18008,EQUATION:EQ11038|EQUATION:EQ11059|EQUATION:EQ11103|EQUATION:EQ11108|EQUATION:EQ12012|EQUATION:EQ18003|TRANSFER:VAR11031|EQUATION:EQ11025|EQUATION:EQ11086|EQUATION:EQ11129|TRANSFER:VAR12062|EQUATION:EQ12016|EQUATION:EQ12017|EQUATION:EQ12018|EQUATION:EQ12019|EQUATION:EQ12020|EQUATION:EQ12021|EQUATION:EQ12022|EQUATION:EQ12024|TRANSFER:VAR18001|EQUATION:EQ18001|EQUATION:EQ18002|TRANSFER:VAR18008|EQUATION:EQ18005|EQUATION:EQ18007|EQUATION:EQ18008,26,1,EXECUTED,VALUE_WITHOUT_STATE,"{""linha_grupo/L1_L7"": [""float"", ""-0.2404064456272151"", null, null]}"
VAR18026,energy,PLANNED,AGGREGATION:AGR-ENERGY-ESPECIFICO_VAPOR_DIGESTAO_MEDIO-GRUPO-L1_L7-MENSAL-WEIGHTED_AVERAGE,EQUATION:EQ11038|EQUATION:EQ11059|EQUATION:EQ11103|EQUATION:EQ11108|EQUATION:EQ12012|EQUATION:EQ18003|TRANSFER:VAR11031|EQUATION:EQ11025|EQUATION:EQ11086|EQUATION:EQ11129|TRANSFER:VAR12062|EQUATION:EQ12016|EQUATION:EQ12017|EQUATION:EQ12018|EQUATION:EQ12019|EQUATION:EQ12020|EQUATION:EQ12021|EQUATION:EQ12022|EQUATION:EQ12024|TRANSFER:VAR18001|EQUATION:EQ18001|EQUATION:EQ18002|TRANSFER:VAR18008|EQUATION:EQ18005|EQUATION:EQ18007|EQUATION:EQ18008|AGGREGATION:AGR-ENERGY-ESPECIFICO_VAPOR_DIGESTAO_MEDIO-GRUPO-L1_L7-MENSAL-WEIGHTED_AVERAGE,27,1,EXECUTED,VALUE_WITHOUT_STATE,"{""linha_grupo/L1_L7"": [""float"", ""-0.2404064456272151"", null, null]}"
VAR18027,energy,PLANNED,EQUATION:EQ18009,EQUATION:EQ11038|EQUATION:EQ11059|EQUATION:EQ11103|EQUATION:EQ11108|EQUATION:EQ12012|EQUATION:EQ18003|TRANSFER:VAR11031|EQUATION:EQ11025|EQUATION:EQ11086|EQUATION:EQ11129|TRANSFER:VAR12062|EQUATION:EQ12016|EQUATION:EQ12017|EQUATION:EQ12018|EQUATION:EQ12019|EQUATION:EQ12020|EQUATION:EQ12021|EQUATION:EQ12022|EQUATION:EQ12024|TRANSFER:VAR18001|EQUATION:EQ18001|EQUATION:EQ18002|TRANSFER:VAR18008|EQUATION:EQ18005|EQUATION:EQ18007|EQUATION:EQ18008|EQUATION:EQ18009,27,1,EXECUTED,VALUE_WITHOUT_STATE,"{""linha_grupo/L1_L7"": [""float"", ""-0.5903442315402001"", null, null]}"
VAR18028,energy,PLANNED,AGGREGATION:AGR-ENERGY-ENERGIA_DIGESTAO-GRUPO-L1_L7-MENSAL-WEIGHTED_AVERAGE,EQUATION:EQ11038|EQUATION:EQ11059|EQUATION:EQ11103|EQUATION:EQ11108|EQUATION:EQ12012|EQUATION:EQ18003|TRANSFER:VAR11031|EQUATION:EQ11025|EQUATION:EQ11086|EQUATION:EQ11129|TRANSFER:VAR12062|EQUATION:EQ12016|EQUATION:EQ12017|EQUATION:EQ12018|EQUATION:EQ12019|EQUATION:EQ12020|EQUATION:EQ12021|EQUATION:EQ12022|EQUATION:EQ12024|TRANSFER:VAR18001|EQUATION:EQ18001|EQUATION:EQ18002|TRANSFER:VAR18008|EQUATION:EQ18005|EQUATION:EQ18007|EQUATION:EQ18008|EQUATION:EQ18009|AGGREGATION:AGR-ENERGY-ENERGIA_DIGESTAO-GRUPO-L1_L7-MENSAL-WEIGHTED_AVERAGE,28,1,EXECUTED,VALUE_WITHOUT_STATE,"{""linha_grupo/L1_L7"": [""float"", ""-0.5903442315402001"", null, null]}"
VAR18030,energy,PLANNED,EQUATION:EQ18010,EQUATION:EQ18010,1,7,EXECUTED,VALUE_WITHOUT_STATE,"{""linha/L1"": [""float"", ""0.0266992"", null, null], ""linha/L2"": [""float"", ""0.026735752499999994"", null, null], ""linha/L3"": [""float"", ""0.02677233"", null, null], ""linha/L4"": [""float"", ""0.026808932499999997"", null, null], ""linha/L5"": [""float"", ""0.02684556"", null, null], ""linha/L6"": [""float"", ""0.0268822125"", null, null], ""linha/L7"": [""float"", ""0.02691889"", null, null]}"
VAR18032,energy,PLANNED,EQUATION:EQ18011,EQUATION:EQ18010|EQUATION:EQ18011,2,7,EXECUTED,VALUE_WITHOUT_STATE,"{""linha/L1"": [""float"", ""55.92676934140349"", null, null], ""linha/L2"": [""float"", ""55.88771066009832"", null, null], ""linha/L3"": [""float"", ""55.84870648165476"", null, null], ""linha/L4"": [""float"", ""55.80975669210253"", null, null], ""linha/L5"": [""float"", ""55.7708611777888"", null, null], ""linha/L6"": [""float"", ""55.7320198253771"", null, null], ""linha/L7"": [""float"", ""55.693232521846184"", null, null]}"
VAR18033,energy,PLANNED,EQUATION:EQ18012,EQUATION:EQ18010|EQUATION:EQ18011|EQUATION:EQ18012,3,1,EXECUTED,VALUE_WITHOUT_STATE,"{""linha_grupo/L1_L7"": [""float"", ""390.6690567002712"", null, null]}"
VAR18034,energy,PLANNED,EQUATION:EQ18013,EQUATION:EQ11038|EQUATION:EQ11059|EQUATION:EQ11103|EQUATION:EQ11108|EQUATION:EQ12012|EQUATION:EQ18010|EQUATION:EQ18011|TRANSFER:VAR11031|EQUATION:EQ11025|EQUATION:EQ11086|EQUATION:EQ11129|TRANSFER:VAR12062|EQUATION:EQ12016|EQUATION:EQ12017|EQUATION:EQ12018|EQUATION:EQ12019|EQUATION:EQ12020|EQUATION:EQ12021|EQUATION:EQ12022|EQUATION:EQ12024|TRANSFER:VAR18001|EQUATION:EQ18001|EQUATION:EQ18013,23,7,EXECUTED,VALUE_WITHOUT_STATE,"{""linha/L1"": [""float"", ""3010.6516680821505"", null, null], ""linha/L2"": [""float"", ""3006.3389194622437"", null, null], ""linha/L3"": [""float"", ""3002.035432346183"", null, null], ""linha/L4"": [""float"", ""3044.794392029617"", null, null], ""linha/L5"": [""float"", ""3040.442089511942"", null, null], ""linha/L6"": [""float"", ""3291.9071792403874"", null, null], ""linha/L7"": [""float"", ""3287.20836681283"", null, null]}"
VAR18035,energy,PLANNED,EQUATION:EQ18014,EQUATION:EQ11038|EQUATION:EQ11059|EQUATION:EQ11103|EQUATION:EQ11108|EQUATION:EQ12012|EQUATION:EQ18010|EQUATION:EQ18011|TRANSFER:VAR11031|EQUATION:EQ11025|EQUATION:EQ11086|EQUATION:EQ11129|TRANSFER:VAR12062|EQUATION:EQ12016|EQUATION:EQ12017|EQUATION:EQ12018|EQUATION:EQ12019|EQUATION:EQ12020|EQUATION:EQ12021|EQUATION:EQ12022|EQUATION:EQ12024|TRANSFER:VAR18001|EQUATION:EQ18001|EQUATION:EQ18014,23,1,EXECUTED,VALUE_WITHOUT_STATE,"{""linha_grupo/L1_L3"": [""float"", ""3006.339896743726"", null, null]}"
VAR18036,energy,PLANNED,EQUATION:EQ18015,EQUATION:EQ11038|EQUATION:EQ11059|EQUATION:EQ11103|EQUATION:EQ11108|EQUATION:EQ12012|EQUATION:EQ18010|EQUATION:EQ18011|TRANSFER:VAR11031|EQUATION:EQ11025|EQUATION:EQ11086|EQUATION:EQ11129|TRANSFER:VAR12062|EQUATION:EQ12016|EQUATION:EQ12017|EQUATION:EQ12018|EQUATION:EQ12019|EQUATION:EQ12020|EQUATION:EQ12021|EQUATION:EQ12022|EQUATION:EQ12024|TRANSFER:VAR18001|EQUATION:EQ18001|EQUATION:EQ18015,23,1,EXECUTED,VALUE_WITHOUT_STATE,"{""linha_grupo/L4_L5"": [""float"", ""3042.6174429139264"", null, null]}"
VAR18037,energy,PLANNED,EQUATION:EQ18016,EQUATION:EQ11038|EQUATION:EQ11059|EQUATION:EQ11103|EQUATION:EQ11108|EQUATION:EQ12012|EQUATION:EQ18010|EQUATION:EQ18011|TRANSFER:VAR11031|EQUATION:EQ11025|EQUATION:EQ11086|EQUATION:EQ11129|TRANSFER:VAR12062|EQUATION:EQ12016|EQUATION:EQ12017|EQUATION:EQ12018|EQUATION:EQ12019|EQUATION:EQ12020|EQUATION:EQ12021|EQUATION:EQ12022|EQUATION:EQ12024|TRANSFER:VAR18001|EQUATION:EQ18001|EQUATION:EQ18016,23,1,EXECUTED,VALUE_WITHOUT_STATE,"{""linha_grupo/L6_L7"": [""float"", ""3289.5569129095375"", null, null]}"
VAR18038,energy,PLANNED,EQUATION:EQ18017,EQUATION:EQ11038|EQUATION:EQ11059|EQUATION:EQ11103|EQUATION:EQ11108|EQUATION:EQ12012|EQUATION:EQ18010|EQUATION:EQ18011|EQUATION:EQ18012|TRANSFER:VAR11031|EQUATION:EQ11025|EQUATION:EQ11086|EQUATION:EQ11129|TRANSFER:VAR12062|EQUATION:EQ12016|EQUATION:EQ12017|EQUATION:EQ12018|EQUATION:EQ12019|EQUATION:EQ12020|EQUATION:EQ12021|EQUATION:EQ12022|EQUATION:EQ12024|TRANSFER:VAR18001|EQUATION:EQ18001|EQUATION:EQ18002|EQUATION:EQ18017,25,1,EXECUTED,VALUE_WITHOUT_STATE,"{""linha_grupo/L1_L7"": [""float"", ""3092.8193196784096"", null, null]}"
VAR18039,energy,PLANNED,AGGREGATION:AGR-ENERGY-ESPECIFICO_VAPOR_EVAPORACAO_TOTAL-GRUPO-L1_L7-MENSAL-WEIGHTED_AVERAGE,EQUATION:EQ11038|EQUATION:EQ11059|EQUATION:EQ11103|EQUATION:EQ11108|EQUATION:EQ12012|EQUATION:EQ18010|EQUATION:EQ18011|EQUATION:EQ18012|TRANSFER:VAR11031|EQUATION:EQ11025|EQUATION:EQ11086|EQUATION:EQ11129|TRANSFER:VAR12062|EQUATION:EQ12016|EQUATION:EQ12017|EQUATION:EQ12018|EQUATION:EQ12019|EQUATION:EQ12020|EQUATION:EQ12021|EQUATION:EQ12022|EQUATION:EQ12024|TRANSFER:VAR18001|EQUATION:EQ18001|EQUATION:EQ18002|EQUATION:EQ18017|AGGREGATION:AGR-ENERGY-ESPECIFICO_VAPOR_EVAPORACAO_TOTAL-GRUPO-L1_L7-MENSAL-WEIGHTED_AVERAGE,26,1,EXECUTED,VALUE_WITHOUT_STATE,"{""linha_grupo/L1_L7"": [""float"", ""3092.8193196784096"", null, null]}"
VAR18040,energy,PLANNED,EQUATION:EQ18018,EQUATION:EQ11038|EQUATION:EQ11059|EQUATION:EQ11103|EQUATION:EQ11108|EQUATION:EQ12012|EQUATION:EQ18010|EQUATION:EQ18011|EQUATION:EQ18012|TRANSFER:VAR11031|EQUATION:EQ11025|EQUATION:EQ11086|EQUATION:EQ11129|TRANSFER:VAR12062|EQUATION:EQ12016|EQUATION:EQ12017|EQUATION:EQ12018|EQUATION:EQ12019|EQUATION:EQ12020|EQUATION:EQ12021|EQUATION:EQ12022|EQUATION:EQ12024|TRANSFER:VAR18001|EQUATION:EQ18001|EQUATION:EQ18002|EQUATION:EQ18017|EQUATION:EQ18018,26,1,EXECUTED,VALUE_WITHOUT_STATE,"{""linha_grupo/L1_L7"": [""float"", ""7594.75495677618"", null, null]}"
VAR18041,energy,PLANNED,AGGREGATION:AGR-ENERGY-ENERGIA_EVAPORACAO-GRUPO-L1_L7-MENSAL-WEIGHTED_AVERAGE,EQUATION:EQ11038|EQUATION:EQ11059|EQUATION:EQ11103|EQUATION:EQ11108|EQUATION:EQ12012|EQUATION:EQ18010|EQUATION:EQ18011|EQUATION:EQ18012|TRANSFER:VAR11031|EQUATION:EQ11025|EQUATION:EQ11086|EQUATION:EQ11129|TRANSFER:VAR12062|EQUATION:EQ12016|EQUATION:EQ12017|EQUATION:EQ12018|EQUATION:EQ12019|EQUATION:EQ12020|EQUATION:EQ12021|EQUATION:EQ12022|EQUATION:EQ12024|TRANSFER:VAR18001|EQUATION:EQ18001|EQUATION:EQ18002|EQUATION:EQ18017|EQUATION:EQ18018|AGGREGATION:AGR-ENERGY-ENERGIA_EVAPORACAO-GRUPO-L1_L7-MENSAL-WEIGHTED_AVERAGE,27,1,EXECUTED,VALUE_WITHOUT_STATE,"{""linha_grupo/L1_L7"": [""float"", ""7594.75495677618"", null, null]}"
VAR18042,energy,PLANNED,EQUATION:EQ18019,EQUATION:EQ11038|EQUATION:EQ11059|EQUATION:EQ11103|EQUATION:EQ11108|EQUATION:EQ12012|EQUATION:EQ18003|EQUATION:EQ18010|EQUATION:EQ18011|EQUATION:EQ18012|TRANSFER:VAR11031|EQUATION:EQ11025|EQUATION:EQ11086|EQUATION:EQ11129|TRANSFER:VAR12062|EQUATION:EQ12016|EQUATION:EQ12017|EQUATION:EQ12018|EQUATION:EQ12019|EQUATION:EQ12020|EQUATION:EQ12021|EQUATION:EQ12022|EQUATION:EQ12024|TRANSFER:VAR18001|EQUATION:EQ18001|EQUATION:EQ18002|EQUATION:EQ18017|EQUATION:EQ18018|TRANSFER:VAR18008|EQUATION:EQ18005|EQUATION:EQ18007|EQUATION:EQ18008|EQUATION:EQ18009|EQUATION:EQ18019,33,1,EXECUTED,VALUE_WITHOUT_STATE,"{""linha_grupo/L1_L7"": [""float"", ""7594.16461254464"", null, null]}"
VAR18043,energy,PLANNED,AGGREGATION:AGR-ENERGY-ENERGIA_BAYER-GRUPO-L1_L7-MENSAL-WEIGHTED_AVERAGE,EQUATION:EQ11038|EQUATION:EQ11059|EQUATION:EQ11103|EQUATION:EQ11108|EQUATION:EQ12012|EQUATION:EQ18003|EQUATION:EQ18010|EQUATION:EQ18011|EQUATION:EQ18012|TRANSFER:VAR11031|EQUATION:EQ11025|EQUATION:EQ11086|EQUATION:EQ11129|TRANSFER:VAR12062|EQUATION:EQ12016|EQUATION:EQ12017|EQUATION:EQ12018|EQUATION:EQ12019|EQUATION:EQ12020|EQUATION:EQ12021|EQUATION:EQ12022|EQUATION:EQ12024|TRANSFER:VAR18001|EQUATION:EQ18001|EQUATION:EQ18002|EQUATION:EQ18017|EQUATION:EQ18018|TRANSFER:VAR18008|EQUATION:EQ18005|EQUATION:EQ18007|EQUATION:EQ18008|EQUATION:EQ18009|EQUATION:EQ18019|AGGREGATION:AGR-ENERGY-ENERGIA_BAYER-GRUPO-L1_L7-MENSAL-WEIGHTED_AVERAGE,34,1,EXECUTED,VALUE_WITHOUT_STATE,"{""linha_grupo/L1_L7"": [""float"", ""7594.16461254464"", null, null]}"
VAR18044,energy,PLANNED,EQUATION:EQ18020,EQUATION:EQ11038|EQUATION:EQ11059|EQUATION:EQ11103|EQUATION:EQ11108|EQUATION:EQ12012|EQUATION:EQ18003|EQUATION:EQ18010|EQUATION:EQ18011|EQUATION:EQ18012|TRANSFER:VAR11031|EQUATION:EQ11025|EQUATION:EQ11086|EQUATION:EQ11129|TRANSFER:VAR12062|EQUATION:EQ12016|EQUATION:EQ12017|EQUATION:EQ12018|EQUATION:EQ12019|EQUATION:EQ12020|EQUATION:EQ12021|EQUATION:EQ12022|EQUATION:EQ12024|TRANSFER:VAR18001|EQUATION:EQ18001|EQUATION:EQ18002|EQUATION:EQ18017|EQUATION:EQ18018|AGGREGATION:AGR-ENERGY-ENERGIA_EVAPORACAO-GRUPO-L1_L7-MENSAL-WEIGHTED_AVERAGE|TRANSFER:VAR18008|EQUATION:EQ18005|EQUATION:EQ18007|EQUATION:EQ18008|EQUATION:EQ18009|AGGREGATION:AGR-ENERGY-ENERGIA_DIGESTAO-GRUPO-L1_L7-MENSAL-WEIGHTED_AVERAGE|EQUATION:EQ18020,35,1,EXECUTED,VALUE_WITHOUT_STATE,"{""linha_grupo/L1_L7"": [""float"", ""7594.16461254464"", null, null]}"
VAR18045,energy,PLANNED,EQUATION:EQ18021,EQUATION:EQ12012|EQUATION:EQ18003|EQUATION:EQ18010|EQUATION:EQ18011|EQUATION:EQ18012|TRANSFER:VAR18008|EQUATION:EQ18005|EQUATION:EQ18006|EQUATION:EQ18021,9,1,EXECUTED,VALUE_WITHOUT_STATE,"{""linha_grupo/L1_L7"": [""float"", ""390.63868979240164"", null, null]}"
VAR18047,energy,PLANNED,EQUATION:EQ18022,EQUATION:EQ11038|EQUATION:EQ11059|EQUATION:EQ11103|EQUATION:EQ11108|EQUATION:EQ12012|TRANSFER:VAR11031|EQUATION:EQ11025|EQUATION:EQ11086|EQUATION:EQ11129|TRANSFER:VAR12062|EQUATION:EQ12016|EQUATION:EQ12017|EQUATION:EQ12018|EQUATION:EQ12019|EQUATION:EQ12020|EQUATION:EQ12021|EQUATION:EQ12022|EQUATION:EQ12024|TRANSFER:VAR18001|EQUATION:EQ18001|EQUATION:EQ18002|EQUATION:EQ18022,22,1,EXECUTED,VALUE_WITHOUT_STATE,"{""linha_grupo/L1_L7"": [""float"", ""11.900420372703039"", null, null]}"
VAR18048,energy,PLANNED,AGGREGATION:AGR-ENERGY-ESPECIFICO_VAPOR_OUTROS-GRUPO-L1_L7-MENSAL-WEIGHTED_AVERAGE,EQUATION:EQ11038|EQUATION:EQ11059|EQUATION:EQ11103|EQUATION:EQ11108|EQUATION:EQ12012|TRANSFER:VAR11031|EQUATION:EQ11025|EQUATION:EQ11086|EQUATION:EQ11129|TRANSFER:VAR12062|EQUATION:EQ12016|EQUATION:EQ12017|EQUATION:EQ12018|EQUATION:EQ12019|EQUATION:EQ12020|EQUATION:EQ12021|EQUATION:EQ12022|EQUATION:EQ12024|TRANSFER:VAR18001|EQUATION:EQ18001|EQUATION:EQ18002|EQUATION:EQ18022|AGGREGATION:AGR-ENERGY-ESPECIFICO_VAPOR_OUTROS-GRUPO-L1_L7-MENSAL-WEIGHTED_AVERAGE,23,1,EXECUTED,VALUE_WITHOUT_STATE,"{""linha_grupo/L1_L7"": [""float"", ""11.900420372703039"", null, null]}"
VAR18049,energy,PLANNED,EQUATION:EQ18023,EQUATION:EQ12012|EQUATION:EQ18003|EQUATION:EQ18010|EQUATION:EQ18011|EQUATION:EQ18012|TRANSFER:VAR18008|EQUATION:EQ18005|EQUATION:EQ18006|EQUATION:EQ18021|EQUATION:EQ18023,10,1,EXECUTED,VALUE_WITHOUT_STATE,"{""linha_grupo/L1_L7"": [""float"", ""392.1418897924016"", null, null]}"
VAR18050,energy,PLANNED,EQUATION:EQ18024,EQUATION:EQ11038|EQUATION:EQ11059|EQUATION:EQ11103|EQUATION:EQ11108|EQUATION:EQ12012|EQUATION:EQ18003|EQUATION:EQ18010|EQUATION:EQ18011|EQUATION:EQ18012|TRANSFER:VAR11031|EQUATION:EQ11025|EQUATION:EQ11086|EQUATION:EQ11129|TRANSFER:VAR12062|EQUATION:EQ12016|EQUATION:EQ12017|EQUATION:EQ12018|EQUATION:EQ12019|EQUATION:EQ12020|EQUATION:EQ12021|EQUATION:EQ12022|EQUATION:EQ12024|TRANSFER:VAR18001|EQUATION:EQ18001|EQUATION:EQ18002|TRANSFER:VAR18008|EQUATION:EQ18005|EQUATION:EQ18006|EQUATION:EQ18021|EQUATION:EQ18023|EQUATION:EQ18024,31,1,EXECUTED,VALUE_WITHOUT_STATE,"{""linha_grupo/L1_L7"": [""float"", ""3104.4793336054854"", null, null]}"
VAR18051,energy,PLANNED,AGGREGATION:AGR-ENERGY-ESPECIFICO_DEMANDA_BAYER_MEDIO-GRUPO-L1_L7-MENSAL-AVERAGE,EQUATION:EQ11038|EQUATION:EQ11059|EQUATION:EQ11103|EQUATION:EQ11108|EQUATION:EQ12012|EQUATION:EQ18003|EQUATION:EQ18010|EQUATION:EQ18011|EQUATION:EQ18012|TRANSFER:VAR11031|EQUATION:EQ11025|EQUATION:EQ11086|EQUATION:EQ11129|TRANSFER:VAR12062|EQUATION:EQ12016|EQUATION:EQ12017|EQUATION:EQ12018|EQUATION:EQ12019|EQUATION:EQ12020|EQUATION:EQ12021|EQUATION:EQ12022|EQUATION:EQ12024|TRANSFER:VAR18001|EQUATION:EQ18001|EQUATION:EQ18002|TRANSFER:VAR18008|EQUATION:EQ18005|EQUATION:EQ18006|EQUATION:EQ18021|EQUATION:EQ18023|EQUATION:EQ18024|AGGREGATION:AGR-ENERGY-ESPECIFICO_DEMANDA_BAYER_MEDIO-GRUPO-L1_L7-MENSAL-AVERAGE,32,1,EXECUTED,VALUE_WITHOUT_STATE,"{""linha_grupo/L1_L7"": [""float"", ""3104.4793336054854"", null, null]}"
VAR18052,energy,PLANNED,AGGREGATION:AGR-ENERGY-ESPECIFICO_DEMANDA_BAYER_MEDIA_PONDERADA-GRUPO-L1_L7-MENSAL-WEIGHTED_AVERAGE,EQUATION:EQ11038|EQUATION:EQ11059|EQUATION:EQ11103|EQUATION:EQ11108|EQUATION:EQ12012|EQUATION:EQ18003|EQUATION:EQ18010|EQUATION:EQ18011|EQUATION:EQ18012|TRANSFER:VAR11031|EQUATION:EQ11025|EQUATION:EQ11086|EQUATION:EQ11129|TRANSFER:VAR12062|EQUATION:EQ12016|EQUATION:EQ12017|EQUATION:EQ12018|EQUATION:EQ12019|EQUATION:EQ12020|EQUATION:EQ12021|EQUATION:EQ12022|EQUATION:EQ12024|TRANSFER:VAR18001|EQUATION:EQ18001|EQUATION:EQ18002|TRANSFER:VAR18008|EQUATION:EQ18005|EQUATION:EQ18006|EQUATION:EQ18021|EQUATION:EQ18023|EQUATION:EQ18024|AGGREGATION:AGR-ENERGY-ESPECIFICO_DEMANDA_BAYER_MEDIA_PONDERADA-GRUPO-L1_L7-MENSAL-WEIGHTED_AVERAGE,32,1,EXECUTED,VALUE_WITHOUT_STATE,"{""linha_grupo/L1_L7"": [""float"", ""3104.4793336054854"", null, null]}"
